:020000041000EA
:1000000000B5324B212058609868022188439860DF
:10001000D860186158612E4B002199600221596106
:100020000121F02299502B49196001219960352056
:1000300000F044F80222904214D00621196600F024
:1000400034F8196E01211966002018661A6600F04E
:100050002CF8196E196E196E052000F02FF8012189
:100060000842F9D1002199601B49196000215960AB
:100070001A491B48016001219960EB211966A021F2
:10008000196600F012F800219960164914480160C1
:100090000121996001BC002800D000471248134993
:1000A000086003C880F30888084703B5996A0420EC
:1000B0000142FBD001200142F8D103BD02B5186610
:1000C0001866FFF7F2FF186E186E02BD00000240BE
:1000D000000000180000070000035F00212200005C
:1000E000F4000018222000A00001001008ED00E03C
:1000F00000000000000000000000000074B24E7A12
:1001000000200420F7010010CB010010CD010010E9
:10011000C9010010C9010010C9010010C901001077
:10012000C9010010C9010010C9010010CF01001061
:10013000C9010010C9010010D1010010D301001045
:10014000C1010010C1010010C1010010C101001067
:10015000C1010010C1010010C1010010C101001057
:10016000C1010010C1010010C1010010C101001047
:10017000C1010010C1010010C1010010C101001037
:10018000C1010010C1010010C1010010C101001027
:10019000C1010010C1010010C1010010C101001017
:1001A000C1010010C1010010C1010010C101001007
:1001B000C1010010C1010010C1010010C1010010F7
:1001C000EFF30580103800BE00BE00BE00BE00BECA
:1001D00000BE00BEF2EB88714891001078910010CB
:1001E0003802001090A31AE71E481F49086006C88D
:1001F00081F3088810471D480068002801D019487D
:10020000F3E70DA40ECC002902D000F012F8F9E7B4
:100210001749184A002000E001C19142FCD116495B
:100220008847164988471649884700BEFDE701C937
:1002300001C29A42FBD3704778910010C0000020A1
:10024000D838002090C900100000042000000420CD
:1002500090C90010001004200010042000000000CD
:10026000704700000000000008ED00E0000000D032
:10027000D838002038610020DD470010D50200107A
:10028000D5470010F8B5C04606480749091A8B1033
:10029000C90FC91810B5491003D0044B002B00D06A
:1002A000984710BDD8380020D83800200000000042
:1002B000054B10B5002B03D00449054800E000BFF2
:1002C000FFF7E2FF10BDC04600000000E04600203E
:1002D0002C8C001010B504F0BFFB00F00DF800F0FE
:1002E0009DF901200021404205F0CEFD00F09CF96F
:1002F00000F06CF8F5E7C04670B52D4986B02D4882
:1003000004F098FD80235B020293C31CC2011B030F
:100310001343294A050013400393284B05200593F6
:10032000274B049301F094FC02F0F4FC254902F001
:10033000D6FCEC21890502F0CFFC061C02F012FD70
:1003400084B20023002C0ED0200002F0E3FC011C3C
:10035000301C02F0BEFC8721C90502F0D4FC02F07B
:1003600001FDC3B21B02012624041C430294114C5C
:100370000721102000F090FA012310220021200014
:10038000009604F0D5FE2A0002AB0021200004F004
:1003900029FF802223685202334323600A4B1E70D8
:1003A0006368190011401342FAD1216106B070BD93
:1003B000308C001000003050FFFFFF9F00400020F5
:1003C000000006700024F44A3361002010B5104C80
:1003D0002378002B00D110BD01F020FA0D4B1A68D4
:1003E0005B68121A8B41002BF5DC01D1002AF2D197
:1003F00000232370084B1B78002BECD08022074988
:1004000052024B68180010401342FAD10861E2E72B
:1004100034610020903A0020336100200000305009
:100420000F4B70B51B78002B00D170BD80210D4A99
:10043000490253680B42FCD180239B05136101F0F4
:10044000EDF90025084C094A001969410B1E02DA32
:100450000120074B404209C20122064B1A70E4E713
:10046000336100200000305080380100903A0020B5
:10047000FFFFFF7F34610020F8B5DE4657464E4649
:100480004546654B020018788B46E0B5002803D03E
:100490005C78944200D17CE046241C5D002C04D0A2
:1004A00047255D5D954200D179E08C255D5D002D8D
:1004B00004D08D269E5D964200D177E0D2269E5DC7
:1004C000002E04D0D327DF5D974200D175E08C2742
:1004D0007F00DF5D002F05D01A21FF31595C91426A
:1004E00000D171E0AF214900595C8C46002904D04D
:1004F0006021FF31595C91426ED0D2214900595C94
:100500008846002904D0A621FF31595C91426BD066
:10051000F5214900595C894600291AD1002824D0C8
:10052000002C6CD0002D6CD0002E6CD0002F6CD025
:10053000614600296BD0414600296AD04946002017
:100540000724002912D0F0BCBB46B246A946A046FB
:10055000F8BDEC21FF31595C9142DFD1F621490011
:10056000595C5945DAD1072245E000244620604312
:1005700001241C541C1862705A46A27022000021EB
:100580004432033011801818402202F081FC200010
:10059000D9E79C788C4200D07EE700222BE04825EA
:1005A0005D5D5D4500D080E7012224E08E269E5DE2
:1005B0005E4500D082E702221DE0D427DF5D5F4563
:1005C00000D084E7032216E08D214900595C59458B
:1005D00000D087E704220EE0B0214900595C59455C
:1005E00000D08AE7052206E0D3214900595C59452D
:1005F00000D08DE70622462050431818A3E70124B7
:10060000B4E70224B2E70324B0E70424AEE70524EC
:10061000ACE70624AAE7C0469044002010B50021AC
:10062000002007F023F810BD7047C04670B50D00DC
:100630000400FFF721FF2900200006F0CDFD70BD6A
:10064000414B10B51A78002A02D05A78824240D025
:1006500046229A5C002A03D047229A5C82423DD00F
:100660008C229A5C002A03D08D229A5C82423BD075
:10067000D2229A5C002A03D0D3229A5C824239D0DB
:100680008C2252009A5C002A04D01A22FF329A5C13
:10069000824235D0AF2252009A5C002A04D06022F8
:1006A000FF329A5C824232D0D22252009A5C002AF7
:1006B00004D0A622FF329A5C82422FD0F52252004B
:1006C0009A5C002A04D0EC22FF329A5C824233D03A
:1006D00010BD9A788A42BBD1002125E048229A5C5D
:1006E0008A42BDD101211FE08E229A5C8A42BFD18D
:1006F000022119E0D4229A5C8A42C1D1032113E07D
:100700008D2252009A5C8A42C4D104210CE0B022AE
:1007100052009A5C8A42C7D1052105E0D3225200DB
:100720009A5C8A42CAD1062146224A43002198187F
:10073000462202F0ADFBCBE7F62252009A5C8A42D9
:10074000C6D10721F0E7C04690440020F0B54646E8
:10075000D6464F46C0B58846070016001C00FFF776
:100760008BFE051E60D000239946002C4BD04423FD
:10077000C35A002B61D13278002A6AD1FF32012C92
:1007800000D177E07178114263D1022C36D9FF2273
:10079000022B02D96A79D243D2B2B178114258D130
:1007A000032C6AD0FF22032B02D9AA79D243D2B2FA
:1007B000F17811424DD1042C62D0FF22042B02D9D2
:1007C000EA79D243D2B23179114242D1052C5AD0C2
:1007D000FF22052B40D8717911423AD1062C55D011
:1007E000FF22062B3CD8B179114232D1072C50D0D0
:1007F000FF22072B38D8F37913422AD1A146402C87
:1008000001D9402399464B469BB29A46EC1C4022A4
:100810000021200002F03CFB52463100200002F093
:100820003DFB44234A46EA524146380006F0D4FCD8
:10083000E0BCBA46B146A846F0BDC17832788A43DA
:1008400007D1012C16D0012B12D00279D243D2B29B
:1008500098E7FFF7E5FDD1E72A7AD243D2B2BAE7AB
:100860006A7AD243D2B2BEE7AA7AD243D2B2C2E700
:10087000FF2287E701239946C5E703239946C2E78C
:1008800004239946BFE705239946BCE7062399460A
:10089000B9E707239946B6E7094A83009A1810B5C5
:1008A00014684022544080322240064CC000A446C6
:1008B00063441A60044B9C466044416010BDC046CE
:1008C00004C0014004D0014000400140074B8000BB
:1008D000C3181B68C90092000A435A400C231340F6
:1008E000034A9446604403607047C04604C0014018
:1008F00004D00140064BC000C3181B6809045940CE
:10090000C0239B021940034B9C4660440160704722
:100910000440014004500140064BC000C3181B684E
:1009200009025940C0239B001940034B9C46604478
:10093000016070470440014004500140064BC00074
:10094000C3181B6809035940C0239B011940034B7E
:100950009C466044016070470440014004500140DF
:10096000054B8000C3181B684B4001211940034B05
:100970009C4660440160704704C0014004D00140BF
:10098000064B8000C3181B68054A0901594094466C
:10099000302360440B4003607047C04604C00140F0
:1009A00004D001400FB400B5084883B004F0A4F8A7
:1009B000049B002B07D005A91800019103F0D6FE77
:1009C000034804F099F8012003F0E8FE408C001081
:1009D000508C0010EFF3108072B6034A1368002B9E
:1009E000FCD0BFF35F8F70472C0100D0BFF35F8F47
:1009F0000022024B1A6080F3108870472C0100D04F
:100A000070B5EFF3108C72B60D4D2B68002BFCD037
:100A1000BFF35F8F0724CB08C618C05C01230C40CE
:100A2000A3401C000440034207D118433070BFF3B9
:100A30005F8F2C608CF3108870BD1000FFF7B2FF41
:100A40002C0100D0F8B54746CE46884680B5EFF376
:100A5000108C72B61C4D2C68002CFCD0BFF35F8F3D
:100A60009A4222D807210126894602E001329342A8
:100A700018D34D4637001540AF40D4080119045D26
:100A80002742F3D110003C430C70BFF35F8F00226C
:100A90000D4B1A608CF3108800280EDBC0BCB946E1
:100AA000B046F8BD01204042EFE7BFF35F8F00235F
:100AB0002B608CF31088012040424346002BEDD080
:100AC0000898FFF76FFFC0462C0100D0044A107849
:100AD000431CDBB2172B00D9102313707047C0469C
:100AE0009832002010B5064B064C82B001000093EE
:100AF00018221F232000FFF7A5FF02B010BDC0463B
:100B0000548C00104C4400200021044B044ABFF3D5
:100B10005F8F02C39342FAD17047C046000100D0F4
:100B2000800100D0054B064A1360064A13605360EB
:100B30009360D360136153619361704780808080BC
:100B400000E400E004E400E01F2318401E3B834063
:100B5000002905D0C021044A490053501360704752
:100B6000802201498B50FAE700E100E070B50D00EA
:100B7000EFF3108672B60F4A1368002BFCD0BFF358
:100B80005F8F0D4B10309B6884001B590B4A9342BA
:100B900003D09D4201D001F003F9074B9B681D5122
:100BA000BFF35F8FBFF35F8F0022024B1A6086F3A3
:100BB000108870BD240100D000ED00E0C1010010DC
:100BC000F0B5DE4657464E464546E0B50C0083B0CC
:100BD000EFF3108872B6634A1368002BFCD0BFF3A2
:100BE0005F8F614B61499A68030010339F00D559AC
:100BF00001938D4243D0A54254D05D4EAA1B2F2AAB
:100C00003DD85C4B9B461B68994601231A009C46C5
:100C100082404B4613401F22994663460240934050
:100C20009A4680225B4650469850BFF35F8FEFF3A1
:100C300005839B46002B37D0019B5B4501D001F01B
:100C4000AFF801232A009A439068844208D176E0E5
:100C50004B005B189B00F3189868844236D01A004A
:100C6000062151560029F3DA844254D04B46002B1A
:100C700027D0C02251463F4B5200995019603A4B41
:100C80009B68DD51BFF35F8FBFF35F8F0022354B51
:100C90001A6088F3108803B0F0BCBB46B246A94680
:100CA000A046F0BD0D00EAE72A0063469A4390682B
:100CB0008442D5D106201056130000280ADA0D0010
:100CC00031E0802351462B4AD150D8E706201856F0
:100CD000002821DB42001118890074188B46A16896
:100CE0009960E179D971062161569971002924DB57
:100CF000A488F11A640524155C44091909051E4CE1
:100D0000490D2143998013181C4A9B001178F31850
:100D100099711070AAE713005946002914D1FF31C8
:100D200091711749918015490A789A71154A9B1B50
:100D30005B415A43120D0A7098E71149E2E7062019
:100D4000105613000028C5DA0F4A1049D21A083A83
:100D50005002400D014399800D4952080A43DA8040
:100D600084E7C046240100D000ED00E0C10100107E
:100D70009C32002000E100E000E0FFFF3261002033
:100D800001BDFFFFAAAA0000D632002000F0FFFF3D
:100D900000F8FFFF70B501240443EFF30581EFF382
:100DA000108C72B6214A1368002BFCD0BFF35F8F02
:100DB0001F4B05001F4AED1A6D416A43120D1E4D6F
:100DC0008900AE6852B27658A6421CD00621595608
:100DD00091421CD012215956914222D01E215956BF
:100DE000914220D02A2159560324914210D0134B0E
:100DF00019781A708171BFF35F8F00220B4B1A6054
:100E00008CF3108870BDAB680D4C5C50EFE700248C
:100E10006100091989005B18FF21997109499980BE
:100E2000E5E70124F4E70224F2E7C046240100D0FC
:100E30009C320020AAAA000000ED00E032610020F0
:100E4000C101001001BDFFFF024B9C4661448900B7
:100E5000016070474000003470B5114C114DAC4238
:100E60000FD2FF262368002B0CD0FFF72FFE0100C6
:100E70002000FFF7E9FFA680BFF35F8F0834AC4284
:100E8000F0D370BDFFF722FE01002000FFF7DCFF6A
:100E90002671BFF35F8F0834AC42E3D3F1E7C0465D
:100EA000C8380020D838002010B50400FFF70EFE27
:100EB00001002000FFF7C8FFFF232371BFF35F8FFE
:100EC00010BDC04610B504000120FFF70BFE034B18
:100ED000C3189B002360BFF35F8F10BD4000003438
:100EE0000A4B1968EFF3108072B60A68002AFCD02A
:100EF000BFF35F8F1B68BFF35F8F00221A6080F320
:100F0000108840BF002000217047C04608610020C3
:100F1000F0B5DE4657464E464546E0B587B0EFF39E
:100F20000583032201251A40954091008846A94671
:100F3000B34B03925C58B34B1D60B34B04934B46C9
:100F4000B24843630823E55E002D37DAA3881BB25D
:100F5000002B00DBADE0A379002B00D0EEE00823EE
:100F6000E05E002820DB430062691B18DB00D31819
:100F70009E68DD68731C00D111E1A4480100414462
:100F8000826A0B69B71A9B1A9F4215D30123026A22
:100F9000039883401A420FD09C4800F037FC8D42E2
:100FA00002DCCCD18642CAD940BF07B0F0BCBB46F8
:100FB000B246A946A046F0BD0E61EDE762696B003E
:100FC00092465B19DB009A4453469E68DF6800F046
:100FD0001DFC8F42BADC00D103E1002F00DAE8E00B
:100FE0005246534652691B699346049A934200D174
:100FF000D9E052460821605E5288000459461043E9
:101000009847009001910099019A0B00100013433A
:1010100000D1CEE013000A00B61A9F41002806DB7B
:101020007A4800F0F3FB009E019F36184F4153466B
:101030009E60DF6000229A5E002A00DA86E7530095
:1010400099186069C900411802938B68C9689B466A
:10105000B94200DD7AE702D1B34200D976E708232E
:101060009C46A444059565462281A446029B2C001B
:1010700006E053009918C90041188D68C968AB464D
:101080009B18DB00C318B94206DC00D1B3E01C009A
:101090000023E25E002AECDA230064469C465346B5
:1010A0001A806346059D1D80A3881BB2002B00DAC1
:1010B00051E72269EFF3108172B61368002BFCD060
:1010C000BFF35F8F0123A7885B42A3803FB22369F0
:1010D000BFF35F8F00221A6081F31088002F00DABF
:1010E00039E72300083322009A4666697B00DB1942
:1010F000DB00F318996850468C460824115FDD68C0
:10110000002910DB029306E0AB4244D00023E15EED
:101110002000002906DB4C006418E4003419E36861
:10112000AB42F1DD029B078000201F5E1980002F7B
:10113000DCDA1400A379002B00D110E70023A3719F
:1011400026000823E15E08364B1C00D12CE708007E
:10115000A246656902E03E004B1C1AD04B005B18AA
:10116000DB00EF180A008C46E95E7B881BB2002B7F
:10117000F1DA01235B42DC17BB60FC60824205D0E0
:10118000534631801B893B8053461A8160464B1C75
:10119000E4D15446E5E6A3686345B7D9C2E76B1CC2
:1011A00000D0EAE6F8E65B4658461B6998470028F7
:1011B0001BD153461B8822692381EFF3108372B63B
:1011C00011680029FCD0BFF35F8F514662880A8006
:1011D00022696580BFF35F8F0021116083F310885F
:1011E000B4E6864200D8F8E6B0E65B461A685B686B
:1011F0000092019307E7B34500D848E74CE7C046A3
:10120000E46000203C700540110F001000400540D4
:1012100070B52E4C2569002D04D00A212C48FFF70B
:1012200013FE70BD2B4E0321300000F0E5FAE6609E
:10123000FFF74CFC284B03229C46D02322701B0650
:101240001B6801216370254B6044A3600F2380005D
:1012500020610220638063694942A18019800231C4
:10126000198647311D83585218315A5275325C39EC
:10127000995218320131995218320131995218326B
:1012800001319952083518329D5202311832995263
:101290001832013199521832013199521832013104
:1012A00099521832013199521832013199520C4B2E
:1012B0000C49DC6001303562FFF758FC0121032046
:1012C000FFF742FC084B1D60A7E7C046E432002050
:1012D000086100200040054040000034FFFF10007E
:1012E000E4600020110F001038600540F0B5C646DC
:1012F000060000B518200F00904601F081FD051E84
:101300003FD01821404601F099FD39006861300056
:1013100000F072FAEE60FFF7D9FBD0222F701206B0
:1013200012681A4B6A709C460122434652429BB295
:101330006B819B186B8043466044800028612A8142
:10134000AA80002B0BD05A006C694244D200104B8B
:1013500012192380013318349BB29442F9D101242D
:10136000BC400C4BBA0038000B493462D550FFF733
:10137000FDFB01213800FFF7E7FB084B9C46664464
:101380003460280080BCB846F0BDC0464000003440
:10139000FFFF0000E4600020110F00103820000063
:1013A00070B501000469EFF3108C72B62068002854
:1013B000FCD0BFF35F8F02200D5E4C6968004019BE
:1013C000C00024180869002D36DB26884E80BFF344
:1013D0005F8F002606608CF31088E36063880498B2
:1013E000013320615B0405985B0CA26060611A1CEC
:1013F000002B1FD093B22804628018430A69EFF3D0
:10140000108C72B61368002BFCD0BFF35F8F8B88F3
:1014100023808D800B69BFF35F8F00221A608CF3ED
:1014200010880B7801329A40CB6808498C46634497
:101430001A6070BD0122DDE7BFF35F8F00230360F8
:101440008CF3108801204042F3E7C0463C200000A6
:1014500010B543890A1493421ADD53009B18426960
:10146000DB00D3180469EFF3108C72B62268002AEF
:10147000FCD0BFF35F8F5A88090494B2090C8A42EA
:1014800008D00369BFF35F8F00221A608CF31088C5
:10149000002010BD8022120214435C8001230269E7
:1014A0008371BFF35F8F002111608CF310880449B2
:1014B00002788C469340C268012062441360E8E7DA
:1014C0003C200000F0B5C64600B582B0040000F034
:1014D000A5F9FA2206000F00200000230021920047
:1014E00001F0DAFB8019794104000D1E02DA0124B3
:1014F0002E4D644206267642F71736196F41AF42E9
:1015000014D811D000F08AF932003B00121A8B4136
:10151000002B15DC002B46D02000290000F00AFA31
:1015200002B080BCB846F0BDA642EBD90026002729
:1015300000F074F932003B00121A8B41002BE9DDF8
:1015400000F06CF932003B00121A8B41002B0ADBD1
:1015500000230193164B3200009316483B00FFF71F
:101560001FFF0130D8D000233900B0469C46124AF4
:101570001248536A994204D8966A4645CCD2994299
:10158000CAD10668EFF3108772B63368002BFCD01F
:10159000BFF35F8F0368BFF35F8F66461E6087F3FC
:1015A000108820BFE5E7002AB6D0C9E7FFFFFF7F1C
:1015B000E10E0010E43200200040054008610020E8
:1015C000F0B557464E46DE464546E0B506000F00EC
:1015D00085B0EFF3058399468B46002B12D038492E
:1015E00000204B6ABB4206D38A6ADB1B591E8B4123
:1015F000B2424041184305B0F0BCBB46B246A946D2
:10160000A046F0BD2F4B9A46DB68984653461B78A0
:101610004046039300F0FAF84246039B040004336B
:101620009B009B580D001B1A39003000001BA9417C
:10163000894510DC0DD020BF214A0020536A5B454C
:10164000D9D3926ADB1B591E8B41B24240411843E9
:10165000D1E78342EFD900F0E1F832003B00121AE3
:101660008B41002B1ADB00230193174B32000093B0
:1016700050463B00FFF794FE011E0FDD104B5A6AE7
:101680005A451BD39B6AB34216D35046FFF7E0FE80
:101690000B4A0020536A5B45ADD3D2E7084A0020CD
:1016A000536A5B45A7D30020926ADB1BB2424041DC
:1016B0005A1E934118439EE75A45E6D120BFE4E7FE
:1016C00000400540E4320020E10E0010F0B5CE46A7
:1016D0004746110080B583B004009C460C9D194319
:1016E00000D16CE06146DB170193009353401E006C
:1016F000019B4B401F0000980199361A8F416346A9
:101700000A996B600B9BAC6029612A606B6100F0E9
:1017100085F880197941002902DA012031494042D7
:101720002269EFF3108972B61368002BFCD0BFF367
:101730005F8F0223E65E636972009219D2009B18E4
:1017400022699046002E42DB1A886280BFF35F8FC9
:10175000002247463A6089F31088234A9860D9608E
:101760001A615A885D6101325204520C111C002A20
:101770002BD088B23204024359802069EFF31087DE
:1017800072B601680029FCD0BFF35F8FA188198071
:10179000A6802369BFF35F8F0021196087F310884B
:1017A000124823788446013199400120E36863445C
:1017B0001960EA6003B0C0BCB946B046F0BD002372
:1017C0000126002701229C4699E70121D1E7BFF3BA
:1017D0005F8F0023136089F310880122002052429A
:1017E000E7E7C046FFFFFF7F110F00103C2000001D
:1017F000004870470040054010B5024A0248FFF714
:10180000FFF810BD708C0010504400200300416AA6
:101810000A00986A596A8A42FAD17047034B596A9A
:101820000A00986A596A9142FAD17047004005400F
:1018300070B504000D00174A536A1900966A536A7E
:101840008B42FAD13000190024184D41AB4216D812
:1018500013D0104B2A005B6A9D4203D90D494B6A95
:101860009342FCD3934207D10A4A02E0516A99425B
:1018700002D1916AA142F9D370BDA642E9D9054BC4
:101880005B6A1C005A1CEFD0012201246442E51758
:101890005242E3E700400540244B70B598420BD814
:1018A00043011B1A224A9B001818916AC000936AD0
:1018B0005B1A9842FBD870BDFA22002392000021E7
:1018C00001F0EAF904000D00194A536A1900966AFA
:1018D000536A8B42FAD13000190024184D41AB42B3
:1018E00018D9134B5B6A1C005A1C0AD0012301242F
:1018F0006442E5175B420E494A6A9A42FCD39A4217
:10190000D9D10B4A02E0516A9942D4D1916AA142DD
:10191000F9D3D0E7AB4205D0054A2B00526A954275
:10192000E9D8ECE7A642F7D9DBE7C0469BC4200024
:1019300000400540064A536A9942FCD807D1044B3F
:1019400002E05A6A914202D19A6A9042F9D87047ED
:1019500000400540F8B5040006200D0000F078F9BD
:10196000002844D0374B3849E3185A1E934180224F
:10197000120494465B429B0D344A9B0563441360FA
:10198000334A136018000A689043FBD12D4B314A4B
:10199000E31859424B4180215B00490006209952CF
:1019A00000F056F92900C00000F052FB0130C309D5
:1019B0001ED1402701226262A362266BF30722D464
:1019C000E36A254B0620E51800232B60266300F010
:1019D0003FF93900800000F03BFB7023E26A5A4077
:1019E0000E3313402B601D4B23630323A364F8BD08
:1019F0001B4A93421ED900231A4A1B4F6262A362FC
:101A0000266BF307DCD5194B144AE3181A60656A94
:101A1000A36A0620AD01ED1800F01AF9144900F090
:101A200017FBAD020100280000F012FB0021FFF7B8
:101A3000FFFEC5E74006800E9F011A003F18030015
:101A4000B9E7C0460080FCBF08C0004000E000408D
:101A500000F00040246100202C1000000103000071
:101A6000FEFF0000FFFF0000C0FF3F00303000001D
:101A70004E0E0000F8B5DE464E4657464546E0B5E8
:101A80008B4605000A991800160000F0E1FA0A9B3F
:101A90006C001F02324B64199C46A40064446368C6
:101AA00081469F4200D967602B1FDBB29846012B0D
:101AB00030D9C02380229B01E31812011A60294B00
:101AC000AD0059599A4600291BD17301E0262268BE
:101AD00053401E40802342465B01E3181E60012AEA
:101AE00030D9802380229B01E31812011A605346EB
:101AF0004A4667605A51F0BCBB46B246A946A0466A
:101B0000F8BD586900F0A4FA013043001B18033BEC
:101B1000FDD2DAE75B46012BCBD1C02303229B0128
:101B2000E3181A60023AA3681A42FCD07301E02657
:101B30002268AD0053401E4080230A4A5B01924652
:101B4000E3181E605A462168514003220A401A6079
:101B500001225B469A40A3681A42FCD0C1E7C04606
:101B60000080004058440020F0B546464F46D64617
:101B7000C0B51F00344B44009C462418A4006444A4
:101B8000636888461600FF2B02D880235B006360E1
:101B9000031FDBB29A46012B30D9C02380229B0160
:101BA000E31812011A60294B8500595999460029FA
:101BB0001BD17301E026226853401E408023524609
:101BC0005B01E3181E60012A30D9802380229B012B
:101BD000E31812011A6080235B0063604B465F517B
:101BE000E0BCBA46B146A846F0BD586900F030FAEC
:101BF000013043001B18033BFDD2DAE74346012BBB
:101C0000CBD1C02303229B01E3181A60023AA368D8
:101C10001A42FCD07301E0262268850053401E4022
:101C200080230A4A5B019146E3181E604246216800
:101C3000514003220A401A60012342469340A268A1
:101C40001342FCD0C1E7C046008000405844002049
:101C5000014B8000C058704758440020F8B504007C
:101C600021481E0017000D0000F0F2F901003800B5
:101C700000F0EEF9069B36041B031E432368002B7D
:101C800020DB1A4B1A49E3185A1E93418022920115
:101C900094465B421B0B174A1B0363441360164AAE
:101CA00013601F000A689743FBD1144B2560E218AC
:101CB0002123A06013602368002BFCDA0823E66070
:101CC0001360F8BD3F2322681340AB42D9D1A3680B
:101CD0001B051B0D8342D4D1EE22E368D2021340D0
:101CE000B342CED1EDE7C046001BB7000040FDBFB8
:101CF00008C0004000E0004000F000400430000058
:101D00008023024A9B000B43D3627047008005404A
:101D1000002310B50100988A1B8B984710BDC04660
:101D2000162310B50100188802331B88984710BD90
:101D3000F8B54746CE4680B50F1E18D014239946F5
:101D4000043304000025012698464B461888434674
:101D500021681B88984701C4431E984101350640FD
:101D6000AF42F2D13000C0BCB946B046F8BD012642
:101D7000F8E7C046AA23064A1B0113608D235B00C7
:101D8000D3600449044B19605368002BFCDA704798
:101D90000040024000B0FA00006002407047C046B8
:101DA00010B50148FEF7FEFD948C001070B5074D8C
:101DB000074EB54209D20024013E761BB60808CD75
:101DC000984723000134B342F9D170BDE88B00106D
:101DD000248C0010054B064A06491A60064A074B38
:101DE0001A6010000B689843FBD1704700E0004078
:101DF000BFCDFBFE08C00040FE7F3C0000F000406D
:101E0000044BDB6C002B03D18022034BD2021A60FF
:101E10007047C046000011504C201150044A054B39
:101E20001A60054A1368DB018033FBD17047C04656
:101E3000FFFFFF0100F0004008C000404022034BBC
:101E40009A675A671A67DA667047C04600F0014021
:101E500010B5FEF759FE10BDF8B52749274C284D9F
:101E6000641AA6103200302E00D9302228009200C9
:101E700001F014F8BC2C3BD830202F232C19640718
:101E8000204A801BE40F9B1B052B16D93700002C22
:101E900002D0B300771CEA50001B33199B004108A5
:101EA000EB18C900C9181A605A6008339942FAD170
:101EB000012303421CD09843C619B300EA50731C97
:101EC0002F2E15D09B00EA50B31C2E2E10D09B0055
:101ED000EA50F31C2D2E0BD09B00EA50331D2C2E04
:101EE00006D09B00EA50731D2B2E01D09B00EA50B8
:101EF000054B9D60F8BDC04600010010C0010010F8
:101F000000000020C101001000ED00E0002310B52A
:101F1000294C82B0A367FFF72DFF0122274B1A60DF
:101F2000636C012BFCD10322254B1A60224A936B70
:101F3000012BFCD1013300930121224A22480433B2
:101F4000FFF78CFE052301210093204A2048FFF76C
:101F500085FE0022022104201E4BFFF705FE002211
:101F6000012105201C4BFFF7FFFD00220021072067
:101F70001A4BFFF7F9FD002200210820174BFFF74D
:101F8000F3FD8023DB000093002200210920134B86
:101F9000FFF770FD0022104B00210620FFF7E4FD43
:101FA0000420FFF755FE0E4900F052F80100002012
:101FB000FFF7A6FE02B010BD008000403CB000401C
:101FC00030B00040002F685900800240008C8647E6
:101FD00000C00240001BB70040597307006CDC02D0
:101FE00040420F0001480421014B184700330020F4
:101FF000311D0010014B9B68184700000033002082
:10200000124A936F9B0815D29066D166002905D0BD
:10201000FFE7FFE7FFE7516F106F704704B58021BE
:102020000906C2175140002800D0C84306F094FDAD
:10203000002104BDF0B5146E556E576F166FFFF793
:10204000E3FF1466556657671667F0BD000000D0C1
:10205000114A936F9B0813D210665166002905D070
:10206000FFE7FFE7FFE7516F106F704704B50028E7
:1020700001D00020C04306F06FFD002104BDC04622
:10208000F0B5146E556E576F166FFFF7E5FF1466C7
:10209000556657671667F0BD000000D094464A4A5F
:1020A000926F9208624601D228E0C046F0B5464ED3
:1020B000346E756E776F366F00F020F89446424AA2
:1020C00014665566576716676246F0BD94463E4AE9
:1020D000926F9208624601D254E0C046F0B53A4E83
:1020E000346E756E776F366F00F04CF89446364A52
:1020F00014665566576716676246F0BD002B24DBF1
:1021000011D000293EDA00B5C943404200D1013167
:1021100000F038F8C943404200D10131DB4352425C
:1021200000D1013300BD002AEBD1002801D10029E4
:1021300005D00020C90FC90701D1C043410800B52F
:1021400006F0FAFC0022002300BD00B500290ADBDE
:10215000DB43524200D1013300F014F8C94340423E
:1021600000D1013100BDC943404200D10131DB4300
:10217000524200D1013300F005F8DB43524200D156
:10218000013300BD002923D1002B18D1002A0CD027
:10219000BC460D4F38667A6600210023FFE7FFE753
:1021A000FFE77A6F386F67467047002801D007480D
:1021B000010000B506F0C0FC0022002300BD0200B3
:1021C0000B00002000217047000000D0FFFFFFFF40
:1021D000002B00D0BFE0130C28D1002AE7D080B438
:1021E000114F39667A66FFE7FFE730B4040C7B6F66
:1021F000396F1B0423433B667A66FFE7FFE7FFE77F
:10220000C04684B27B6F3D6F1B0423433B667A66F6
:10221000FFE7FFE7C04600232C042D0C7A6F386FD0
:1022200000196941B0BC7047000000D0F0B5944679
:102230000025140E01D112020835140F01D112012C
:102240000435940F01D192000235D40F01D1520010
:102250000135D40B0134254F7C66254C3C660E0CB1
:1022600093B2FFE7FFE7FFE73C6F6643360C770367
:10227000BE467343DF0B5B04C01AB941130C7343B2
:10228000DB18C91ACE086643360CB64493B27343C2
:102290001F0F1B01C01AB941130C73431F0B1B0501
:1022A000C01AB941860D8F023E436643360C092D94
:1022B00024DB520A7243801A7703460A6643360CBF
:1022C00016235B1BDE40DF40BF1964466643821B5A
:1022D0007046043506330100D940A840C01900D328
:1022E0000131A24206D20023F0BD0000000000D060
:1022F000FFFFFFFF121B0130F3D3F1E709277F1B1C
:10230000FE406446A2B27243801A00D20139220C08
:102310007243130C1204821A99410B007046043563
:1023200013370100F940A840801900D30131002B78
:1023300002D1A2420AD2F0BD013000D30131121BFA
:10234000FAD2013BF8D1A24200D2F0BD013000D355
:102350000131121BF7E7F0B51C0C00D080E00CB483
:1023600000251C0A04D11B02160E33431202083545
:102370001C0B04D11B01160F3343120104359C0BB7
:1023800004D19B00960F334392000235DC0B02D13F
:1023900092185B4101351C00971864410134464F87
:1023A0007C66464C3C660E0CFFE7FFE7FFE7C04645
:1023B0003C6F6643360C7703BE4697B27743C01B2B
:1023C00000D20139C01B00D201399FB27743C91B2B
:1023D000C91B170C77437E04FF0B801BB941CE0845
:1023E0006643360C0C2D33DBB644120B1F053A4303
:1023F0001B0B97B27743C01B00D201399FB27743C2
:10240000C91B170C77433E043F0C801BB941860D56
:102410008F023E43664329277F1BFE400C3D7746D3
:10242000AF40BF1930BCA2B2ABB272437343801A43
:102430009941220C7243130C1204801A9941020034
:102440000B000137001BA941F9D2781E0021F0BD15
:102450000C277F1BFE4077467F0BAF40FF19E0E75C
:1024600000245D1C07D0144F7D663966FFE7FFE747
:10247000FFE7FFE73C6F95B29EB265436643401BA2
:10248000B141150C1E0C6543664336042F0C3E43C8
:102490002D04401BB141994204D202000B002000E0
:1024A0000021F0BD01D19042F7D3801A9941013447
:1024B0009942F2D3F6E70000000000D0FFFFFFFFD3
:1024C00048404140484018B41B4B5B68FC460193B0
:1024D00008BD04DF6B27001018B4174B1B68FC46BF
:1024E000019308BD00DF752700109446134A926FD0
:1024F000920809D2624618B40F4BDB68FC46019380
:1025000008BD0CDF2D2A00100C4AF0B5146E556E74
:10251000576F166F6246FFF7EEFF084A146655665E
:1025200057671667F0BD18B4034B9B68FC460193D0
:1025300008BD08DFD1280010983A0020000000D024
:10254000FFB550404240504059404B40594000E098
:10255000FFB5154F4C00640D03D0BC4204D10C03F1
:1025600014D80020090D09055C00640D03D0BC429D
:1025700004D11C030AD800221B0D1B0501264B4069
:1025800009D44B4003D58B4200D18242FFBD994212
:10259000FCD19042FFBD0B43DB1803431343F5D03E
:1025A000C9434918FFBD0000FF07000000B5FFF751
:1025B000CFFF804100BDC04600B5FFF7C9FF01D97C
:1025C000002000BD012000BD00B5FFF7B9FF01D913
:1025D000002000BD012000BD00B5FFF7B1FF804124
:1025E00000BD012040054A00121804D85A001218F4
:1025F00001D800207047012070470000002100280A
:1026000005D17047C1174840401AFAD0C90713B521
:10261000064B1B6898470CBC441CA2401005120BCB
:102620000349091B09051943114310BD046100202A
:102630001F04000010B54C00620D8023D218DB008F
:10264000D21A5B057E2A10DD9E3A13DACC170903F5
:10265000490819435242D140640001341532202AFE
:1026600005DAD0400843604310BD002010BD084685
:10267000604310BDC80FC018013810BD18B4044B1A
:102680005B6AFC46019308BD24DFDD2B00100000CF
:10269000983A0020132370B51D78012D19D014DD50
:1026A0001F48FFF73DFB06001E48FFF739FB1E4C95
:1026B00080223100200000F0F1FB022D2DD01B48BC
:1026C000FFF726FB1A4B186070BD1A4B164CA3641B
:1026D000F5E7184B144C23606360A360E36023614B
:1026E0006361A361E36123626362A362E3622363C4
:1026F0006363A363E36323646364A364E3642365A4
:102700006365A365E36523666366A366E366236783
:102710006367A367E367A364D1E7064BA364CEE7CF
:102720005344000053460000983A00204C33000008
:10273000046100203927001007B5604601880A0AA5
:102740000230DF2AFAD1C9B2820804D30288408855
:102750000004104300E00068014A5050039007BD98
:10276000983A00200FB403BC0CBCF0B50124E40778
:10277000634000E0F0B50C0DCF0F661E3605891BD7
:10278000640503D3C943404200D30131640D03D033
:10279000661CF60A07D0E41B00207F00791C89071D
:1027A0008912803C24031D0DDF0F6E1E36059B1B16
:1027B0006D0503D3DB43524200D301336D0D03D0CB
:1027C0006E1CF60A07D0ED1B00227F007B1C9B07C6
:1027D0009B12803D2D032F1B661B58D4A446202E30
:1027E00046DA20371400BC401D00BD40F2403341A2
:1027F0002A4380185941CB0F05D0C943C04300225A
:1028000064425041514162464D0D28D10D0D07D112
:1028100000281FD0241940414941013A0D0DF9D03B
:10282000640006D3013000D30131002C01D14008EF
:102830004000013A0BD4941CE40A04D1120511445F
:10284000DB071944F0BDD907204B194300E0D90735
:102850000020F0BD0029DDD1002CDBD1F0BD01321C
:10286000C6074008CD0728434908002EE1D0D9E724
:102870003C2E29DA203E40371400BC4000D0012411
:10288000F24014431A00BB401C43D317ACE7AC46DC
:10289000202F08DA20360400B4400D00B540F8407F
:1028A00039412843A5E73C2F0CDA203F403604008D
:1028B000B44000D00124F84004430800B1400C4368
:1028C000C117EAE710001900002494E70000F07F28
:1028D000F0B50C0D661E3605891BE60A6405640D0D
:1028E00002D0651CED0A04D0002001210905803CBE
:1028F0002403A4461C0D671E3F05DB1BE70A640585
:10290000640D02D0651CED0A04D0002201231B05D2
:10291000803C24037740644497B484B296B27443F5
:10292000070C7E43150C6F4380B26843361802D300
:10293000012000043F183004350C00197D41844605
:1029400088B29AB250430C0C62431F0C7C438EB287
:102950007E43921902D301263604A4191604170CDB
:102960003618674101BC81B29AB25143040C6243EC
:102970001B0C5C4380B25843121802D301200004A0
:1029800024181004130C401863412D185E410020D8
:10299000474106BC88B293B258430C0C6343120CF7
:1029A000544389B251435B1802D3012109046418CE
:1029B00019041A0C091862416D185641002047414C
:1029C00018BCF902720D1143F0026A0D1043ED02BA
:1029D0000A0D03D16D1940414941013B124E9B1B29
:1029E0007600B3420ED26D0007D30130002671414C
:1029F0006646354301D1400840001B05C918E4076D
:102A00002144F0BD0BDA013306D1013004D101318C
:102A10004F0D01D04908F2E7E1070020F0BD013673
:102A200031050020EBE70000FF030000F0B51C0DAE
:102A3000671E3F05DB1BE70A6405640D02D0661CB8
:102A4000F60A04D0002201231B05803C2403D02574
:102A50002D060026F6432E661E096E66CE0FF61969
:102A6000B44649004F0D02D07E1CF60A03D0002068
:102A70000021403F3F033E1BB600B444013F7F05A9
:102A8000C91B49082E6F013676089C02950D254317
:102A90007543ED137543AD1301356D10F603761BC9
:102AA0000CB4CC02450D2C43A2B2B3B25A43270C4E
:102AB0007B43350C6F43A4B26C431B1902D3012432
:102AC00024043F191C041D0CA4187D4124196D41D8
:102AD000009A91B2ACB26143170C7C432B0C5F435C
:102AE00092B25A43A41802D301221204BF1822043E
:102AF000230C52187B41019C6C431B19520ED901C7
:102B00000A434401A01A81B2B2B2514303145A439A
:102B1000360C734387B27743D617D21900277E410C
:102B200036049B191704160C7F185E417316ED18B6
:102B3000F301002680337541A90F06D16400690AAC
:102B4000E8055B0A184309D22FE00422944480333D
:102B50007541A90AA8059B0A184326D3404149415B
:102B60002404009A019B0D005543641B4343E41A5F
:102B700095B286B27543170C7E43030C5F4392B245
:102B80005A43B61802D301221204BF183204330C80
:102B900052197B4152429C41002C02D40022013048
:102BA00051414008CA071043490802B06246D7079E
:102BB0009210084BD218084B9A4203D2120589187A
:102BC000C919F0BD0020002A01DC3900F0BD013335
:102BD0001905F5E7FD030000FE070000002200B51F
:102BE000203200F004F8080000BD000000220B15A0
:102BF0000AD410B5944600F031F81414013400DA08
:102C00000021CB17144C204700200021704762445C
:102C1000343A0CD40C2A07DA040091409040524216
:102C20002032D440214310BDD843D94310BD2032B7
:102C300007D40C469440524220321141D0402043E8
:102C400010BD0800C917203203D45242203210416F
:102C500010BD1800190010BD0F2C00100A0DCC0F6C
:102C6000531E1B05C91A520503D3C943404200D362
:102C70000131520D03D0531CDB0A07D0121B002078
:102C80006400611C89078912803A1203014BD21A31
:102C900070470000FF03000051434343C9188C46AE
:102CA000110C83B24B4310B4040C614392B280B256
:102CB000504362431C041B0C001910BC59411304FF
:102CC000120CC01851416144704700004840414017
:102CD00048400E4B5B6818470C4B1B6818470C4A62
:102CE000936F9B0802D2094BDB681847F0B5146E4E
:102CF000556E576F166FFFF7F6FF054A1466556657
:102D000057671667F0BD014B9B681847983B00203A
:102D1000000000D0491A002808D10846704700007A
:102D2000C10FC90700D54042002817D0F44603B4AC
:102D30000B4B1B68984706BC81409E38404280314F
:102D400007D20B0607D04900490AC00510430843C3
:102D500060470130F8E7490A8902F5E7704700004B
:102D600004610020014B5B6A18470000983B00207B
:102D7000132310B512481C78FEF7D2FF0100012C76
:102D80000AD003DD80220F4800F088F80E48FEF7D5
:102D9000BFFF0E4B186010BD0A4C5422200000F0FB
:102DA0007DF80B4B6365A365E36523666366A366E5
:102DB000E36623676367A367E3672362E361E5E78D
:102DC00053460000983B00204C3300000461002073
:102DD000D52D001007B5604601880A0A0230DF2AA7
:102DE000FAD1C9B2820804D3028840880004104393
:102DF00000E00068014A5050039007BD983B002056
:102E000070B504000A4E300005F0E6FE200005F023
:102E1000D5F90500300005F087FE002D05D0054BE3
:102E20002C199C4201D8280070BD0348FDF7BAFD5B
:102E3000C838002000000420A08C0010F8B506005F
:102E40000C000C4F380005F0C7FE2100300005F0E3
:102E500055F90500380005F067FE7443002D05D0D4
:102E6000054B2C199C4201D82800F8BD0348FDF7FA
:102E700099FDC046C838002000000420A08C001036
:102E800001480421014B184710330020311D001068
:102E9000014B1B681847000010330020014B5B6892
:102EA00018470000103300207047C046F8B5574659
:102EB000DE464E464546E0B599460A9B07009A46CF
:102EC0000D9B884693460B9C9B073BD10C9B9C42D9
:102ED0003DD21E1B0B9415000C005E442A004B468D
:102EE000013521002020B847B542F7D1A0460B9C00
:102EF000002C20D0454636195346321B013C185D44
:102F000029004B46B847002CF6D12B0035009846D7
:102F10000D9B9B070FD55B46EC1A0C9BA3420AD96D
:102F2000464698462A004B46310020200134B847D7
:102F300001354445F6D32800F0BCBB46B246A9464D
:102F4000A046F8BD16001500002CD3D1E0E716000E
:102F50001500002CCED1EEE7F0B54546DE465746CB
:102F60004E46E0B585B09C4610AB1B78149F934647
:102F700098460F9C129E139DBB074CD4002D42D146
:102F8000B44248D201233B4099460E9B013B9A46EE
:102F9000302304E0524601341355A64201D9202CB7
:102FA000F8D14B46002B00D183E00E9B013B9946A4
:102FB0003023A54205D82EE04A4601341355AC42D1
:102FC00029D0202CF8D1FB060CD57B0554D4A64281
:102FD00063D0A54261D0119B102B50D0022B57D04B
:102FE000202C32D1202301930E9B5A460093039745
:102FF00063460295FFF75AFF05B0F0BCBB46B246E8
:10300000A946A046F0BD01233B40994601233B421F
:103010002AD1B442B9D3FB061CD57B05DBD4002CE6
:10302000D5D1119B102B5BD0119B022B6BD0302381
:1030300001240E9A13704346002B10D17B073ED516
:103040002B260E9A631C1655CDE72300013430263B
:103050000E9AD654202CC5D04346002BEED02D26F8
:103060000E9A631C1655BEE74346002B2FD0013D38
:10307000B44200D289E798E7119B102BB2D1BB066E
:1030800037D5202CAED058230E9A13550134A7E71C
:10309000202CA7D02300013407E0631E012CC0D0F0
:1030A000119A102A31D0022AD1D162260E9AD65412
:1030B00096E7FB06CED57B0500D488E78BE7230097
:1030C0003E0790D520260E9A013316558BE70C2328
:1030D0003B405A1E9341ED1AB44200D255E764E7D3
:1030E000BB060ED478230E9A02241370302353703B
:1030F000A1E7202C00D175E778230E9A13550134EF
:103100006EE75823EFE76033EDE70E9AA61E91466F
:103110004E44BA0602D55822327098E778223270AF
:1031200095E7C04610B5002800D110BD01F09AFC0B
:10313000FBE7C0460B0010B5002802D049681B68A9
:10314000984710BDF0B55746DE464E464546E0B5B9
:1031500095B083460F00924698461E9A1F9B10001A
:103160001900209EFFF73DFA002800D0EAE11E98E2
:103170001F990122C54B5242FFF718FA002800D0D0
:1031800014E11E981F990122C14B5242FFF724FA05
:10319000002800D0E9E01E981F990022BD4BFFF7E0
:1031A0001BFA002800D0C8E01E981F990022BA4BD5
:1031B000FFF7FCF9002800D0BFE01E981F990022FD
:1031C0000023FFF7F3F9002800D0E4E000230B937D
:1031D000229B5B0500D406260024302307E017213C
:1031E00006AA013452181355013E202C01D0092E95
:1031F000F5D81E981F99FFF71DFAA84BF2009B18EF
:103200001A685B68050008920993FFF7FBF9020052
:103210000B001E981F99FFF756F9089A099BFFF7B4
:1032200082F906900791FFF729FA8146FFF7E6F940
:1032300002000B0006980799FFF745F90022984B0A
:1032400006900791FFF7C8F9002800D10DE101238E
:103250009C46E1444846FFF7D1F902000B0008986C
:103260000999FFF7A9F9002802D0002399460135F2
:10327000002E00D1D9E006954D46B94614E006AAC5
:10328000944617230A216344280001341F19FEF7CE
:10329000DFFE3031397028000A21013EFEF7D8FEEA
:1032A000092D00D817E10500202CE8D14F46069DD6
:1032B00020240CAE06AA17239446634499465B4625
:1032C000B34606930FE04B4628000A210134E61866
:1032D000FEF796FE3031280031700A21FEF790FE8D
:1032E000051E00D1E4E0202CEDD1069B5E469B46F6
:1032F0000323229A1340012B18D1219B002B15D0B8
:103300000B9B002B00D1FDE0219B013B2193202B47
:103310000CD93023219A07E0172006A90134091897
:103320000B55944200D3CCE0202CF5D1229B019484
:103330000393219B0096029322E0229B5246049322
:10334000219B3900039358461E9B1F9C02960093B5
:103350000194434600F04AF90400200015B0F0BC87
:10336000BB46B246A946A046F0BD229B5B070FD4E0
:1033700003224C4B229901920391219900930291CF
:103380004346524639005846FFF790FD0400E4E7F3
:103390000422454BEEE71E9A1F9B00200021FFF7F9
:1033A00092F801231E901F910B9311E7229B544624
:1033B0009B0711D1219B042B0ED9219B55469C467E
:1033C0005E46043C64442A0043460135390020200F
:1033D000B047A542F7D1B346344D26002B1F99467E
:1033E0005B46A3461C003200E87843463900013DA5
:1033F000A04701364D45F6D123005C469B46229BF3
:1034000004349B07A9D55346219AE31A9A42A4D9BA
:103410005E4615002200434639002020B04753463F
:103420000134E31A9D42F5D897E72800FFF7EAF840
:1034300002000B001E981F99FFF745F80022184B59
:1034400006900791FFF7B2F80CAE002800D031E7E4
:10345000069807990022124BFFF7BEF8002800D00B
:1034600028E7012301359D4324E7002206980799A8
:103470000B4BFFF79BF8002800D0F9E64B46002BDA
:103480005CD101239C46E144F2E6C046FFFFEFFF1A
:10349000FFFFEF7F65CDCD4165CDCDC1C08F001061
:1034A0000000E03FF88C0010F08C0010008D001040
:1034B000069B5E469B460323229A1340012B00D1B4
:1034C00081E0202C00D131E70B9B002B27D02D234E
:1034D000335501342AE74F46069D202C00D1E7E6FC
:1034E0003022331907E0172006A9013409180A55BC
:1034F000202C00D1DCE6A342F5D12E220CAE013403
:10350000F254D7E60C23229A134257D0219B013B59
:103510002193A34200D9FCE6202C00D106E7229B90
:103520005B0703D52B2333550134FFE6229B1B0792
:1035300000D4FBE6202333550134F7E6DB0700D443
:1035400096E69EE7229B55469B0711D1219B032BB4
:103550000ED9219B54469C465E46033D654422009D
:103560004346013439002020B047AC42F7D1B3467E
:10357000B9465F461C4EEC1C2A00B07843464946CB
:103580000135B847013EAC42F6D1229BBB464F46BF
:103590009B0700D4E1E65346219AE31A9A4200D8E9
:1035A000DBE65E4615002200434639002020B04786
:1035B00053460134E31AAB42F5D3CEE6219BA34236
:1035C00000D9A6E6B2E6219B002B00D179E70B9B40
:1035D000002B97D0219B013B21939C4200D298E67F
:1035E000202C00D073E7A1E6FC8C0010F0B5DE467D
:1035F00057464E464546E0B599B081468B469246C1
:103600009846229A239B10001900FEF7EAFF002833
:1036100000D0CAE0229823990122824B5242FEF741
:10362000DBFF002800D0C0E02298239901227E4BC6
:103630005242FEF7BBFF002800D0B6E02298239943
:1036400000220023FEF7B2FF002800D0C9E1229B30
:10365000239C08930994089809998023269ADB00F3
:103660001A400D928022269C1201144022000B94D5
:10367000269C07000E001C4200D0ADE00B00034367
:1036800000D0D5E0002A00D00AE2220006332493BD
:10369000022313400C930223134200D002E2259B25
:1036A000042B00D20FE2043B0B93002304250A9362
:1036B0000022229823990023FEF778FF002800D0EB
:1036C00003E25A4B269A134004930B9B0393249BCB
:1036D0000293089B099C0093019459464346524625
:1036E0004846FFF72FFD02002020269B1F2703409E
:1036F00059424B415B421840531C0893594643467C
:103700004530C8470A9AD317D4185C40D30F0A93A0
:103710006B1E0B9308AB9C460025674401E0202DEF
:103720000FD020000A21FEF793FC01357E193031BD
:10373000317020000A21FEF78BFC26000400092EC0
:10374000EDD8052306930B9B59460593002304935C
:103750000A3303930A9B4846029310AB0093089ADE
:1037600043460195FFF7F8FB0C9B002B2DD05346E9
:10377000C41A259BA34228D94D465F4681461E00A8
:10378000534639001A19202043460134A847A6425F
:10379000F6D8534648462599C21A01320023914271
:1037A00000D386E1013018180FE0269B0493259B77
:1037B0000393249B0293229B239C009301944346F2
:1037C000524659464846FFF7BDFC19B0F0BCBB460F
:1037D000B246A946A046F0BD01432BD10B9B220067
:1037E000002B00D154E700230A93249B0A9A00245B
:1037F000934200DD85E12298239900220023FEF701
:10380000D5FE002800D035E1269B084A02941A40D4
:103810008023DB0013430493259B0393089B099C9F
:10382000CBE7C046FFFFEF7FFFFFEFFFFFF7FFFF94
:1038300006232493B44B70009C46400D6044FEF771
:10384000E1FEB24AB24BFEF76EFEB24AB24BFEF751
:1038500043FE3603B14B360B334304000D003800F2
:1038600019000022AE4BFEF72EFEAE4AAE4BFEF71D
:103870005AFE02000B0020002900FEF72DFEFEF785
:10388000D9FE0A90FEF7BEFEA84AA94B04000D001F
:10389000FEF749FE0022A74BFEF71EFEFEF7CAFE0A
:1038A000A54A0600A54B20002900FEF73CFE0400B7
:1038B00030000D000C96FEF7A5FEA14AA14BFEF7C5
:1038C00032FE02000B0020002900FEF7FCFD020082
:1038D0000B0006000F00FEF726FE320004000D006C
:1038E0003B0030003900FEF7F7FD00220E900F91EB
:1038F000954B20002900FEF7F8FD0022934BFEF7C0
:10390000EBFD02000B0020002900FEF7EEFD002277
:103910008F4BFEF7E1FD02000B0020002900FEF7AF
:10392000E4FD0D008021040032003B000020C905A9
:10393000FEF7C9FD02000B0020002900FEF7CCFDB8
:1039400002000B000E980F99FEF7CFFD0022734B7B
:10395000FEF7C2FD7F4B0C9C9C466444002223056D
:10396000FEF7E1FD06000F0002000B000898099920
:10397000FEF71CFE00280AD00A9B3000013B3900EC
:103980000A930022714BFEF7B0FD06000F000A9A61
:10399000330063323900C62A12D802222698042541
:1039A00010400B9A0C90002A25D1259B042B05D999
:1039B000002800D0A1E0259B043B0B93042541E0A7
:1039C0000222269810400B9A0C90002A12D1259BB7
:1039D000052B76D9002872D1259B0525053B0B9335
:1039E00034E0802212069446229B0893239B634472
:1039F000099330E605250B4300D1F6E608980999AE
:103A0000554A564BFEF7E0FD002808D00898099962
:103A10000022534BFEF7CAFD002800D0E5E6249BA8
:103A2000002B1CD00D9B002B19D0249B013B249311
:103A3000259BAB4204D90C9B002B5AD002230C933C
:103A400000230B930A9B002B00D131E608980999BB
:103A500032003B00FEF749FD0890099128E6259BBE
:103A6000AB42EDD90C9B002B43D000230B930233C8
:103A70000C93E7E78020269B3A4A00061A408023F1
:103A800084460294089C099D2900DB00134304939B
:103A9000259B6144220003930B00009201938EE664
:103AA0000524A8E600230B930A93023304250C9304
:103AB000FEE553468C46013B63441B1A72E6022323
:103AC0000C930525C2E70423EDE58020089E099F9D
:103AD000000639008446269A224B61441340049321
:103AE0000B9B32000393249B02930B0000920193E3
:103AF000F3E5259B5B1B0B93A4E7022304250C93A2
:103B0000A0E79C1A013C76E601FCFFFFFB799F5081
:103B10001344D33FB3C8608B288AC63F0000F03FF0
:103B20000000F83F61436F63A787D23F71A3790913
:103B30004F930A400000E03F1655B5BBB16B024001
:103B4000EF39FAFE422EE63F00002C4000002440F0
:103B500000001840FF0300002D431CEBE2361A3F23
:103B600080842E41FFF7FFFFF0B5DE4657464E46F4
:103B70004546E0B5A5B01E002E9B92460C93CD4A5B
:103B8000CD4B80468B461A60002900D1EAE1002324
:103B900030789946002800D1ECE1C84B4C460B9395
:103BA000C74B454657460E930AE0631C98462200D1
:103BB0003B005946A84744463078002800D187E0AA
:103BC00001362528F1D108239A46043B9946023B49
:103BD0009846013B00229C460D943078711C0300EE
:103BE000203BDBB2102B03D80B9C9B00E3589F4675
:103BF0000300303B89460D9C092B3AD90023984697
:103C00002A2800D1C1E000239A462E284BD0030079
:103C1000683BDBB2122B1ED80E999B00CB589F46F7
:103C200063460E001A43D8E743460E001A43D4E712
:103C30004B460E001A43D0E710230E001A43CCE780
:103C400053460E001A43C8E780235B001A43FF3B2C
:103C50009C467078E1444E4667284FD82428A4D962
:103C60000300253BDBB2422B9FD896499B00CB58E3
:103C70009F46002394461E0000E00131B3009B19CB
:103C80005B001E180878303E0300303B092BF4D946
:103C90000123624689469C460023B0469A460E00A0
:103CA000E1442E28B3D13021802049428C46C00007
:103CB000024370784B4684446146092900D86CE180
:103CC0002A2800D17AE101239C464E46E1449EE732
:103CD000A146A846BA46CA4503D801235B425344CD
:103CE000994653464A4659460020C047200025B011
:103CF000F0BCBB46B246A946A046F0BD0300693BF6
:103D0000DBB20D930F2B00D94FE7012199408C4670
:103D10006D49894661464B4619400F9163464946B5
:103D20000B4200D028E10D9B0A2B3AD0072B00D084
:103D30003BE70C9B190008C98846002B00D14BE1DA
:103D400021200243914614A98C461F220F21624470
:103D50008C4651460D950C91A24615000F9902E034
:103D600020290CD0130064461C4020003730092C59
:103D700000D80738013168541A090F2BF0D80C9B72
:103D800054460D9D9A460F9133E10C9B02CB884619
:103D9000002947DB0C9301239C4670784E46E14492
:103DA00031E70C9B02CB14935346002B00D138E132
:103DB0009C4608780B000C908C44002801D100F040
:103DC00098FC89466146944603E05A780133002AFC
:103DD00001D08B42F9D1494662465B1A0C900F9391
:103DE000530500D520E10223180010400D90134226
:103DF00000D1CBE30D930B1BB1469A465E460C985F
:103E000022003B003100A84753460134185D0028CA
:103E1000F6D1B3464E460D9B002B00D0C7E1149B54
:103E20000C93C9E60C9301239C462838494202436F
:103E3000884670784E46E144E5E670786C2800D1FB
:103E40007FE180235B001A43FF3B9C46E14402E78D
:103E500080239B001A4301239C467078E144FAE6D4
:103E60007078682800D173E180231A437F3B9C4619
:103E7000E144F0E6672800D103E1472800D15AE188
:103E8000452800D15AE10492072142460C9B039237
:103E9000073352468B43190002920CC92800009246
:103EA00001930C9122003B005946FFF79FFB040051
:103EB00082E6C046693B0010D4460020208E0010E8
:103EC000648E0010B08E001041900000462800D192
:103ED000DBE00492072142460C9B039207335246D3
:103EE0008B43190002920CC92800009201930C9197
:103EF00022003B005946FFF725F904005CE6631CED
:103F0000984622003B0059462520A847444653E6E0
:103F10000C9B04330D93631C9946920700D422E155
:103F20000C9B2200187859463B00A847434644445E
:103F3000012B00D885E23300B8462E005F462500ED
:103F40004C46994622004346013439002020B047B0
:103F5000AC42F7D12C00BB46350047464E460D9B80
:103F60000C9329E6DB4B30789846002399460028CD
:103F700000D012E60024AEE66F2800D188E000D819
:103F80000BE31023782800D1CFE09A430A239C4604
:103F900000230F930A330D9380E05646B100891930
:103FA000490001330E181878303E010030390929D4
:103FB000F4D9B2461E000133994628E60C9B02361E
:103FC00002CB8A46C9435046C917084082460C9323
:103FD0003078731C99461AE6102310009843113369
:103FE0001843814680201300C0000340024200D1E4
:103FF000A9E64B46069308230593534604931023E2
:104000000393002302930F9B220001931CAB0093A8
:1040100059463B002800FEF79FFF434604000C93DF
:10402000CAE501235B42C3E60F9B534501D95346C2
:104030000F930223180010400D90134200D1B7E1F6
:104040000D93D1460B1B9A463300A1442E0022004B
:104050004D460C98B9465F469B4608E04B463900F2
:10406000541CB0475346185D002877D02200954273
:10407000F4D15B46BB464F46A94635004C461E0070
:10408000C9E680231B011A43FDE620231A4320E7DB
:1040900008239C4600230F9308330D9380231100BF
:1040A000DB0019401A4200D116E10D239A4310009B
:1040B000802302009B001A401492184200D0C2E1F3
:1040C000802302005B001A4091460C9A04320F9242
:1040D000184200D0B7E2430600D59FE1030600D4A2
:1040E00019E30C9B1B880993002B00D0FCE11033D3
:1040F0009843002900D1F7E10023994643460593F0
:10410000534604930D9B069003930023D2E0582856
:1041100008D0622867D102239C4600230F93023304
:104120000D93BBE720231A43103B9C4600230F93BB
:1041300010330D93B2E780231B011A4320231A4347
:10414000A1E6C0239B001A43F31C9946B07882E590
:10415000C0231A43F31C9946B0787CE535005E46CF
:10416000BB464F4657E64346012B00D863E1631E2A
:1041700043449A463300B9462E005F4655469B4657
:10418000A24622004B46013439002020B047AC4201
:10419000F7D135005E46BB464F46A14654460C9BC0
:1041A0004A46187859463B004444A847D7E6A146FA
:1041B0000F9B984500D832E64444E41A3300B846D1
:1041C0002E005F4625004C469946220043460134A6
:1041D00039002020B047AC42F7D12C00BB46350057
:1041E00047464E461BE680231000DB0018401A426B
:1041F00000D10FE1112118008A430D920D9A8023FE
:1042000011009B0019408C461A4269D1802311008D
:104210005B00194089460C9904310F911A4200D075
:10422000CAE113005B0600D5F0E013001B0600D4C2
:1042300059E20C9B00229B5ED9175A184A4092B251
:10424000D90F0C91002B00D1F9E1100014AA94466B
:1042500042461F23149252466344A84616944D4684
:104260000400B946B2461F00159201E0202D0FD080
:1042700020000A21FDF7ECFE01357E193031317046
:1042800020000A21FDF7E4FE26000400092EEDD8E7
:10429000149B4F46A94645469846159B56469A4656
:1042A000169C0D9B069343460593534604930A239D
:1042B00003930C9B02934B4601931CAB220000938B
:1042C00059463B002800FEF747FE0F9B04000C9365
:1042D00072E4C046A92E00100C239A431000E7E6B2
:1042E00007220C9B07339343013294469C44624659
:1042F0000C920CCBD90F0F911100194300D191E012
:10430000D91713911291514010911399594011915D
:1043100010981199129A139B801A9941109011913B
:1043200014AA0023944642469946149252461F33DB
:104330006344A846B24616944E46109C119DB94659
:1043400015921F0001E0202E10D0200029000A2223
:104350000023FDF7BBFE013630322B00BA550D00AD
:1043600022000400002BEED1092AECD8149B1094F3
:10437000119545469846159B4F46B14656469A4676
:10438000169C0D9B069343460593534604930A23BC
:1043900003930F9B02934B4601931CAB22000093A7
:1043A00059463B002800FEF7D7FD0400FFF704FC48
:1043B0000F9B984500D8C1E18023DB000D93434655
:1043C0000F9A1B199B1A994633002E004D46B94689
:1043D0005F469B460C9122004B4601343900202059
:1043E000B047AC42F7D143460C9901330F930B7899
:1043F00035000C935E46BB464F46002B00D10EE5C0
:104400000D9B002B00D1F6E4002319E60C9B1B78D2
:104410001A0015E710239A430D92EFE60C9B1B78C8
:10442000099361E6002399460028AAD100220023BF
:104430001092119374E70C9B2200187859463B00A8
:10444000A8474C468BE50C9AFA3BFF3B07329A4350
:104450000133994691444B460C9313685268159268
:104460001A4306D11032904300220992002900D04D
:1044700081E06122810600D54122D2B20A9214AABB
:1044800091460A9A00210A3A1492424617925246DD
:1044900018925A460991B3461F311E000F9B49449A
:1044A000BA4619941A950024674698468946159D80
:1044B00016901B920AE03032D2B24B4601341A55A4
:1044C000A8454AD0202C4AD006000D003A0000230F
:1044D00030002900FDF7FAFDD2B2092AEBD9149B6E
:1044E0009C466244D2B2E8E76123820600D54123AC
:1044F000DBB20A3B0C93434614A91F228C4615934A
:1045000053466244A046B2464C461797A946170048
:10451000099D0D9E1490169308E03033DBB20134F0
:104520003B55B5420ED3202C0CD00500310028009D
:10453000FDF78EFDCBB20929EFD90C9A944663445E
:10454000DBB2ECE7159B4D46A14644469846169BC8
:10455000564614989A46179FD0E5B742B2D9179B92
:1045600057469846189B5E469A461B9B09949B4665
:104570001698199C1A9D43460593534604930D9B28
:104580000690039300230293099B05E70F9B984530
:1045900000D914E701330F932DE410231100994340
:1045A0000D91692800D0BAE080231000DB0018408C
:1045B0001A4200D122E61DE60C9B1B68DA0F11009F
:1045C000002B00D18CE0DA179818504014AA9146BD
:1045D00042461F23149252464B44A046A9461697C2
:1045E00004006546B2461F000C91159201E0202D93
:1045F0000FD020000A21FDF72BFD01357E19303147
:10460000317020000A21FDF723FD26000400092E49
:10461000EDD8149B444698460C9BAC461900159B5C
:1046200056464D469A46169F0D9B02910693434669
:104630000593534604930A23039363463CE60028FC
:1046400000D02EE602E60C9B1B689946002B03D196
:1046500010339843002938D16123820600D54123C5
:10466000DBB20A3B0C9343461693534614A91F2210
:104670008C4617932B006244A0464D46B2461897CD
:1046800099461700149C0D9E159008E03033DBB25C
:1046900001343B55B5420ED3202C0CD0050031001F
:1046A0002800FDF7D5FCCBB20929EFD90C9A944626
:1046B0006344DBB2ECE7169B149444469846179B80
:1046C00056464D469A461598189F434605935346BD
:1046D00004930D9B0690039300230293149BEBE538
:1046E0000028A1D172E70C9B1B68D9175A184A40C1
:1046F000A6E580231000DB0018409C460F901A426C
:104700000FD00220030013400F93104219D0002352
:10471000A1460F934CE50C9B1B680993E4E40A0047
:1047200034E40223180010400D90134200D03EE5FF
:104730004346002B00D042E6FFF771FB01330F9395
:104740007FE463460D93F3E710B50C0084B0039447
:10475000012402A902900093034813006242FFF76C
:1047600003FA04B010BDC0463531001010B5094A37
:104770000300146884B0002C08D001220091064880
:10478000524203A9A047012004B010BD00F0B4F9C3
:104790000020F9E7D44600202531001000BEFDE7D7
:1047A000094A03001068002805D00849C3188B4245
:1047B00007D81360704706480449C31810608B423D
:1047C000F7D901204042F5E78C4400200000042086
:1047D0003861002010B5FFF7E1FFC04670B5FDF766
:1047E000E5FA074D074EB54209D20024013E761B7B
:1047F000B60808CD984723000134B342F9D170BD03
:10480000248C00102C8C0010030010B5080011003F
:104810001B68984710BDC046F0B5C64600B5437D3D
:1048200007000C001600002B46D0002A17DD0B787D
:104830000A2B24D000239846012E13D001252900ED
:10484000635C01350A2B26D0B542F8D1464509DC18
:10485000A419013C23780D3B5A4253413B7580BC5F
:10486000B846F0BD4346E018A419F11A013C3B6874
:10487000984723780D3B5A4253413B75EFE7037D40
:10488000002BD7D102210F483B689847012EDFD07B
:1048900001239846D2E7631E5B5C0D2BD4D088457C
:1048A00004DA4346C91AE0183B68984702210548D4
:1048B0003B68A8469847C7E703681100200098475F
:1048C000CDE7C04610900010F0B5C6460B68060054
:1048D0000C0000B5802B06D05A1C2260E41826710B
:1048E00080BCB846F0BD0F4B1D68002D16D00B1DC7
:1048F00098460D4F02E02D69002D0FD02B68002B3C
:10490000F9D03B68002B01D0AB42F4D128004146DE
:104910002268FFF781FF2D69002DEFD101220023CE
:10492000DBE7C0468044002088440020F0B54546BF
:10493000DE464E465746E0B583B091461C008046A1
:104940000D00FCF76BFF0023304A12184B41002B7F
:1049500002DA01222E4B52422E4908008A4604F008
:1049600023F907006B1C03D1404603F051FF0500FB
:10497000002C27D0284E294B1C68002C18D04B4601
:10498000002B21D1264B994602E02469002C0FD040
:104990002368002BF9D04B461B68002B01D09C42AA
:1049A000F3D120002A004146B0472469002CEFD102
:1049B000002F26D1280003B0F0BCBB46B246A94662
:1049C000A046F0BD174ED6E7154B99460A239B46E5
:1049D00002E02469002CEBD02368002BF9D04B4671
:1049E0001B68002B01D0A342F3D12A0041462000CE
:1049F000B0476B465A462000DA71D91D0122B047F4
:104A0000E7E7504604F090F8D4E7C04640420F0074
:104A1000FFFFFF7FD038002019480010804400209D
:104A200088440020094800100A4A1368002B05D169
:104A30000CE01A001B691032002B07D08342F8D11A
:104A4000002902D118691060196170470029FCD053
:104A50001060FAE78044002010B500F0ABF90120A7
:104A600010BDC046F0B5CE46474680B583B06B4614
:104A70000600DD1D2870FCF7D1FE0023194A12182C
:104A80004B41002B02DA0122174B52421749080012
:104A9000884604F089F8164B81461C68002C14D017
:104AA000144F02E02469002C0FD02368002BF9D0AA
:104AB0003B68002B01D09C42F4D120000122290048
:104AC000FFF7AAFE2469002CEFD14B46002B05D13D
:104AD000300003B0C0BCB946B046F0BD404604F05B
:104AE00023F8F5E740420F00FFFFFF7FD03800209A
:104AF000804400208844002070B5040003F088FE44
:104B000001230100050001222000FFF70FFF084BE1
:104B10001C68002C06D06368002B05D098472469D8
:104B2000002CF8D1280070BD2469002CF3D1F9E7DE
:104B300080440020F0B5CE46474680B5A3B00400BF
:104B40000D00FCF76BFE0023274A12184B41002B87
:104B500002DA0122254B5242254E300004F024F89F
:104B600000232200019307002B00224801A9FFF730
:104B7000EBFD214B804699461C68019B002B1AD007
:104B8000002C2FD01D4D02E02469002C0FD023688B
:104B9000002BF9D02B68002B01D0A342F4D12000C8
:104BA000019A02A9FFF738FE2469002CEFD14B4689
:104BB0001C6800230193002C06D06368002B0BD0E7
:104BC00098472469002CF8D1002F07D1404623B024
:104BD000C0BCB946B046F0BD2469ECE7300003F034
:104BE000A3FFF3E70194EFE740420F00FFFFFF7FD1
:104BF000D0380020C948001080440020884400209C
:104C00000FB400B583B004A901C90191FFF792FF69
:104C100003B008BC04B01847F0B5002915DD0E4BF1
:104C20000D271A680D4B0E4CD3185D426B41451889
:104C300020215B001E5F0478A64207D093691942C9
:104C4000FCD101301460A842F5D1F0BD936919423E
:104C5000FCD11760F2E7C046286100200080FCBF4D
:104C600024610020204B70B504000D1E1E682ADD53
:104C7000002010211D4B013C1A689369194214D180
:104C8000013093691942FCD1136823548542F4D151
:104C9000002E08D050239363516B183B0B401449EE
:104CA0008C4662441360280070BD002E08D050234B
:104CB0009363516B183B0B400D498C466244136063
:104CC0000028F1D10CE0002E0AD05022074B1B68BF
:104CD0009A63596B183A0A4005498C4663441A6036
:104CE00003204042E0E7C046444400202861002001
:104CF00034100000064B10B51B68002B06D00021B5
:104D0000044A12689163044A1068984710BDC0466F
:104D10004444002028610020484400200822034B1E
:104D200019688B691A42FCD17047C046286100207F
:104D3000F8B51A4F1A4B3A680500D3185842434148
:104D4000184E14331C003368002D02D0002B0FD0F6
:104D5000F8BD002BFCD0002120009563FBF7F4FE8A
:104D600020001149FBF72CFF104B35601D60EFE769
:104D70000E4B200019600C493560FBF7F7FE01214E
:104D80002000FBF7E1FE50223B689A63596B183A0A
:104D90000A4007498C4663441A60D9E7286100201D
:104DA0000080FCBF44440020F54C00104844002023
:104DB000341000000D4B10B51B780D4B0D4C1B78BB
:104DC0000D4B02211B780D4B00202360FBF764FD87
:104DD00002210120FBF760FDE12120684902FCF778
:104DE000B9FD01210648FFF71FFE10BD74910010A8
:104DF00070910010286100206C9100100040034069
:104E000020330020074B10B59C466044000D01285C
:104E100006D0054A800041180448FBF7F1FD10BD9B
:104E2000034AF7E70000E0AF588D0010544400201B
:104E3000348D0010F0B557464546DE464E4688464E
:104E4000E0B583B006000525FBF7C4FD4346844664
:104E50005D571879334B344AF3181B0D9B0092466B
:104E6000D758012220248240241A013A002D41DB28
:104E7000A54232DC1100A9400F422ED141460968FB
:104E8000894641468979002945D12C00AA4093469C
:104E900059463A40394241D180218901884600284B
:104EA00016D06146A44634004E469946030001914F
:104EB0005100705A404500D24019A918123189009A
:104EC000013208519A42F3D3019B64469C464B46FB
:104ED0005A4617435246D75001E0012464426046C7
:104EE000FBF784FD200003B0F0BCBB46B246A946E8
:104EF000A046F0BD002C02DA10E0013C0ED31100F8
:104F0000A14025000F42F8D1414609688946414633
:104F100089790029BAD014246442E0E70924644264
:104F2000DDE7C0460000E0AF34430020F8B5DE46C0
:104F300057464E4645460C00E0B515000600FBF707
:104F400049FD0523A179824622792068E35600298C
:104F50003DD1002B01DB9D4236D11E4B0127F318BA
:104F60001B0D9B0098461C4997400B008B46414601
:104F70005B58013FAF401900994639401F4220D18C
:104F800080239B019C46002A0BD04B00C45A6445E9
:104F900000D264196B1812339B0001319C518A4274
:104FA000F3D84B463B431F0042465B469F5050465A
:104FB000FBF71CFD2800F0BCBB46B246A946A04644
:104FC000F8BD09256D42F2E70B256D42EFE7142588
:104FD0006D42ECE70000E0AF34430020F0B5DE4660
:104FE00057464E464546E0B51600DC22924685B04F
:104FF0004B0002935B18DB00C518AA445246834657
:1050000028001268CC30009202682B0001921C4AE2
:10501000802094460E9C634480021860002C1DD0B2
:105020008023DB049946012398463300D835E027D6
:105030002E0055469A463F0203912000FCF7DAFF06
:105040004A46430113432B6053464246C340134034
:105050003B433360631E1C40EFD10399029B5B18F6
:10506000DB005B441A000099DC321160019ACC33FA
:105070001A6005B0F0BCBB46B246A946A046F0BDDA
:10508000CC300000F0B5DE4657464E464546E0B50A
:105090001600DC22924685B04B0002935B18DB00C1
:1050A000C518AA445246834628001268CC300092A4
:1050B00002682B0001921C4A802094460E9C634497
:1050C00080021860002C1CD08023DB049946012349
:1050D00098463300D8352E0055469A46134F039113
:1050E0002000FCF787FF4A46430113432B605346D9
:1050F0004246C34013403B433360631E1C40EFD124
:105100000399029B5B18DB005B441A000099DC32B8
:105110001160019ACC331A6005B0F0BCBB46B246B0
:10512000A946A046F0BDC046CC30000080E000009B
:10513000F0B54E464546DE465746E0B583B0894653
:105140000CA984460D781F2A45D84946490088464F
:105150004944C900461837003400DC373868CC347D
:1051600083462068310001901C4880248246A402B6
:1051700051440C6069424D411E216D428D431849D6
:105180008A465544052B0CD9A0201F214005D8364E
:10519000540104430532053B3C600A403560052B51
:1051A000F6D852019B06134342464A44D200624459
:1051B0001000DC3213600300D8331D605B461360BF
:1051C000019BCC300360002003B0F0BCBB46B2466C
:1051D000A946A046F0BD05204042F5E7CC300000CE
:1051E0009FE00000F0B501258D400468AC430460E9
:1051F000002B2ED04D006C18E400041926001F6807
:10520000C83637609F68043677605F68DB68DC34D7
:10521000376023606B18184DDB00AC468025C4183E
:1052200064442D0625602560144C0D1D8C4084605F
:1052300001242600AE40802508318C401F21AD019D
:105240004519C0180A40D8302E602C60026000203A
:10525000F0BD4D006C18E400041926008027C83604
:105260007F023760C0273F03B760F82704367F020C
:10527000DC3437602360CDE7D0100000010101016C
:10528000C27843691A707047F0B5DE464E4645460F
:1052900057464E4BE0B599464D4B87B005934D4B65
:1052A000884604934C4B00909B464B4602920193D8
:1052B000002300260024019D039303E001363635C8
:1052C000052C45D02B78009A0134E4B29342F5D1F5
:1052D0003623019A7343944663441B79DB07EDD56B
:1052E0004346002B02D06B784345E7D1029A002A4F
:1052F00002D0AB789342E1D1052C64D0374B002B20
:1053000002D0200000E000BF0599A946B246002760
:1053100000230D005E460A7810E0F9003368C91BCF
:1053200089005B18002B03D020009B6998472A78DE
:105330000137FFB2511C3B00B94211DBBA42ECD835
:105340009A1AD3009B1A049A9B0094466344EBE795
:1053500000230293039B002B2ED005239846A7E73A
:105360004D462100009802F041F936220021280024
:10537000FDF78EFD28000822FF210D30FDF788FD86
:1053800028001022FF211530FDF782FD144BB34693
:1053900099461B7B5646A34290D10121114B4942AD
:1053A00018689A4603F0E8FB00234A4653735346B5
:1053B000186803F0B9FB81E707B0F0BCBB46B24602
:1053C000A946A046F0BD012303939DE74C40002071
:1053D0002E61002064900010243E00200000000098
:1053E000283E002064420020F0B54E464546DE4689
:1053F0005746E0B5451E0400E8B20E008DB0042803
:1054000000D98FE036216943494BCB5C9846002E8A
:105410002ED1484E737BD9B2022B00D186E00329EE
:1054200051D001291DD1444FFB88002B00D045E20B
:105430000121424D92B249422868F28103F09CFB5F
:1054400003232868737303F06FFB01233A7821006C
:10545000D2095A400023D2014046D2B2009302F052
:10546000E9F80DB0F0BCBB46B246A946A046F0BD77
:1054700004AF3A00304B03CB03C202AB9C46112071
:105480001500604402220021FDF702FD01212C706D
:10549000284CEE70E389294E6B6023684942EB602B
:1054A000636830682B61A368AF606B6103F064FBD5
:1054B00000233068637303F037FB2B69002BD0D0D7
:1054C00028009847CDE71C4F7B78092B3AD01B4B1F
:1054D000984604AB994606CF06C31D0002AB9C4616
:1054E0001120022260440021FDF7D2FC2C70002420
:1054F000EC70F38901216B604B46AB603368494225
:10550000EB6073682B61B3686B614346186803F006
:1055100033FB43461868747303F006FB2B69002BBA
:10552000CED19EE7064B1B78984670E7024F7FE787
:105530004C400020283E00205C41002064420020B6
:10554000383E00203B78002BC1D10428BFD836203C
:105550002222684382469046E44B9946534498443D
:1055600043465B79DB0700D4BDE14B4601222100B5
:10557000185C02F06BF8434601225B795046934376
:1055800042465371DA4B273019684844984602F076
:10559000BBF823216B005B19DA009B1803933623B9
:1055A0004A468A466B43D218924452465279D207F1
:1055B00013D54A462100D05C812202F047F85246BA
:1055C000537901229343524653714246039811681E
:1055D00014304000484402F097F8362024226843F3
:1055E0004B468246934653449B445B465B79DB07BC
:1055F00012D54B4602222100185C02F027F85B46C8
:1056000001225B79504693435A46537143462930F1
:105610001968484402F078F8252136234A468A461C
:105620006B43D218924452465279D20713D54A4658
:105630002100D05C822202F009F8534601225B79F6
:1056400003989343524653714346153040001968FE
:10565000484402F059F83620262268434B468246D9
:10566000934653449B445B465B79DB0712D54B461C
:1056700003222100185C01F0E9FF5B4601225B79FF
:10568000504693435A46537143462B301968484459
:1056900002F03AF8272136234A468A466B43D2184D
:1056A000924452465279D20713D54A462100D05C23
:1056B000832201F0CBFF534601225B790398934389
:1056C000524653714346163040001968484402F070
:1056D0001BF83620282268434B46824693465344A3
:1056E0009B445B465B79DB0712D54B4604222100C5
:1056F000185C01F0ABFF5B4601225B795046934397
:105700005A46537143462D301968484401F0FCFF56
:10571000292136234A468A466B43D2189244524680
:105720005279D20713D54A462100D05C842201F079
:105730008DFF534601225B79039893435246537180
:105740004346173040001968484401F0DDFF362019
:105750002A2268434B468246934653449B445B4609
:105760005B79DB0712D54B4605222100185C01F05E
:105770006DFF5B4601225B79504693435A46537155
:1057800043462F301968484401F0BEFF2B213623D1
:105790004A468A466B43D218924452465279D207FF
:1057A00013D54A462100D05C852201F04FFF5346B5
:1057B00001225B7903989343524653714346183054
:1057C00040001968484401F09FFF36202C226843AE
:1057D0004B468246934653449B445B465B79DB07CA
:1057E00012D54B4606222100185C01F02FFF5B46C4
:1057F00001225B79504693435A46537143463130F8
:105800001968484401F080FF2D2136234A468A4614
:105810006B43D218924452465279D20713D54A4666
:105820002100D05C862201F011FF534601225B79F2
:105830000398934352465371434619304000196808
:10584000484401F061FF36202E2268434B468246D1
:10585000934653449B445B465B79DB0712D54B462A
:1058600007222100185C01F0F1FE5B4601225B7902
:10587000504693435A46537143463330196848445F
:1058800001F042FF36234A466B43D5182F356A791B
:10589000D20700D41DE64A462100D05C872201F0E1
:1058A000D5FE01226B79039893436B7143461A30FE
:1058B00040001968484401F027FF0AE60C4D023900
:1058C000286803F059F902232868737303F02CF950
:1058D00080213A7833680A40F988404600912100D7
:1058E00001F0A8FEBDE5024B984652E64C40002070
:1058F000644200207047C046F0B54F464646D64643
:10590000C0B5404F05003B780E00984210D0FF2BE9
:1059100010D0310028003D7001F026FE002804D18F
:10592000E0BCBA46B146A846F0BD280001F064FECE
:105930000120F5E7344C2000143CFBF7C3FA2000AB
:1059400002F026F8314B1C60314C2000FBF7ACFA1A
:10595000304B1C60304B002B50D0304B1800984619
:1059600000E000BF2E4B186000222E4B2E4C1A6018
:105970000F320021FF322000FDF78AFA10220021A9
:105980002A48FDF785FA87235B009946A144362211
:1059900000212000FDF77CFA20000822FF210D30B5
:1059A000FDF776FA20001022FF2115303634FDF77E
:1059B0006FFAA145EBD143461D491A788A4618492A
:1059C00000240023894611E04B46E1001B68091BB7
:1059D00089005B18002B03D05B68984743461A7810
:1059E0000134E4B2511C2300A14292DBA242EBD865
:1059F0009A1AD3009B1A9B005344EDE7074B984635
:105A0000B2E7C046543300204C33002070420020DF
:105A10006842002064420020000000002E61002047
:105A2000243E0020383E00204C400020283E00202C
:105A300064900010F0B5CE46474680B54378040028
:105A400083B0002B14D18368002B11D00578002D72
:105A500015D0691ECBB2042B0AD836224A433F4BDD
:105A60009B181B79DB0703D53D4E737B002B0ED0B3
:105A70000025280003B0C0BCB946B046F0BD394B84
:105A8000DB78DB06F4D5364E737B002BF0D1012199
:105A9000354F4942386803F06FF8737B3F68DAB2DC
:105AA000002B03D0380003F03FF8E1E70123357302
:105AB0007373E368A16833602369F281736063697B
:105AC0000822B360294B18009846FDF7E7F9380023
:105AD00003F02AF8691ECBB2042B3BD836224A4386
:105AE0001E4BD05C2369002B05D02900424601F0F3
:105AF000B3FD0500BDE76B46DF1D04233B701C4B67
:105B000029004246B760736001F0A6FD051EAFD0C4
:105B1000184B9846184B99463B78042B10D14346B6
:105B20001B78FF2BF8D04B46186801F089FE00283F
:105B3000F2D143461B78FF2BEED000F091F8EBE753
:105B40006369002B01D03A781A703B78E370F389CF
:105B500063608EE7034B1878C4E7C0464C400020D2
:105B6000283E0020383E0020644200205C41002096
:105B700081520010543300207042002030B5324C66
:105B80008BB00D1E20706170A2701AD101F0F4FC70
:105B9000322001F067FD207801F0F4FCE1204000A4
:105BA00001F060FD207801F0F3FC002817D11022ED
:105BB000E37860789343E37000280ED001F05AF93F
:105BC0000BE0E120400001F04DFDA1786078022457
:105BD0001E4B1F4A009401F0DBF80BB030BD20785B
:105BE00001F0F6FC0F220300E078134090431843C5
:105BF000E0701220174B00210A3A68441D70FDF72F
:105C000047F96A46144B00211382082320789382B7
:105C100004AA01F0F3FC0028DFD0104B0822029305
:105C2000802300211B0304A80393FDF731F902AB85
:105C30000693074B04A80793044B08930723099383
:105C4000FFF7F8FEC9E7C046383E0020A15E00100D
:105C5000644100203161002007050000800600013A
:105C6000F0B557464E464546DE467F4B8146984640
:105C70007E4BE0B59A4687B07D4E7E4F03AD3468CB
:105C80006269EFF3108172B61368002BFCD0BFF38A
:105C90005F8FA1612000290001F0DAFD6269A3692C
:105CA000BFF35F8F0021116083F31088002852D06A
:105CB0006B78022B56D00FD8002B15D028786A7934
:105CC0002979FFF7E1FA28790028D8D06B79002BE1
:105CD000D5D001F0CFF8D2E7032BD0D16B68002BE1
:105CE000CDD0A8689847CAE7FB78DB0600D482E0ED
:105CF00028783B78984209D129797A788A4205D167
:105D00006A79BC789346944200D188E0306801F00B
:105D100097FD346883466269EFF3108172B61368A9
:105D2000002BFCD0BFF35F8FA1612000290001F0A0
:105D3000DDFD6269A369BFF35F8F0021116083F30A
:105D40001088002804D04A4669782878FFF7D2FDE9
:105D50005B46002B93D007B0F0BCBB46B246A946C9
:105D6000A046F0BD7F232979A8780B40002806D1F2
:105D7000002BF0D1AA686979FFF736FB7FE7421E56
:105D8000D4B2042CE7D8362454434246A446624495
:105D90001279D207DFD55A006244CC094244121965
:105DA00014002034019262790094944601229346B3
:105DB00062465C46A243009C62716279944604226A
:105DC000934662465C46A243009C6271002BD1D090
:105DD0005246019B12785B7D934216D2264ADC0024
:105DE000E31A14689B00E418002CB4D0AB686A79FD
:105DF0006469A04743E71022FB7829791343FB70BD
:105E00006A792878FFF7BAFE39E7541C9C42A2DB76
:105E10009B1ADC00E41A194BA400E418E6E7184CBE
:105E2000227B002A02D1627B002A03D15A46FFF767
:105E3000A5FE24E700220021180001F007FC012143
:105E4000104B494218689B4602F096FE002363738C
:105E50005B46186802F068FE6B7928789B462979C2
:105E60005A46FFF78BFE0AE74C4000202E610020C7
:105E700070420020383E0020243E00206490001034
:105E8000283E00206442002010B5044B08001B7817
:105E9000FF2B01D0FFF7E4FE10BDC04654330020B5
:105EA000F0B54E46DE4657464546E0B5C678040096
:105EB00093B0002E0AD1BD4B07781E7043690C2B9E
:105EC00000D9F2E1BA4A9B00D3589F46B94DEB780E
:105ED000DB060DD5B54A1378022B09D864200133AF
:105EE000137001F0BFFB2000FFF7A4FD002807D1CD
:105EF0001022EB7868789343EB70002800D0DDE146
:105F000013B0F0BCBB46B246A946A046F0BD012284
:105F1000A94B197A0A4200D1C7E1587A02214407F5
:105F200001D4410811400F24A24A987AD378A343A0
:105F30000B43D370C006E3D59178507803229F4B72
:105F40000092113200F000FFDAE708AB9C46122005
:105F5000052200216044FCF79BFF6A46984B002114
:105F6000138608239386934B0CAA187801F046FBFE
:105F70000028C5D0934B08220A93802300211B03DD
:105F80000CA80B93FCF784FF0AAB0E938E4B0CA866
:105F90000F938A4B109307231193FFF74BFDAFE745
:105FA0000624322001F05EFB8248844B8178864AC9
:105FB0004078009400F0ECFEA2E77F4B9B7ADB0672
:105FC0009ED57C4A7D4B91785078072200920D3205
:105FD00000F0BAFE94E7784B1A7B092A00D170E1F1
:105FE0007A4A012006921279D20710D53A220699F0
:105FF0008A5CD20700D446E270228A5CD20700D4C1
:1060000037E2A6228A5C0420D20700D578E7362240
:10601000451E6A43069D6749AC460C88624414805D
:106020008C78C978947001240907090FD17011790F
:106030000AAD21431171DB7B0CAC5371A023DB0053
:106040002B80002368801022002120000B93FCF796
:106050001FFF5A4B2000109308230E951193FFF752
:10606000E9FC4DE7022001F0FDFAA3689F787B1E52
:10607000DAB2042A00D943E7362602225E43534DA2
:106080000021AC192379134323714A4B187801F08E
:10609000ADFA63791220984608AB9C460522002190
:1060A0006044FCF7F5FE464B0CAC238043462200CF
:1060B0003900705DA38001F0A1FA002800D11FE72C
:1060C000404B08220A93902300215B0320000B938E
:1060D000FCF7DEFE0AAB27700E933B4B20000F93BC
:1060E000364B109309231193FFF7A4FC08E7791EA0
:1060F000CBB2042B00D903E736224A432E4D334B53
:10610000288A9918C880688A0CAC0881E88A082215
:1061100048812B7E20000B732D4B00210A93902386
:106120001B030B93FCF7B4FE0AAB27700E93234BB3
:10613000083510930A2320000F951193FFF77AFC7E
:10614000DEE680221C4D52006B89934200D9D7E6CF
:106150001F4A0AAE0A9200220CACB280F3800021E2
:1061600020000832FCF794FE144B277010930B2389
:10617000083520000E960F951193FFF75BFCBFE6E4
:10618000144B0CAC0A9300231022002120000B9327
:10619000FCF77EFE0AAB27700E93084B200010938D
:1061A0000C231193FFF746FCAAE6C046316100209C
:1061B00030900010383E00205C410020A15E0010AD
:1061C0000705000080060001644100204C400020CB
:1061D00080060002000901007C1EE3B2042B00D9F6
:1061E0008EE636236343B3499B460A0004205A4493
:1061F0001379069103431371AF4B1A0058891D7A26
:1062000008328018AD18AD4B0490A84200D83CE18C
:106210008846B9469A46AA4B0896099403932A7869
:10622000002A00D114E16B7801260B2B02D1EE7805
:10623000AD186B78042B00D062E6049B31005A1B2A
:10624000280092B201F0D4FA082800D858E6534644
:106250002F001A784D4607930024002381460596A7
:1062600019E0984BE1001B68091B89005B18002BA3
:106270000BD042465946DE68505C4B463A00290036
:10628000B04700284CD153461A780134E4B2511C6F
:1062900023008C421FDC9442E3D39A1AD3009B1A4A
:1062A000039A9B0094466344E3E71021864BDA7817
:1062B00058788A43DA70002800D121E600F0DAFD30
:1062C0001EE67C4A052011000692DC228A5CD20779
:1062D00000D515E69BE64B46A9463D001F00049BF2
:1062E000ED19AB429BD84F46089E099C079B069D23
:1062F0001A78744BAC4619683623634363445D7B5C
:10630000501C95422BD385422FDCAD1AEB006C4A12
:106310005B1B9B009B18310038001B699847EFE519
:106320004B46059EA9463D001F00002E0ED040465C
:10633000AB785844F618F6B2C218517BFF2900D04A
:10634000DEE50133DBB25473B342F5D15846153064
:1063500023003A002900404401F030FABFE7EB0087
:106360005B1B9B00CB18002BD5D13623069D6343C6
:10637000AC4663449D7B95425AD301268542C4DDD9
:106380003623069D6343AC466344DD7B954257D379
:1063900002268542B9DD3623069D6343AC4663443D
:1063A0001D7C95425AD303268542AEDD3623069DD9
:1063B0006343AC4663445D7C95425CD30426A842AB
:1063C000A3DA3623069D6343AC4663449D7CAA4210
:1063D0005DD80526A84298DA3623069D6343AC466D
:1063E0006344DD7CAA425AD80626A8428DDA3623B9
:1063F0006343069CA44663441D7D954256D21C23EC
:106400006B43CB180726002B85D110212E4BDA7851
:1064100058788A43DA70002828D1052F00D16FE51B
:106420002A4B002B00D16BE5380000E000BF67E588
:10643000EB005B1B9B00CB18002BA1D001266AE769
:10644000EB005B1B9B00CB18002BA4D0022662E75D
:106450001A4B4F46089E099C079347E7EB005B1BCE
:106460009B00CB18002BA1D0032654E700F002FDBF
:10647000D3E70320CBE5EB005B1B9B00CB18002B85
:106480009FD0042647E70220C1E507932EE7EB00E3
:106490005B1B9B00CB18002B9ED005263BE71C23E3
:1064A0006B43CB18002BA2D0062634E7A842ACDB06
:1064B00007262AE74C4000205C4100202E61002086
:1064C00064900010243E0020383E002000000000B0
:1064D0000138C3B2042B04D836224243024BD05CAD
:1064E0007047024B1878FBE74C400020383E0020F4
:1064F00000487047644100200138C2B270B5042AD8
:1065000017D8362242430C4CA3181B79DB07D80F4F
:10651000002B00D170BD7F20084B08401D68CB09BF
:1065200025334000C01880182900001901F0C4F874
:10653000F0E70020EEE7C0464C4000206442002017
:106540000138C2B270B5042A17D8362242430C4C27
:10655000A3181B79DB07D80F002B00D170BD7F205B
:10656000084B08401D68CB0925334000C01880182F
:106570002900001901F0C8F8F0E70020EEE7C04656
:106580004C40002064420020F0B5C64600B505002E
:106590000138C4B2984682B0042C0DD836237F242B
:1065A00058430C40134F64002418CE093C19A41919
:1065B00020346679F60704D5002002B080BCB846C6
:1065C000F0BD01239C46634666791E4343466671CF
:1065D000C05D009313000A00290001F02BF8002889
:1065E000EBD101226379934363716379033293435F
:1065F0006371E1E74C400020F8B5431EDAB20400B5
:106600000D00042A11D836265E430D4F2800BB1911
:10661000D97801F095F8002805D0F05D2A00210016
:1066200000F0ECFFF8BD0020FCE7064E2800F178F2
:106630000907090F01F084F80028F4D03078EDE75D
:106640004C400020383E0020431EDAB2042A0CD809
:10665000362253430A481A5CC0180A7043784B70BC
:1066600083788B70C378CB707047064B1A780A70AA
:106670005A784A709A788A70DB781B071B0FF2E70A
:106680004C400020383E0020F0B557464E46454667
:10669000DE46E0B583B004000CA81D0008C80F005A
:1066A0009A46038816009946002C11D1454BDB7899
:1066B000DB0604D5444B98465B7B002B18D00024A6
:1066C000200003B0F0BCBB46B246A946A046F0BDD0
:1066D000611ECBB2042BF2D836224A433B4B9B18A7
:1066E0001B79DB07EBD5384B98465B7B002BE6D15B
:1066F0000121374B49429B46186802F03DFA434658
:1067000059465B7B0868DAB2002B02D002F00CFA23
:10671000D5E7414601234B73CA8152462D4B0A608F
:106720009A460E9A2C4B4A600F9A0C738A60524616
:106730001380534632022A435A804A469F80DA80A9
:1067400002F0F2F9611ECBB2042B38D836224A434C
:106750001E4BD05C0E9B002B05D02100524600F052
:106760007BFF0400ACE76B46DD1D04232B70434622
:1067700042469D60194B21005360524600F06CFF69
:10678000041E9CD0164E174F2B78042B0DD1337856
:10679000FF2BF9D0386801F053F80028F4D1337892
:1067A000FF2BF1D0FFF75CFAEEE70F9B002B02D036
:1067B0001A002B7813702B784346DB8980E7014B56
:1067C0001878C7E7383E0020283E00204C400020C3
:1067D000644200205C4100208106000081520010CC
:1067E0005433002070420020F0B50400C646631EFA
:1067F000DAB2080000B5042A00D98DE036225A43E7
:106800005A4BD218411CC9B2072900D99EE0584BF7
:106810001D786B1C9846574B1F6853185B7B9D4235
:106820005ED9DE00F31A9B00FB18002B60D1811C9F
:10683000C9B2082943D053185B7B9D425ED8984566
:1068400050DAC11CC9B2082939D053185B7B9D426C
:106850005BD8984546DA011DC9B208292FD05318D4
:106860005B7B9D425DD898453CDA411DC9B2082941
:1068700025D053185B7B9D425AD8984532DA811D4A
:10688000C9B208291BD053185B7B9D4257D8984545
:1068900028DAC11DC9B2082911D053185B7B9D426B
:1068A00057D898451EDAFF2809D1127DAA4257D23F
:1068B000D3009B1A9B00FB180721002B18D1102135
:1068C0002D4BDA7858788A43DA70002826D1042CC8
:1068D00011D82A4B002B0ED0200000E000BF0AE0A8
:1068E0009845A4DB5D1BEB00254A5B1B9B009B18B6
:1068F00020001B69984780BCB846F0BDDE00F31A43
:106900009B00FB18002B9CD0F2E7DE00F31A9B00E3
:10691000FB18002B9FD0EBE7002273E700F0AAFAE8
:10692000D5E7DE00F31A9B00FB18002B9DD0DFE7B4
:10693000DE00F31A9B00FB18002BA0D0D8E7DE0086
:10694000F31A9B00FB18002BA3D0D1E70829D2D162
:10695000B5E7DE00F31A9B00FB18002BA3D0C7E7B6
:1069600013009045ABDB0721BCE7C0464C4000203C
:106970002E610020243E0020383E00200000000050
:106980006490001070B5C37884B0002B12D101ACB4
:106990000578836800210C2220001E79FCF778FA24
:1069A0002800FFF795FD00212070200025716671F9
:1069B00002F002F904B070BD10B5C37882B0002BAC
:1069C0000CD100780649441F2401221D52180919D0
:1069D0004978019300930133FFF7D6FD02B010BD53
:1069E000C046002070B5C57888B0002D1AD1067851
:1069F0000D4B721F12019B180C4A02AC92780021B9
:106A00009A700B4B10220093012320000193FCF796
:106A10003FFA6B460493074B2000267006930795B8
:106A2000FFF708F808B070BDC04600203C400020C9
:106A300023030800396A0010F0B5C4788BB0002C2D
:106A400028D1836805781A791B4F5B796E1F360150
:106A50001B02B91913438A789A421DD00133DBB265
:106A60001A00511E8A41032152421140134A04AEBA
:106A70000A4302AF0292002110223000BB80FC804A
:106A8000FCF706FA0E4B3000357006970893099410
:106A9000FEF7D0FF0BB0F0BD321D4978012328006E
:106AA000D21901940094FFF76FFD0028F2D028005E
:106AB000F15DFFF799FEEDE7C046002020030800D6
:106AC000396A0010F0B5C57889B0002D28D10127AA
:106AD000836806781C795979721F1B4B12019B1829
:106AE0001B7A090221431F421CD0631E9C410323D1
:106AF00064422340154C6F461C43FF23009402ACB4
:106B00000B40102200212000BB80FD80FCF7C0F963
:106B10000F4B26702000049706930795FEF78AFF17
:106B200009B0F0BD02AD0C2200212800FCF7B0F93D
:106B30003000FFF7CDFC002128706F7028002E7107
:106B40006C7102F039F8EBE7C04600202003040026
:106B50008569001070B5C37888B0002B10D18368A8
:106B60001C79002C0CD105781A4A6B1F1B019B184D
:106B7000012216009B791E401A4216D19B0701D4B0
:106B800008B070BD02AC144B10220021200000930D
:106B90000196FCF77DF96B46257004930F4B20009E
:106BA00006930796FEF746FFEAE7902302AE5B00E6
:106BB000002130000F3200930194FCF769F96B4615
:106BC00035700493054B300006930794FEF732FFAF
:106BD000D6E7C046C846002020010100B969001070
:106BE000F0B5C64600B5C4788AB0002C42D183689F
:106BF00005785E7918796A1F4B4B120198469446C6
:106C00000121C44463460F009B7A360206431F40AD
:106C1000194233D102210C001C40194252D10421E7
:106C20000F001F40194245D108210C001C40194299
:106C300000D071E010210F001F40194261D0431EA7
:106C400098410322394B41420A4013430293FF23E8
:106C500002AF334004AEBB80102200213000FC8024
:106C6000FCF716F9324B35703000069708930994FB
:106C7000FEF7E0FE0AB080BCB846F0BD431E984166
:106C800041420320FF2308402A4902AF3340014319
:106C900004AE02911022BB8000213000FC80FCF782
:106CA000F7F8254B35703000069708930994FEF7E6
:106CB000C1FEDFE7431E98410139204B40420140AD
:106CC0000B43C3E7431E9841013140421C4B014036
:106CD0000B43029302AB9846FF234246334004AC79
:106CE0009380D780002110222000FCF7D1F8434682
:106CF000257006930E4B200008930997FEF79AFE25
:106D0000B8E76346043259782800012342440197CA
:106D10000097FFF739FCADE7431E98410539404223
:106D2000084B0140D4E7C046C046002020011400B3
:106D3000B969001020011000C56A0010200112007E
:106D40002001110020011300F0B51E000B00070008
:106D5000581E834103205B421840902389B06D4642
:106D60005B0003432B80002302AC6A80A9801022C1
:106D700000212000EB80FCF78BF80E9B2000277091
:106D8000049506960793FEF755FE09B0F0BDC04680
:106D9000F0B51D000B0016005A1E93410324C64691
:106DA0005B421C40A02300B588B01C436B466A467A
:106DB00099800423009402AC07000021D3802000B6
:106DC0000822FCF765F86B4604930E9B20002770A1
:106DD000059606950793FEF72DFE08B080BCB846D1
:106DE000F0BDC04610B5102200210248FCF750F853
:106DF000012010BDC04600200120704770B514006E
:106E000052790D00092A10D1A279002A0DD1E27918
:106E1000012A0AD80F2B08D92678A6197378052BD2
:106E200003D1F378DB439B0701D0002070BD310014
:106E30002800FFF7E1FB0028F7D0A278034B053DBF
:106E40002901CA54B2785B185A70EFE7C046002097
:106E500010B5042806D9064A0538000110184378F1
:106E6000002B00D110BD10220021FCF711F8F9E72A
:106E7000C0460020411F084B09010A1DD2185B18AB
:106E80005978002300B583B0019300930133FFF7D5
:106E90007BFB03B000BDC046C046002070B5421F5A
:106EA0000F4B1201D35C040088B000208B4201D04C
:106EB00008B070BD6A460B4B6E4603CB03C215008B
:106EC000002118222800FBF7E3FF074B2800EB60A6
:106ED000064B2C70AE602B61FEF7ACFDE8E7C046B8
:106EE000C04600209C9000103C400020E569001046
:106EF000F0B54746CE4680B5060017008BB0002A95
:106F000000D06EE03D4B441F24019846A146C14489
:106F10004B461D79002D66D0EB0737D44B469A7847
:106F200001200123002A04D155E00133DBB2934252
:106F300051D82900D9400842F7D019004A1E914182
:106F4000032249420A40A0210A43029202AA9380E6
:106F50000423914604ADD380002108222800FBF7CA
:106F600097FF4B462E7027000693254B0837089352
:106F700000234744280007970993FEF75BFD00288C
:106F800029D1221D4444617842441EE0A02302938B
:106F9000802304ADDB020822002128000393FBF7C5
:106FA00077FF02AB2E70069323000C334344079304
:106FB000144B280008930997FEF73CFD00280AD1DE
:106FC0004B4604342200597842440190009001233A
:106FD0003000FFF7D9FA01200BB0C0BCB946B0466B
:106FE000F0BD0020F8E70434220059784244012320
:106FF00001950095FFF7C8FAEEE7C046C0460020AD
:10700000E16B0010556B0010F0B5D6464F46464672
:10701000C0B58268040053788CB00A3B012B02D9BA
:10702000C378002B12D1664D5379177926782A78C8
:107030001B023B43B24217D0AA7BB24242D02A7F06
:10704000B24246D02A22AA5CB24205D00CB0E0BCC3
:10705000BA46B146A846F0BD2B22AA5CBA42F5D189
:1070600003229146904605E06A78BA42E4D10022B4
:1070700091469046002EE9D06269022A77D02FD837
:10708000002A54D043464246DB009B1A5B00EB18B3
:107090005B7804ADAB8000234A4A4B49127806ACBA
:1070A00029806A80EB80102200212000FBF7F0FE8F
:1070B000464B26700A930223200008950B93FEF797
:1070C000B9FCC3E7EA7BBA42B9D1012291469046A6
:1070D000D0E76A7FBA42B5D1022291469046C9E70D
:1070E000032AB3D1FFF704FA43464146DB00591A9D
:1070F00049009A466B5C0200B342A7D10120A36805
:1071000069189C79DB79087131491B0223430029F6
:1071100003D049463000F9F789FA534642469B1A94
:107120005B00EB1830005978FFF75EFB8EE74146B5
:107130004046C900091A490069184D7904AF6942EF
:107140004D41244906AC0491FF210B40BB80FA80DD
:10715000002110222000FBF79BFE1C4B26700135FE
:10716000200008970A930B95FEF764FC6EE74346F0
:107170004246DB009C1A9A46802364002C1922891F
:107180005B009A420BD9FF3B2371114B002BC4D0FB
:107190000023002249463000F9F748FABDE7E579B7
:1071A000FFF7A6F903230393084B2A0002932389D0
:1071B00039000193009000233000FFF765FA45E79E
:1071C000D83800202F610020210B0000097000102A
:1071D0002D060010210A000070B50C0082B00028B6
:1071E0000FD003290DD8CB00104E5B1A5B009D5DBC
:1071F000854206D1F6182800B178FFF77DF90028FE
:1072000002D1002002B070BD00200949E20173895B
:107210005218B178019000902800FFF7B5F90028C6
:10722000F0D12800B178FFF78BF9EAE7D8380020D1
:107230003C3E002010B5382200210248FBF728FE12
:10724000012010BDD838002001207047294A70B5B0
:107250000D001178040081420BD0917BA14221D016
:10726000117FA14227D02A21515C0020A1422BD0BE
:1072700070BD9178A94202D0D178A942EDD1002108
:107280000022002C34D0ED09012D28D01A48002806
:1072900006D01A48D20112189BB2200000E000BFAD
:1072A0000120E5E7117CA94202D0517CA942D7D147
:1072B00001210122E5E7917FA94202D0D17FA942B5
:1072C000D1D102210222DCE72C21515CA94203D05A
:1072D0002D21525CAA42CBD103210322D1E70848D9
:1072E000D20112189BB22000F9F730FA0120BFE753
:1072F0000020BDE7D8380020000000007C3E0020C0
:107300003C3E002070B5254D04002B7883420AD006
:10731000AB7BA34215D02B7FA34221D02A23EB5C69
:10732000A3422DD070BD1E4B002B02D00021F9F7D7
:1073300087F90E2200212800FBF7AAFDAB7BA342B0
:10734000E9D1174B002B03D001212000F9F778F980
:107350000E2200211348FBF79BFD2B7FA342DDD1BA
:107360000F4B002B03D002212000F9F769F90E2200
:1073700000210D48FBF78CFD2A23EB5CA342D1D101
:10738000074B002B03D003212000F9F759F90E22F7
:1073900000210648FBF77CFDC4E7C046D838002032
:1073A00041060010E6380020F438002002390020A1
:1073B000F0B54546DE4657464E46E0B514005279D4
:1073C0000D0083B0032A1DD12179CA00521A12324E
:1073D00092B29A4216D82778E7197B78212B11D1DF
:1073E000384B98461B78002B63D043469B7B002B81
:1073F00062D043461B7F002B61D02A234246D35CD8
:10740000002B07D0002003B0F0BCBB46B246A94613
:10741000A046F0BD03339B465B465A46DB00019312
:107420009B1A42465B00D55400223E784344914665
:107430009A46BE1900290BD121E05146CA708B81B2
:107440003378F61801239C462379E1444B4516DD39
:107450007378052BD6D131002800FFF7CDF800282E
:10746000D0D0737931791B020B43B2785B055B0D89
:10747000D1090129E1D151468A704B81E0E75A4692
:10748000019B9B1A5B00A27843445A70BA79DA7167
:107490003A7AF97912020A431A810B4A12789A71E0
:1074A000A279012A01D00120ADE7E27901205A71C9
:1074B000A9E700239B46AFE701239B46ACE70223E5
:1074C0009B46A9E7D83800202F610020F0B5234B58
:1074D00004001A7889B082420CD09A7BA2422CD048
:1074E0001A7FA2422ED02A229A5CA2422FD00120DB
:1074F00009B0F0BD5A788A42EFD10020002CF6D0B6
:10750000C200121A52009B185E796F4673425E41A8
:10751000134B02AD00930023B980102200212800F4
:10752000FB80FBF7B5FC0F4B013628002C7004974D
:1075300006930796FEF77EFAD9E7DA7B8A42CFD127
:107540000120DBE75A7F8A42CDD10220D6E72B22E9
:107550009A5C8A42CBD10320D0E7C046D8380020BD
:10756000210A00000970001010B5024800F022FB4B
:10757000012010BD5833002010B50138C0B200F012
:107580000DFC10BD10B50138C0B200F027FC10BDD5
:107590000138C0B243000D4A1B181B019B18D022B2
:1075A00030B5120699785068DC78536801221500CE
:1075B000A5408A402B405C4263411040424250410A
:1075C0005B001843431E9841C0B230BD8460002068
:1075D0000138C0B24300044A1B181B019B18587B9A
:1075E000012358407047C0468460002010B5013820
:1075F000C0B200F017FC10BD7047C046F0B50D00DA
:1076000083B001AF0400390028001600FFF71CF812
:107610007A780023002A04D0FB78013B5A42534178
:10762000DBB2013C32002900E0B200F017FC03B0ED
:10763000F0BDC04610B582B06C46248A0138009473
:10764000C0B200F097FC02B010BDC04610B50138C2
:10765000C0B200F0D7FC10BD10B50138C0B200F0C8
:1076600059FC10BD10B5F9F72DFF10BD00B5030092
:1076700083B0002910D00020012B07D80A78002AF7
:1076800004D00C48C2540120022A01D003B000BD2E
:107690001800FEF731F9F9E702236A46002001A934
:1076A0009380FEF729F90028F0D00222014B1A70CE
:1076B000ECE7C04648400020037870B5DB070400C3
:1076C0000E00DD0F002B17D103785B0701D52800D2
:1076D00070BD01213000494201F04EFA2378DB07EA
:1076E000DD0F002B0AD123785B0708D4042223780E
:1076F00001251343237002E00025E8E70025300050
:1077000001F012FAE3E7C04670B50C000121060053
:107710004942200001F030FA33785B07DD0F002B7F
:1077200004DB200001F000FA280070BD3378DB078D
:1077300004D40422337893433370F2E70025F0E752
:10774000437902791B021343C2785B0592075B0DF4
:10775000920F022A1DD0032A0CD00020012A08D142
:1077600002394A425141124A944661449942404189
:10777000C0B2704702394A1E91410E4A4942114037
:107780008022D20094460020614499424041C0B218
:10779000EFE7022905D0002040229A424041C0B2C2
:1077A000E7E7054A981843425841C0B2E1E7C046AE
:1077B000FF03000040FCFFFF00FEFFFF8A1870B5CA
:1077C000914207D27F264C78052C04D00C780919F9
:1077D0008A42F8D870BD34008D782C4064000419BA
:1077E000ED0963550C7809198A42ECD8F2E7C046D6
:1077F00070B54D1E0300EDB200291ED001780020A7
:107800000E00301880B25B18904205D30FE00818C4
:1078100080B25B1882420AD91978002907D05C78B7
:107820000B2C0BD0042CF2D1DC78002CEFD1013DD5
:10783000EDB2FF2D02D01978E3E7002070BDC046FD
:1078400003894089181A43425841C0B27047C04664
:1078500070B5040000690E00002803D001214942E0
:1078600001F08AF925896089A288A9B283B285428C
:1078700032D3CD1AADB2002D28D0AA4208D29142FF
:107880002FD3891A8BB263819A4203D89B1A9BB279
:107890009A42FBD9E28821685204520C53433000CB
:1078A000C918FBF7FBFA63890125591C89B2A28824
:1078B0008B420DD900215200891A89B22069618159
:1078C000002801D001F030F9280070BD618989B22B
:1078D00052009142F2DBEFE75500ED1A4D19ADB2BF
:1078E000C9E789188BB26381CEE7C046F8B50400BA
:1078F000C0680E00002803D00121494201F03CF984
:10790000258920896189A288ADB283B28FB288426D
:1079100029D3DB1B9BB29A4209D8E779FF0906D12C
:10792000E068002801D001F0FFF83800F8BD2B0016
:1079300095421DD39B1A9BB29342FBD2E2882068EA
:107940005204520C53433100C018FBF7A7FA6B1CCA
:107950009BB2A2889D4217D9002352009B1A9BB26A
:1079600001272381DCE75100C91B5B189BB2D2E7DA
:10797000E28820685204520C53433100C018FBF7D0
:107980008DFA0135A288ABB252009342E8DBE5E7FD
:1079900010B50400C068002803D00121494201F05D
:1079A000EBF82069002803D00121494201F0E4F8F6
:1079B0000023E06863812381002801D001F0B4F83E
:1079C0002069002801D001F0AFF8012010BDC046A9
:1079D00010B5024800F004F810BDC046FC6000205D
:1079E00010B588B004000D2200216846FBF750FA5C
:1079F0000D22002104A8FBF74BFA4B236A46684688
:107A0000137004A90D2201F087F815210822200027
:107A10006944FBF743FA08B010BDC046F0B5D6463E
:107A20004F4646461500C0B504000E003022002126
:107A300082B02800FBF72CFA524A01209446737852
:107A400063441B052360F378984000F035FBB17860
:107A5000F77889464C4911238846F9028C464146FD
:107A600060469A462268494B0140D3181B0DDB0043
:107A70004B44DB030B4351460B434946081DA021F1
:107A8000C9058C4680001018BA01624413613D4B51
:107A900050609C464B467078E7606044000520606B
:107AA0006360337963441B05236173796361B37940
:107AB000E3613378AB70F27B002A59D10133DBB23A
:107AC000EB70EB78324B334F9C46334B6146276467
:107AD000E16363642A73B38949462387FDF792F90A
:107AE00061692069FDF78EF9E1692069FDF78AF97E
:107AF0002A003100200001F04FF8A8780121C0B21F
:107B0000F8F72EFFE8780121C0B2F8F729FFA8782E
:107B10000321C0B2F8F734FFE8780321C0B2F8F7C8
:107B20002FFF0121282300222970EA546A461B4BAB
:107B300001A81B49938001F027F86A465A2301A83F
:107B40001849537101F020F86A461E2301A816490E
:107B5000537101F019F83C236A46144901A8537186
:107B600001F012F802B0E0BCBA46B146A846F0BD3A
:107B7000013BDBB2EB70AB78074B0D4F9C46044BDF
:107B8000A4E7C04602050000FF7FE0FF0000E0AF71
:107B900098240020842400207024002080D2FFFF3D
:107BA0003C430020D84600201C610020F4600020E7
:107BB0005C240020F0B5C646060000B5674D684C51
:107BC0002A0084B031002000FFF728FF022305209F
:107BD0002B74FAF73DF8FBF79DF86249051CFBF79B
:107BE0007EF8EC218905FBF777F88046FBF7BAF8B9
:107BF00087B20020002F0DD03800FBF78BF8011C56
:107C00004046FBF766F88721C905FBF77CF8FBF7D0
:107C1000A9F8C0B24A23E054023BE7525249281C5B
:107C2000FBF75DF8EC218905FBF756F88046FBF77A
:107C300099F887B20020002F0DD03800FBF76AF8C2
:107C4000011C4046FBF745F88721C905FBF75BF8A7
:107C5000FBF788F8C0B25223E054023BE752434995
:107C6000281CFBF73CF8EC218905FBF735F880462A
:107C7000FBF778F887B20023002F0DD03800FBF710
:107C800049F8011C4046FBF724F88721C905FBF79A
:107C90003AF8FBF767F8C3B24E22A3544C23344999
:107CA000E752281CFBF71BF8EC218905FBF714F8B9
:107CB000071CFBF757F885B20020002D0DD02800D7
:107CC000FBF728F8011C381CFBF703F88721C905CE
:107CD000FBF719F8FBF746F8C0B256230421E0542D
:107CE000244A023B2448E55200F02EFF234B00219A
:107CF0001870234A002000F027FFB37B002B0ED022
:107D0000204B1868204C2378002B03D100280FD17A
:107D1000012323701D4804B080BCB846F0BDB06894
:107D2000184C2060002811D0174C2378002BF1D17B
:107D3000002301930123164A5B420292154A0092E6
:107D4000154AF9F7C3FC01232370E3E7F9F750FD67
:107D500001220221F9F7CAFA2060D3E784600020EB
:107D6000F8460020001B374C001BB74A001BB74CDD
:107D7000001B374B10610020683300203561002064
:107D8000D0460020203E002036610020D44700204D
:107D9000983C0020452E002018FCFFFF012210B562
:107DA00044000D4B24182401E418E273A07802214A
:107DB000C0B2F8F7B1FDE0780221C0B2F8F7ACFD2F
:107DC000A0780321C0B2F8F7B9FDE0780321C0B272
:107DD000F8F7B4FD10BDC0468460002010B5440023
:107DE0000F4B24182401E418A0780021C0B2F8F742
:107DF000A5FDE0780021C0B2F8F7A0FDA078002131
:107E0000C0B2F8F789FDE0780021C0B2F8F784FD30
:107E100064200021F9F70CFD0023E37310BDC04678
:107E200084600020BC220C4B520170B50026002556
:107E30009C1802E0BC339C420DD01A788242F9D1E2
:107E40005A788A42F6D1DA88002AF3D0DE805D7350
:107E5000BC339C42F1D170BD04490020F0B5C64648
:107E600000B598469378170005000E009C465B0607
:107E700018D0BC22264B52011C009A1802E0BC34D8
:107E8000A2422AD020788542F9D161788E42F6D17B
:107E9000E1880029F3D021798C45F0D1012080BC04
:107EA000B846F0BDBC221A4B52011C009A1802E0E1
:107EB000BC34944211D020788542F9D161788E4249
:107EC000F6D1E1880029F3D021798C45E6D02179DB
:107ED0004906E3D0BC349442EDD11C00BC235B01C5
:107EE000E21802E0BC34A24210D0E388002BF9D1A2
:107EF0003900200000F068FE43462570A3706670CC
:107F0000BB78DB43DBB2DB09E370C7E70020C6E7E1
:107F100004490020F8B50E001100BC22134B520199
:107F20007F279D1802E0BC33AB4219D01C78A042D9
:107F3000F9D15C78A642F6D1DC88002CF3D01A790E
:107F4000002A02D01A791742EDD100202D22187193
:107F50000130DA72D870253A180000F005FEF8BD3D
:107F60000348FCF7C9FD0020F9E7C046044900209A
:107F7000788D0010F8B505006846008B1F4C8446CC
:107F8000BC204001271850061BD002E0BC34BC4284
:107F90001ED026782000B542F8D16678B142F5D1DE
:107FA000E688002EF2D02679B242EFD1624619005F
:107FB00000F0DAFDF8BD6678B1420FD0BC34BC42A7
:107FC00006D026782000B542F5D0BC34BC42F8D1AA
:107FD00011000B48FCF714FE0020EBE7E688002EAA
:107FE000ECD02679B24202D026797606E6D122710B
:107FF00051424A41E2700122E272D7E7044900206F
:10800000908D001070B553062DD0BC24284B640110
:108010001E1902E0BC33B34240D01D781C00A842B8
:10802000F8D15D78A942F5D1DD88002DF2D01D7917
:10803000AA42EFD1637B002B34D00123E373637B2F
:10804000002B06D108E00120F9F726FC637B002B0A
:1080500002D0A37B002BF6D1637BD8B2002B23D1B7
:108060000023E37370BDBC24114B64011E1902E0B0
:10807000BC33B34212D01D781C00A842F8D15D7801
:10808000A942F5D1DD88002DF2D01D79AA42D1D0C8
:108090001D796D06CED0BC33B342ECD1110005483A
:1080A000FCF7AEFD0020DDE700236373D8E7C04690
:1080B00004490020908D0010F0B5C646040000B5BC
:1080C000002813D00B4B0025984601260A4F264264
:1080D00003D1640801352642FBD04246290038000E
:1080E000F8F78EFC640801D00135F0E780BCB84693
:1080F000F0BDC046A88D00102C610020030010B513
:108100000A0003490868190000F004F810BDC046D1
:108110008037002070B50B0C0024150C002B28D1E3
:10812000002D3CD18BB291B2594300F051F8051E9D
:1081300033D00300083B5A6803239A43043A242AA5
:1081400012D80300132A0AD90460446008331B2A9A
:1081500005D98460C460242A2AD003001033002289
:108160001A605A609A6002E00021FAF791FE280036
:1081700070BD002D16D1151C89B292B24A43ADB222
:108180009BB26B43110C5B18190C0BD1190492B202
:10819000114300F01DF8051ECBD10025E7E72B1C8D
:1081A0000D1CE9E700F01CFB0C2300250360DEE753
:1081B0000300046118334461D1E7C04610B5034B96
:1081C0000100186800F004F810BDC0468037002098
:1081D000F0B54E464546DE465746E0B50D000B3538
:1081E000060085B0162D21D8102900D9D4E000F062
:1081F000D5FA102518230221CA4FFB181A005C6813
:10820000083A944200D186E103226368A16893434F
:10821000E268CA6091600121E3185A6830000A439D
:108220005A6000F0C3FA20000830B8E007239D43ED
:1082300000D5B1E0A94200D9AEE000F0AFFAFC23CE
:108240005B009D4200D2E0E1690A00D1AEE0042962
:1082500000D9A1E138239846A90988443931CB00D7
:10826000082252429446AF4FFB189C446346DC6898
:10827000A44514D0032399460B0061469C4607E0B1
:10828000E068002A00DB40E1814200D141E10400C6
:108290004A46636893435A1B0F2AF1DD41463A0070
:1082A0003C690832944200D11EE103206368834395
:1082B000581B0F2800DDACE13A617A610028AADA88
:1082C0007A68904680229200934200D336E1DA0821
:1082D000580901238340404618438046D300DB19E8
:1082E0009A687860E360A2609C60D46001208B1083
:1082F0009840404562D8434603420AD1032399433C
:10830000434640000431034203D14000043103429C
:10831000FBD00323B3469C460E00B8460190F00004
:1083200040440100B246CB680BE064465A681F0027
:10833000A243DB68541B0F2C00DD39E1002C00DB6D
:1083400053E19942F1D101239946CA445346083179
:108350009B07E8D1032205E003680838013E834209
:1083600000D013E23242F7D14346019A5B6893434F
:1083700042465360019A520001929A421CD8002A48
:1083800006D119E004229146019ACA445200019292
:108390001342F7D05646C2E70C233360002005B0E5
:1083A000F0BCBB46B246A946A046F0BD80233F22A2
:1083B000402190469B0053E75E4647460322BC6837
:1083C000636893439846AB4203D35B1B0F2B00DDDE
:1083D0008DE0230043440293534B08201B68103365
:1083E0005B19019300F006FA504903900B688A4626
:1083F000013306D08446019B4242013B6344134053
:1084000001933000019900F0D9F90300814601334E
:1084100000D11CE1029B834200D916E1444B029833
:108420009B461A68019B59469C4662440A60039920
:108430000139484500D157E153461B68013300D14B
:108440005EE14B4602981B1A9B185A46136007239D
:108450004A4648461A400292184200D115E1039854
:10846000013384469B1A019A99444A440192634419
:108470000A409B1A194030008A4600F09FF9431CBD
:1084800000D158E14B46C01A0300534401935B46A8
:108490001A68012052441A604B464946BB60019B52
:1084A00003434B60BC4213D043460F2B00D82BE153
:1084B00007210C3B8B436168014005201943616033
:1084C000E118486088600F2B00D93FE14B465B689C
:1084D00018490868904200D20A601749086890421B
:1084E00000D20A604C46B4E07B689846FEE6012262
:1084F000290013431143651961603000BD606B6052
:1085000000F054F92000083049E7A268D06082608A
:1085100081E66146C3E6DC680231A34200D1BEE6D3
:1085200072E6C04678330020E43C00206C33002023
:10853000B43C0020DC3C0020E03C00205A0A042A25
:108540007CD9142A00D9B0E010005B3082465C323E
:10855000D200082040428446BA1894446246926889
:108560000B308146944500D186E00800A246614662
:10857000844602E09268914204D04C465068A04381
:108580009842F7D8D368614654469C466346A26039
:10859000E3609C60D460A9E6142967D9542900D906
:1085A0008CE06E239846290B88446F31CB0057E648
:1085B000BA46012051468446491905435046456054
:1085C000856847466046EB605E469D60534639616C
:1085D0007961204308374860CF6030008F609C503D
:1085E00000F0E4F850460830D9E6BA4601205E466D
:1085F0005244516801435160BA683000D3609A60B8
:1086000000F0D4F838000830C9E62B00E908083338
:10861000F2E56119884601218C460D4341466560AB
:1086200039617961CA608A60624602434A60E050FB
:10863000300000F0BBF820000830B0E69A091000C6
:10864000393238308246D20083E7BC4241D0BC6820
:108650006368032293431A005B1BAA4202D30F2BC9
:1086600000DD44E7300000F0A1F897E65B23984670
:1086700088445C31CB00F3E55346981001238340D6
:10868000404618438046786080E7019B039A4B443C
:108690000B40D31A194030008A4600F08FF8431C73
:1086A00000D0EFE600239A46F1E6542A2ED81A0BA2
:1086B00010006F326E308246D2004AE7AA235B0078
:1086C00099422ED8DD3B9846E90B88447831CB009F
:1086D000C6E5304B9B461A68019B9C465B4662444C
:1086E0001A60039B591EA7E64846084200D0A3E63D
:1086F000B9684344894601210B4349464B60E7E68C
:1087000053464A461A60A2E64860ABE7AA204000FA
:10871000824226D8DA0B1000783277308246D200B7
:1087200017E71D4B994226D87C239846A90C88440C
:108730007D31CB0094E5019A029B94464A46083B62
:1087400063449B1A019300239A46A0E6210030005F
:10875000083100F0E5F85B461A68BB6899465B682B
:10876000B6E60D4882420CD89A0C10007D327C305F
:108770008246D200EDE6FE237E227F2190469B00BA
:108780006EE5FE227E2092008246E2E643465B686A
:10879000F0E5C046B43C00205405000010B5024886
:1087A00000F024F810BDC046B03C002010B50248CF
:1087B00000F01EF810BDC046B03C0020002370B58C
:1087C000064C050008002360FBF7EAFF431C00D0BD
:1087D00070BD2368002BFBD02B60F9E78444002098
:1087E000014B18687047C046803700207047C0466C
:1087F0007047C046802310B55B01082801D11800DE
:1088000010BDFFF7EDFF16230360173BF7E7C046E7
:1088100010B583070AD00300032102E001330B42A5
:1088200005D01A78002AF9D1181A10BD030019686A
:108830000C4A0D4C8A188A4322420FD15968094AC2
:1088400004338A188A43224208D15968054A0433FE
:108850008A188A432242F1D000E001331A78002AB4
:10886000FBD1E1E7FFFEFEFE80808080F0B5C646CA
:10887000060000B508200D00FFF7BCFF0400300023
:10888000FFF78CFF234B210098469B685F6803230A
:108890009F4338001138401B0019F9F7D9FB451EDA
:1088A0006543AC4208DC00213000FFF787FF4346F8
:1088B0009B68DB19984206D03000FFF777FF002055
:1088C00080BCB846F0BD30006942FFF777FF013049
:1088D0000ED0012243467F1B9B6817430E4A5F6000
:1088E000136830005B1B1360FFF760FF0120E7E7B0
:1088F00000213000FFF762FF43469A68831A0F2B6E
:10890000DADD064C04492468001B086001210B4392
:108910005360D1E778330020B43C00206C33002052
:10892000F0B5D6464F46464605000C00C0B50029B6
:1089300048D0FFF733FF2100012708394B68032097
:108940009C46BB43CE1872688243604638408046DE
:108950006A4891468468B44200D17CE07260B418E1
:1089600064683C40A2464446002C30D10C68A446C2
:10897000091B8C686344A4460824A0468044C4456F
:108980005CD0CC68A04664464246E26094605246A1
:10899000002A1FD01F434F60336080229200934211
:1089A00030D2DA085C090123A340446823434360C2
:1089B000D3001B189A68CB608A609960D160280048
:1089C000FFF7F4FEE0BCBA46B146A846F0BD5246F9
:1089D000002A0FD101224B44CF18BC46B468484F3F
:1089E0001A43BC425BD0F668E660B4604A606246F7
:1089F0001360D2E762463A434A60802233609200B5
:108A00009342CED35C0A042C3FD89C09260039340B
:108A10003836E40004192268083C0327944203D145
:108A20004EE09268944203D05068B8439842F8D818
:108A3000D468CC608A60A160D160C0E75246002A49
:108A400035D14B441A00B068F3681743C36098608F
:108A50004F608A50B3E74B441A004346002B06D1BF
:108A60000B68C91A8C68D218CB68E3609C6001233C
:108A700013434B60234B81601B6893429FD8224B6A
:108A800028001968FFF7F2FE99E7142C13D9542C2B
:108A90001DD81C0B26006F346E36E400BAE7E16087
:108AA000A1604A606246CC608C60136087E71F4318
:108AB0004F60336083E726005C345B36E400A9E74F
:108AC0000123B610B340466833434360B1E7AA229E
:108AD0005200944205D8DC0B260078347736E40047
:108AE00098E70A4A944205D89C0C26007D347C36CF
:108AF000E4008FE7FE247E26A4008BE77833002075
:108B00008033002070330020E43C00205405000036
:108B1000F8B5C0460000000001B40248844601BC1C
:108B2000604700BF9504002001B40248844601BCA0
:108B3000604700BF2902002001B40248844601BCFE
:108B4000604700BF2131002001B40248844601BCC7
:108B5000604700BF3D12002001B40248844601BCBA
:108B6000604700BF2131002001B40248844601BCA7
:108B7000604700BFCD22002001B40248844601BCFA
:108B8000604700BF9D01002001B40248844601BC3B
:108B9000604700BFD50C002001B40248844601BCE8
:108BA000604700BFBD17002001B40248844601BCE5
:108BB000604700BF0501002001B40248844601BCA3
:108BC000604700BF5102002001B40248844601BC46
:108BD000604700BFAD22002001B40248844601BCBA
:108BE000604700BFC1000020D51D0010011E00100D
:108BF000E51F0010812E001095260010712D001029
:108C00000D1F00101D1E00103D1E0010511E0010F3
:108C1000590E0010591E0010111200109D1D001059
:0C8C2000250B0010D1790010B1020010EB
:108C3000388C001004FF000021622311001442A4AC
:108C40000A2A2A2A2050414E4943202A2A2A0A0069
:108C50000A0000004E6F207370696E6C6F636B7357
:108C60002061726520617661696C61626C650000EB
:108C7000486172647761726520616C61726D202554
:108C80006420616C726561647920636C61696D65F3
:108C9000640000004861726420617373657274003F
:108CA0004F7574206F66206D656D6F7279000000DE
:108CB00052656C6561736500626F6F74325F773205
:108CC0003571303830000000322E322E3000000076
:108CD0007069636F00000000726574726F6C696E7A
:108CE0006B000000417567202031203230323600A1
:108CF000666E692B00000000666E69006E616E0092
:108D0000666E692D00000000554152542073746452
:108D1000696E000055415254207374646F7574007D
:108D20005541525420737464696E202F207374640B
:108D30006F75740050494F203120534D2028256411
:108D4000202D20342920616C726561647920636C68
:108D500061696D656400000050494F203020534D1B
:108D600020256420616C726561647920636C61699F
:108D70006D6564004C45440063616E6E6F742066DF
:108D8000696E6420657020307830300D000000007E
:108D90006E6F20656E64706F696E74203078253058
:108DA00032580D0A00000000444D41206368616E96
:108DB0006E656C20256420697320616C7265616446
:108DC0007920636C61696D65640000000600525093
:108DD000D3F07542B08C001006005250E182887FBB
:108DE000B88C001006005250ABB36053C88C001012
:108DF00006005250BBFF3CB6D08C0010060052500B
:108E0000861C0302D88C0010060052505422A29DEA
:108E1000E48C001005005250DE65F46890C9001023
:108E2000403C0010F03B0010F03B0010383C0010BC
:108E3000F03B0010F03B0010F03B0010F03B001046
:108E4000F03B0010F03B0010F03B0010303C0010F5
:108E5000F03B0010283C0010F03B0010F03B0010ED
:108E6000203C0010603E0010563C0010503E0010A8
:108E7000563C00103A3E0010563C0010563C001084
:108E8000563C0010563C0010563C0010563C00105A
:108E9000563C0010483C0010563C0010563C001058
:108EA000563C0010563C0010563C0010483C001048
:108EB000FE3E0010AA3B0010AA3B0010AA3B001087
:108EC000AA3B0010AA3B0010AA3B0010AA3B0010CE
:108ED000AA3B0010AA3B0010AA3B0010AA3B0010BE
:108EE000AA3B0010AA3B0010AA3B0010AA3B0010AE
:108EF000AA3B0010AA3B0010AA3B0010AA3B00109E
:108F0000AA3B0010AA3B0010AA3B0010AA3B00108D
:108F1000AA3B0010AA3B0010AA3B0010AA3B00107D
:108F2000AA3B0010AA3B0010AA3B0010AA3B00106D
:108F3000743E0010CC3E0010743E0010AA3B00109E
:108F4000AA3B0010AA3B0010AA3B0010AA3B00104D
:108F5000AA3B0010AA3B0010AA3B0010AA3B00103D
:108F6000AA3B0010AA3B0010AA3B0010AA3B00102D
:108F7000AA3B0010AA3B0010AA3B00100E410010B3
:108F8000AA3B0010AA3B0010AA3B0010AA3B00100D
:108F9000AA3B0010AA3B0010AA3B0010AA3B0010FD
:108FA000AA3B00100E410010103F00100E410010AF
:108FB000743E0010CC3E0010743E00100000000013
:108FC000000000000000F03F00000000000024400E
:108FD00000000000000059400000000000408F40E9
:108FE000000000000088C34000000000006AF84054
:108FF0000000000080842E4100000000D012634178
:109000000000000084D797410000000065CDCD41ED
:109010000D0A00000600525053B4F4A1208D001038
:109020000800525012000000080052509210000038
:10903000AA620010AA6200100E5F00104A5F0010C2
:10904000AA620010A05F0010BA5F0010D65F001087
:1090500064600010EE60001042610010806100103A
:10906000D861001000000000357200104972001035
:10907000B1730010CD7400104D7200100573001014
:1090800000000000E56D0010F96D0010FD6D00108E
:109090009D6E0010F16E0010516E0010A0060000D1
:1090A000000009000900525000000002748D0010F9
:1090B0000800525012100200C09000100AFF000079
:1090C00046E0C4206600C7002810614029A025188A
:1090D000E1408100DC9000100AFF000046E0C4205F
:1090E0006600C7002800614029A02500E1408100FA
:1090F000F890001011FF000022C0C11003C104C18C
:10910000CC10CC10CC10CC10CC10CC1026B1401010
:10911000C3B104C00140CA00061000002491001031
:1091200011FF000022C0C10003C104C1CC00CC006B
:10913000CC00CC00CC00CC0026A14000C3A104C0D0
:089140000140CA000600000016
:10914800CC8D0010D88D0010E48D0010F08D00102B
:10915800FC8D0010088E0010148E0010B0900010C6
:10916800A490001028900010209000101490001077
:10917800D02330B500251B0600245D5705E0BFF35A
:109188005F8F1C6081F3108820BF0268EFF31081A5
:1091980072B61368002BFCD0BFF35F8F02790368A7
:1091A8007F2AECD90571BFF35F8F00221A6081F323
:1091B800108830BDF0B5C646150000B504001E0085
:1091C8000268EFF3108172B61368002BFCD0BFF36E
:1091D8005F8F0423E3562268002B2BDBBFF35F8FDE
:1091E8000020106081F31088D02212061278002720
:1091F80052B290469A420ED1002080BCB846F0BDCB
:10920800BFF35F8F176081F310882800310003F0E7
:1092180023F80028F0D12268EFF3108172B61368A2
:10922800002BFCD0BFF35F8F237922687F2BE7D90F
:10923800434602E0D0231B061B682371BFF35F8FF0
:109248000023136081F310880120D6E7F0B5C646E5
:1092580000B50D00040003F007F8FA2206000F001D
:10926800002328000021920002F0DEFF36184F414B
:10927800002F02DA0126174F7642D0231B061B68FF
:10928800002598460AE0BFF35F8F156081F31088C8
:109298003000390002F0E0FF002818D12268EFF30F
:1092A800108172B61368002BFCD0BFF35F8F23794F
:1092B80022687F2BE7D943462371BFF35F8F0023D2
:1092C800136081F31088012080BCB846F0BD0020EF
:1092D800FAE7C046FFFFFF7F0268EFF3108172B61E
:1092E8001368002BFCD0BFF35F8FFF230371036863
:1092F800BFF35F8F00221A6081F3108840BF704768
:1093080070B5437804000E00012B1FD0184B1D6860
:109318006A69EFF3108172B61368002BFCD0BFF3B3
:109328005F8FA9612800210002F0B6FF6A69AB6966
:10933800BFF35F8F0021116083F31088002804D0E9
:1093480032006178207802F0C7FF70BD094B0178C0
:109358001A789142DAD101795A789142D6D1417975
:109368009A789142D2D11021DA788A43DA70CDE71F
:1093780070420020383E0020F0B54E46574645461C
:10938800DE460B68E0B59946012387B000249A466B
:109398001C4D009003AE019103E00134BC35202C34
:1093A80023D053464A46A3401A42F6D02B00BA3B74
:1093B8005A781F79D2B22B889046002108223000B3
:1093C8009B4602F059FF022373704346B370009B1B
:1093D800012173715B463000FFB201343771B3600D
:1093E800BC35FFF78DFF202CDBD14A46019F3B6837
:1093F80093433B6007B0F0BCBB46B246A946A046C3
:10940800F0BDC046BE49002070B544001F4B24186B
:109418002401E4186569461C84B0F6B2AB060CD486
:109428002B0611D46B0616D4EB071BD4AB0723D439
:109438006369AB43636104B070BD2100002018313B
:10944800FFF79AFF2B06EDD5210002202031FFF708
:1094580093FF6B06E8D5210001201C31FFF78CFF34
:10946800EB07E3D5002301A8437083800121067030
:10947800FFF746FFAB07DBD5012301A843700023A4
:10948800012106708380FFF73BFFD1E7846000204D
:1094980010B5084C2378002B0AD1802306480749C9
:1094A8005B051A68C25004338B42FAD1012323703A
:1094B80010BDC04630610020444300100001001078
:1094C80010B5014B984710BD45430020064B5A681C
:1094D80002609A684260DA6882601A69C2605A69F2
:1094E80002619B6943617047000002400268064BB5
:1094F8005A6042689A608268DA60C2681A610269D2
:109508005A6142699A61704700000240034B1A6829
:10951800C0239B009343024A136070470C800140AC
:109528000C900140054B1A6880239B005340C022D1
:1095380092001340024A13607047C0460C800140F5
:109548000C9001400023F0B5DE4657464E4645468E
:109558009A46E0B589B001900E00988A45491B8B60
:1095680014009847534681464349988A1B8B98476D
:10957800534642490500988A1B8B98478046FFF757
:1095880087FF02A8FFF7A2FFC847A847FFF7CAFF4F
:10959800251E22D00823C0219C4602204905624688
:1095A8008B6A1A4018423FD0631B002D2FD1002A26
:1095B80011D1002C11D0C0235B059B4602239A468B
:1095C800063399465B464A4657469B6A1A401F42ED
:1095D80042D0002AF6D0002C30D1FFF797FFC047C1
:1095E800FFF76EFF02A8FFF781FF09B0F0BCBB468A
:1095F800B246A946A046F0BD002C2FD1C022520584
:10960800926A914608224F463A40BF072DD50D2B46
:109618001BD9002AF0D1C0225205926A914608222D
:109628004F463A40BF07F2D4002A04D12B00234307
:10963800002BB4D1D1E72B00002CF9D00B6E013CE4
:109648003370230001362B43F2E7019F013D3B783D
:1096580001370B660197E7E70025E5E7C0235B05BF
:109668001B6E013C3370013699E72B00002ADFD1CD
:10967800DCE7C04649460000455800004643000064
:109688009A421CD24B005B18DB00C018DC30016822
:10969800194B1940802311439B030B430360016856
:1096A800164B19405301194380231B050B430360D4
:1096B8000368134992020B401343036070474A0042
:1096C8005218D2008018DC3001680B4A1140802201
:1096D800194392030A4302600168084A11405A017B
:1096E8001143802212050A430260026804499B0262
:1096F8000A4013430360E1E7E0FF0FFC1FFCFFE3B0
:10970800FF83FFFFF0B557464E464546DE464A21E1
:109718004822036CE0B584681D6803682D88A4009E
:109728001C1983B0A564415C825A090212041143D2
:10973800012291464268C5689446A022D205924605
:10974800876AAD015544BA46C827624688466146CD
:10975800BB4652005118C9002E4E59188B445F461B
:10976800019646463E605646D8310E604946019FEE
:10977800196304312F60E9610125196B0D42FBD093
:109788006146012618318E409E6099680E42FCD0D1
:10979800012166460D00B5406244AC465925415545
:1097A800073DAA46023DA946C56B66462D68C769AE
:1097B8002D88B940AB461D68D200B5431D605D4693
:1097C800A56454464D46045D455B9A182D04240251
:1097D8002C43C83214601A68542532431A6002694F
:1097E8007B001468DB198C4314605624455B045DC8
:1097F800DB00D31820022D04C833284318601368EF
:109808000B43136003B0F0BCBB46B246A946A04662
:10981800F0BDC046F46000200123F0B54546DE46A1
:1098280057464E46984603000122E0B5043383B0FC
:10983800009001930624002300209446B7E0434695
:10984800002B00D10FE2032300241E43F6B20623A7
:109858009B46AB08994606704B460227D8B20B5C6C
:109868006E1C9B000818DBB2B6B2174200D0C9E1E3
:10987800002C00D109E2032423430024A346DBB2D1
:10988800037006239946B308984643460420DCB281
:109898000B5D751C9B000C19DBB2ADB2104200D0F9
:1098A8008DE15846002800D102E20320034300203E
:1098B8008146DBB2237006239A46A8080824C0B262
:1098C8000B5C6E1C9B000818DBB2B6B2144200D0C9
:1098D80051E14C46002C00D1FEE10324234300242F
:1098E800A246DBB2037006239846B408E4B20B5DC7
:1098F800751C9B000C19DBB2ADB2D00600D516E181
:109908005046002800D1FBE1032003430020804695
:10991800DBB2237006239946A808C0B20B5C6E1C04
:109928009B000818DBB2B6B2940600D5DBE04446CB
:10993800002C00D111E2032423430024A146DBB20A
:10994800037006239A46B408E4B20B5D751C9B00AD
:109958000C19DBB2ADB2500600D5A1E0484600288C
:1099680000D1E0E10320034300208246DBB22370EC
:1099780006239846A808C0B20E5C6B1CB600D40932
:10998800F6B20A189BB2002C41D15046002800D1EB
:10999800CFE10320064300208046F6B20624167065
:1099A8009808009A019D01320092954252D00127F1
:1099B800C0B2009A0E5C1278B6005D1C0818F6B2A8
:1099C800ADB2174200D13AE7AF08B946FFB2BA467E
:1099D800671EBB4647468A44002F00D196E164467D
:1099E80026430670584600280FD1504603240078B5
:1099F800800020430024C0B25546023328709DB22F
:109A080006239B46AB08994626E7444624E7980870
:109A1800C4B2A146574644468944013C002F00D1B0
:109A28008DE167463E431670002C37D14B46032222
:109A38001B789B00134300229046DBB24A4602354E
:109A48001370009AABB2019D013206249808009267
:109A58009542ACD10224C0B20A5C012692000A5495
:109A68005A1C9205120E885C0233800020439BB278
:109A78008854032518008208D2B28B5C441C9B00D2
:109A880033438B54A0B22C42F5D18308D8B203B02B
:109A9800F0BCBB46B246A946A046F0BDD04680E71A
:109AA800A808C7B2BB4601277F425744B8464F466D
:109AB8008B44002F00D156E167463B432370434651
:109AC800002B00D05CE15B4603201B789B0003431E
:109AD80000208246DBB25846037006230236B5B230
:109AE8009846A80847E7B408E7B2BB4601277F4273
:109AF8004F44BA4647468B44002F00D1F2E06746F0
:109B08003B4303705346002B0FD15B4603201B7861
:109B18009B00034300208146DBB2584603700623AE
:109B28000235AEB29A46B4080EE7C1460CE7A8085B
:109B3800C7B2BB4601277F424744B94657468B44C4
:109B4800002F00D1BAE067463B4323704B46002BF9
:109B58000FD15B4603201B789B00034300208046FF
:109B6800DBB25846037006230236B5B29946A808F8
:109B7800D3E6D046D1E6B408E7B2BB4601277F4218
:109B88005744B8464F468B44002F00D183E06746C0
:109B98003B4303704346002B0FD15B4603201B78E1
:109BA8009B00034300208246DBB25846037006231D
:109BB8000235AEB29846B40898E6CA4696E6A808B2
:109BC800C7B2B84601277F424F44BA465F46884429
:109BD800002F4DD067463B4323705346002B0FD1CF
:109BE800434603201B789B00034300208146DBB2D9
:109BF8004046037006230236B5B29A46A8085DE6C9
:109C0800D9465BE6B708B846FFB2BA4601277F4295
:109C18005F44B9468A44002C18D067463B4303701A
:109C28004B46002B10D1534603201B789B0003435F
:109C380000208346DBB25046037006230235AEB2DD
:109C48009946B308984620E6A3461EE603273B43F9
:109C580003705B46012BF7D1534660461B789B0087
:109C68000343DBB2E7E763461E430124F6B2EEE5A1
:109C780003273B4323704B46012BC1D14346604623
:109C88001B789B000343DBB2B2E7644623430124FD
:109C9800DBB2A346F4E503273B4303705346012B8D
:109CA8008BD15B4660461B789B000343DBB27CE7A5
:109CB800604603430120DBB28146FBE503273B43B3
:109CC80023704346012B00D053E75B4660461B7860
:109CD8009B000343DBB244E7644623430124DBB221
:109CE800A246FFE503273B4303704B46012B00D0F8
:109CF8001BE75B4660461B789B000343DBB20CE71F
:109D0800604603430120DBB2804602E603273E4358
:109D18000670012C00D078E6504665460078800031
:109D28002843C0B268E6604603430120DBB282469E
:109D38001DE6604606430120F6B280462EE603275C
:109D48003E4316704246012A00D0A7E64B466246BB
:109D58001B789B001343DBB270E66446234301245F
:109D6800DBB2A146ECE503273B4323705346012BA6
:109D780006D15B4660461B789B000343DBB2AAE62C
:109D8800CA46F8E50123F0B54546DE4657464E4635
:109D9800984603000122E0B5023383B00090019396
:109DA8000624002300209446B7E04346002B00D148
:109DB8000DE2032300241E43F6B206239B46AB089C
:109DC800994606704B460227D8B20B5C6E1C9B0066
:109DD8000818DBB2B6B2174200D0C7E1002C00D198
:109DE80007E2032423430024A346DBB203700623BF
:109DF8009946B308984643460420DCB20B5D751CAF
:109E08009B000C19DBB2ADB2104200D08BE1584672
:109E1800002800D100E20320034300208146DBB282
:109E2800237006239A46A8080824C0B20B5C6E1C4F
:109E38009B000818DBB2B6B2144200D04FE14C4682
:109E4800002C00D1FCE1032423430024A246DBB20A
:109E5800037006239846B408E4B20B5D751C9B009A
:109E68000C19DBB2ADB2D00600D514E1504600287B
:109E780000D1F9E10320034300208046DBB22370C0
:109E880006239946A808C0B20B5C6E1C9B000818F4
:109E9800DBB2B6B2940600D5D9E04446002C00D116
:109EA8000FE2032423430024A146DBB203700623F8
:109EB8009A46B408E4B20B5D751C9B000C19DBB222
:109EC800ADB2500600D59FE04846002800D1DEE13B
:109ED8000320034300208246DBB223700623984602
:109EE800A808C0B20E5C6B1CB600D409F6B20A18FA
:109EF8009BB2002C41D15046002800D1CDE103206F
:109F0800064300208046F6B2062416709808009A88
:109F1800019D01320092954252D00127C0B2009AA9
:109F28000E5C1278B6005D1C0818F6B2ADB2174286
:109F380000D13AE7AF08B946FFB2BA46671EBB463A
:109F480047468A44002F00D194E1644626430670B0
:109F5800584600280FD1504603240078800020433B
:109F68000024C0B25546023328709DB206239B4692
:109F7800AB08994626E7444624E79808C4B2A146A8
:109F8800574644468944013C002F00D18BE167467F
:109F98003E431670002C35D14B4603221B789B009C
:109FA800134300229046DBB24A4602351370009AEA
:109FB800ABB2019D01320624980800929542ACD1BB
:109FC8000224C0B20A5C012692000A545A1C920567
:109FD800120E885C0233800020439BB2885403250C
:109FE80018008208D2B28B5C441C9B0033438B540C
:109FF800A0B22C42F5D103B0F0BCBB46B246A9468C
:10A00800A046F0BDD04682E7A808C7B2BB460127E4
:10A018007F425744B8464F468B44002F00D156E143
:10A0280067463B4323704346002B00D05CE15B4608
:10A0380003201B789B00034300208246DBB258466E
:10A04800037006230236B5B29846A80849E7B40853
:10A05800E7B2BB4601277F424F44BA4647468B4486
:10A06800002F00D1F2E067463B4303705346002BB4
:10A078000FD15B4603201B789B00034300208146D9
:10A08800DBB25846037006230235AEB29A46B408CE
:10A0980010E7C1460EE7A808C7B2BB4601277F42B2
:10A0A8004744B94657468B44002F00D1BAE067466B
:10A0B8003B4323704B46002B0FD15B4603201B7894
:10A0C8009B00034300208046DBB2584603700623FA
:10A0D8000236B5B29946A808D5E6D046D3E6B40804
:10A0E800E7B2BB4601277F425744B8464F468B44E8
:10A0F800002F00D183E067463B4303704346002BA3
:10A108000FD15B4603201B789B0003430020824647
:10A11800DBB25846037006230235AEB29846B4083F
:10A128009AE6CA4698E6A808C7B2B84601277F4209
:10A138004F44BA465F468844002F4DD067463B439C
:10A1480023705346002B0FD1434603201B789B00F6
:10A15800034300208146DBB24046037006230236E3
:10A16800B5B29A46A8085FE6D9465DE6B708B8468C
:10A17800FFB2BA4601277F425F44B9468A44002CA1
:10A1880018D067463B4303704B46002B10D153460B
:10A1980003201B789B00034300208346DBB2504614
:10A1A800037006230235AEB29946B308984622E6F4
:10A1B800A34620E603273B4303705B46012BF7D1F8
:10A1C800534660461B789B000343DBB2E7E76346D0
:10A1D8001E430124F6B2F0E503273B4323704B46A8
:10A1E800012BC1D1434660461B789B000343DBB279
:10A1F800B2E7644623430124DBB2A346F6E503270E
:10A208003B4303705346012B8BD15B4660461B785A
:10A218009B000343DBB27CE7604603430120DBB2CB
:10A228008146FDE503273B4323704346012B00D0BD
:10A2380053E75B4660461B789B000343DBB244E769
:10A24800644623430124DBB2A24601E603273B43CD
:10A2580003704B46012B00D01BE75B4660461B781A
:10A268009B000343DBB20CE7604603430120DBB2EB
:10A27800804604E603273E430670012C00D07AE6A8
:10A2880050466546007880002843C0B26AE66046BA
:10A2980003430120DBB282461FE6604606430120E5
:10A2A800F6B2804630E603273E4316704246012A3E
:10A2B80000D0A7E64B4662461B789B001343DBB2EF
:10A2C80072E6644623430124DBB2A146EEE5032788
:10A2D8003B4323705346012B06D15B4660461B78EF
:10A2E8009B000343DBB2AAE6CA46FAE5F0B5DE46B0
:10A2F80057464E464546E0B585B002900391002981
:10A3080000D1AFE2002301210193013398460624CE
:10A31800002300208C46B7E04346002B00D112E210
:10A32800032300241E43F6B206239B46AB08994636
:10A3380006704B460227D8B2135C6E1C9B0010189F
:10A34800DBB2B6B20F4200D0CCE1002C00D10CE257
:10A35800032423430024A346DBB203700623994653
:10A36800B308984643460420DCB2135D751C9B0075
:10A378001419DBB2ADB2084200D090E1584600286B
:10A3880000D105E20320034300208146DBB223709D
:10A3980006239A46A8080824C0B2135C6E1C9B00CA
:10A3A8001018DBB2B6B20C4200D054E14C46002C77
:10A3B80000D101E2032423430024A246DBB2037048
:10A3C80006239846B408E4B2135D751C9B00141963
:10A3D800DBB2ADB2C80600D519E15046002800D15D
:10A3E800FEE10320034300208046DBB223700623EE
:10A3F8009946A808C0B2135C6E1C9B001018DBB20B
:10A40800B6B28C0600D5DEE04446002C00D114E23A
:10A41800032423430024A146DBB2037006239A4693
:10A42800B408E4B2135D751C9B001419DBB2ADB21D
:10A43800480600D5A4E04846002800D1E3E10320FF
:10A44800034300208246DBB2237006239846A808FF
:10A45800C0B2165C6B1CB600CC09F6B211189BB2E0
:10A46800002C42D15046002800D1D2E103200643F7
:10A4780000208046F6B206240E7098080199039DC4
:10A4880001310191A94253DA0127019DC0B2029915
:10A49800165C495DB6005D1C1018F6B2ADB20F42ED
:10A4A80000D139E7AF08B946FFB2BA46671EBB46C6
:10A4B80047469244002F00D198E16446264306702F
:10A4C800584600280FD150460324007880002043C6
:10A4D8000024C0B25546023328709DB206239B461D
:10A4E800AB08994625E7444623E79808C4B2A14635
:10A4F800574644469144013C002F00D18FE16746FE
:10A508003E430E70002C39D14B4603211B789B002B
:10A518000B4300218846DBB2494602350B7001998E
:10A52800ABB2039D0131062498080191A942ABDB27
:10A53800591C8905C0B2090E0233101851189BB274
:10A54800022704780126A4000470087803258000F7
:10A558003843087018008108C9B2535C441C9B003A
:10A5680033435354A0B22C42F5D18308D8B205B076
:10A57800F0BCBB46B246A946A046F0BDD0467DE732
:10A58800A808C7B2BB4601277F425744B8464F4682
:10A598009344002F00D156E167463B43237043465E
:10A5A800002B00D05CE15B4603201B789B00034333
:10A5B80000208246DBB25846037006230236B5B245
:10A5C8009846A80844E7B408E7B2BB4601277F428B
:10A5D8004F44BA4647469344002F00D1F2E06746FD
:10A5E8003B4303705346002B0FD15B4603201B7877
:10A5F8009B00034300208146DBB2584603700623C4
:10A608000235AEB29A46B4080BE7C14609E7A80876
:10A61800C7B2BB4601277F424744B94657469344D1
:10A62800002F00D1BAE067463B4323704B46002B0E
:10A638000FD15B4603201B789B0003430020804614
:10A64800DBB25846037006230236B5B29946A8080D
:10A65800D0E6D046CEE6B408E7B2BB4601277F4233
:10A668005744B8464F469344002F00D183E06746CD
:10A678003B4303704346002B0FD15B4603201B78F6
:10A688009B00034300208246DBB258460370062332
:10A698000235AEB29846B40895E6CA4693E6A808CD
:10A6A800C7B2B84601277F424F44BA465F46904436
:10A6B800002F4DD067463B4323705346002B0FD1E4
:10A6C800434603201B789B00034300208146DBB2EE
:10A6D8004046037006230236B5B29A46A8085AE6E1
:10A6E800D94658E6B708B846FFB2BA4601277F42AE
:10A6F8005F44B9469244002C18D067463B43037028
:10A708004B46002B10D1534603201B789B00034374
:10A7180000208346DBB25046037006230235AEB2F2
:10A728009946B30898461DE6A3461BE603273B4314
:10A7380003705B46012BF7D1534660461B789B009C
:10A748000343DBB2E7E763461E430124F6B2EBE5B9
:10A7580003273B4323704B46012BC1D14346604638
:10A768001B789B000343DBB2B2E764462343012412
:10A77800DBB2A346F1E503273B4303705346012BA5
:10A788008BD15B4660461B789B000343DBB27CE7BA
:10A79800604603430120DBB28146F8E503273B43CB
:10A7A80023704346012B00D053E75B4660461B7875
:10A7B8009B000343DBB244E7644623430124DBB236
:10A7C800A246FCE503273B4303704B46012B00D010
:10A7D8001BE75B4660461B789B000343DBB20CE734
:10A7E800604603430120DBB28046FFE503273E4372
:10A7F8000670012C00D076E6504665460078800049
:10A808002843C0B266E6604603430120DBB28246B5
:10A818001AE6604606430120F6B280462BE6032777
:10A828003E430E704146012900D0A7E64B466146DB
:10A838001B789B000B43DBB26EE66446234301247E
:10A84800DBB2A146E9E503273B4323705346012BBE
:10A8580006D15B4660461B789B000343DBB2AAE641
:10A86800CA46F5E511001000022369E6F0B5DE4698
:10A87800574645464E46E0B58FB004001500029293
:10A888008B460022C16B006801F016FD0023A3600F
:10A89800236862689846AB78EF789246DAB29146B8
:10A8A800FFB2203B00D594E201229A401300012117
:10A8B80048460A0082403800203800D585E28140A9
:10A8C800194301910121B940ED4D114345444046DA
:10A8D80000912D0D514601F0B7FC063501220021EB
:10A8E800484601F011FDEDB201220021380001F0C7
:10A8F8000BFD2900484601F08FFC2900380001F0C3
:10A908008BFC80235B020A938123DB010B9380235A
:10A91800DB050D93DB4B05200C9301F065FC01F082
:10A92800E3FCD94901F0C0FCEC21890501F0E4FC05
:10A93800061C01F0C9FC85B20020002D0ED02800AD
:10A9480001F0D2FC011C301C01F0E6FC8721C9058E
:10A9580001F09AFC01F0B8FCC0B200022D040543D6
:10A96800012251460AAB40460A9501F045FC3B00DE
:10A978004A4651464046FEF783FE5246012393401D
:10A9880042461268A5681343424613605B46DB7B68
:10A99800291D5A1E93418022120194461F22DB0270
:10A9A8000235634411402A4019431A435B46A162A9
:10A9B80062621B7B20697F2B00D9FBE1B34901F060
:10A9C8003BFC804643466169A3618A465946029B1F
:10A9D80020699A78DB780390097BDDB249B2894611
:10A9E800D1B204919A4200D364E100230A00009393
:10A9F8005146023301F098FC049E012200213000E8
:10AA080001F082FC01220021280001F07DFC0121D7
:10AA1800300001F0F9FB2800012101F0F5FB434665
:10AA280042460633D2011B0313434A460593002AC4
:10AA380000DB47E1C02380261B03F8270C93002383
:10AA480006AD10220AA9280076027F020D930A9605
:10AA58000B9701F071FC059B102229006B600AA876
:10AA680001F06AFC0AA91022280001F065FC002107
:10AA7800F823AE685B05B446854E994631406B684D
:10AA8800844E42463340844EF820B04666464746D8
:10AA98003E40B046814E0003B446464667463E43B4
:10AAA800AE60049EF703384001434846E96031062A
:10AAB8000140039E0B436B6051462B00300001F0B0
:10AAC8009BFB53460121B44699401F225B00534427
:10AAD800DB0073486344D8331860336820698B43BC
:10AAE8003360A3691340E3626E4B23635B465B7B71
:10AAF8007F2B00D963E16C4901F09EFB02000390B3
:10AB0800029922628B78DBB20493CB78DBB205938F
:10AB18001300033209331B03D2011A435B465B7BE4
:10AB280092465BB298465B469B799B462369994659
:10AB38004346002B00DB03E1C02380261B03F827D4
:10AB48000C93002310220AA9280076027F020D9395
:10AB58000A960B9701F0F0FB5346102229006B6010
:10AB68000AA801F0E9FB102228000AA901F0E4FB79
:10AB78000022049BAE68D903059BB4461806F82347
:10AB88001B031940F8235B05184080238046404E7C
:10AB98001804324011436B683E4AE960134042464C
:10ABA80013436B606346414A1A400243AA6005207A
:10ABB80001F01AFB01F098FB3D4901F075FBEC210F
:10ABC800890501F099FB824601F07EFB83B2984625
:10ABD80042460023002A0ED0404601F085FB011CA6
:10ABE800504601F099FB8721C90501F04DFB01F0A2
:10ABF8006BFBC3B21B0242461004184359462B0094
:10AC0800039A0690484601F0F7FA5A460123934002
:10AC18004A461268029E13434A461360B278F37894
:10AC280061682068D2B2DBB2FEF72AFD6169226949
:10AC38004B005B18DB00D318CC33B578154819687E
:10AC4800E4692D0601402943196063001B19DB00E4
:10AC5800D3181C00CC34F1782268090602400A4354
:10AC68002260DC33B1780A481A68C90302400A43F3
:10AC78001A600FB0F0BCBB46B246A946A046F0BD6C
:10AC88000000E0AF00000650001B374CB8900010E1
:10AC9800FF7FF0FFFFFFFFE0FFFF0A3E0000858017
:10ACA800EBA0000020E00000F0900010FFFF0AFE7B
:10ACB800001BB74C00232A0000935146023301F0D1
:10ACC80033FB99E6180080235B020693C02319031F
:10ACD8004A4B802218400300D205134307934B4682
:10ACE8000891099206AD203B79D401229A401300BD
:10ACF8001F004A460193012393401E00514600223B
:10AD080003980093002301F09FFA32000096039EF7
:10AD18003B0051463000019701F05EFA384B484637
:10AD2800F118090D0631C9B201F076FA4B46F8223E
:10AD38009B02D2011340E968324A1140194397E651
:10AD480080235B020693C02350461903403B9A05B3
:10AD58002A4B1840434668600891EA60203B45D476
:10AD680001229A409246534642460193012393405A
:10AD780059461E00484600220093002301F064FA59
:10AD880053463200019359464846009601F024FA8A
:10AD98001B4940464944090D0631C9B201F03CFA45
:10ADA8004346F8229B02D20113401649EA680A403A
:10ADB8001A43DEE6144901F03FFA804602E61349D9
:10ADC80001F03AFA020003909AE62020C01BC14025
:10ADD80076E54B462022D21A0123D34067E54A463E
:10ADE80020239B1A0122DA40130081E742462023E0
:10ADF8009B1A0122DA409246B5E7C046FFFFFF9F43
:10AE08000000E0AFFF83FFFFD49000101C910010FA
:10AE1800F8B5DE464E46574645465823E0B5C35C6E
:10AE280004000E009346002B37D10123D8259846FD
:10AE38009C46A023AA466768DB0599467B002168E3
:10AE4800D819C000081882445546A06AE2682860EC
:10AE5800584692014A441660D06142460A636046E9
:10AE68000A6B1042FBD059220863A25C002A0CD05E
:10AE7800DB19DB00CB18D4331A68022AFCD9F0BCE2
:10AE8800BB46B246A946A046F8BDDA19D2008B18CF
:10AE9800D4331A68012AF2D8FBE7FEF733FCC4E77B
:10AEA800F0B50400F020DE4657464E464546C00041
:10AEB800DB0103407F20E0B5024085B015006F46F6
:10AEC8001D43013038702800797001F041F801AE57
:10AED800BD70C0002D0A054331006846FD70FEF7BD
:10AEE8009BFC5823E35C8346002B38D10123D825EB
:10AEF80098469C46A023AA466768DB0599467B00CE
:10AF08002068DA19D200821892445546A26AE1688C
:10AF18002A605A46890149440E60CA614246026362
:10AF28006146026B1142FBD059220163A25C002AE0
:10AF38000DD0DB19DB00C318D4331A68022AFCD9F8
:10AF480005B0F0BCBB46B246A946A046F0BDDA192A
:10AF5800D2008318D4331A68012AF1D8FBE72000FD
:10AF6800FEF7D0FBC2E7C0460121F0B50E004569E7
:10AF7800C646AE4002692B1D99406B005B191568E7
:10AF8800DB00B54300B5C76A1560056BD0180B4BDD
:10AF980080249C4680462406604404600460802027
:10AFA80043468001D833101801601F601D60136884
:10AFB8003343136080BCB846F0BDC046D0100000D3
:10AFC800F0B54646D6464F465922C0B5825C08239E
:10AFD80051424A41304C52429A430826A56A0C32E3
:10AFE80003E00369196B0E4209D1A36A5B1B934204
:10AFF800F7D90020E0BCBA46B146A846F0BDA66A1B
:10B00800A26A0021921B072AF3D8042290460B3229
:10B018009446214A924602291ED144461A6B14428C
:10B0280010D15246926A921B072A0BD802292FD1B7
:10B038000424194D03E0AA6A921B072A02D81A6B46
:10B048001442F8D00D00022DD3D15A23C35C802BB3
:10B05800CFD1253BC05CCDE75A274269DC68D500D3
:10B06800B9460435EC40674645180832A9444D1CDA
:10B0780092002DB22742D0D049469A58120E0A7033
:10B088005246966A926A921B072ADCD82900C2E7C0
:10B098000D002900BFE7C04600400540F0B5454611
:10B0A800DE4657464E465923E0B587B00591C35C46
:10B0B8008046002B00D0B4E0002203249246A14B26
:10B0C800986A082546469F4903E03269136B1D427A
:10B0D8000CD18B6A1B1AA342F7D90120404207B052
:10B0E800F0BCBB46B246A946A046F0BD8B6A042018
:10B0F8009C467369B046DE0008339B000193002329
:10B1080083469148914903905A200436B1460293E8
:10B1180000240B000F270E001500404404904846F9
:10B12800EA68C240174222D0019AAA58120E7F2C10
:10B1380028DD8448806A84461002090A0143FF20FA
:10B148007240024003985200105ACA4392B2D31A6E
:10B158005A425341320ADBB2504002933300060090
:10B168004846EA680134C24024B21742DCD1584646
:10B178002A6B10420ED16046724A926A121A072A46
:10B18800CDD9AAE7049802556E48806A8446012CF6
:10B19800D2DCE5E75346002B01D0033BFDD2059BEB
:10B1A800D22B4CD1032C98DD029B002B00D194E7C5
:10B1B80058234246D35C002B3DD105218C460439E7
:10B1C8008A464146C868A02143464746C90589467C
:10B1D8005A681B685500A918C900BF6A5918D831A0
:10B1E8000F6080015A49484401606146C161514677
:10B1F80001261963196B0E42FCD0592140461E6383
:10B20800AA18D200415C9B18D433002904D11A68CB
:10B21800012AFCD9201F62E71A68022AFCD9201FDC
:10B228005DE75023C25A0C2453009B18454A5B0023
:10B238009A46906A45E74046FEF764FABDE74246FB
:10B248005823D35C059A5A2A30D0002B68D142463D
:10B2580041461068926ACC689446A0210122434670
:10B26800C9056646894692465B68A4015A00D1180A
:10B27800C9004118D8310E6036494C442160052771
:10B2880051460125E7610163016B0D42FCD059214C
:10B2980044460563615C002939D0D318DB00C31824
:10B2A800D4331A68022A00D917E7FAE7002B44D1E9
:10B2B800424640461168926AC4689446A02001221A
:10B2C8004346C0056646814692465B68A4015A001B
:10B2D800D018C0000818D83006601F484C442060B9
:10B2E800052750460125E7610863086B0542FCD035
:10B2F800592044460D63205C002815D0D318DB0084
:10B30800CB18D4331A68022A00D9E6E6FAE7D2182D
:10B31800D2008318D4331A68012A00D9DDE6FAE787
:10B328004046FEF7EFF992E7D218D2008B18D433D3
:10B338001A68012A00D9D0E6FAE74046FEF7E2F992
:10B34800B6E7C04600400540002F0020FFFF000080
:10B358003C4300201C610020D846002000224B7985
:10B3680010B50C791B022343C3808B780371CB780B
:10B3780003728B7943728272C27210BDF0B5437B3F
:10B38800150004000E0093B0DAB2002B3ED1B4339E
:10B39800C1500433C5520233C252B1220023835430
:10B3A800C278002A08D14371002301220120A37327
:10B3B800E373627313B0F0BDC3889D4201D3C5889F
:10B3C800ADB2E37A01AF013B5A1E934178225B424A
:10B3D80013404B337B7080233B706B462A00981DCB
:10B3E800310000F0A9FF2900300000F0C7FD22005D
:10B3F8000300291D7D19AB7038001B0AC9B2103231
:10B40800EB70FEF773FFB023E054CDE70020D1E7DF
:10B4180030B501250278134C53009B18124A1B01C2
:10B428009B18124A821A921062432C0094405A695F
:10B438000A435A6120290DD0402905D0802906D118
:10B448001A6A22431A6202E0DA692243DA610023A7
:10B45800437330BD9A6922439A61C378002BF6D1B1
:10B468004571F4E7CF467D678460002004490020D9
:10B47800B423F0B5C55804006D1893B0C550012029
:10B48800BA22E37A4340E372A35ACB189BB2A35281
:10B49800E2888A4203D8B822A25A934206D32000EF
:10B4A8002021FFF7B5FF002013B0F0BDE178002997
:10B4B8002AD0D21AE38896B29E4201D3E688B6B261
:10B4C800E37A01AF013B5A1E934178225B42134055
:10B4D8004B337B7080233B706B463200981D2900EC
:10B4E80000F02AFF3100280000F048FD2200030088
:10B4F800311DBE19B37038001B0AC9B21032F3707F
:10B50800FEF7F4FEB023E0540120CDE764240020C8
:10B5180005FF000000D7A27380F3A26B83F0000040
:10B528007824002005FF000000C7A27380F3A26BF7
:10B5380083F000008C24002005FF000000CFA26BE0
:10B5480080EBA27383E80000A024002005FF000020
:10B5580000C7A26B80EBA27383E800009A421CD25A
:10B568004B005B18DB00C018DC300168194B194030
:10B57800802311439B030B4303600168164B19405A
:10B588005301194380231B050B43036003681349C8
:10B5980092020B401343036070474A005218D200CE
:10B5A8008018DC3001680B4A11408022194392034D
:10B5B8000A4302600168084A11405A011143802277
:10B5C80012050A430260026804499B020A401343B9
:10B5D8000360E1E7E0FF0FFC1FFCFFE3FF83FFFFD1
:10B5E800012270B5010083781000D0249840240609
:10B5F8006368034058424341C8788240100062683B
:10B608000240504242415200012013431AD1284AB5
:10B61800906A936A9842FCD001200400D0258B7868
:10B628002D069C406B6823405C426341CC78A04067
:10B638000400686820404442604140000343012000
:10B64800002B00D070BD906A194A936A9842FCD0CA
:10B658000122002002238873CA734A69154C1A43D1
:10B66800154B4A61C91A09118B005B181A019B18FE
:10B678001A029B181D045D19BC236D006D185B012F
:10B68800EDB2E61802E0BC34A6420FD02378AB42F4
:10B69800F9D1E388002BF6D0637B002BF3D0200090
:10B6A8004021BC34FFF7B4FEA642EFD10020C9E721
:10B6B800004005400449002084600020F0B557464A
:10B6C8004E464546DE462C4BE0B55E695968B046A5
:10B6D80080268B46012083B07602019607005E46DD
:10B6E80059220021B74048254A2499541968BA4676
:10B6F8000A68BA430A605A5B1C5D120424021443A8
:10B70800A1464246040094404E22944672004E469A
:10B718005A44D2008A18C832166056460A68DD694B
:10B7280032430A604146A8401A69490016684144F4
:10B73800A643C90016605118019EC8310E601168F1
:10B748004C270C4314601168814311606146595CB1
:10B75800DB5B09021B0419436B005B19DB00D31880
:10B76800C833196013681843106003B0F0BCBB46B7
:10B77800B246A946A046F0BDF8460020037B002B40
:10B7880007D006480649074A074BD86319645A6424
:10B79800704704480549014AF6E7C046642E002070
:10B7A800502E00208C2E0020F8460020782E0020F5
:10B7B800F8B5B822BA23865AC25AC388B61AB6B29E
:10B7C80004009E4201D3C688B6B22D4D2800FFF76B
:10B7D800CBFB62782379E1212800D2B2DBB2FFF7F4
:10B7E8005FFBB0232100E25C10312800FFF710FB5B
:10B7F8001E221E212B691A631A6B1142FCD10127E4
:10B808002800FFF7DDFB3A006B695B209A401300C4
:10B8180029690A689A430A602A5CDB43D22A15D050
:10B828005A2A09D01E2A1AD180212000FFF7F0FDDC
:10B838006B6929699F40FB43B1220020A0540A6824
:10B8480013400B605A220023AB52F8BD3100200090
:10B85800FFF70EFE6B6929699F40FB43ECE7B120B7
:10B86800225C0132D2B22254022AE8D940212000B7
:10B87800FFF7CEFD6B6929699F40FB43DFE7C046B0
:10B88800F846002070B50500EB7A7826013B5A1E71
:10B898009341304C5B4220001E40FFF765FB6A78FD
:10B8A8002B796921D2B2DBB22000FFF7F9FA1E2208
:10B8B8001E2123694B361A631A6B1142FCD1D2211F
:10B8C8002000FFF7EBFB5B230200E35C002829DB89
:10B8D800B3420DD0B12300222169EA5401226069E4
:10B8E8000B68824093430B605A220023A35270BD19
:10B8F800B823BA21EB5A695A5B1AE9889BB28B4282
:10B9080001D3EB889BB296B29E4201D91A001E0061
:10B91800B4231149E85800F00FFD31002800FFF763
:10B92800A7FDD7E75A2BD5D01E2B0ED0B1222169FF
:10B938000B6BAB5C0133DBB2AB54022BCED940218D
:10B948002800FFF765FD2169C8E780212800FFF777
:10B958005FFDBFE7F84600205447002070B504009B
:10B96800214D2800FFF700FB627800232D212800D5
:10B97800D2B2FFF795FA0023B0222100A25C103161
:10B98800E3722800FFF744FA1E231E2229690B637D
:10B9980016000B6B1E401A42FAD12800FFF710FB65
:10B9A80001226B6929699A400B6893430B60D2287E
:10B9B8000CD1BA2308222021E2522000FFF728FDEB
:10B9C800B123E6545B230022EA5470BD2D23B12233
:10B9D800E372A35C0133DBB2A354022BF2D94021FA
:10B9E8002000FFF715FDEDE7F8460020F0B58027A9
:10B9F8000025BF01002A0BD06E00EC188E5B1234B4
:10BA0800A4000135BE4200D2F6182650AA42F3D847
:10BA1800F0BDC046F8B5DE4657464E464546592362
:10BA280000223A4CE0B50600E254FFF7A7FE384979
:10BA380080228C46676820687D00ED19ED00431967
:10BA48006344E16B12061A601A600A79A3680968F0
:10BA5800FFF7CCFF4A234822E35CA25A4519120497
:10BA68001B0213432A00C8321360B278F3783900F6
:10BA7800D2B2DBB2FFF772FD8022520294464C220A
:10BA8800636AD8352B60636993465A00D218E36914
:10BA980025699846CC239946B378D2001B069A4666
:10BAA800AA1891444B4651461B681A4FC8323B406E
:10BAB8000B4349460B6063461360CC2243469446C9
:10BAC8005B004344DB00EB189C4462466146F57812
:10BAD80012682D063A402A430A60B5781E00594676
:10BAE8004E20DC3632680C4FED033A402A43326070
:10BAF800225C615A12020904C8330A431A60F0BC76
:10BB0800BB46B246A946A046F8BDC046F846002046
:10BB1800D0100000FFFFFFE0FF7FF0FFF8B5DE4622
:10BB280057464E464546592301223A4CE0B5060091
:10BB3800E254FFF723FE384980228C466768206864
:10BB48007D00ED19ED0043196344616C12061A601B
:10BB58001A600A79A3680968FFF748FF5223502240
:10BB6800E35CA25A451912041B0213432A00C83287
:10BB78001360B278F3783900D2B2DBB2FFF7EEFC8B
:10BB88008022520294465422636AD8352B60636936
:10BB980093465A00D218E36925699846CC239946FA
:10BBA800F378D2001B069A46AA1891444B46514690
:10BBB8001B681A4FC8323B400B4349460B6063462B
:10BBC8001360CC22434694465B004344DB00EB18E9
:10BBD8009C4462466146B57812682D063A402A436D
:10BBE8000A60F5781E0059465620DC3632680C4F3C
:10BBF800ED033A402A433260225C615A120209047A
:10BC0800C8330A431A60F0BCBB46B246A946A046F0
:10BC1800F8BDC046F8460020D0100000FFFFFFE046
:10BC2800FF7FF0FF437B10B5002B02D0FFF7F2FE39
:10BC380010BDFFF773FFFBE7F8B5DE4657464E46E3
:10BC48004546A34BE0B51B78002B00D1B5E0A14DCC
:10BC58002B78002B06D0AB7B002B03D0EB7B002B83
:10BC680000D1FBE09C4B9A469C4B9B463023EB5CF7
:10BC7800002B1CD03E23EB5C002B18D03F23EB5C41
:10BC8800002B14D12C0030342000FFF7A9FC002829
:10BC98000DD02000FFF7C6FF3D23EB5C002B00D141
:10BCA80005E1534659461A788D48FFF7B1F82B78C5
:10BCB800A846002B0BD0002643469B7B002B04D0C4
:10BCC8004346DB7B002B00D188E0012E07D03023D0
:10BCD8009C46E04443461B780126002BECD12B7888
:10BCE800002B22D0AB7B002B1FD101210A00D020D2
:10BCF800AB7800069A404368EC781A4053425A41A0
:10BD080043680800A0400340584243415B00134386
:10BD1800013BDAB2012A08D85A425341DBB26B73AD
:10BD2800A973E9736B690B436B613023EB5C002BE0
:10BD380027D03E216B5C002B23D101200600D022A6
:10BD48003233EB5C12069E40332453682C5D33403B
:10BD58000600A64052685C42634132405442624148
:10BD680052001343013BDAB2012A0AD85A4253411E
:10BD78003D22DBB2AB543F236854E8546B6C034359
:10BD88006B646B69002B22D16B6C002B1BD1554B5C
:10BD9800554D1A6801321A601C686405600DA87058
:10BDA80000F0D6F8640FC00004435A460421280066
:10BDB800EC70FEF79BFA53461870F0BCBB46B246CF
:10BDC800A946A046F8BD0120FDF71EFBDFE70020CD
:10BDD800FDF71AFB6B6C002BD9D0F4E74046FFF750
:10BDE80021FFBC23414C5B01E71803E0BC34A742A8
:10BDF80000D16AE723789E42F8D1E388002BF5D07A
:10BE08000322237A1A409146032A3ED0637B002BF3
:10BE1800ECD0E37B002BE9D10121A378A173002B9F
:10BE280002D058232E4AD1542379002B02D1E37A29
:10BE38002D2B48D0237920005BB2002B2DDBFFF798
:10BE4800B7FC4B46032B03D1637A013BDBB2A372E9
:10BE5800A378002B24D10023A373C7E72800FFF79A
:10BE6800BFFB002800D1FDE62800FFF7DBFE6B7B57
:10BE7800002B22D0184B1A489A46184B9B4653461B
:10BE880059461A78FEF7C4FFF0E6A37A002BBDD016
:10BE9800A37A013BDBB2A372A8E7FFF7F3FCD0E774
:10BEA800582300210E4AD154FFF708FCD3E701229A
:10BEB8000F490B48FEF7ACFFF9E601220C49084888
:10BEC800FEF7A6FFCEE62000FFF748FDC0E7C04614
:10BED8003661002084600020356100201061002058
:10BEE800F84600200C610020683300200449002037
:10BEF800D046002010B5FFF79FFE012010BDC046B8
:10BF0800582E002005FF000000D7A27380F3A26B13
:10BF180083F000006C2E002005FF000000C7A2730C
:10BF280080F3A26B83F00000802E002005FF000044
:10BF380000CFA26B80EBA27383E80000942E002050
:10BF480005FF000000C7A26B80EBA27383E8000026
:10BF58001F2330B51F2114245840C507ED17430887
:10BF6800054A2C400B406340D35C800901404B409C
:10BF7800D05C1F23584030BD00310020F0B50029A7
:10BF880010D00024FF26084A084F035D150A5340C5
:10BF980033405B00FA5A01346A408C42F5DBD043E7
:10BFA80080B2F0BD0020FCE7FFFF0000002F00205A
:10BFB8000000C1C081C1400101C3C003800241C269
:10BFC80001C6C006800741C70005C1C581C4400439
:10BFD80001CCC00C800D41CD000FC1CF81CE400EE9
:10BFE800000AC1CA81CB400B01C9C009800841C8F9
:10BFF80001D8C018801941D9001BC1DB81DA401A69
:10C00800001EC1DE81DF401F01DDC01D801C41DC38
:10C018000014C1D481D5401501D7C017801641D668
:10C0280001D2C012801341D30011C1D181D0401078
:10C0380001F0C030803141F10033C1F381F2403268
:10C048000036C1F681F7403701F5C035803441F438
:10C05800003CC1FC81FD403D01FFC03F803E41FEE8
:10C0680001FAC03A803B41FB0039C1F981F84038F8
:10C078000028C1E881E9402901EBC02B802A41EA68
:10C0880001EEC02E802F41EF002DC1ED81EC402C38
:10C0980001E4C024802541E50027C1E781E6402668
:10C0A8000022C1E281E3402301E1C021802041E078
:10C0B80001A0C060806141A10063C1A381A2406268
:10C0C8000066C1A681A7406701A5C065806441A438
:10C0D800006CC1AC81AD406D01AFC06F806E41AEE8
:10C0E80001AAC06A806B41AB0069C1A981A84068F8
:10C0F8000078C1B881B9407901BBC07B807A41BA68
:10C1080001BEC07E807F41BF007DC1BD81BC407C37
:10C1180001B4C074807541B50077C1B781B6407667
:10C128000072C1B281B3407301B1C071807041B077
:10C138000050C190819140510193C0538052419267
:10C148000196C056805741970055C1958194405437
:10C15800019CC05C805D419D005FC19F819E405EE7
:10C16800005AC19A819B405B0199C05980584198F7
:10C178000188C04880494189004BC18B818A404A67
:10C18800004EC18E818F404F018DC04D804C418C37
:10C198000044C184818540450187C0478046418667
:10C1A8000182C042804341830041C1818180404077
:10C1B800000B161D050E13180A011C170F0419127F
:10C1C800141F0209111A070C1E1508031B100D066F
:10C1D8007047C0460000000001B40248844601BC14
:10C1E800604700BF8550001001B40248844601BC76
:10C1F800604700BF511C001001B40248844601BCCE
:10C20800604700BFE551001001B40248844601BCF4
:10C21800604700BFF508001001B40248844601BC1D
:10C22800604700BF9908001001B40248844601BC69
:10C23800604700BF992C001001B40248844601BC35
:10C24800604700BF354E001001B40248844601BC67
:10C25800604700BFDD4F001001B40248844601BCAE
:10C26800604700BFC115001001B40248844601BCF4
:10C27800604700BF1D18001001B40248844601BC85
:10C28800604700BF912E001001B40248844601BCEB
:10C29800604700BF072D001001B40248844601BC66
:10C2A800604700BFED78001001B40248844601BC25
:10C2B800604700BFDF2C001001B40248844601BC6F
:10C2C800604700BF2D4F001001B40248844601BCEE
:10C2D800604700BF652D001001B40248844601BCC8
:10C2E800604700BFF558001001B40248844601BCFD
:10C2F800604700BF152D001001B40248844601BCF8
:10C30800604700BFD92C001001B40248844601BC24
:10C31800604700BFCD08001001B40248844601BC44
:10C32800604700BFD32C001001B40248844601BC0A
:10C33800604700BF3151001001B40248844601BC77
:10C34800604700BF9D2E0010100000000000000094
:10C3580000000100000000000000000000000200D2
:10C3680000000000000000000000030000000000C2
:10C37800000000000000FF000000000001B5486850
:10C3880001318E460047704609380149884701BD8A
:10C39800950D0010000000000000000000000000E3
:10C3A800000000000000000010390020000000001C
:10C3B800503300004C330000543300005233000067
:10C3C8004D5300004D430000533400004334000037
:10C3D800194C00101D4D0010654C0010314D001017
:10C3E80000000000000100007442002010000C0052
:10C3F8000000000000000000000000000000000035
:10C4080000000000FF000000000000000001020022
:10C4180000000000FFFF000080A50010FFFFFFFFE5
:10C428000000020000000000000000000000000002
:10C4380078330020783300208033002080330020B8
:10C448008833002088330020903300209033002068
:10C458009833002098330020A0330020A033002018
:10C46800A8330020A8330020B0330020B0330020C8
:10C47800B8330020B8330020C0330020C033002078
:10C48800C8330020C8330020D0330020D033002028
:10C49800D8330020D8330020E0330020E0330020D8
:10C4A800E8330020E8330020F0330020F033002088
:10C4B800F8330020F8330020003400200034002036
:10C4C80008340020083400201034002010340020E4
:10C4D8001834002018340020203400202034002094
:10C4E8002834002028340020303400203034002044
:10C4F80038340020383400204034002040340020F4
:10C5080048340020483400205034002050340020A3
:10C518005834002058340020603400206034002053
:10C528006834002068340020703400207034002003
:10C5380078340020783400208034002080340020B3
:10C548008834002088340020903400209034002063
:10C558009834002098340020A0340020A034002013
:10C56800A8340020A8340020B0340020B0340020C3
:10C57800B8340020B8340020C0340020C034002073
:10C58800C8340020C8340020D0340020D034002023
:10C59800D8340020D8340020E0340020E0340020D3
:10C5A800E8340020E8340020F0340020F034002083
:10C5B800F8340020F8340020003500200035002031
:10C5C80008350020083500201035002010350020DF
:10C5D800183500201835002020350020203500208F
:10C5E800283500202835002030350020303500203F
:10C5F80038350020383500204035002040350020EF
:10C60800483500204835002050350020503500209E
:10C61800583500205835002060350020603500204E
:10C6280068350020683500207035002070350020FE
:10C6380078350020783500208035002080350020AE
:10C64800883500208835002090350020903500205E
:10C658009835002098350020A0350020A03500200E
:10C66800A8350020A8350020B0350020B0350020BE
:10C67800B8350020B8350020C0350020C03500206E
:10C68800C8350020C8350020D0350020D03500201E
:10C69800D8350020D8350020E0350020E0350020CE
:10C6A800E8350020E8350020F0350020F03500207E
:10C6B800F8350020F835002000360020003600202C
:10C6C80008360020083600201036002010360020DA
:10C6D800183600201836002020360020203600208A
:10C6E800283600202836002030360020303600203A
:10C6F80038360020383600204036002040360020EA
:10C708004836002048360020503600205036002099
:10C718005836002058360020603600206036002049
:10C7280068360020683600207036002070360020F9
:10C7380078360020783600208036002080360020A9
:10C748008836002088360020903600209036002059
:10C758009836002098360020A0360020A036002009
:10C76800A8360020A8360020B0360020B0360020B9
:10C77800B8360020B8360020C0360020C036002069
:10C78800C8360020C8360020D0360020D036002019
:10C79800D8360020D8360020E0360020E0360020C9
:10C7A800E8360020E8360020F0360020F036002079
:10C7B800F8360020F8360020003700200037002027
:10C7C80008370020083700201037002010370020D5
:10C7D8001837002018370020203700202037002085
:10C7E8002837002028370020303700203037002035
:10C7F80038370020383700204037002040370020E5
:10C808004837002048370020503700205037002094
:10C818005837002058370020603700206037002044
:10C8280068370020683700207037002070370020F4
:10C83800883700200000000000000000E83C0020CD
:10C84800503D0020B83D002000000000000000001E
:10C8580000000000000000000000000000000000D0
:10C8680000000000000000000000000000000000C0
:10C8780000000000000000000000000000000000B0
:10C8880000000000000000000000000000000000A0
:10C898000000000000000000000000000000000090
:10C8A8000000000000000000000000000000000080
:10C8B8000000000000000000000000000000000070
:10C8C8000000000000000000000000000000000060
:10C8D80001000000000000000E33CDAB34126DE6FD
:10C8E800ECDE05000B000000000000000000000066
:10C8F8000000000000000000000000000000000030
:10C90800000000000000000000000000000000001F
:10C91800000000000000000000000000000000000F
:10C9280000000000000000000000000000000000FF
:10C9380000000000000000000000000000000000EF
:10C9480000000000000000000000000000000000DF
:10C9580000000000000000000000000000000000CF
:10C9680000000000000000000000000000000000BF
:10C9780000000000000000000000000000000000AF
:08C988000000000000000000A7
:04000005100001E9FD
:00000001FF
