
C:/Users/Cristiano/OneDrive/Personal/11. Electronics/RetroLink/GitHub/retrolink/software/build/retrolink.elf:     file format elf32-littlearm

Sections:
Idx Name          Size      VMA       LMA       File off  Algn
  0 .boot2        00000100  10000000  10000000  00001000  2**0
                  CONTENTS, ALLOC, LOAD, READONLY, CODE
  1 .text         00008b2c  10000100  10000100  00001100  2**3
                  CONTENTS, ALLOC, LOAD, READONLY, CODE
  2 .rodata       00000518  10008c30  10008c30  00009c30  2**3
                  CONTENTS, ALLOC, LOAD, READONLY, DATA
  3 .binary_info  00000030  10009148  10009148  0000a148  2**2
                  CONTENTS, ALLOC, LOAD, READONLY, DATA
  4 .ram_vector_table 000000c0  20000000  20000000  0000f000  2**2
                  ALLOC
  5 .uninitialized_data 00000000  200000c0  200000c0  0000e8d8  2**0
                  CONTENTS
  6 .data         00003818  200000c0  10009178  0000b0c0  2**4
                  CONTENTS, ALLOC, LOAD, READONLY, CODE
  7 .tdata        00000000  200038d8  200038d8  0000e8d8  2**0
                  CONTENTS, ALLOC, LOAD, DATA, THREAD_LOCAL
  8 .tbss         00000000  200038d8  200038d8  00000000  2**0
                  ALLOC, THREAD_LOCAL
  9 .bss          00002860  200038d8  1000c990  0000e8d8  2**3
                  ALLOC
 10 .heap         00000800  20006138  1000c990  0000f138  2**2
                  ALLOC, READONLY
 11 .scratch_x    00000000  20040000  20040000  0000e8d8  2**0
                  CONTENTS
 12 .scratch_y    00000000  20041000  20041000  0000e8d8  2**0
                  CONTENTS
 13 .stack1_dummy 00000800  20040000  20040000  0000f000  2**2
                  ALLOC
 14 .stack_dummy  00000800  20041000  20041000  0000f000  2**5
                  ALLOC, READONLY
 15 .ARM.attributes 00000028  00000000  00000000  0000e8d8  2**0
                  CONTENTS, READONLY
 16 .comment      00000045  00000000  00000000  0000e900  2**0
                  CONTENTS, READONLY
 17 .debug_info   000491c6  00000000  00000000  0000e945  2**0
                  CONTENTS, READONLY, DEBUGGING, OCTETS
 18 .debug_abbrev 0000a468  00000000  00000000  00057b0b  2**0
                  CONTENTS, READONLY, DEBUGGING, OCTETS
 19 .debug_aranges 00001a60  00000000  00000000  00061f78  2**3
                  CONTENTS, READONLY, DEBUGGING, OCTETS
 20 .debug_rnglists 00006f4d  00000000  00000000  000639d8  2**0
                  CONTENTS, READONLY, DEBUGGING, OCTETS
 21 .debug_line   00034134  00000000  00000000  0006a925  2**0
                  CONTENTS, READONLY, DEBUGGING, OCTETS
 22 .debug_str    0000b1e7  00000000  00000000  0009ea59  2**0
                  CONTENTS, READONLY, DEBUGGING, OCTETS
 23 .debug_frame  000043a4  00000000  00000000  000a9c40  2**2
                  CONTENTS, READONLY, DEBUGGING, OCTETS
 24 .debug_loclists 0002e022  00000000  00000000  000adfe4  2**0
                  CONTENTS, READONLY, DEBUGGING, OCTETS
 25 .debug_line_str 000003ac  00000000  00000000  000dc006  2**0
                  CONTENTS, READONLY, DEBUGGING, OCTETS

C:/Users/Cristiano/OneDrive/Personal/11. Electronics/RetroLink/GitHub/retrolink/software/build/retrolink.elf:     file format elf32-littlearm


Disassembly of section .boot2:

10000000 <__boot2_start__>:
10000000:	4b32b500 	.word	0x4b32b500
10000004:	60582021 	.word	0x60582021
10000008:	21026898 	.word	0x21026898
1000000c:	60984388 	.word	0x60984388
10000010:	611860d8 	.word	0x611860d8
10000014:	4b2e6158 	.word	0x4b2e6158
10000018:	60992100 	.word	0x60992100
1000001c:	61592102 	.word	0x61592102
10000020:	22f02101 	.word	0x22f02101
10000024:	492b5099 	.word	0x492b5099
10000028:	21016019 	.word	0x21016019
1000002c:	20356099 	.word	0x20356099
10000030:	f844f000 	.word	0xf844f000
10000034:	42902202 	.word	0x42902202
10000038:	2106d014 	.word	0x2106d014
1000003c:	f0006619 	.word	0xf0006619
10000040:	6e19f834 	.word	0x6e19f834
10000044:	66192101 	.word	0x66192101
10000048:	66182000 	.word	0x66182000
1000004c:	f000661a 	.word	0xf000661a
10000050:	6e19f82c 	.word	0x6e19f82c
10000054:	6e196e19 	.word	0x6e196e19
10000058:	f0002005 	.word	0xf0002005
1000005c:	2101f82f 	.word	0x2101f82f
10000060:	d1f94208 	.word	0xd1f94208
10000064:	60992100 	.word	0x60992100
10000068:	6019491b 	.word	0x6019491b
1000006c:	60592100 	.word	0x60592100
10000070:	481b491a 	.word	0x481b491a
10000074:	21016001 	.word	0x21016001
10000078:	21eb6099 	.word	0x21eb6099
1000007c:	21a06619 	.word	0x21a06619
10000080:	f0006619 	.word	0xf0006619
10000084:	2100f812 	.word	0x2100f812
10000088:	49166099 	.word	0x49166099
1000008c:	60014814 	.word	0x60014814
10000090:	60992101 	.word	0x60992101
10000094:	2800bc01 	.word	0x2800bc01
10000098:	4700d000 	.word	0x4700d000
1000009c:	49134812 	.word	0x49134812
100000a0:	c8036008 	.word	0xc8036008
100000a4:	8808f380 	.word	0x8808f380
100000a8:	b5034708 	.word	0xb5034708
100000ac:	20046a99 	.word	0x20046a99
100000b0:	d0fb4201 	.word	0xd0fb4201
100000b4:	42012001 	.word	0x42012001
100000b8:	bd03d1f8 	.word	0xbd03d1f8
100000bc:	6618b502 	.word	0x6618b502
100000c0:	f7ff6618 	.word	0xf7ff6618
100000c4:	6e18fff2 	.word	0x6e18fff2
100000c8:	bd026e18 	.word	0xbd026e18
100000cc:	40020000 	.word	0x40020000
100000d0:	18000000 	.word	0x18000000
100000d4:	00070000 	.word	0x00070000
100000d8:	005f0300 	.word	0x005f0300
100000dc:	00002221 	.word	0x00002221
100000e0:	180000f4 	.word	0x180000f4
100000e4:	a0002022 	.word	0xa0002022
100000e8:	10000100 	.word	0x10000100
100000ec:	e000ed08 	.word	0xe000ed08
	...
100000fc:	7a4eb274 	.word	0x7a4eb274

Disassembly of section .text:

10000100 <__VECTOR_TABLE>:
10000100:	20042000 	.word	0x20042000
10000104:	100001f7 	.word	0x100001f7
10000108:	100001cb 	.word	0x100001cb
1000010c:	100001cd 	.word	0x100001cd
10000110:	100001c9 	.word	0x100001c9
10000114:	100001c9 	.word	0x100001c9
10000118:	100001c9 	.word	0x100001c9
1000011c:	100001c9 	.word	0x100001c9
10000120:	100001c9 	.word	0x100001c9
10000124:	100001c9 	.word	0x100001c9
10000128:	100001c9 	.word	0x100001c9
1000012c:	100001cf 	.word	0x100001cf
10000130:	100001c9 	.word	0x100001c9
10000134:	100001c9 	.word	0x100001c9
10000138:	100001d1 	.word	0x100001d1
1000013c:	100001d3 	.word	0x100001d3
10000140:	100001c1 	.word	0x100001c1
10000144:	100001c1 	.word	0x100001c1
10000148:	100001c1 	.word	0x100001c1
1000014c:	100001c1 	.word	0x100001c1
10000150:	100001c1 	.word	0x100001c1
10000154:	100001c1 	.word	0x100001c1
10000158:	100001c1 	.word	0x100001c1
1000015c:	100001c1 	.word	0x100001c1
10000160:	100001c1 	.word	0x100001c1
10000164:	100001c1 	.word	0x100001c1
10000168:	100001c1 	.word	0x100001c1
1000016c:	100001c1 	.word	0x100001c1
10000170:	100001c1 	.word	0x100001c1
10000174:	100001c1 	.word	0x100001c1
10000178:	100001c1 	.word	0x100001c1
1000017c:	100001c1 	.word	0x100001c1
10000180:	100001c1 	.word	0x100001c1
10000184:	100001c1 	.word	0x100001c1
10000188:	100001c1 	.word	0x100001c1
1000018c:	100001c1 	.word	0x100001c1
10000190:	100001c1 	.word	0x100001c1
10000194:	100001c1 	.word	0x100001c1
10000198:	100001c1 	.word	0x100001c1
1000019c:	100001c1 	.word	0x100001c1
100001a0:	100001c1 	.word	0x100001c1
100001a4:	100001c1 	.word	0x100001c1
100001a8:	100001c1 	.word	0x100001c1
100001ac:	100001c1 	.word	0x100001c1
100001b0:	100001c1 	.word	0x100001c1
100001b4:	100001c1 	.word	0x100001c1
100001b8:	100001c1 	.word	0x100001c1
100001bc:	100001c1 	.word	0x100001c1

100001c0 <__unhandled_user_irq>:
100001c0:	f3ef 8005 	mrs	r0, IPSR
100001c4:	3810      	subs	r0, #16

100001c6 <unhandled_user_irq_num_in_r0>:
100001c6:	be00      	bkpt	0x0000

100001c8 <isr_invalid>:
100001c8:	be00      	bkpt	0x0000

100001ca <isr_nmi>:
100001ca:	be00      	bkpt	0x0000

100001cc <isr_hardfault>:
100001cc:	be00      	bkpt	0x0000

100001ce <isr_svcall>:
100001ce:	be00      	bkpt	0x0000

100001d0 <isr_pendsv>:
100001d0:	be00      	bkpt	0x0000

100001d2 <isr_systick>:
100001d2:	be00      	bkpt	0x0000

100001d4 <__default_isrs_end>:
100001d4:	7188ebf2 	.word	0x7188ebf2
100001d8:	10009148 	.word	0x10009148
100001dc:	10009178 	.word	0x10009178
100001e0:	10000238 	.word	0x10000238
100001e4:	e71aa390 	.word	0xe71aa390

100001e8 <_entry_point>:
100001e8:	481e      	ldr	r0, [pc, #120]	@ (10000264 <data_cpy_table+0x2c>)

100001ea <_enter_vtable_in_r0>:
100001ea:	491f      	ldr	r1, [pc, #124]	@ (10000268 <data_cpy_table+0x30>)
100001ec:	6008      	str	r0, [r1, #0]
100001ee:	c806      	ldmia	r0!, {r1, r2}
100001f0:	f381 8808 	msr	MSP, r1
100001f4:	4710      	bx	r2

100001f6 <_reset_handler>:
100001f6:	481d      	ldr	r0, [pc, #116]	@ (1000026c <data_cpy_table+0x34>)
100001f8:	6800      	ldr	r0, [r0, #0]
100001fa:	2800      	cmp	r0, #0
100001fc:	d001      	beq.n	10000202 <hold_non_core0_in_bootrom+0x4>

100001fe <hold_non_core0_in_bootrom>:
100001fe:	4819      	ldr	r0, [pc, #100]	@ (10000264 <data_cpy_table+0x2c>)
10000200:	e7f3      	b.n	100001ea <_enter_vtable_in_r0>
10000202:	a40d      	add	r4, pc, #52	@ (adr r4, 10000238 <data_cpy_table>)
10000204:	cc0e      	ldmia	r4!, {r1, r2, r3}
10000206:	2900      	cmp	r1, #0
10000208:	d002      	beq.n	10000210 <hold_non_core0_in_bootrom+0x12>
1000020a:	f000 f812 	bl	10000232 <data_cpy>
1000020e:	e7f9      	b.n	10000204 <hold_non_core0_in_bootrom+0x6>
10000210:	4917      	ldr	r1, [pc, #92]	@ (10000270 <data_cpy_table+0x38>)
10000212:	4a18      	ldr	r2, [pc, #96]	@ (10000274 <data_cpy_table+0x3c>)
10000214:	2000      	movs	r0, #0
10000216:	e000      	b.n	1000021a <bss_fill_test>

10000218 <bss_fill_loop>:
10000218:	c101      	stmia	r1!, {r0}

1000021a <bss_fill_test>:
1000021a:	4291      	cmp	r1, r2
1000021c:	d1fc      	bne.n	10000218 <bss_fill_loop>

1000021e <platform_entry>:
1000021e:	4916      	ldr	r1, [pc, #88]	@ (10000278 <data_cpy_table+0x40>)
10000220:	4788      	blx	r1
10000222:	4916      	ldr	r1, [pc, #88]	@ (1000027c <data_cpy_table+0x44>)
10000224:	4788      	blx	r1
10000226:	4916      	ldr	r1, [pc, #88]	@ (10000280 <data_cpy_table+0x48>)
10000228:	4788      	blx	r1
1000022a:	be00      	bkpt	0x0000
1000022c:	e7fd      	b.n	1000022a <platform_entry+0xc>

1000022e <data_cpy_loop>:
1000022e:	c901      	ldmia	r1!, {r0}
10000230:	c201      	stmia	r2!, {r0}

10000232 <data_cpy>:
10000232:	429a      	cmp	r2, r3
10000234:	d3fb      	bcc.n	1000022e <data_cpy_loop>
10000236:	4770      	bx	lr

10000238 <data_cpy_table>:
10000238:	10009178 	.word	0x10009178
1000023c:	200000c0 	.word	0x200000c0
10000240:	200038d8 	.word	0x200038d8
10000244:	1000c990 	.word	0x1000c990
10000248:	20040000 	.word	0x20040000
1000024c:	20040000 	.word	0x20040000
10000250:	1000c990 	.word	0x1000c990
10000254:	20041000 	.word	0x20041000
10000258:	20041000 	.word	0x20041000
1000025c:	00000000 	.word	0x00000000
10000260:	4770      	bx	lr
10000262:	0000      	.short	0x0000
10000264:	00000000 	.word	0x00000000
10000268:	e000ed08 	.word	0xe000ed08
1000026c:	d0000000 	.word	0xd0000000
10000270:	200038d8 	.word	0x200038d8
10000274:	20006138 	.word	0x20006138
10000278:	100047dd 	.word	0x100047dd
1000027c:	100002d5 	.word	0x100002d5
10000280:	100047d5 	.word	0x100047d5

10000284 <_init>:
10000284:	b5f8      	push	{r3, r4, r5, r6, r7, lr}
10000286:	46c0      	nop			@ (mov r8, r8)

10000288 <register_tm_clones>:
10000288:	4806      	ldr	r0, [pc, #24]	@ (100002a4 <register_tm_clones+0x1c>)
1000028a:	4907      	ldr	r1, [pc, #28]	@ (100002a8 <register_tm_clones+0x20>)
1000028c:	1a09      	subs	r1, r1, r0
1000028e:	108b      	asrs	r3, r1, #2
10000290:	0fc9      	lsrs	r1, r1, #31
10000292:	18c9      	adds	r1, r1, r3
10000294:	b510      	push	{r4, lr}
10000296:	1049      	asrs	r1, r1, #1
10000298:	d003      	beq.n	100002a2 <register_tm_clones+0x1a>
1000029a:	4b04      	ldr	r3, [pc, #16]	@ (100002ac <register_tm_clones+0x24>)
1000029c:	2b00      	cmp	r3, #0
1000029e:	d000      	beq.n	100002a2 <register_tm_clones+0x1a>
100002a0:	4798      	blx	r3
100002a2:	bd10      	pop	{r4, pc}
100002a4:	200038d8 	.word	0x200038d8
100002a8:	200038d8 	.word	0x200038d8
100002ac:	00000000 	.word	0x00000000

100002b0 <frame_dummy>:
100002b0:	4b05      	ldr	r3, [pc, #20]	@ (100002c8 <frame_dummy+0x18>)
100002b2:	b510      	push	{r4, lr}
100002b4:	2b00      	cmp	r3, #0
100002b6:	d003      	beq.n	100002c0 <frame_dummy+0x10>
100002b8:	4904      	ldr	r1, [pc, #16]	@ (100002cc <frame_dummy+0x1c>)
100002ba:	4805      	ldr	r0, [pc, #20]	@ (100002d0 <frame_dummy+0x20>)
100002bc:	e000      	b.n	100002c0 <frame_dummy+0x10>
100002be:	bf00      	nop
100002c0:	f7ff ffe2 	bl	10000288 <register_tm_clones>
100002c4:	bd10      	pop	{r4, pc}
100002c6:	46c0      	nop			@ (mov r8, r8)
100002c8:	00000000 	.word	0x00000000
100002cc:	200046e0 	.word	0x200046e0
100002d0:	10008c2c 	.word	0x10008c2c

100002d4 <main>:
100002d4:	b510      	push	{r4, lr}
100002d6:	f004 fbbf 	bl	10004a58 <stdio_init_all>
100002da:	f000 f80d 	bl	100002f8 <status_led_init>
100002de:	f000 f99d 	bl	1000061c <usb_host_init>
100002e2:	2001      	movs	r0, #1
100002e4:	2100      	movs	r1, #0
100002e6:	4240      	negs	r0, r0
100002e8:	f005 fdce 	bl	10005e88 <tuh_task_ext>
100002ec:	f000 f99c 	bl	10000628 <usb_host_task>
100002f0:	f000 f86c 	bl	100003cc <status_led_task>
100002f4:	e7f5      	b.n	100002e2 <main+0xe>
100002f6:	46c0      	nop			@ (mov r8, r8)

100002f8 <status_led_init>:
100002f8:	b570      	push	{r4, r5, r6, lr}
100002fa:	492d      	ldr	r1, [pc, #180]	@ (100003b0 <status_led_init+0xb8>)
100002fc:	b086      	sub	sp, #24
100002fe:	482d      	ldr	r0, [pc, #180]	@ (100003b4 <status_led_init+0xbc>)
10000300:	f004 fd98 	bl	10004e34 <pio_add_program>
10000304:	2380      	movs	r3, #128	@ 0x80
10000306:	025b      	lsls	r3, r3, #9
10000308:	9302      	str	r3, [sp, #8]
1000030a:	1cc3      	adds	r3, r0, #3
1000030c:	01c2      	lsls	r2, r0, #7
1000030e:	031b      	lsls	r3, r3, #12
10000310:	4313      	orrs	r3, r2
10000312:	4a29      	ldr	r2, [pc, #164]	@ (100003b8 <status_led_init+0xc0>)
10000314:	0005      	movs	r5, r0
10000316:	4013      	ands	r3, r2
10000318:	9303      	str	r3, [sp, #12]
1000031a:	4b28      	ldr	r3, [pc, #160]	@ (100003bc <status_led_init+0xc4>)
1000031c:	2005      	movs	r0, #5
1000031e:	9305      	str	r3, [sp, #20]
10000320:	4b27      	ldr	r3, [pc, #156]	@ (100003c0 <status_led_init+0xc8>)
10000322:	9304      	str	r3, [sp, #16]
10000324:	f001 fc94 	bl	10001c50 <clock_get_hz>
10000328:	f002 fcf4 	bl	10002d14 <__wrap___aeabi_ui2f>
1000032c:	4925      	ldr	r1, [pc, #148]	@ (100003c4 <status_led_init+0xcc>)
1000032e:	f002 fcd6 	bl	10002cde <__wrap___aeabi_fdiv>
10000332:	21ec      	movs	r1, #236	@ 0xec
10000334:	0589      	lsls	r1, r1, #22
10000336:	f002 fccf 	bl	10002cd8 <__wrap___aeabi_fadd>
1000033a:	1c06      	adds	r6, r0, #0
1000033c:	f002 fd12 	bl	10002d64 <__wrap___aeabi_f2uiz>
10000340:	b284      	uxth	r4, r0
10000342:	2300      	movs	r3, #0
10000344:	2c00      	cmp	r4, #0
10000346:	d00e      	beq.n	10000366 <status_led_init+0x6e>
10000348:	0020      	movs	r0, r4
1000034a:	f002 fce3 	bl	10002d14 <__wrap___aeabi_ui2f>
1000034e:	1c01      	adds	r1, r0, #0
10000350:	1c30      	adds	r0, r6, #0
10000352:	f002 fcbe 	bl	10002cd2 <__wrap___aeabi_fsub>
10000356:	2187      	movs	r1, #135	@ 0x87
10000358:	05c9      	lsls	r1, r1, #23
1000035a:	f002 fcd4 	bl	10002d06 <__wrap___aeabi_fmul>
1000035e:	f002 fd01 	bl	10002d64 <__wrap___aeabi_f2uiz>
10000362:	b2c3      	uxtb	r3, r0
10000364:	021b      	lsls	r3, r3, #8
10000366:	2601      	movs	r6, #1
10000368:	0424      	lsls	r4, r4, #16
1000036a:	431c      	orrs	r4, r3
1000036c:	9402      	str	r4, [sp, #8]
1000036e:	4c11      	ldr	r4, [pc, #68]	@ (100003b4 <status_led_init+0xbc>)
10000370:	2107      	movs	r1, #7
10000372:	2010      	movs	r0, #16
10000374:	f000 fa90 	bl	10000898 <gpio_set_function>
10000378:	2301      	movs	r3, #1
1000037a:	2210      	movs	r2, #16
1000037c:	2100      	movs	r1, #0
1000037e:	0020      	movs	r0, r4
10000380:	9600      	str	r6, [sp, #0]
10000382:	f004 fed5 	bl	10005130 <pio_sm_set_consecutive_pindirs>
10000386:	002a      	movs	r2, r5
10000388:	ab02      	add	r3, sp, #8
1000038a:	2100      	movs	r1, #0
1000038c:	0020      	movs	r0, r4
1000038e:	f004 ff29 	bl	100051e4 <pio_sm_init>
10000392:	2280      	movs	r2, #128	@ 0x80
10000394:	6823      	ldr	r3, [r4, #0]
10000396:	0252      	lsls	r2, r2, #9
10000398:	4333      	orrs	r3, r6
1000039a:	6023      	str	r3, [r4, #0]
1000039c:	4b0a      	ldr	r3, [pc, #40]	@ (100003c8 <status_led_init+0xd0>)
1000039e:	701e      	strb	r6, [r3, #0]
100003a0:	6863      	ldr	r3, [r4, #4]
100003a2:	0019      	movs	r1, r3
100003a4:	4011      	ands	r1, r2
100003a6:	4213      	tst	r3, r2
100003a8:	d1fa      	bne.n	100003a0 <status_led_init+0xa8>
100003aa:	6121      	str	r1, [r4, #16]
100003ac:	b006      	add	sp, #24
100003ae:	bd70      	pop	{r4, r5, r6, pc}
100003b0:	10008c30 	.word	0x10008c30
100003b4:	50300000 	.word	0x50300000
100003b8:	9fffffff 	.word	0x9fffffff
100003bc:	20004000 	.word	0x20004000
100003c0:	70060000 	.word	0x70060000
100003c4:	4af42400 	.word	0x4af42400
100003c8:	20006133 	.word	0x20006133

100003cc <status_led_task>:
100003cc:	b510      	push	{r4, lr}
100003ce:	4c10      	ldr	r4, [pc, #64]	@ (10000410 <status_led_task+0x44>)
100003d0:	7823      	ldrb	r3, [r4, #0]
100003d2:	2b00      	cmp	r3, #0
100003d4:	d100      	bne.n	100003d8 <status_led_task+0xc>
100003d6:	bd10      	pop	{r4, pc}
100003d8:	f001 fa20 	bl	1000181c <time_us_64>
100003dc:	4b0d      	ldr	r3, [pc, #52]	@ (10000414 <status_led_task+0x48>)
100003de:	681a      	ldr	r2, [r3, #0]
100003e0:	685b      	ldr	r3, [r3, #4]
100003e2:	1a12      	subs	r2, r2, r0
100003e4:	418b      	sbcs	r3, r1
100003e6:	2b00      	cmp	r3, #0
100003e8:	dcf5      	bgt.n	100003d6 <status_led_task+0xa>
100003ea:	d101      	bne.n	100003f0 <status_led_task+0x24>
100003ec:	2a00      	cmp	r2, #0
100003ee:	d1f2      	bne.n	100003d6 <status_led_task+0xa>
100003f0:	2300      	movs	r3, #0
100003f2:	7023      	strb	r3, [r4, #0]
100003f4:	4b08      	ldr	r3, [pc, #32]	@ (10000418 <status_led_task+0x4c>)
100003f6:	781b      	ldrb	r3, [r3, #0]
100003f8:	2b00      	cmp	r3, #0
100003fa:	d0ec      	beq.n	100003d6 <status_led_task+0xa>
100003fc:	2280      	movs	r2, #128	@ 0x80
100003fe:	4907      	ldr	r1, [pc, #28]	@ (1000041c <status_led_task+0x50>)
10000400:	0252      	lsls	r2, r2, #9
10000402:	684b      	ldr	r3, [r1, #4]
10000404:	0018      	movs	r0, r3
10000406:	4010      	ands	r0, r2
10000408:	4213      	tst	r3, r2
1000040a:	d1fa      	bne.n	10000402 <status_led_task+0x36>
1000040c:	6108      	str	r0, [r1, #16]
1000040e:	e7e2      	b.n	100003d6 <status_led_task+0xa>
10000410:	20006134 	.word	0x20006134
10000414:	20003a90 	.word	0x20003a90
10000418:	20006133 	.word	0x20006133
1000041c:	50300000 	.word	0x50300000

10000420 <status_led_pulse>:
10000420:	4b0f      	ldr	r3, [pc, #60]	@ (10000460 <status_led_pulse+0x40>)
10000422:	b570      	push	{r4, r5, r6, lr}
10000424:	781b      	ldrb	r3, [r3, #0]
10000426:	2b00      	cmp	r3, #0
10000428:	d100      	bne.n	1000042c <status_led_pulse+0xc>
1000042a:	bd70      	pop	{r4, r5, r6, pc}
1000042c:	2180      	movs	r1, #128	@ 0x80
1000042e:	4a0d      	ldr	r2, [pc, #52]	@ (10000464 <status_led_pulse+0x44>)
10000430:	0249      	lsls	r1, r1, #9
10000432:	6853      	ldr	r3, [r2, #4]
10000434:	420b      	tst	r3, r1
10000436:	d1fc      	bne.n	10000432 <status_led_pulse+0x12>
10000438:	2380      	movs	r3, #128	@ 0x80
1000043a:	059b      	lsls	r3, r3, #22
1000043c:	6113      	str	r3, [r2, #16]
1000043e:	f001 f9ed 	bl	1000181c <time_us_64>
10000442:	2500      	movs	r5, #0
10000444:	4c08      	ldr	r4, [pc, #32]	@ (10000468 <status_led_pulse+0x48>)
10000446:	4a09      	ldr	r2, [pc, #36]	@ (1000046c <status_led_pulse+0x4c>)
10000448:	1900      	adds	r0, r0, r4
1000044a:	4169      	adcs	r1, r5
1000044c:	1e0b      	subs	r3, r1, #0
1000044e:	da02      	bge.n	10000456 <status_led_pulse+0x36>
10000450:	2001      	movs	r0, #1
10000452:	4b07      	ldr	r3, [pc, #28]	@ (10000470 <status_led_pulse+0x50>)
10000454:	4240      	negs	r0, r0
10000456:	c209      	stmia	r2!, {r0, r3}
10000458:	2201      	movs	r2, #1
1000045a:	4b06      	ldr	r3, [pc, #24]	@ (10000474 <status_led_pulse+0x54>)
1000045c:	701a      	strb	r2, [r3, #0]
1000045e:	e7e4      	b.n	1000042a <status_led_pulse+0xa>
10000460:	20006133 	.word	0x20006133
10000464:	50300000 	.word	0x50300000
10000468:	00013880 	.word	0x00013880
1000046c:	20003a90 	.word	0x20003a90
10000470:	7fffffff 	.word	0x7fffffff
10000474:	20006134 	.word	0x20006134

10000478 <claim_slot>:
10000478:	b5f8      	push	{r3, r4, r5, r6, r7, lr}
1000047a:	46de      	mov	lr, fp
1000047c:	4657      	mov	r7, sl
1000047e:	464e      	mov	r6, r9
10000480:	4645      	mov	r5, r8
10000482:	4b65      	ldr	r3, [pc, #404]	@ (10000618 <claim_slot+0x1a0>)
10000484:	0002      	movs	r2, r0
10000486:	7818      	ldrb	r0, [r3, #0]
10000488:	468b      	mov	fp, r1
1000048a:	b5e0      	push	{r5, r6, r7, lr}
1000048c:	2800      	cmp	r0, #0
1000048e:	d003      	beq.n	10000498 <claim_slot+0x20>
10000490:	785c      	ldrb	r4, [r3, #1]
10000492:	4294      	cmp	r4, r2
10000494:	d100      	bne.n	10000498 <claim_slot+0x20>
10000496:	e07c      	b.n	10000592 <claim_slot+0x11a>
10000498:	2446      	movs	r4, #70	@ 0x46
1000049a:	5d1c      	ldrb	r4, [r3, r4]
1000049c:	2c00      	cmp	r4, #0
1000049e:	d004      	beq.n	100004aa <claim_slot+0x32>
100004a0:	2547      	movs	r5, #71	@ 0x47
100004a2:	5d5d      	ldrb	r5, [r3, r5]
100004a4:	4295      	cmp	r5, r2
100004a6:	d100      	bne.n	100004aa <claim_slot+0x32>
100004a8:	e079      	b.n	1000059e <claim_slot+0x126>
100004aa:	258c      	movs	r5, #140	@ 0x8c
100004ac:	5d5d      	ldrb	r5, [r3, r5]
100004ae:	2d00      	cmp	r5, #0
100004b0:	d004      	beq.n	100004bc <claim_slot+0x44>
100004b2:	268d      	movs	r6, #141	@ 0x8d
100004b4:	5d9e      	ldrb	r6, [r3, r6]
100004b6:	4296      	cmp	r6, r2
100004b8:	d100      	bne.n	100004bc <claim_slot+0x44>
100004ba:	e077      	b.n	100005ac <claim_slot+0x134>
100004bc:	26d2      	movs	r6, #210	@ 0xd2
100004be:	5d9e      	ldrb	r6, [r3, r6]
100004c0:	2e00      	cmp	r6, #0
100004c2:	d004      	beq.n	100004ce <claim_slot+0x56>
100004c4:	27d3      	movs	r7, #211	@ 0xd3
100004c6:	5ddf      	ldrb	r7, [r3, r7]
100004c8:	4297      	cmp	r7, r2
100004ca:	d100      	bne.n	100004ce <claim_slot+0x56>
100004cc:	e075      	b.n	100005ba <claim_slot+0x142>
100004ce:	278c      	movs	r7, #140	@ 0x8c
100004d0:	007f      	lsls	r7, r7, #1
100004d2:	5ddf      	ldrb	r7, [r3, r7]
100004d4:	2f00      	cmp	r7, #0
100004d6:	d005      	beq.n	100004e4 <claim_slot+0x6c>
100004d8:	211a      	movs	r1, #26
100004da:	31ff      	adds	r1, #255	@ 0xff
100004dc:	5c59      	ldrb	r1, [r3, r1]
100004de:	4291      	cmp	r1, r2
100004e0:	d100      	bne.n	100004e4 <claim_slot+0x6c>
100004e2:	e071      	b.n	100005c8 <claim_slot+0x150>
100004e4:	21af      	movs	r1, #175	@ 0xaf
100004e6:	0049      	lsls	r1, r1, #1
100004e8:	5c59      	ldrb	r1, [r3, r1]
100004ea:	468c      	mov	ip, r1
100004ec:	2900      	cmp	r1, #0
100004ee:	d004      	beq.n	100004fa <claim_slot+0x82>
100004f0:	2160      	movs	r1, #96	@ 0x60
100004f2:	31ff      	adds	r1, #255	@ 0xff
100004f4:	5c59      	ldrb	r1, [r3, r1]
100004f6:	4291      	cmp	r1, r2
100004f8:	d06e      	beq.n	100005d8 <claim_slot+0x160>
100004fa:	21d2      	movs	r1, #210	@ 0xd2
100004fc:	0049      	lsls	r1, r1, #1
100004fe:	5c59      	ldrb	r1, [r3, r1]
10000500:	4688      	mov	r8, r1
10000502:	2900      	cmp	r1, #0
10000504:	d004      	beq.n	10000510 <claim_slot+0x98>
10000506:	21a6      	movs	r1, #166	@ 0xa6
10000508:	31ff      	adds	r1, #255	@ 0xff
1000050a:	5c59      	ldrb	r1, [r3, r1]
1000050c:	4291      	cmp	r1, r2
1000050e:	d06b      	beq.n	100005e8 <claim_slot+0x170>
10000510:	21f5      	movs	r1, #245	@ 0xf5
10000512:	0049      	lsls	r1, r1, #1
10000514:	5c59      	ldrb	r1, [r3, r1]
10000516:	4689      	mov	r9, r1
10000518:	2900      	cmp	r1, #0
1000051a:	d11a      	bne.n	10000552 <claim_slot+0xda>
1000051c:	2800      	cmp	r0, #0
1000051e:	d024      	beq.n	1000056a <claim_slot+0xf2>
10000520:	2c00      	cmp	r4, #0
10000522:	d06c      	beq.n	100005fe <claim_slot+0x186>
10000524:	2d00      	cmp	r5, #0
10000526:	d06c      	beq.n	10000602 <claim_slot+0x18a>
10000528:	2e00      	cmp	r6, #0
1000052a:	d06c      	beq.n	10000606 <claim_slot+0x18e>
1000052c:	2f00      	cmp	r7, #0
1000052e:	d06c      	beq.n	1000060a <claim_slot+0x192>
10000530:	4661      	mov	r1, ip
10000532:	2900      	cmp	r1, #0
10000534:	d06b      	beq.n	1000060e <claim_slot+0x196>
10000536:	4641      	mov	r1, r8
10000538:	2900      	cmp	r1, #0
1000053a:	d06a      	beq.n	10000612 <claim_slot+0x19a>
1000053c:	4649      	mov	r1, r9
1000053e:	2000      	movs	r0, #0
10000540:	2407      	movs	r4, #7
10000542:	2900      	cmp	r1, #0
10000544:	d012      	beq.n	1000056c <claim_slot+0xf4>
10000546:	bcf0      	pop	{r4, r5, r6, r7}
10000548:	46bb      	mov	fp, r7
1000054a:	46b2      	mov	sl, r6
1000054c:	46a9      	mov	r9, r5
1000054e:	46a0      	mov	r8, r4
10000550:	bdf8      	pop	{r3, r4, r5, r6, r7, pc}
10000552:	21ec      	movs	r1, #236	@ 0xec
10000554:	31ff      	adds	r1, #255	@ 0xff
10000556:	5c59      	ldrb	r1, [r3, r1]
10000558:	4291      	cmp	r1, r2
1000055a:	d1df      	bne.n	1000051c <claim_slot+0xa4>
1000055c:	21f6      	movs	r1, #246	@ 0xf6
1000055e:	0049      	lsls	r1, r1, #1
10000560:	5c59      	ldrb	r1, [r3, r1]
10000562:	4559      	cmp	r1, fp
10000564:	d1da      	bne.n	1000051c <claim_slot+0xa4>
10000566:	2207      	movs	r2, #7
10000568:	e045      	b.n	100005f6 <claim_slot+0x17e>
1000056a:	2400      	movs	r4, #0
1000056c:	2046      	movs	r0, #70	@ 0x46
1000056e:	4360      	muls	r0, r4
10000570:	2401      	movs	r4, #1
10000572:	541c      	strb	r4, [r3, r0]
10000574:	181c      	adds	r4, r3, r0
10000576:	7062      	strb	r2, [r4, #1]
10000578:	465a      	mov	r2, fp
1000057a:	70a2      	strb	r2, [r4, #2]
1000057c:	0022      	movs	r2, r4
1000057e:	2100      	movs	r1, #0
10000580:	3244      	adds	r2, #68	@ 0x44
10000582:	3003      	adds	r0, #3
10000584:	8011      	strh	r1, [r2, #0]
10000586:	1818      	adds	r0, r3, r0
10000588:	2240      	movs	r2, #64	@ 0x40
1000058a:	f002 fc81 	bl	10002e90 <__wrap_memset>
1000058e:	0020      	movs	r0, r4
10000590:	e7d9      	b.n	10000546 <claim_slot+0xce>
10000592:	789c      	ldrb	r4, [r3, #2]
10000594:	428c      	cmp	r4, r1
10000596:	d000      	beq.n	1000059a <claim_slot+0x122>
10000598:	e77e      	b.n	10000498 <claim_slot+0x20>
1000059a:	2200      	movs	r2, #0
1000059c:	e02b      	b.n	100005f6 <claim_slot+0x17e>
1000059e:	2548      	movs	r5, #72	@ 0x48
100005a0:	5d5d      	ldrb	r5, [r3, r5]
100005a2:	455d      	cmp	r5, fp
100005a4:	d000      	beq.n	100005a8 <claim_slot+0x130>
100005a6:	e780      	b.n	100004aa <claim_slot+0x32>
100005a8:	2201      	movs	r2, #1
100005aa:	e024      	b.n	100005f6 <claim_slot+0x17e>
100005ac:	268e      	movs	r6, #142	@ 0x8e
100005ae:	5d9e      	ldrb	r6, [r3, r6]
100005b0:	455e      	cmp	r6, fp
100005b2:	d000      	beq.n	100005b6 <claim_slot+0x13e>
100005b4:	e782      	b.n	100004bc <claim_slot+0x44>
100005b6:	2202      	movs	r2, #2
100005b8:	e01d      	b.n	100005f6 <claim_slot+0x17e>
100005ba:	27d4      	movs	r7, #212	@ 0xd4
100005bc:	5ddf      	ldrb	r7, [r3, r7]
100005be:	455f      	cmp	r7, fp
100005c0:	d000      	beq.n	100005c4 <claim_slot+0x14c>
100005c2:	e784      	b.n	100004ce <claim_slot+0x56>
100005c4:	2203      	movs	r2, #3
100005c6:	e016      	b.n	100005f6 <claim_slot+0x17e>
100005c8:	218d      	movs	r1, #141	@ 0x8d
100005ca:	0049      	lsls	r1, r1, #1
100005cc:	5c59      	ldrb	r1, [r3, r1]
100005ce:	4559      	cmp	r1, fp
100005d0:	d000      	beq.n	100005d4 <claim_slot+0x15c>
100005d2:	e787      	b.n	100004e4 <claim_slot+0x6c>
100005d4:	2204      	movs	r2, #4
100005d6:	e00e      	b.n	100005f6 <claim_slot+0x17e>
100005d8:	21b0      	movs	r1, #176	@ 0xb0
100005da:	0049      	lsls	r1, r1, #1
100005dc:	5c59      	ldrb	r1, [r3, r1]
100005de:	4559      	cmp	r1, fp
100005e0:	d000      	beq.n	100005e4 <claim_slot+0x16c>
100005e2:	e78a      	b.n	100004fa <claim_slot+0x82>
100005e4:	2205      	movs	r2, #5
100005e6:	e006      	b.n	100005f6 <claim_slot+0x17e>
100005e8:	21d3      	movs	r1, #211	@ 0xd3
100005ea:	0049      	lsls	r1, r1, #1
100005ec:	5c59      	ldrb	r1, [r3, r1]
100005ee:	4559      	cmp	r1, fp
100005f0:	d000      	beq.n	100005f4 <claim_slot+0x17c>
100005f2:	e78d      	b.n	10000510 <claim_slot+0x98>
100005f4:	2206      	movs	r2, #6
100005f6:	2046      	movs	r0, #70	@ 0x46
100005f8:	4350      	muls	r0, r2
100005fa:	1818      	adds	r0, r3, r0
100005fc:	e7a3      	b.n	10000546 <claim_slot+0xce>
100005fe:	2401      	movs	r4, #1
10000600:	e7b4      	b.n	1000056c <claim_slot+0xf4>
10000602:	2402      	movs	r4, #2
10000604:	e7b2      	b.n	1000056c <claim_slot+0xf4>
10000606:	2403      	movs	r4, #3
10000608:	e7b0      	b.n	1000056c <claim_slot+0xf4>
1000060a:	2404      	movs	r4, #4
1000060c:	e7ae      	b.n	1000056c <claim_slot+0xf4>
1000060e:	2405      	movs	r4, #5
10000610:	e7ac      	b.n	1000056c <claim_slot+0xf4>
10000612:	2406      	movs	r4, #6
10000614:	e7aa      	b.n	1000056c <claim_slot+0xf4>
10000616:	46c0      	nop			@ (mov r8, r8)
10000618:	20004490 	.word	0x20004490

1000061c <usb_host_init>:
1000061c:	b510      	push	{r4, lr}
1000061e:	2100      	movs	r1, #0
10000620:	2000      	movs	r0, #0
10000622:	f007 f823 	bl	1000766c <tusb_rhport_init>
10000626:	bd10      	pop	{r4, pc}

10000628 <usb_host_task>:
10000628:	4770      	bx	lr
1000062a:	46c0      	nop			@ (mov r8, r8)

1000062c <tuh_hid_mount_cb>:
1000062c:	b570      	push	{r4, r5, r6, lr}
1000062e:	000d      	movs	r5, r1
10000630:	0004      	movs	r4, r0
10000632:	f7ff ff21 	bl	10000478 <claim_slot>
10000636:	0029      	movs	r1, r5
10000638:	0020      	movs	r0, r4
1000063a:	f006 fdcd 	bl	100071d8 <tuh_hid_receive_report>
1000063e:	bd70      	pop	{r4, r5, r6, pc}

10000640 <tuh_hid_umount_cb>:
10000640:	4b41      	ldr	r3, [pc, #260]	@ (10000748 <tuh_hid_umount_cb+0x108>)
10000642:	b510      	push	{r4, lr}
10000644:	781a      	ldrb	r2, [r3, #0]
10000646:	2a00      	cmp	r2, #0
10000648:	d002      	beq.n	10000650 <tuh_hid_umount_cb+0x10>
1000064a:	785a      	ldrb	r2, [r3, #1]
1000064c:	4282      	cmp	r2, r0
1000064e:	d040      	beq.n	100006d2 <tuh_hid_umount_cb+0x92>
10000650:	2246      	movs	r2, #70	@ 0x46
10000652:	5c9a      	ldrb	r2, [r3, r2]
10000654:	2a00      	cmp	r2, #0
10000656:	d003      	beq.n	10000660 <tuh_hid_umount_cb+0x20>
10000658:	2247      	movs	r2, #71	@ 0x47
1000065a:	5c9a      	ldrb	r2, [r3, r2]
1000065c:	4282      	cmp	r2, r0
1000065e:	d03d      	beq.n	100006dc <tuh_hid_umount_cb+0x9c>
10000660:	228c      	movs	r2, #140	@ 0x8c
10000662:	5c9a      	ldrb	r2, [r3, r2]
10000664:	2a00      	cmp	r2, #0
10000666:	d003      	beq.n	10000670 <tuh_hid_umount_cb+0x30>
10000668:	228d      	movs	r2, #141	@ 0x8d
1000066a:	5c9a      	ldrb	r2, [r3, r2]
1000066c:	4282      	cmp	r2, r0
1000066e:	d03b      	beq.n	100006e8 <tuh_hid_umount_cb+0xa8>
10000670:	22d2      	movs	r2, #210	@ 0xd2
10000672:	5c9a      	ldrb	r2, [r3, r2]
10000674:	2a00      	cmp	r2, #0
10000676:	d003      	beq.n	10000680 <tuh_hid_umount_cb+0x40>
10000678:	22d3      	movs	r2, #211	@ 0xd3
1000067a:	5c9a      	ldrb	r2, [r3, r2]
1000067c:	4282      	cmp	r2, r0
1000067e:	d039      	beq.n	100006f4 <tuh_hid_umount_cb+0xb4>
10000680:	228c      	movs	r2, #140	@ 0x8c
10000682:	0052      	lsls	r2, r2, #1
10000684:	5c9a      	ldrb	r2, [r3, r2]
10000686:	2a00      	cmp	r2, #0
10000688:	d004      	beq.n	10000694 <tuh_hid_umount_cb+0x54>
1000068a:	221a      	movs	r2, #26
1000068c:	32ff      	adds	r2, #255	@ 0xff
1000068e:	5c9a      	ldrb	r2, [r3, r2]
10000690:	4282      	cmp	r2, r0
10000692:	d035      	beq.n	10000700 <tuh_hid_umount_cb+0xc0>
10000694:	22af      	movs	r2, #175	@ 0xaf
10000696:	0052      	lsls	r2, r2, #1
10000698:	5c9a      	ldrb	r2, [r3, r2]
1000069a:	2a00      	cmp	r2, #0
1000069c:	d004      	beq.n	100006a8 <tuh_hid_umount_cb+0x68>
1000069e:	2260      	movs	r2, #96	@ 0x60
100006a0:	32ff      	adds	r2, #255	@ 0xff
100006a2:	5c9a      	ldrb	r2, [r3, r2]
100006a4:	4282      	cmp	r2, r0
100006a6:	d032      	beq.n	1000070e <tuh_hid_umount_cb+0xce>
100006a8:	22d2      	movs	r2, #210	@ 0xd2
100006aa:	0052      	lsls	r2, r2, #1
100006ac:	5c9a      	ldrb	r2, [r3, r2]
100006ae:	2a00      	cmp	r2, #0
100006b0:	d004      	beq.n	100006bc <tuh_hid_umount_cb+0x7c>
100006b2:	22a6      	movs	r2, #166	@ 0xa6
100006b4:	32ff      	adds	r2, #255	@ 0xff
100006b6:	5c9a      	ldrb	r2, [r3, r2]
100006b8:	4282      	cmp	r2, r0
100006ba:	d02f      	beq.n	1000071c <tuh_hid_umount_cb+0xdc>
100006bc:	22f5      	movs	r2, #245	@ 0xf5
100006be:	0052      	lsls	r2, r2, #1
100006c0:	5c9a      	ldrb	r2, [r3, r2]
100006c2:	2a00      	cmp	r2, #0
100006c4:	d004      	beq.n	100006d0 <tuh_hid_umount_cb+0x90>
100006c6:	22ec      	movs	r2, #236	@ 0xec
100006c8:	32ff      	adds	r2, #255	@ 0xff
100006ca:	5c9a      	ldrb	r2, [r3, r2]
100006cc:	4282      	cmp	r2, r0
100006ce:	d033      	beq.n	10000738 <tuh_hid_umount_cb+0xf8>
100006d0:	bd10      	pop	{r4, pc}
100006d2:	789a      	ldrb	r2, [r3, #2]
100006d4:	428a      	cmp	r2, r1
100006d6:	d1bb      	bne.n	10000650 <tuh_hid_umount_cb+0x10>
100006d8:	2100      	movs	r1, #0
100006da:	e025      	b.n	10000728 <tuh_hid_umount_cb+0xe8>
100006dc:	2248      	movs	r2, #72	@ 0x48
100006de:	5c9a      	ldrb	r2, [r3, r2]
100006e0:	428a      	cmp	r2, r1
100006e2:	d1bd      	bne.n	10000660 <tuh_hid_umount_cb+0x20>
100006e4:	2101      	movs	r1, #1
100006e6:	e01f      	b.n	10000728 <tuh_hid_umount_cb+0xe8>
100006e8:	228e      	movs	r2, #142	@ 0x8e
100006ea:	5c9a      	ldrb	r2, [r3, r2]
100006ec:	428a      	cmp	r2, r1
100006ee:	d1bf      	bne.n	10000670 <tuh_hid_umount_cb+0x30>
100006f0:	2102      	movs	r1, #2
100006f2:	e019      	b.n	10000728 <tuh_hid_umount_cb+0xe8>
100006f4:	22d4      	movs	r2, #212	@ 0xd4
100006f6:	5c9a      	ldrb	r2, [r3, r2]
100006f8:	428a      	cmp	r2, r1
100006fa:	d1c1      	bne.n	10000680 <tuh_hid_umount_cb+0x40>
100006fc:	2103      	movs	r1, #3
100006fe:	e013      	b.n	10000728 <tuh_hid_umount_cb+0xe8>
10000700:	228d      	movs	r2, #141	@ 0x8d
10000702:	0052      	lsls	r2, r2, #1
10000704:	5c9a      	ldrb	r2, [r3, r2]
10000706:	428a      	cmp	r2, r1
10000708:	d1c4      	bne.n	10000694 <tuh_hid_umount_cb+0x54>
1000070a:	2104      	movs	r1, #4
1000070c:	e00c      	b.n	10000728 <tuh_hid_umount_cb+0xe8>
1000070e:	22b0      	movs	r2, #176	@ 0xb0
10000710:	0052      	lsls	r2, r2, #1
10000712:	5c9a      	ldrb	r2, [r3, r2]
10000714:	428a      	cmp	r2, r1
10000716:	d1c7      	bne.n	100006a8 <tuh_hid_umount_cb+0x68>
10000718:	2105      	movs	r1, #5
1000071a:	e005      	b.n	10000728 <tuh_hid_umount_cb+0xe8>
1000071c:	22d3      	movs	r2, #211	@ 0xd3
1000071e:	0052      	lsls	r2, r2, #1
10000720:	5c9a      	ldrb	r2, [r3, r2]
10000722:	428a      	cmp	r2, r1
10000724:	d1ca      	bne.n	100006bc <tuh_hid_umount_cb+0x7c>
10000726:	2106      	movs	r1, #6
10000728:	2246      	movs	r2, #70	@ 0x46
1000072a:	434a      	muls	r2, r1
1000072c:	2100      	movs	r1, #0
1000072e:	1898      	adds	r0, r3, r2
10000730:	2246      	movs	r2, #70	@ 0x46
10000732:	f002 fbad 	bl	10002e90 <__wrap_memset>
10000736:	e7cb      	b.n	100006d0 <tuh_hid_umount_cb+0x90>
10000738:	22f6      	movs	r2, #246	@ 0xf6
1000073a:	0052      	lsls	r2, r2, #1
1000073c:	5c9a      	ldrb	r2, [r3, r2]
1000073e:	428a      	cmp	r2, r1
10000740:	d1c6      	bne.n	100006d0 <tuh_hid_umount_cb+0x90>
10000742:	2107      	movs	r1, #7
10000744:	e7f0      	b.n	10000728 <tuh_hid_umount_cb+0xe8>
10000746:	46c0      	nop			@ (mov r8, r8)
10000748:	20004490 	.word	0x20004490

1000074c <tuh_hid_report_received_cb>:
1000074c:	b5f0      	push	{r4, r5, r6, r7, lr}
1000074e:	4646      	mov	r6, r8
10000750:	46d6      	mov	lr, sl
10000752:	464f      	mov	r7, r9
10000754:	b5c0      	push	{r6, r7, lr}
10000756:	4688      	mov	r8, r1
10000758:	0007      	movs	r7, r0
1000075a:	0016      	movs	r6, r2
1000075c:	001c      	movs	r4, r3
1000075e:	f7ff fe8b 	bl	10000478 <claim_slot>
10000762:	1e05      	subs	r5, r0, #0
10000764:	d060      	beq.n	10000828 <tuh_hid_report_received_cb+0xdc>
10000766:	2300      	movs	r3, #0
10000768:	4699      	mov	r9, r3
1000076a:	2c00      	cmp	r4, #0
1000076c:	d04b      	beq.n	10000806 <tuh_hid_report_received_cb+0xba>
1000076e:	2344      	movs	r3, #68	@ 0x44
10000770:	5ac3      	ldrh	r3, [r0, r3]
10000772:	2b00      	cmp	r3, #0
10000774:	d161      	bne.n	1000083a <tuh_hid_report_received_cb+0xee>
10000776:	7832      	ldrb	r2, [r6, #0]
10000778:	2a00      	cmp	r2, #0
1000077a:	d16a      	bne.n	10000852 <tuh_hid_report_received_cb+0x106>
1000077c:	32ff      	adds	r2, #255	@ 0xff
1000077e:	2c01      	cmp	r4, #1
10000780:	d100      	bne.n	10000784 <tuh_hid_report_received_cb+0x38>
10000782:	e077      	b.n	10000874 <tuh_hid_report_received_cb+0x128>
10000784:	7871      	ldrb	r1, [r6, #1]
10000786:	4211      	tst	r1, r2
10000788:	d163      	bne.n	10000852 <tuh_hid_report_received_cb+0x106>
1000078a:	2c02      	cmp	r4, #2
1000078c:	d936      	bls.n	100007fc <tuh_hid_report_received_cb+0xb0>
1000078e:	22ff      	movs	r2, #255	@ 0xff
10000790:	2b02      	cmp	r3, #2
10000792:	d902      	bls.n	1000079a <tuh_hid_report_received_cb+0x4e>
10000794:	796a      	ldrb	r2, [r5, #5]
10000796:	43d2      	mvns	r2, r2
10000798:	b2d2      	uxtb	r2, r2
1000079a:	78b1      	ldrb	r1, [r6, #2]
1000079c:	4211      	tst	r1, r2
1000079e:	d158      	bne.n	10000852 <tuh_hid_report_received_cb+0x106>
100007a0:	2c03      	cmp	r4, #3
100007a2:	d06a      	beq.n	1000087a <tuh_hid_report_received_cb+0x12e>
100007a4:	22ff      	movs	r2, #255	@ 0xff
100007a6:	2b03      	cmp	r3, #3
100007a8:	d902      	bls.n	100007b0 <tuh_hid_report_received_cb+0x64>
100007aa:	79aa      	ldrb	r2, [r5, #6]
100007ac:	43d2      	mvns	r2, r2
100007ae:	b2d2      	uxtb	r2, r2
100007b0:	78f1      	ldrb	r1, [r6, #3]
100007b2:	4211      	tst	r1, r2
100007b4:	d14d      	bne.n	10000852 <tuh_hid_report_received_cb+0x106>
100007b6:	2c04      	cmp	r4, #4
100007b8:	d062      	beq.n	10000880 <tuh_hid_report_received_cb+0x134>
100007ba:	22ff      	movs	r2, #255	@ 0xff
100007bc:	2b04      	cmp	r3, #4
100007be:	d902      	bls.n	100007c6 <tuh_hid_report_received_cb+0x7a>
100007c0:	79ea      	ldrb	r2, [r5, #7]
100007c2:	43d2      	mvns	r2, r2
100007c4:	b2d2      	uxtb	r2, r2
100007c6:	7931      	ldrb	r1, [r6, #4]
100007c8:	4211      	tst	r1, r2
100007ca:	d142      	bne.n	10000852 <tuh_hid_report_received_cb+0x106>
100007cc:	2c05      	cmp	r4, #5
100007ce:	d05a      	beq.n	10000886 <tuh_hid_report_received_cb+0x13a>
100007d0:	22ff      	movs	r2, #255	@ 0xff
100007d2:	2b05      	cmp	r3, #5
100007d4:	d840      	bhi.n	10000858 <tuh_hid_report_received_cb+0x10c>
100007d6:	7971      	ldrb	r1, [r6, #5]
100007d8:	4211      	tst	r1, r2
100007da:	d13a      	bne.n	10000852 <tuh_hid_report_received_cb+0x106>
100007dc:	2c06      	cmp	r4, #6
100007de:	d055      	beq.n	1000088c <tuh_hid_report_received_cb+0x140>
100007e0:	22ff      	movs	r2, #255	@ 0xff
100007e2:	2b06      	cmp	r3, #6
100007e4:	d83c      	bhi.n	10000860 <tuh_hid_report_received_cb+0x114>
100007e6:	79b1      	ldrb	r1, [r6, #6]
100007e8:	4211      	tst	r1, r2
100007ea:	d132      	bne.n	10000852 <tuh_hid_report_received_cb+0x106>
100007ec:	2c07      	cmp	r4, #7
100007ee:	d050      	beq.n	10000892 <tuh_hid_report_received_cb+0x146>
100007f0:	22ff      	movs	r2, #255	@ 0xff
100007f2:	2b07      	cmp	r3, #7
100007f4:	d838      	bhi.n	10000868 <tuh_hid_report_received_cb+0x11c>
100007f6:	79f3      	ldrb	r3, [r6, #7]
100007f8:	4213      	tst	r3, r2
100007fa:	d12a      	bne.n	10000852 <tuh_hid_report_received_cb+0x106>
100007fc:	46a1      	mov	r9, r4
100007fe:	2c40      	cmp	r4, #64	@ 0x40
10000800:	d901      	bls.n	10000806 <tuh_hid_report_received_cb+0xba>
10000802:	2340      	movs	r3, #64	@ 0x40
10000804:	4699      	mov	r9, r3
10000806:	464b      	mov	r3, r9
10000808:	b29b      	uxth	r3, r3
1000080a:	469a      	mov	sl, r3
1000080c:	1cec      	adds	r4, r5, #3
1000080e:	2240      	movs	r2, #64	@ 0x40
10000810:	2100      	movs	r1, #0
10000812:	0020      	movs	r0, r4
10000814:	f002 fb3c 	bl	10002e90 <__wrap_memset>
10000818:	4652      	mov	r2, sl
1000081a:	0031      	movs	r1, r6
1000081c:	0020      	movs	r0, r4
1000081e:	f002 fb3d 	bl	10002e9c <__wrap___aeabi_memcpy>
10000822:	2344      	movs	r3, #68	@ 0x44
10000824:	464a      	mov	r2, r9
10000826:	52ea      	strh	r2, [r5, r3]
10000828:	4641      	mov	r1, r8
1000082a:	0038      	movs	r0, r7
1000082c:	f006 fcd4 	bl	100071d8 <tuh_hid_receive_report>
10000830:	bce0      	pop	{r5, r6, r7}
10000832:	46ba      	mov	sl, r7
10000834:	46b1      	mov	r9, r6
10000836:	46a8      	mov	r8, r5
10000838:	bdf0      	pop	{r4, r5, r6, r7, pc}
1000083a:	78c1      	ldrb	r1, [r0, #3]
1000083c:	7832      	ldrb	r2, [r6, #0]
1000083e:	438a      	bics	r2, r1
10000840:	d107      	bne.n	10000852 <tuh_hid_report_received_cb+0x106>
10000842:	2c01      	cmp	r4, #1
10000844:	d016      	beq.n	10000874 <tuh_hid_report_received_cb+0x128>
10000846:	2b01      	cmp	r3, #1
10000848:	d012      	beq.n	10000870 <tuh_hid_report_received_cb+0x124>
1000084a:	7902      	ldrb	r2, [r0, #4]
1000084c:	43d2      	mvns	r2, r2
1000084e:	b2d2      	uxtb	r2, r2
10000850:	e798      	b.n	10000784 <tuh_hid_report_received_cb+0x38>
10000852:	f7ff fde5 	bl	10000420 <status_led_pulse>
10000856:	e7d1      	b.n	100007fc <tuh_hid_report_received_cb+0xb0>
10000858:	7a2a      	ldrb	r2, [r5, #8]
1000085a:	43d2      	mvns	r2, r2
1000085c:	b2d2      	uxtb	r2, r2
1000085e:	e7ba      	b.n	100007d6 <tuh_hid_report_received_cb+0x8a>
10000860:	7a6a      	ldrb	r2, [r5, #9]
10000862:	43d2      	mvns	r2, r2
10000864:	b2d2      	uxtb	r2, r2
10000866:	e7be      	b.n	100007e6 <tuh_hid_report_received_cb+0x9a>
10000868:	7aaa      	ldrb	r2, [r5, #10]
1000086a:	43d2      	mvns	r2, r2
1000086c:	b2d2      	uxtb	r2, r2
1000086e:	e7c2      	b.n	100007f6 <tuh_hid_report_received_cb+0xaa>
10000870:	22ff      	movs	r2, #255	@ 0xff
10000872:	e787      	b.n	10000784 <tuh_hid_report_received_cb+0x38>
10000874:	2301      	movs	r3, #1
10000876:	4699      	mov	r9, r3
10000878:	e7c5      	b.n	10000806 <tuh_hid_report_received_cb+0xba>
1000087a:	2303      	movs	r3, #3
1000087c:	4699      	mov	r9, r3
1000087e:	e7c2      	b.n	10000806 <tuh_hid_report_received_cb+0xba>
10000880:	2304      	movs	r3, #4
10000882:	4699      	mov	r9, r3
10000884:	e7bf      	b.n	10000806 <tuh_hid_report_received_cb+0xba>
10000886:	2305      	movs	r3, #5
10000888:	4699      	mov	r9, r3
1000088a:	e7bc      	b.n	10000806 <tuh_hid_report_received_cb+0xba>
1000088c:	2306      	movs	r3, #6
1000088e:	4699      	mov	r9, r3
10000890:	e7b9      	b.n	10000806 <tuh_hid_report_received_cb+0xba>
10000892:	2307      	movs	r3, #7
10000894:	4699      	mov	r9, r3
10000896:	e7b6      	b.n	10000806 <tuh_hid_report_received_cb+0xba>

10000898 <gpio_set_function>:
10000898:	4a09      	ldr	r2, [pc, #36]	@ (100008c0 <gpio_set_function+0x28>)
1000089a:	0083      	lsls	r3, r0, #2
1000089c:	189a      	adds	r2, r3, r2
1000089e:	b510      	push	{r4, lr}
100008a0:	6814      	ldr	r4, [r2, #0]
100008a2:	2240      	movs	r2, #64	@ 0x40
100008a4:	4054      	eors	r4, r2
100008a6:	3280      	adds	r2, #128	@ 0x80
100008a8:	4022      	ands	r2, r4
100008aa:	4c06      	ldr	r4, [pc, #24]	@ (100008c4 <gpio_set_function+0x2c>)
100008ac:	00c0      	lsls	r0, r0, #3
100008ae:	46a4      	mov	ip, r4
100008b0:	4463      	add	r3, ip
100008b2:	601a      	str	r2, [r3, #0]
100008b4:	4b04      	ldr	r3, [pc, #16]	@ (100008c8 <gpio_set_function+0x30>)
100008b6:	469c      	mov	ip, r3
100008b8:	4460      	add	r0, ip
100008ba:	6041      	str	r1, [r0, #4]
100008bc:	bd10      	pop	{r4, pc}
100008be:	46c0      	nop			@ (mov r8, r8)
100008c0:	4001c004 	.word	0x4001c004
100008c4:	4001d004 	.word	0x4001d004
100008c8:	40014000 	.word	0x40014000

100008cc <gpio_set_pulls>:
100008cc:	4b07      	ldr	r3, [pc, #28]	@ (100008ec <gpio_set_pulls+0x20>)
100008ce:	0080      	lsls	r0, r0, #2
100008d0:	18c3      	adds	r3, r0, r3
100008d2:	681b      	ldr	r3, [r3, #0]
100008d4:	00c9      	lsls	r1, r1, #3
100008d6:	0092      	lsls	r2, r2, #2
100008d8:	430a      	orrs	r2, r1
100008da:	405a      	eors	r2, r3
100008dc:	230c      	movs	r3, #12
100008de:	4013      	ands	r3, r2
100008e0:	4a03      	ldr	r2, [pc, #12]	@ (100008f0 <gpio_set_pulls+0x24>)
100008e2:	4694      	mov	ip, r2
100008e4:	4460      	add	r0, ip
100008e6:	6003      	str	r3, [r0, #0]
100008e8:	4770      	bx	lr
100008ea:	46c0      	nop			@ (mov r8, r8)
100008ec:	4001c004 	.word	0x4001c004
100008f0:	4001d004 	.word	0x4001d004

100008f4 <gpio_set_inover>:
100008f4:	4b06      	ldr	r3, [pc, #24]	@ (10000910 <gpio_set_inover+0x1c>)
100008f6:	00c0      	lsls	r0, r0, #3
100008f8:	18c3      	adds	r3, r0, r3
100008fa:	681b      	ldr	r3, [r3, #0]
100008fc:	0409      	lsls	r1, r1, #16
100008fe:	4059      	eors	r1, r3
10000900:	23c0      	movs	r3, #192	@ 0xc0
10000902:	029b      	lsls	r3, r3, #10
10000904:	4019      	ands	r1, r3
10000906:	4b03      	ldr	r3, [pc, #12]	@ (10000914 <gpio_set_inover+0x20>)
10000908:	469c      	mov	ip, r3
1000090a:	4460      	add	r0, ip
1000090c:	6001      	str	r1, [r0, #0]
1000090e:	4770      	bx	lr
10000910:	40014004 	.word	0x40014004
10000914:	40015004 	.word	0x40015004

10000918 <gpio_set_outover>:
10000918:	4b06      	ldr	r3, [pc, #24]	@ (10000934 <gpio_set_outover+0x1c>)
1000091a:	00c0      	lsls	r0, r0, #3
1000091c:	18c3      	adds	r3, r0, r3
1000091e:	681b      	ldr	r3, [r3, #0]
10000920:	0209      	lsls	r1, r1, #8
10000922:	4059      	eors	r1, r3
10000924:	23c0      	movs	r3, #192	@ 0xc0
10000926:	009b      	lsls	r3, r3, #2
10000928:	4019      	ands	r1, r3
1000092a:	4b03      	ldr	r3, [pc, #12]	@ (10000938 <gpio_set_outover+0x20>)
1000092c:	469c      	mov	ip, r3
1000092e:	4460      	add	r0, ip
10000930:	6001      	str	r1, [r0, #0]
10000932:	4770      	bx	lr
10000934:	40014004 	.word	0x40014004
10000938:	40015004 	.word	0x40015004

1000093c <gpio_set_oeover>:
1000093c:	4b06      	ldr	r3, [pc, #24]	@ (10000958 <gpio_set_oeover+0x1c>)
1000093e:	00c0      	lsls	r0, r0, #3
10000940:	18c3      	adds	r3, r0, r3
10000942:	681b      	ldr	r3, [r3, #0]
10000944:	0309      	lsls	r1, r1, #12
10000946:	4059      	eors	r1, r3
10000948:	23c0      	movs	r3, #192	@ 0xc0
1000094a:	019b      	lsls	r3, r3, #6
1000094c:	4019      	ands	r1, r3
1000094e:	4b03      	ldr	r3, [pc, #12]	@ (1000095c <gpio_set_oeover+0x20>)
10000950:	469c      	mov	ip, r3
10000952:	4460      	add	r0, ip
10000954:	6001      	str	r1, [r0, #0]
10000956:	4770      	bx	lr
10000958:	40014004 	.word	0x40014004
1000095c:	40015004 	.word	0x40015004

10000960 <gpio_set_slew_rate>:
10000960:	4b05      	ldr	r3, [pc, #20]	@ (10000978 <gpio_set_slew_rate+0x18>)
10000962:	0080      	lsls	r0, r0, #2
10000964:	18c3      	adds	r3, r0, r3
10000966:	681b      	ldr	r3, [r3, #0]
10000968:	404b      	eors	r3, r1
1000096a:	2101      	movs	r1, #1
1000096c:	4019      	ands	r1, r3
1000096e:	4b03      	ldr	r3, [pc, #12]	@ (1000097c <gpio_set_slew_rate+0x1c>)
10000970:	469c      	mov	ip, r3
10000972:	4460      	add	r0, ip
10000974:	6001      	str	r1, [r0, #0]
10000976:	4770      	bx	lr
10000978:	4001c004 	.word	0x4001c004
1000097c:	4001d004 	.word	0x4001d004

10000980 <gpio_set_drive_strength>:
10000980:	4b06      	ldr	r3, [pc, #24]	@ (1000099c <gpio_set_drive_strength+0x1c>)
10000982:	0080      	lsls	r0, r0, #2
10000984:	18c3      	adds	r3, r0, r3
10000986:	681b      	ldr	r3, [r3, #0]
10000988:	4a05      	ldr	r2, [pc, #20]	@ (100009a0 <gpio_set_drive_strength+0x20>)
1000098a:	0109      	lsls	r1, r1, #4
1000098c:	4059      	eors	r1, r3
1000098e:	4694      	mov	ip, r2
10000990:	2330      	movs	r3, #48	@ 0x30
10000992:	4460      	add	r0, ip
10000994:	400b      	ands	r3, r1
10000996:	6003      	str	r3, [r0, #0]
10000998:	4770      	bx	lr
1000099a:	46c0      	nop			@ (mov r8, r8)
1000099c:	4001c004 	.word	0x4001c004
100009a0:	4001d004 	.word	0x4001d004

100009a4 <panic>:
100009a4:	b40f      	push	{r0, r1, r2, r3}
100009a6:	b500      	push	{lr}
100009a8:	4808      	ldr	r0, [pc, #32]	@ (100009cc <panic+0x28>)
100009aa:	b083      	sub	sp, #12
100009ac:	f004 f8a4 	bl	10004af8 <__wrap_puts>
100009b0:	9b04      	ldr	r3, [sp, #16]
100009b2:	2b00      	cmp	r3, #0
100009b4:	d007      	beq.n	100009c6 <panic+0x22>
100009b6:	a905      	add	r1, sp, #20
100009b8:	0018      	movs	r0, r3
100009ba:	9101      	str	r1, [sp, #4]
100009bc:	f003 fed6 	bl	1000476c <weak_raw_vprintf>
100009c0:	4803      	ldr	r0, [pc, #12]	@ (100009d0 <panic+0x2c>)
100009c2:	f004 f899 	bl	10004af8 <__wrap_puts>
100009c6:	2001      	movs	r0, #1
100009c8:	f003 fee8 	bl	1000479c <_exit>
100009cc:	10008c40 	.word	0x10008c40
100009d0:	10008c50 	.word	0x10008c50

100009d4 <hw_claim_lock>:
100009d4:	f3ef 8010 	mrs	r0, PRIMASK
100009d8:	b672      	cpsid	i
100009da:	4a03      	ldr	r2, [pc, #12]	@ (100009e8 <hw_claim_lock+0x14>)
100009dc:	6813      	ldr	r3, [r2, #0]
100009de:	2b00      	cmp	r3, #0
100009e0:	d0fc      	beq.n	100009dc <hw_claim_lock+0x8>
100009e2:	f3bf 8f5f 	dmb	sy
100009e6:	4770      	bx	lr
100009e8:	d000012c 	.word	0xd000012c

100009ec <hw_claim_unlock>:
100009ec:	f3bf 8f5f 	dmb	sy
100009f0:	2200      	movs	r2, #0
100009f2:	4b02      	ldr	r3, [pc, #8]	@ (100009fc <hw_claim_unlock+0x10>)
100009f4:	601a      	str	r2, [r3, #0]
100009f6:	f380 8810 	msr	PRIMASK, r0
100009fa:	4770      	bx	lr
100009fc:	d000012c 	.word	0xd000012c

10000a00 <hw_claim_or_assert>:
10000a00:	b570      	push	{r4, r5, r6, lr}
10000a02:	f3ef 8c10 	mrs	ip, PRIMASK
10000a06:	b672      	cpsid	i
10000a08:	4d0d      	ldr	r5, [pc, #52]	@ (10000a40 <hw_claim_or_assert+0x40>)
10000a0a:	682b      	ldr	r3, [r5, #0]
10000a0c:	2b00      	cmp	r3, #0
10000a0e:	d0fc      	beq.n	10000a0a <hw_claim_or_assert+0xa>
10000a10:	f3bf 8f5f 	dmb	sy
10000a14:	2407      	movs	r4, #7
10000a16:	08cb      	lsrs	r3, r1, #3
10000a18:	18c6      	adds	r6, r0, r3
10000a1a:	5cc0      	ldrb	r0, [r0, r3]
10000a1c:	2301      	movs	r3, #1
10000a1e:	400c      	ands	r4, r1
10000a20:	40a3      	lsls	r3, r4
10000a22:	001c      	movs	r4, r3
10000a24:	4004      	ands	r4, r0
10000a26:	4203      	tst	r3, r0
10000a28:	d107      	bne.n	10000a3a <hw_claim_or_assert+0x3a>
10000a2a:	4318      	orrs	r0, r3
10000a2c:	7030      	strb	r0, [r6, #0]
10000a2e:	f3bf 8f5f 	dmb	sy
10000a32:	602c      	str	r4, [r5, #0]
10000a34:	f38c 8810 	msr	PRIMASK, ip
10000a38:	bd70      	pop	{r4, r5, r6, pc}
10000a3a:	0010      	movs	r0, r2
10000a3c:	f7ff ffb2 	bl	100009a4 <panic>
10000a40:	d000012c 	.word	0xd000012c

10000a44 <hw_claim_unused_from_range>:
10000a44:	b5f8      	push	{r3, r4, r5, r6, r7, lr}
10000a46:	4647      	mov	r7, r8
10000a48:	46ce      	mov	lr, r9
10000a4a:	4688      	mov	r8, r1
10000a4c:	b580      	push	{r7, lr}
10000a4e:	f3ef 8c10 	mrs	ip, PRIMASK
10000a52:	b672      	cpsid	i
10000a54:	4d1c      	ldr	r5, [pc, #112]	@ (10000ac8 <hw_claim_unused_from_range+0x84>)
10000a56:	682c      	ldr	r4, [r5, #0]
10000a58:	2c00      	cmp	r4, #0
10000a5a:	d0fc      	beq.n	10000a56 <hw_claim_unused_from_range+0x12>
10000a5c:	f3bf 8f5f 	dmb	sy
10000a60:	429a      	cmp	r2, r3
10000a62:	d822      	bhi.n	10000aaa <hw_claim_unused_from_range+0x66>
10000a64:	2107      	movs	r1, #7
10000a66:	2601      	movs	r6, #1
10000a68:	4689      	mov	r9, r1
10000a6a:	e002      	b.n	10000a72 <hw_claim_unused_from_range+0x2e>
10000a6c:	3201      	adds	r2, #1
10000a6e:	4293      	cmp	r3, r2
10000a70:	d318      	bcc.n	10000aa4 <hw_claim_unused_from_range+0x60>
10000a72:	464d      	mov	r5, r9
10000a74:	0037      	movs	r7, r6
10000a76:	4015      	ands	r5, r2
10000a78:	40af      	lsls	r7, r5
10000a7a:	08d4      	lsrs	r4, r2, #3
10000a7c:	1901      	adds	r1, r0, r4
10000a7e:	5d04      	ldrb	r4, [r0, r4]
10000a80:	4227      	tst	r7, r4
10000a82:	d1f3      	bne.n	10000a6c <hw_claim_unused_from_range+0x28>
10000a84:	0010      	movs	r0, r2
10000a86:	433c      	orrs	r4, r7
10000a88:	700c      	strb	r4, [r1, #0]
10000a8a:	f3bf 8f5f 	dmb	sy
10000a8e:	2200      	movs	r2, #0
10000a90:	4b0d      	ldr	r3, [pc, #52]	@ (10000ac8 <hw_claim_unused_from_range+0x84>)
10000a92:	601a      	str	r2, [r3, #0]
10000a94:	f38c 8810 	msr	PRIMASK, ip
10000a98:	2800      	cmp	r0, #0
10000a9a:	db0e      	blt.n	10000aba <hw_claim_unused_from_range+0x76>
10000a9c:	bcc0      	pop	{r6, r7}
10000a9e:	46b9      	mov	r9, r7
10000aa0:	46b0      	mov	r8, r6
10000aa2:	bdf8      	pop	{r3, r4, r5, r6, r7, pc}
10000aa4:	2001      	movs	r0, #1
10000aa6:	4240      	negs	r0, r0
10000aa8:	e7ef      	b.n	10000a8a <hw_claim_unused_from_range+0x46>
10000aaa:	f3bf 8f5f 	dmb	sy
10000aae:	2300      	movs	r3, #0
10000ab0:	602b      	str	r3, [r5, #0]
10000ab2:	f38c 8810 	msr	PRIMASK, ip
10000ab6:	2001      	movs	r0, #1
10000ab8:	4240      	negs	r0, r0
10000aba:	4643      	mov	r3, r8
10000abc:	2b00      	cmp	r3, #0
10000abe:	d0ed      	beq.n	10000a9c <hw_claim_unused_from_range+0x58>
10000ac0:	9808      	ldr	r0, [sp, #32]
10000ac2:	f7ff ff6f 	bl	100009a4 <panic>
10000ac6:	46c0      	nop			@ (mov r8, r8)
10000ac8:	d000012c 	.word	0xd000012c

10000acc <next_striped_spin_lock_num>:
10000acc:	4a04      	ldr	r2, [pc, #16]	@ (10000ae0 <next_striped_spin_lock_num+0x14>)
10000ace:	7810      	ldrb	r0, [r2, #0]
10000ad0:	1c43      	adds	r3, r0, #1
10000ad2:	b2db      	uxtb	r3, r3
10000ad4:	2b17      	cmp	r3, #23
10000ad6:	d900      	bls.n	10000ada <next_striped_spin_lock_num+0xe>
10000ad8:	2310      	movs	r3, #16
10000ada:	7013      	strb	r3, [r2, #0]
10000adc:	4770      	bx	lr
10000ade:	46c0      	nop			@ (mov r8, r8)
10000ae0:	20003298 	.word	0x20003298

10000ae4 <spin_lock_claim_unused>:
10000ae4:	b510      	push	{r4, lr}
10000ae6:	4b06      	ldr	r3, [pc, #24]	@ (10000b00 <spin_lock_claim_unused+0x1c>)
10000ae8:	4c06      	ldr	r4, [pc, #24]	@ (10000b04 <spin_lock_claim_unused+0x20>)
10000aea:	b082      	sub	sp, #8
10000aec:	0001      	movs	r1, r0
10000aee:	9300      	str	r3, [sp, #0]
10000af0:	2218      	movs	r2, #24
10000af2:	231f      	movs	r3, #31
10000af4:	0020      	movs	r0, r4
10000af6:	f7ff ffa5 	bl	10000a44 <hw_claim_unused_from_range>
10000afa:	b002      	add	sp, #8
10000afc:	bd10      	pop	{r4, pc}
10000afe:	46c0      	nop			@ (mov r8, r8)
10000b00:	10008c54 	.word	0x10008c54
10000b04:	2000444c 	.word	0x2000444c

10000b08 <spin_locks_reset>:
10000b08:	2100      	movs	r1, #0
10000b0a:	4b04      	ldr	r3, [pc, #16]	@ (10000b1c <spin_locks_reset+0x14>)
10000b0c:	4a04      	ldr	r2, [pc, #16]	@ (10000b20 <spin_locks_reset+0x18>)
10000b0e:	f3bf 8f5f 	dmb	sy
10000b12:	c302      	stmia	r3!, {r1}
10000b14:	4293      	cmp	r3, r2
10000b16:	d1fa      	bne.n	10000b0e <spin_locks_reset+0x6>
10000b18:	4770      	bx	lr
10000b1a:	46c0      	nop			@ (mov r8, r8)
10000b1c:	d0000100 	.word	0xd0000100
10000b20:	d0000180 	.word	0xd0000180

10000b24 <runtime_init_per_core_irq_priorities>:
10000b24:	4b05      	ldr	r3, [pc, #20]	@ (10000b3c <runtime_init_per_core_irq_priorities+0x18>)
10000b26:	4a06      	ldr	r2, [pc, #24]	@ (10000b40 <runtime_init_per_core_irq_priorities+0x1c>)
10000b28:	6013      	str	r3, [r2, #0]
10000b2a:	4a06      	ldr	r2, [pc, #24]	@ (10000b44 <runtime_init_per_core_irq_priorities+0x20>)
10000b2c:	6013      	str	r3, [r2, #0]
10000b2e:	6053      	str	r3, [r2, #4]
10000b30:	6093      	str	r3, [r2, #8]
10000b32:	60d3      	str	r3, [r2, #12]
10000b34:	6113      	str	r3, [r2, #16]
10000b36:	6153      	str	r3, [r2, #20]
10000b38:	6193      	str	r3, [r2, #24]
10000b3a:	4770      	bx	lr
10000b3c:	80808080 	.word	0x80808080
10000b40:	e000e400 	.word	0xe000e400
10000b44:	e000e404 	.word	0xe000e404

10000b48 <irq_set_enabled>:
10000b48:	231f      	movs	r3, #31
10000b4a:	4018      	ands	r0, r3
10000b4c:	3b1e      	subs	r3, #30
10000b4e:	4083      	lsls	r3, r0
10000b50:	2900      	cmp	r1, #0
10000b52:	d005      	beq.n	10000b60 <irq_set_enabled+0x18>
10000b54:	21c0      	movs	r1, #192	@ 0xc0
10000b56:	4a04      	ldr	r2, [pc, #16]	@ (10000b68 <irq_set_enabled+0x20>)
10000b58:	0049      	lsls	r1, r1, #1
10000b5a:	5053      	str	r3, [r2, r1]
10000b5c:	6013      	str	r3, [r2, #0]
10000b5e:	4770      	bx	lr
10000b60:	2280      	movs	r2, #128	@ 0x80
10000b62:	4901      	ldr	r1, [pc, #4]	@ (10000b68 <irq_set_enabled+0x20>)
10000b64:	508b      	str	r3, [r1, r2]
10000b66:	e7fa      	b.n	10000b5e <irq_set_enabled+0x16>
10000b68:	e000e100 	.word	0xe000e100

10000b6c <irq_set_exclusive_handler>:
10000b6c:	b570      	push	{r4, r5, r6, lr}
10000b6e:	000d      	movs	r5, r1
10000b70:	f3ef 8610 	mrs	r6, PRIMASK
10000b74:	b672      	cpsid	i
10000b76:	4a0f      	ldr	r2, [pc, #60]	@ (10000bb4 <irq_set_exclusive_handler+0x48>)
10000b78:	6813      	ldr	r3, [r2, #0]
10000b7a:	2b00      	cmp	r3, #0
10000b7c:	d0fc      	beq.n	10000b78 <irq_set_exclusive_handler+0xc>
10000b7e:	f3bf 8f5f 	dmb	sy
10000b82:	4b0d      	ldr	r3, [pc, #52]	@ (10000bb8 <irq_set_exclusive_handler+0x4c>)
10000b84:	3010      	adds	r0, #16
10000b86:	689b      	ldr	r3, [r3, #8]
10000b88:	0084      	lsls	r4, r0, #2
10000b8a:	591b      	ldr	r3, [r3, r4]
10000b8c:	4a0b      	ldr	r2, [pc, #44]	@ (10000bbc <irq_set_exclusive_handler+0x50>)
10000b8e:	4293      	cmp	r3, r2
10000b90:	d003      	beq.n	10000b9a <irq_set_exclusive_handler+0x2e>
10000b92:	429d      	cmp	r5, r3
10000b94:	d001      	beq.n	10000b9a <irq_set_exclusive_handler+0x2e>
10000b96:	f001 f903 	bl	10001da0 <hard_assertion_failure>
10000b9a:	4b07      	ldr	r3, [pc, #28]	@ (10000bb8 <irq_set_exclusive_handler+0x4c>)
10000b9c:	689b      	ldr	r3, [r3, #8]
10000b9e:	511d      	str	r5, [r3, r4]
10000ba0:	f3bf 8f5f 	dmb	sy
10000ba4:	f3bf 8f5f 	dmb	sy
10000ba8:	2200      	movs	r2, #0
10000baa:	4b02      	ldr	r3, [pc, #8]	@ (10000bb4 <irq_set_exclusive_handler+0x48>)
10000bac:	601a      	str	r2, [r3, #0]
10000bae:	f386 8810 	msr	PRIMASK, r6
10000bb2:	bd70      	pop	{r4, r5, r6, pc}
10000bb4:	d0000124 	.word	0xd0000124
10000bb8:	e000ed00 	.word	0xe000ed00
10000bbc:	100001c1 	.word	0x100001c1

10000bc0 <irq_remove_handler>:
10000bc0:	b5f0      	push	{r4, r5, r6, r7, lr}
10000bc2:	46de      	mov	lr, fp
10000bc4:	4657      	mov	r7, sl
10000bc6:	464e      	mov	r6, r9
10000bc8:	4645      	mov	r5, r8
10000bca:	b5e0      	push	{r5, r6, r7, lr}
10000bcc:	000c      	movs	r4, r1
10000bce:	b083      	sub	sp, #12
10000bd0:	f3ef 8810 	mrs	r8, PRIMASK
10000bd4:	b672      	cpsid	i
10000bd6:	4a63      	ldr	r2, [pc, #396]	@ (10000d64 <irq_remove_handler+0x1a4>)
10000bd8:	6813      	ldr	r3, [r2, #0]
10000bda:	2b00      	cmp	r3, #0
10000bdc:	d0fc      	beq.n	10000bd8 <irq_remove_handler+0x18>
10000bde:	f3bf 8f5f 	dmb	sy
10000be2:	4b61      	ldr	r3, [pc, #388]	@ (10000d68 <irq_remove_handler+0x1a8>)
10000be4:	4961      	ldr	r1, [pc, #388]	@ (10000d6c <irq_remove_handler+0x1ac>)
10000be6:	689a      	ldr	r2, [r3, #8]
10000be8:	0003      	movs	r3, r0
10000bea:	3310      	adds	r3, #16
10000bec:	009f      	lsls	r7, r3, #2
10000bee:	59d5      	ldr	r5, [r2, r7]
10000bf0:	9301      	str	r3, [sp, #4]
10000bf2:	428d      	cmp	r5, r1
10000bf4:	d043      	beq.n	10000c7e <irq_remove_handler+0xbe>
10000bf6:	42a5      	cmp	r5, r4
10000bf8:	d054      	beq.n	10000ca4 <irq_remove_handler+0xe4>
10000bfa:	4e5d      	ldr	r6, [pc, #372]	@ (10000d70 <irq_remove_handler+0x1b0>)
10000bfc:	1baa      	subs	r2, r5, r6
10000bfe:	2a2f      	cmp	r2, #47	@ 0x2f
10000c00:	d83d      	bhi.n	10000c7e <irq_remove_handler+0xbe>
10000c02:	4b5c      	ldr	r3, [pc, #368]	@ (10000d74 <irq_remove_handler+0x1b4>)
10000c04:	469b      	mov	fp, r3
10000c06:	681b      	ldr	r3, [r3, #0]
10000c08:	4699      	mov	r9, r3
10000c0a:	2301      	movs	r3, #1
10000c0c:	001a      	movs	r2, r3
10000c0e:	469c      	mov	ip, r3
10000c10:	4082      	lsls	r2, r0
10000c12:	464b      	mov	r3, r9
10000c14:	4013      	ands	r3, r2
10000c16:	221f      	movs	r2, #31
10000c18:	4699      	mov	r9, r3
10000c1a:	4663      	mov	r3, ip
10000c1c:	4002      	ands	r2, r0
10000c1e:	4093      	lsls	r3, r2
10000c20:	469a      	mov	sl, r3
10000c22:	2280      	movs	r2, #128	@ 0x80
10000c24:	465b      	mov	r3, fp
10000c26:	4650      	mov	r0, sl
10000c28:	5098      	str	r0, [r3, r2]
10000c2a:	f3bf 8f5f 	dmb	sy
10000c2e:	f3ef 8305 	mrs	r3, IPSR
10000c32:	469b      	mov	fp, r3
10000c34:	2b00      	cmp	r3, #0
10000c36:	d037      	beq.n	10000ca8 <irq_remove_handler+0xe8>
10000c38:	9b01      	ldr	r3, [sp, #4]
10000c3a:	455b      	cmp	r3, fp
10000c3c:	d001      	beq.n	10000c42 <irq_remove_handler+0x82>
10000c3e:	f001 f8af 	bl	10001da0 <hard_assertion_failure>
10000c42:	2301      	movs	r3, #1
10000c44:	002a      	movs	r2, r5
10000c46:	439a      	bics	r2, r3
10000c48:	6890      	ldr	r0, [r2, #8]
10000c4a:	4284      	cmp	r4, r0
10000c4c:	d108      	bne.n	10000c60 <irq_remove_handler+0xa0>
10000c4e:	e076      	b.n	10000d3e <irq_remove_handler+0x17e>
10000c50:	004b      	lsls	r3, r1, #1
10000c52:	185b      	adds	r3, r3, r1
10000c54:	009b      	lsls	r3, r3, #2
10000c56:	18f3      	adds	r3, r6, r3
10000c58:	6898      	ldr	r0, [r3, #8]
10000c5a:	4284      	cmp	r4, r0
10000c5c:	d036      	beq.n	10000ccc <irq_remove_handler+0x10c>
10000c5e:	001a      	movs	r2, r3
10000c60:	2106      	movs	r1, #6
10000c62:	5651      	ldrsb	r1, [r2, r1]
10000c64:	2900      	cmp	r1, #0
10000c66:	daf3      	bge.n	10000c50 <irq_remove_handler+0x90>
10000c68:	4284      	cmp	r4, r0
10000c6a:	d054      	beq.n	10000d16 <irq_remove_handler+0x156>
10000c6c:	464b      	mov	r3, r9
10000c6e:	2b00      	cmp	r3, #0
10000c70:	d027      	beq.n	10000cc2 <irq_remove_handler+0x102>
10000c72:	22c0      	movs	r2, #192	@ 0xc0
10000c74:	4651      	mov	r1, sl
10000c76:	4b3f      	ldr	r3, [pc, #252]	@ (10000d74 <irq_remove_handler+0x1b4>)
10000c78:	0052      	lsls	r2, r2, #1
10000c7a:	5099      	str	r1, [r3, r2]
10000c7c:	6019      	str	r1, [r3, #0]
10000c7e:	4b3a      	ldr	r3, [pc, #232]	@ (10000d68 <irq_remove_handler+0x1a8>)
10000c80:	689b      	ldr	r3, [r3, #8]
10000c82:	51dd      	str	r5, [r3, r7]
10000c84:	f3bf 8f5f 	dmb	sy
10000c88:	f3bf 8f5f 	dmb	sy
10000c8c:	2200      	movs	r2, #0
10000c8e:	4b35      	ldr	r3, [pc, #212]	@ (10000d64 <irq_remove_handler+0x1a4>)
10000c90:	601a      	str	r2, [r3, #0]
10000c92:	f388 8810 	msr	PRIMASK, r8
10000c96:	b003      	add	sp, #12
10000c98:	bcf0      	pop	{r4, r5, r6, r7}
10000c9a:	46bb      	mov	fp, r7
10000c9c:	46b2      	mov	sl, r6
10000c9e:	46a9      	mov	r9, r5
10000ca0:	46a0      	mov	r8, r4
10000ca2:	bdf0      	pop	{r4, r5, r6, r7, pc}
10000ca4:	000d      	movs	r5, r1
10000ca6:	e7ea      	b.n	10000c7e <irq_remove_handler+0xbe>
10000ca8:	002a      	movs	r2, r5
10000caa:	4663      	mov	r3, ip
10000cac:	439a      	bics	r2, r3
10000cae:	6890      	ldr	r0, [r2, #8]
10000cb0:	4284      	cmp	r4, r0
10000cb2:	d1d5      	bne.n	10000c60 <irq_remove_handler+0xa0>
10000cb4:	2006      	movs	r0, #6
10000cb6:	5610      	ldrsb	r0, [r2, r0]
10000cb8:	0013      	movs	r3, r2
10000cba:	2800      	cmp	r0, #0
10000cbc:	da0a      	bge.n	10000cd4 <irq_remove_handler+0x114>
10000cbe:	000d      	movs	r5, r1
10000cc0:	e031      	b.n	10000d26 <irq_remove_handler+0x166>
10000cc2:	2380      	movs	r3, #128	@ 0x80
10000cc4:	4651      	mov	r1, sl
10000cc6:	4a2b      	ldr	r2, [pc, #172]	@ (10000d74 <irq_remove_handler+0x1b4>)
10000cc8:	50d1      	str	r1, [r2, r3]
10000cca:	e7d8      	b.n	10000c7e <irq_remove_handler+0xbe>
10000ccc:	2006      	movs	r0, #6
10000cce:	5618      	ldrsb	r0, [r3, r0]
10000cd0:	2800      	cmp	r0, #0
10000cd2:	db21      	blt.n	10000d18 <irq_remove_handler+0x158>
10000cd4:	0042      	lsls	r2, r0, #1
10000cd6:	1811      	adds	r1, r2, r0
10000cd8:	0089      	lsls	r1, r1, #2
10000cda:	1874      	adds	r4, r6, r1
10000cdc:	468b      	mov	fp, r1
10000cde:	68a1      	ldr	r1, [r4, #8]
10000ce0:	6099      	str	r1, [r3, #8]
10000ce2:	79e1      	ldrb	r1, [r4, #7]
10000ce4:	71d9      	strb	r1, [r3, #7]
10000ce6:	2106      	movs	r1, #6
10000ce8:	5661      	ldrsb	r1, [r4, r1]
10000cea:	7199      	strb	r1, [r3, #6]
10000cec:	2900      	cmp	r1, #0
10000cee:	db24      	blt.n	10000d3a <irq_remove_handler+0x17a>
10000cf0:	88a4      	ldrh	r4, [r4, #4]
10000cf2:	1af1      	subs	r1, r6, r3
10000cf4:	0564      	lsls	r4, r4, #21
10000cf6:	1524      	asrs	r4, r4, #20
10000cf8:	445c      	add	r4, fp
10000cfa:	1909      	adds	r1, r1, r4
10000cfc:	0509      	lsls	r1, r1, #20
10000cfe:	4c1e      	ldr	r4, [pc, #120]	@ (10000d78 <irq_remove_handler+0x1b8>)
10000d00:	0d49      	lsrs	r1, r1, #21
10000d02:	4321      	orrs	r1, r4
10000d04:	8099      	strh	r1, [r3, #4]
10000d06:	1813      	adds	r3, r2, r0
10000d08:	4a1c      	ldr	r2, [pc, #112]	@ (10000d7c <irq_remove_handler+0x1bc>)
10000d0a:	009b      	lsls	r3, r3, #2
10000d0c:	7811      	ldrb	r1, [r2, #0]
10000d0e:	18f3      	adds	r3, r6, r3
10000d10:	7199      	strb	r1, [r3, #6]
10000d12:	7010      	strb	r0, [r2, #0]
10000d14:	e7aa      	b.n	10000c6c <irq_remove_handler+0xac>
10000d16:	0013      	movs	r3, r2
10000d18:	4659      	mov	r1, fp
10000d1a:	2900      	cmp	r1, #0
10000d1c:	d114      	bne.n	10000d48 <irq_remove_handler+0x188>
10000d1e:	31ff      	adds	r1, #255	@ 0xff
10000d20:	7191      	strb	r1, [r2, #6]
10000d22:	4917      	ldr	r1, [pc, #92]	@ (10000d80 <irq_remove_handler+0x1c0>)
10000d24:	8091      	strh	r1, [r2, #4]
10000d26:	4915      	ldr	r1, [pc, #84]	@ (10000d7c <irq_remove_handler+0x1bc>)
10000d28:	780a      	ldrb	r2, [r1, #0]
10000d2a:	719a      	strb	r2, [r3, #6]
10000d2c:	4a15      	ldr	r2, [pc, #84]	@ (10000d84 <irq_remove_handler+0x1c4>)
10000d2e:	1b9b      	subs	r3, r3, r6
10000d30:	415b      	adcs	r3, r3
10000d32:	435a      	muls	r2, r3
10000d34:	0d12      	lsrs	r2, r2, #20
10000d36:	700a      	strb	r2, [r1, #0]
10000d38:	e798      	b.n	10000c6c <irq_remove_handler+0xac>
10000d3a:	4911      	ldr	r1, [pc, #68]	@ (10000d80 <irq_remove_handler+0x1c0>)
10000d3c:	e7e2      	b.n	10000d04 <irq_remove_handler+0x144>
10000d3e:	2006      	movs	r0, #6
10000d40:	5610      	ldrsb	r0, [r2, r0]
10000d42:	0013      	movs	r3, r2
10000d44:	2800      	cmp	r0, #0
10000d46:	dac5      	bge.n	10000cd4 <irq_remove_handler+0x114>
10000d48:	4a0f      	ldr	r2, [pc, #60]	@ (10000d88 <irq_remove_handler+0x1c8>)
10000d4a:	4910      	ldr	r1, [pc, #64]	@ (10000d8c <irq_remove_handler+0x1cc>)
10000d4c:	1ad2      	subs	r2, r2, r3
10000d4e:	3a08      	subs	r2, #8
10000d50:	0250      	lsls	r0, r2, #9
10000d52:	0d40      	lsrs	r0, r0, #21
10000d54:	4301      	orrs	r1, r0
10000d56:	8099      	strh	r1, [r3, #4]
10000d58:	490d      	ldr	r1, [pc, #52]	@ (10000d90 <irq_remove_handler+0x1d0>)
10000d5a:	0852      	lsrs	r2, r2, #1
10000d5c:	430a      	orrs	r2, r1
10000d5e:	80da      	strh	r2, [r3, #6]
10000d60:	e784      	b.n	10000c6c <irq_remove_handler+0xac>
10000d62:	46c0      	nop			@ (mov r8, r8)
10000d64:	d0000124 	.word	0xd0000124
10000d68:	e000ed00 	.word	0xe000ed00
10000d6c:	100001c1 	.word	0x100001c1
10000d70:	2000329c 	.word	0x2000329c
10000d74:	e000e100 	.word	0xe000e100
10000d78:	ffffe000 	.word	0xffffe000
10000d7c:	20006132 	.word	0x20006132
10000d80:	ffffbd01 	.word	0xffffbd01
10000d84:	0000aaaa 	.word	0x0000aaaa
10000d88:	200032d6 	.word	0x200032d6
10000d8c:	fffff000 	.word	0xfffff000
10000d90:	fffff800 	.word	0xfffff800

10000d94 <irq_add_tail_to_free_list>:
10000d94:	b570      	push	{r4, r5, r6, lr}
10000d96:	2401      	movs	r4, #1
10000d98:	4304      	orrs	r4, r0
10000d9a:	f3ef 8105 	mrs	r1, IPSR
10000d9e:	f3ef 8c10 	mrs	ip, PRIMASK
10000da2:	b672      	cpsid	i
10000da4:	4a21      	ldr	r2, [pc, #132]	@ (10000e2c <irq_add_tail_to_free_list+0x98>)
10000da6:	6813      	ldr	r3, [r2, #0]
10000da8:	2b00      	cmp	r3, #0
10000daa:	d0fc      	beq.n	10000da6 <irq_add_tail_to_free_list+0x12>
10000dac:	f3bf 8f5f 	dmb	sy
10000db0:	4b1f      	ldr	r3, [pc, #124]	@ (10000e30 <irq_add_tail_to_free_list+0x9c>)
10000db2:	0005      	movs	r5, r0
10000db4:	4a1f      	ldr	r2, [pc, #124]	@ (10000e34 <irq_add_tail_to_free_list+0xa0>)
10000db6:	1aed      	subs	r5, r5, r3
10000db8:	416d      	adcs	r5, r5
10000dba:	436a      	muls	r2, r5
10000dbc:	0d12      	lsrs	r2, r2, #20
10000dbe:	4d1e      	ldr	r5, [pc, #120]	@ (10000e38 <irq_add_tail_to_free_list+0xa4>)
10000dc0:	0089      	lsls	r1, r1, #2
10000dc2:	68ae      	ldr	r6, [r5, #8]
10000dc4:	b252      	sxtb	r2, r2
10000dc6:	5876      	ldr	r6, [r6, r1]
10000dc8:	42a6      	cmp	r6, r4
10000dca:	d01c      	beq.n	10000e06 <irq_add_tail_to_free_list+0x72>
10000dcc:	2106      	movs	r1, #6
10000dce:	5659      	ldrsb	r1, [r3, r1]
10000dd0:	4291      	cmp	r1, r2
10000dd2:	d01c      	beq.n	10000e0e <irq_add_tail_to_free_list+0x7a>
10000dd4:	2112      	movs	r1, #18
10000dd6:	5659      	ldrsb	r1, [r3, r1]
10000dd8:	4291      	cmp	r1, r2
10000dda:	d022      	beq.n	10000e22 <irq_add_tail_to_free_list+0x8e>
10000ddc:	211e      	movs	r1, #30
10000dde:	5659      	ldrsb	r1, [r3, r1]
10000de0:	4291      	cmp	r1, r2
10000de2:	d020      	beq.n	10000e26 <irq_add_tail_to_free_list+0x92>
10000de4:	212a      	movs	r1, #42	@ 0x2a
10000de6:	5659      	ldrsb	r1, [r3, r1]
10000de8:	2403      	movs	r4, #3
10000dea:	4291      	cmp	r1, r2
10000dec:	d010      	beq.n	10000e10 <irq_add_tail_to_free_list+0x7c>
10000dee:	4b13      	ldr	r3, [pc, #76]	@ (10000e3c <irq_add_tail_to_free_list+0xa8>)
10000df0:	7819      	ldrb	r1, [r3, #0]
10000df2:	701a      	strb	r2, [r3, #0]
10000df4:	7181      	strb	r1, [r0, #6]
10000df6:	f3bf 8f5f 	dmb	sy
10000dfa:	2200      	movs	r2, #0
10000dfc:	4b0b      	ldr	r3, [pc, #44]	@ (10000e2c <irq_add_tail_to_free_list+0x98>)
10000dfe:	601a      	str	r2, [r3, #0]
10000e00:	f38c 8810 	msr	PRIMASK, ip
10000e04:	bd70      	pop	{r4, r5, r6, pc}
10000e06:	68ab      	ldr	r3, [r5, #8]
10000e08:	4c0d      	ldr	r4, [pc, #52]	@ (10000e40 <irq_add_tail_to_free_list+0xac>)
10000e0a:	505c      	str	r4, [r3, r1]
10000e0c:	e7ef      	b.n	10000dee <irq_add_tail_to_free_list+0x5a>
10000e0e:	2400      	movs	r4, #0
10000e10:	0061      	lsls	r1, r4, #1
10000e12:	1909      	adds	r1, r1, r4
10000e14:	0089      	lsls	r1, r1, #2
10000e16:	185b      	adds	r3, r3, r1
10000e18:	21ff      	movs	r1, #255	@ 0xff
10000e1a:	7199      	strb	r1, [r3, #6]
10000e1c:	4909      	ldr	r1, [pc, #36]	@ (10000e44 <irq_add_tail_to_free_list+0xb0>)
10000e1e:	8099      	strh	r1, [r3, #4]
10000e20:	e7e5      	b.n	10000dee <irq_add_tail_to_free_list+0x5a>
10000e22:	2401      	movs	r4, #1
10000e24:	e7f4      	b.n	10000e10 <irq_add_tail_to_free_list+0x7c>
10000e26:	2402      	movs	r4, #2
10000e28:	e7f2      	b.n	10000e10 <irq_add_tail_to_free_list+0x7c>
10000e2a:	46c0      	nop			@ (mov r8, r8)
10000e2c:	d0000124 	.word	0xd0000124
10000e30:	2000329c 	.word	0x2000329c
10000e34:	0000aaaa 	.word	0x0000aaaa
10000e38:	e000ed00 	.word	0xe000ed00
10000e3c:	20006132 	.word	0x20006132
10000e40:	100001c1 	.word	0x100001c1
10000e44:	ffffbd01 	.word	0xffffbd01

10000e48 <lock_init>:
10000e48:	4b02      	ldr	r3, [pc, #8]	@ (10000e54 <lock_init+0xc>)
10000e4a:	469c      	mov	ip, r3
10000e4c:	4461      	add	r1, ip
10000e4e:	0089      	lsls	r1, r1, #2
10000e50:	6001      	str	r1, [r0, #0]
10000e52:	4770      	bx	lr
10000e54:	34000040 	.word	0x34000040

10000e58 <runtime_init_mutex>:
10000e58:	b570      	push	{r4, r5, r6, lr}
10000e5a:	4c11      	ldr	r4, [pc, #68]	@ (10000ea0 <runtime_init_mutex+0x48>)
10000e5c:	4d11      	ldr	r5, [pc, #68]	@ (10000ea4 <runtime_init_mutex+0x4c>)
10000e5e:	42ac      	cmp	r4, r5
10000e60:	d20f      	bcs.n	10000e82 <runtime_init_mutex+0x2a>
10000e62:	26ff      	movs	r6, #255	@ 0xff
10000e64:	6823      	ldr	r3, [r4, #0]
10000e66:	2b00      	cmp	r3, #0
10000e68:	d00c      	beq.n	10000e84 <runtime_init_mutex+0x2c>
10000e6a:	f7ff fe2f 	bl	10000acc <next_striped_spin_lock_num>
10000e6e:	0001      	movs	r1, r0
10000e70:	0020      	movs	r0, r4
10000e72:	f7ff ffe9 	bl	10000e48 <lock_init>
10000e76:	80a6      	strh	r6, [r4, #4]
10000e78:	f3bf 8f5f 	dmb	sy
10000e7c:	3408      	adds	r4, #8
10000e7e:	42ac      	cmp	r4, r5
10000e80:	d3f0      	bcc.n	10000e64 <runtime_init_mutex+0xc>
10000e82:	bd70      	pop	{r4, r5, r6, pc}
10000e84:	f7ff fe22 	bl	10000acc <next_striped_spin_lock_num>
10000e88:	0001      	movs	r1, r0
10000e8a:	0020      	movs	r0, r4
10000e8c:	f7ff ffdc 	bl	10000e48 <lock_init>
10000e90:	7126      	strb	r6, [r4, #4]
10000e92:	f3bf 8f5f 	dmb	sy
10000e96:	3408      	adds	r4, #8
10000e98:	42ac      	cmp	r4, r5
10000e9a:	d3e3      	bcc.n	10000e64 <runtime_init_mutex+0xc>
10000e9c:	e7f1      	b.n	10000e82 <runtime_init_mutex+0x2a>
10000e9e:	46c0      	nop			@ (mov r8, r8)
10000ea0:	200038c8 	.word	0x200038c8
10000ea4:	200038d8 	.word	0x200038d8

10000ea8 <mutex_init>:
10000ea8:	b510      	push	{r4, lr}
10000eaa:	0004      	movs	r4, r0
10000eac:	f7ff fe0e 	bl	10000acc <next_striped_spin_lock_num>
10000eb0:	0001      	movs	r1, r0
10000eb2:	0020      	movs	r0, r4
10000eb4:	f7ff ffc8 	bl	10000e48 <lock_init>
10000eb8:	23ff      	movs	r3, #255	@ 0xff
10000eba:	7123      	strb	r3, [r4, #4]
10000ebc:	f3bf 8f5f 	dmb	sy
10000ec0:	bd10      	pop	{r4, pc}
10000ec2:	46c0      	nop			@ (mov r8, r8)

10000ec4 <critical_section_init>:
10000ec4:	b510      	push	{r4, lr}
10000ec6:	0004      	movs	r4, r0
10000ec8:	2001      	movs	r0, #1
10000eca:	f7ff fe0b 	bl	10000ae4 <spin_lock_claim_unused>
10000ece:	4b03      	ldr	r3, [pc, #12]	@ (10000edc <critical_section_init+0x18>)
10000ed0:	18c3      	adds	r3, r0, r3
10000ed2:	009b      	lsls	r3, r3, #2
10000ed4:	6023      	str	r3, [r4, #0]
10000ed6:	f3bf 8f5f 	dmb	sy
10000eda:	bd10      	pop	{r4, pc}
10000edc:	34000040 	.word	0x34000040

10000ee0 <sleep_until_callback>:
10000ee0:	4b0a      	ldr	r3, [pc, #40]	@ (10000f0c <sleep_until_callback+0x2c>)
10000ee2:	6819      	ldr	r1, [r3, #0]
10000ee4:	f3ef 8010 	mrs	r0, PRIMASK
10000ee8:	b672      	cpsid	i
10000eea:	680a      	ldr	r2, [r1, #0]
10000eec:	2a00      	cmp	r2, #0
10000eee:	d0fc      	beq.n	10000eea <sleep_until_callback+0xa>
10000ef0:	f3bf 8f5f 	dmb	sy
10000ef4:	681b      	ldr	r3, [r3, #0]
10000ef6:	f3bf 8f5f 	dmb	sy
10000efa:	2200      	movs	r2, #0
10000efc:	601a      	str	r2, [r3, #0]
10000efe:	f380 8810 	msr	PRIMASK, r0
10000f02:	bf40      	sev
10000f04:	2000      	movs	r0, #0
10000f06:	2100      	movs	r1, #0
10000f08:	4770      	bx	lr
10000f0a:	46c0      	nop			@ (mov r8, r8)
10000f0c:	20006108 	.word	0x20006108

10000f10 <alarm_pool_irq_handler>:
10000f10:	b5f0      	push	{r4, r5, r6, r7, lr}
10000f12:	46de      	mov	lr, fp
10000f14:	4657      	mov	r7, sl
10000f16:	464e      	mov	r6, r9
10000f18:	4645      	mov	r5, r8
10000f1a:	b5e0      	push	{r5, r6, r7, lr}
10000f1c:	b087      	sub	sp, #28
10000f1e:	f3ef 8305 	mrs	r3, IPSR
10000f22:	2203      	movs	r2, #3
10000f24:	2501      	movs	r5, #1
10000f26:	401a      	ands	r2, r3
10000f28:	4095      	lsls	r5, r2
10000f2a:	0091      	lsls	r1, r2, #2
10000f2c:	4688      	mov	r8, r1
10000f2e:	46a9      	mov	r9, r5
10000f30:	4bb3      	ldr	r3, [pc, #716]	@ (10001200 <alarm_pool_irq_handler+0x2f0>)
10000f32:	9203      	str	r2, [sp, #12]
10000f34:	585c      	ldr	r4, [r3, r1]
10000f36:	4bb3      	ldr	r3, [pc, #716]	@ (10001204 <alarm_pool_irq_handler+0x2f4>)
10000f38:	601d      	str	r5, [r3, #0]
10000f3a:	4bb3      	ldr	r3, [pc, #716]	@ (10001208 <alarm_pool_irq_handler+0x2f8>)
10000f3c:	9304      	str	r3, [sp, #16]
10000f3e:	464b      	mov	r3, r9
10000f40:	48b2      	ldr	r0, [pc, #712]	@ (1000120c <alarm_pool_irq_handler+0x2fc>)
10000f42:	6343      	str	r3, [r0, #52]	@ 0x34
10000f44:	2308      	movs	r3, #8
10000f46:	5ee5      	ldrsh	r5, [r4, r3]
10000f48:	2d00      	cmp	r5, #0
10000f4a:	da37      	bge.n	10000fbc <alarm_pool_irq_handler+0xac>
10000f4c:	88a3      	ldrh	r3, [r4, #4]
10000f4e:	b21b      	sxth	r3, r3
10000f50:	2b00      	cmp	r3, #0
10000f52:	db00      	blt.n	10000f56 <alarm_pool_irq_handler+0x46>
10000f54:	e0ad      	b.n	100010b2 <alarm_pool_irq_handler+0x1a2>
10000f56:	79a3      	ldrb	r3, [r4, #6]
10000f58:	2b00      	cmp	r3, #0
10000f5a:	d000      	beq.n	10000f5e <alarm_pool_irq_handler+0x4e>
10000f5c:	e0ee      	b.n	1000113c <alarm_pool_irq_handler+0x22c>
10000f5e:	2308      	movs	r3, #8
10000f60:	5ee0      	ldrsh	r0, [r4, r3]
10000f62:	2800      	cmp	r0, #0
10000f64:	db20      	blt.n	10000fa8 <alarm_pool_irq_handler+0x98>
10000f66:	0043      	lsls	r3, r0, #1
10000f68:	6962      	ldr	r2, [r4, #20]
10000f6a:	181b      	adds	r3, r3, r0
10000f6c:	00db      	lsls	r3, r3, #3
10000f6e:	18d3      	adds	r3, r2, r3
10000f70:	689e      	ldr	r6, [r3, #8]
10000f72:	68dd      	ldr	r5, [r3, #12]
10000f74:	1c73      	adds	r3, r6, #1
10000f76:	d100      	bne.n	10000f7a <alarm_pool_irq_handler+0x6a>
10000f78:	e111      	b.n	1000119e <alarm_pool_irq_handler+0x28e>
10000f7a:	48a4      	ldr	r0, [pc, #656]	@ (1000120c <alarm_pool_irq_handler+0x2fc>)
10000f7c:	0001      	movs	r1, r0
10000f7e:	4441      	add	r1, r8
10000f80:	6a82      	ldr	r2, [r0, #40]	@ 0x28
10000f82:	690b      	ldr	r3, [r1, #16]
10000f84:	1ab7      	subs	r7, r6, r2
10000f86:	1a9b      	subs	r3, r3, r2
10000f88:	429f      	cmp	r7, r3
10000f8a:	d315      	bcc.n	10000fb8 <alarm_pool_irq_handler+0xa8>
10000f8c:	2301      	movs	r3, #1
10000f8e:	6a02      	ldr	r2, [r0, #32]
10000f90:	9803      	ldr	r0, [sp, #12]
10000f92:	4083      	lsls	r3, r0
10000f94:	421a      	tst	r2, r3
10000f96:	d00f      	beq.n	10000fb8 <alarm_pool_irq_handler+0xa8>
10000f98:	489c      	ldr	r0, [pc, #624]	@ (1000120c <alarm_pool_irq_handler+0x2fc>)
10000f9a:	f000 fc37 	bl	1000180c <timer_time_us_64>
10000f9e:	428d      	cmp	r5, r1
10000fa0:	dc02      	bgt.n	10000fa8 <alarm_pool_irq_handler+0x98>
10000fa2:	d1cc      	bne.n	10000f3e <alarm_pool_irq_handler+0x2e>
10000fa4:	4286      	cmp	r6, r0
10000fa6:	d9ca      	bls.n	10000f3e <alarm_pool_irq_handler+0x2e>
10000fa8:	bf40      	sev
10000faa:	b007      	add	sp, #28
10000fac:	bcf0      	pop	{r4, r5, r6, r7}
10000fae:	46bb      	mov	fp, r7
10000fb0:	46b2      	mov	sl, r6
10000fb2:	46a9      	mov	r9, r5
10000fb4:	46a0      	mov	r8, r4
10000fb6:	bdf0      	pop	{r4, r5, r6, r7, pc}
10000fb8:	610e      	str	r6, [r1, #16]
10000fba:	e7ed      	b.n	10000f98 <alarm_pool_irq_handler+0x88>
10000fbc:	6962      	ldr	r2, [r4, #20]
10000fbe:	006b      	lsls	r3, r5, #1
10000fc0:	4692      	mov	sl, r2
10000fc2:	195b      	adds	r3, r3, r5
10000fc4:	00db      	lsls	r3, r3, #3
10000fc6:	449a      	add	sl, r3
10000fc8:	4653      	mov	r3, sl
10000fca:	689e      	ldr	r6, [r3, #8]
10000fcc:	68df      	ldr	r7, [r3, #12]
10000fce:	f000 fc1d 	bl	1000180c <timer_time_us_64>
10000fd2:	428f      	cmp	r7, r1
10000fd4:	dcba      	bgt.n	10000f4c <alarm_pool_irq_handler+0x3c>
10000fd6:	d100      	bne.n	10000fda <alarm_pool_irq_handler+0xca>
10000fd8:	e103      	b.n	100011e2 <alarm_pool_irq_handler+0x2d2>
10000fda:	2f00      	cmp	r7, #0
10000fdc:	da00      	bge.n	10000fe0 <alarm_pool_irq_handler+0xd0>
10000fde:	e0e8      	b.n	100011b2 <alarm_pool_irq_handler+0x2a2>
10000fe0:	4652      	mov	r2, sl
10000fe2:	4653      	mov	r3, sl
10000fe4:	6952      	ldr	r2, [r2, #20]
10000fe6:	691b      	ldr	r3, [r3, #16]
10000fe8:	4693      	mov	fp, r2
10000fea:	9a04      	ldr	r2, [sp, #16]
10000fec:	4293      	cmp	r3, r2
10000fee:	d100      	bne.n	10000ff2 <alarm_pool_irq_handler+0xe2>
10000ff0:	e0d9      	b.n	100011a6 <alarm_pool_irq_handler+0x296>
10000ff2:	4652      	mov	r2, sl
10000ff4:	2108      	movs	r1, #8
10000ff6:	5e60      	ldrsh	r0, [r4, r1]
10000ff8:	8852      	ldrh	r2, [r2, #2]
10000ffa:	0400      	lsls	r0, r0, #16
10000ffc:	4659      	mov	r1, fp
10000ffe:	4310      	orrs	r0, r2
10001000:	4798      	blx	r3
10001002:	9000      	str	r0, [sp, #0]
10001004:	9101      	str	r1, [sp, #4]
10001006:	9900      	ldr	r1, [sp, #0]
10001008:	9a01      	ldr	r2, [sp, #4]
1000100a:	000b      	movs	r3, r1
1000100c:	0010      	movs	r0, r2
1000100e:	4313      	orrs	r3, r2
10001010:	d100      	bne.n	10001014 <alarm_pool_irq_handler+0x104>
10001012:	e0ce      	b.n	100011b2 <alarm_pool_irq_handler+0x2a2>
10001014:	0013      	movs	r3, r2
10001016:	000a      	movs	r2, r1
10001018:	1ab6      	subs	r6, r6, r2
1000101a:	419f      	sbcs	r7, r3
1000101c:	2800      	cmp	r0, #0
1000101e:	db06      	blt.n	1000102e <alarm_pool_irq_handler+0x11e>
10001020:	487a      	ldr	r0, [pc, #488]	@ (1000120c <alarm_pool_irq_handler+0x2fc>)
10001022:	f000 fbf3 	bl	1000180c <timer_time_us_64>
10001026:	9e00      	ldr	r6, [sp, #0]
10001028:	9f01      	ldr	r7, [sp, #4]
1000102a:	1836      	adds	r6, r6, r0
1000102c:	414f      	adcs	r7, r1
1000102e:	4653      	mov	r3, sl
10001030:	609e      	str	r6, [r3, #8]
10001032:	60df      	str	r7, [r3, #12]
10001034:	2200      	movs	r2, #0
10001036:	5e9a      	ldrsh	r2, [r3, r2]
10001038:	2a00      	cmp	r2, #0
1000103a:	da00      	bge.n	1000103e <alarm_pool_irq_handler+0x12e>
1000103c:	e786      	b.n	10000f4c <alarm_pool_irq_handler+0x3c>
1000103e:	0053      	lsls	r3, r2, #1
10001040:	1899      	adds	r1, r3, r2
10001042:	6960      	ldr	r0, [r4, #20]
10001044:	00c9      	lsls	r1, r1, #3
10001046:	1841      	adds	r1, r0, r1
10001048:	9302      	str	r3, [sp, #8]
1000104a:	688b      	ldr	r3, [r1, #8]
1000104c:	68c9      	ldr	r1, [r1, #12]
1000104e:	469b      	mov	fp, r3
10001050:	42b9      	cmp	r1, r7
10001052:	dd00      	ble.n	10001056 <alarm_pool_irq_handler+0x146>
10001054:	e77a      	b.n	10000f4c <alarm_pool_irq_handler+0x3c>
10001056:	d102      	bne.n	1000105e <alarm_pool_irq_handler+0x14e>
10001058:	42b3      	cmp	r3, r6
1000105a:	d900      	bls.n	1000105e <alarm_pool_irq_handler+0x14e>
1000105c:	e776      	b.n	10000f4c <alarm_pool_irq_handler+0x3c>
1000105e:	2308      	movs	r3, #8
10001060:	469c      	mov	ip, r3
10001062:	44a4      	add	ip, r4
10001064:	9505      	str	r5, [sp, #20]
10001066:	4665      	mov	r5, ip
10001068:	8122      	strh	r2, [r4, #8]
1000106a:	46a4      	mov	ip, r4
1000106c:	9b02      	ldr	r3, [sp, #8]
1000106e:	002c      	movs	r4, r5
10001070:	e006      	b.n	10001080 <alarm_pool_irq_handler+0x170>
10001072:	0053      	lsls	r3, r2, #1
10001074:	1899      	adds	r1, r3, r2
10001076:	00c9      	lsls	r1, r1, #3
10001078:	1841      	adds	r1, r0, r1
1000107a:	688d      	ldr	r5, [r1, #8]
1000107c:	68c9      	ldr	r1, [r1, #12]
1000107e:	46ab      	mov	fp, r5
10001080:	189b      	adds	r3, r3, r2
10001082:	00db      	lsls	r3, r3, #3
10001084:	18c3      	adds	r3, r0, r3
10001086:	42b9      	cmp	r1, r7
10001088:	dc06      	bgt.n	10001098 <alarm_pool_irq_handler+0x188>
1000108a:	d100      	bne.n	1000108e <alarm_pool_irq_handler+0x17e>
1000108c:	e0b3      	b.n	100011f6 <alarm_pool_irq_handler+0x2e6>
1000108e:	001c      	movs	r4, r3
10001090:	2300      	movs	r3, #0
10001092:	5ee2      	ldrsh	r2, [r4, r3]
10001094:	2a00      	cmp	r2, #0
10001096:	daec      	bge.n	10001072 <alarm_pool_irq_handler+0x162>
10001098:	0023      	movs	r3, r4
1000109a:	4664      	mov	r4, ip
1000109c:	469c      	mov	ip, r3
1000109e:	4653      	mov	r3, sl
100010a0:	801a      	strh	r2, [r3, #0]
100010a2:	4663      	mov	r3, ip
100010a4:	9d05      	ldr	r5, [sp, #20]
100010a6:	801d      	strh	r5, [r3, #0]
100010a8:	88a3      	ldrh	r3, [r4, #4]
100010aa:	b21b      	sxth	r3, r3
100010ac:	2b00      	cmp	r3, #0
100010ae:	da00      	bge.n	100010b2 <alarm_pool_irq_handler+0x1a2>
100010b0:	e751      	b.n	10000f56 <alarm_pool_irq_handler+0x46>
100010b2:	6922      	ldr	r2, [r4, #16]
100010b4:	f3ef 8110 	mrs	r1, PRIMASK
100010b8:	b672      	cpsid	i
100010ba:	6813      	ldr	r3, [r2, #0]
100010bc:	2b00      	cmp	r3, #0
100010be:	d0fc      	beq.n	100010ba <alarm_pool_irq_handler+0x1aa>
100010c0:	f3bf 8f5f 	dmb	sy
100010c4:	2301      	movs	r3, #1
100010c6:	88a7      	ldrh	r7, [r4, #4]
100010c8:	425b      	negs	r3, r3
100010ca:	80a3      	strh	r3, [r4, #4]
100010cc:	b23f      	sxth	r7, r7
100010ce:	6923      	ldr	r3, [r4, #16]
100010d0:	f3bf 8f5f 	dmb	sy
100010d4:	2200      	movs	r2, #0
100010d6:	601a      	str	r2, [r3, #0]
100010d8:	f381 8810 	msr	PRIMASK, r1
100010dc:	2f00      	cmp	r7, #0
100010de:	da00      	bge.n	100010e2 <alarm_pool_irq_handler+0x1d2>
100010e0:	e739      	b.n	10000f56 <alarm_pool_irq_handler+0x46>
100010e2:	0023      	movs	r3, r4
100010e4:	3308      	adds	r3, #8
100010e6:	0022      	movs	r2, r4
100010e8:	469a      	mov	sl, r3
100010ea:	6966      	ldr	r6, [r4, #20]
100010ec:	007b      	lsls	r3, r7, #1
100010ee:	19db      	adds	r3, r3, r7
100010f0:	00db      	lsls	r3, r3, #3
100010f2:	18f3      	adds	r3, r6, r3
100010f4:	6899      	ldr	r1, [r3, #8]
100010f6:	4650      	mov	r0, sl
100010f8:	468c      	mov	ip, r1
100010fa:	2408      	movs	r4, #8
100010fc:	5f11      	ldrsh	r1, [r2, r4]
100010fe:	68dd      	ldr	r5, [r3, #12]
10001100:	2900      	cmp	r1, #0
10001102:	db10      	blt.n	10001126 <alarm_pool_irq_handler+0x216>
10001104:	9302      	str	r3, [sp, #8]
10001106:	e006      	b.n	10001116 <alarm_pool_irq_handler+0x206>
10001108:	42ab      	cmp	r3, r5
1000110a:	d044      	beq.n	10001196 <alarm_pool_irq_handler+0x286>
1000110c:	2300      	movs	r3, #0
1000110e:	5ee1      	ldrsh	r1, [r4, r3]
10001110:	0020      	movs	r0, r4
10001112:	2900      	cmp	r1, #0
10001114:	db06      	blt.n	10001124 <alarm_pool_irq_handler+0x214>
10001116:	004c      	lsls	r4, r1, #1
10001118:	1864      	adds	r4, r4, r1
1000111a:	00e4      	lsls	r4, r4, #3
1000111c:	1934      	adds	r4, r6, r4
1000111e:	68e3      	ldr	r3, [r4, #12]
10001120:	42ab      	cmp	r3, r5
10001122:	ddf1      	ble.n	10001108 <alarm_pool_irq_handler+0x1f8>
10001124:	9b02      	ldr	r3, [sp, #8]
10001126:	8007      	strh	r7, [r0, #0]
10001128:	2000      	movs	r0, #0
1000112a:	5e1f      	ldrsh	r7, [r3, r0]
1000112c:	8019      	strh	r1, [r3, #0]
1000112e:	2f00      	cmp	r7, #0
10001130:	dadc      	bge.n	100010ec <alarm_pool_irq_handler+0x1dc>
10001132:	0014      	movs	r4, r2
10001134:	79a3      	ldrb	r3, [r4, #6]
10001136:	2b00      	cmp	r3, #0
10001138:	d100      	bne.n	1000113c <alarm_pool_irq_handler+0x22c>
1000113a:	e710      	b.n	10000f5e <alarm_pool_irq_handler+0x4e>
1000113c:	2300      	movs	r3, #0
1000113e:	71a3      	strb	r3, [r4, #6]
10001140:	0026      	movs	r6, r4
10001142:	2308      	movs	r3, #8
10001144:	5ee1      	ldrsh	r1, [r4, r3]
10001146:	3608      	adds	r6, #8
10001148:	1c4b      	adds	r3, r1, #1
1000114a:	d100      	bne.n	1000114e <alarm_pool_irq_handler+0x23e>
1000114c:	e72c      	b.n	10000fa8 <alarm_pool_irq_handler+0x98>
1000114e:	0008      	movs	r0, r1
10001150:	46a2      	mov	sl, r4
10001152:	6965      	ldr	r5, [r4, #20]
10001154:	e002      	b.n	1000115c <alarm_pool_irq_handler+0x24c>
10001156:	003e      	movs	r6, r7
10001158:	1c4b      	adds	r3, r1, #1
1000115a:	d01a      	beq.n	10001192 <alarm_pool_irq_handler+0x282>
1000115c:	004b      	lsls	r3, r1, #1
1000115e:	185b      	adds	r3, r3, r1
10001160:	00db      	lsls	r3, r3, #3
10001162:	18ef      	adds	r7, r5, r3
10001164:	000a      	movs	r2, r1
10001166:	468c      	mov	ip, r1
10001168:	5ee9      	ldrsh	r1, [r5, r3]
1000116a:	887b      	ldrh	r3, [r7, #2]
1000116c:	b21b      	sxth	r3, r3
1000116e:	2b00      	cmp	r3, #0
10001170:	daf1      	bge.n	10001156 <alarm_pool_irq_handler+0x246>
10001172:	2301      	movs	r3, #1
10001174:	425b      	negs	r3, r3
10001176:	17dc      	asrs	r4, r3, #31
10001178:	60bb      	str	r3, [r7, #8]
1000117a:	60fc      	str	r4, [r7, #12]
1000117c:	4282      	cmp	r2, r0
1000117e:	d005      	beq.n	1000118c <alarm_pool_irq_handler+0x27c>
10001180:	4653      	mov	r3, sl
10001182:	8031      	strh	r1, [r6, #0]
10001184:	891b      	ldrh	r3, [r3, #8]
10001186:	803b      	strh	r3, [r7, #0]
10001188:	4653      	mov	r3, sl
1000118a:	811a      	strh	r2, [r3, #8]
1000118c:	4660      	mov	r0, ip
1000118e:	1c4b      	adds	r3, r1, #1
10001190:	d1e4      	bne.n	1000115c <alarm_pool_irq_handler+0x24c>
10001192:	4654      	mov	r4, sl
10001194:	e6e5      	b.n	10000f62 <alarm_pool_irq_handler+0x52>
10001196:	68a3      	ldr	r3, [r4, #8]
10001198:	4563      	cmp	r3, ip
1000119a:	d9b7      	bls.n	1000110c <alarm_pool_irq_handler+0x1fc>
1000119c:	e7c2      	b.n	10001124 <alarm_pool_irq_handler+0x214>
1000119e:	1c6b      	adds	r3, r5, #1
100011a0:	d000      	beq.n	100011a4 <alarm_pool_irq_handler+0x294>
100011a2:	e6ea      	b.n	10000f7a <alarm_pool_irq_handler+0x6a>
100011a4:	e6f8      	b.n	10000f98 <alarm_pool_irq_handler+0x88>
100011a6:	465b      	mov	r3, fp
100011a8:	4658      	mov	r0, fp
100011aa:	691b      	ldr	r3, [r3, #16]
100011ac:	4798      	blx	r3
100011ae:	2800      	cmp	r0, #0
100011b0:	d11b      	bne.n	100011ea <alarm_pool_irq_handler+0x2da>
100011b2:	4653      	mov	r3, sl
100011b4:	881b      	ldrh	r3, [r3, #0]
100011b6:	6922      	ldr	r2, [r4, #16]
100011b8:	8123      	strh	r3, [r4, #8]
100011ba:	f3ef 8310 	mrs	r3, PRIMASK
100011be:	b672      	cpsid	i
100011c0:	6811      	ldr	r1, [r2, #0]
100011c2:	2900      	cmp	r1, #0
100011c4:	d0fc      	beq.n	100011c0 <alarm_pool_irq_handler+0x2b0>
100011c6:	f3bf 8f5f 	dmb	sy
100011ca:	4651      	mov	r1, sl
100011cc:	8862      	ldrh	r2, [r4, #2]
100011ce:	800a      	strh	r2, [r1, #0]
100011d0:	6922      	ldr	r2, [r4, #16]
100011d2:	8065      	strh	r5, [r4, #2]
100011d4:	f3bf 8f5f 	dmb	sy
100011d8:	2100      	movs	r1, #0
100011da:	6011      	str	r1, [r2, #0]
100011dc:	f383 8810 	msr	PRIMASK, r3
100011e0:	e6b4      	b.n	10000f4c <alarm_pool_irq_handler+0x3c>
100011e2:	4286      	cmp	r6, r0
100011e4:	d800      	bhi.n	100011e8 <alarm_pool_irq_handler+0x2d8>
100011e6:	e6f8      	b.n	10000fda <alarm_pool_irq_handler+0xca>
100011e8:	e6b0      	b.n	10000f4c <alarm_pool_irq_handler+0x3c>
100011ea:	465b      	mov	r3, fp
100011ec:	681a      	ldr	r2, [r3, #0]
100011ee:	685b      	ldr	r3, [r3, #4]
100011f0:	9200      	str	r2, [sp, #0]
100011f2:	9301      	str	r3, [sp, #4]
100011f4:	e707      	b.n	10001006 <alarm_pool_irq_handler+0xf6>
100011f6:	45b3      	cmp	fp, r6
100011f8:	d800      	bhi.n	100011fc <alarm_pool_irq_handler+0x2ec>
100011fa:	e748      	b.n	1000108e <alarm_pool_irq_handler+0x17e>
100011fc:	e74c      	b.n	10001098 <alarm_pool_irq_handler+0x188>
100011fe:	46c0      	nop			@ (mov r8, r8)
10001200:	200060e4 	.word	0x200060e4
10001204:	4005703c 	.word	0x4005703c
10001208:	10000f11 	.word	0x10000f11
1000120c:	40054000 	.word	0x40054000

10001210 <runtime_init_default_alarm_pool>:
10001210:	b570      	push	{r4, r5, r6, lr}
10001212:	4c2e      	ldr	r4, [pc, #184]	@ (100012cc <runtime_init_default_alarm_pool+0xbc>)
10001214:	6925      	ldr	r5, [r4, #16]
10001216:	2d00      	cmp	r5, #0
10001218:	d004      	beq.n	10001224 <runtime_init_default_alarm_pool+0x14>
1000121a:	210a      	movs	r1, #10
1000121c:	482c      	ldr	r0, [pc, #176]	@ (100012d0 <runtime_init_default_alarm_pool+0xc0>)
1000121e:	f7ff fe13 	bl	10000e48 <lock_init>
10001222:	bd70      	pop	{r4, r5, r6, pc}
10001224:	4e2b      	ldr	r6, [pc, #172]	@ (100012d4 <runtime_init_default_alarm_pool+0xc4>)
10001226:	2103      	movs	r1, #3
10001228:	0030      	movs	r0, r6
1000122a:	f000 fae5 	bl	100017f8 <timer_hardware_alarm_claim>
1000122e:	60e6      	str	r6, [r4, #12]
10001230:	f7ff fc4c 	bl	10000acc <next_striped_spin_lock_num>
10001234:	4b28      	ldr	r3, [pc, #160]	@ (100012d8 <runtime_init_default_alarm_pool+0xc8>)
10001236:	2203      	movs	r2, #3
10001238:	469c      	mov	ip, r3
1000123a:	23d0      	movs	r3, #208	@ 0xd0
1000123c:	7022      	strb	r2, [r4, #0]
1000123e:	061b      	lsls	r3, r3, #24
10001240:	681b      	ldr	r3, [r3, #0]
10001242:	2101      	movs	r1, #1
10001244:	7063      	strb	r3, [r4, #1]
10001246:	4b25      	ldr	r3, [pc, #148]	@ (100012dc <runtime_init_default_alarm_pool+0xcc>)
10001248:	4460      	add	r0, ip
1000124a:	60a3      	str	r3, [r4, #8]
1000124c:	230f      	movs	r3, #15
1000124e:	0080      	lsls	r0, r0, #2
10001250:	6120      	str	r0, [r4, #16]
10001252:	2002      	movs	r0, #2
10001254:	8063      	strh	r3, [r4, #2]
10001256:	6963      	ldr	r3, [r4, #20]
10001258:	4249      	negs	r1, r1
1000125a:	80a1      	strh	r1, [r4, #4]
1000125c:	8019      	strh	r1, [r3, #0]
1000125e:	3102      	adds	r1, #2
10001260:	8619      	strh	r1, [r3, #48]	@ 0x30
10001262:	3147      	adds	r1, #71	@ 0x47
10001264:	831d      	strh	r5, [r3, #24]
10001266:	5258      	strh	r0, [r3, r1]
10001268:	3118      	adds	r1, #24
1000126a:	525a      	strh	r2, [r3, r1]
1000126c:	3275      	adds	r2, #117	@ 0x75
1000126e:	395c      	subs	r1, #92	@ 0x5c
10001270:	5299      	strh	r1, [r3, r2]
10001272:	3218      	adds	r2, #24
10001274:	3101      	adds	r1, #1
10001276:	5299      	strh	r1, [r3, r2]
10001278:	3218      	adds	r2, #24
1000127a:	3101      	adds	r1, #1
1000127c:	5299      	strh	r1, [r3, r2]
1000127e:	3218      	adds	r2, #24
10001280:	3101      	adds	r1, #1
10001282:	5299      	strh	r1, [r3, r2]
10001284:	3508      	adds	r5, #8
10001286:	3218      	adds	r2, #24
10001288:	529d      	strh	r5, [r3, r2]
1000128a:	3102      	adds	r1, #2
1000128c:	3218      	adds	r2, #24
1000128e:	5299      	strh	r1, [r3, r2]
10001290:	3218      	adds	r2, #24
10001292:	3101      	adds	r1, #1
10001294:	5299      	strh	r1, [r3, r2]
10001296:	3218      	adds	r2, #24
10001298:	3101      	adds	r1, #1
1000129a:	5299      	strh	r1, [r3, r2]
1000129c:	3218      	adds	r2, #24
1000129e:	3101      	adds	r1, #1
100012a0:	5299      	strh	r1, [r3, r2]
100012a2:	3218      	adds	r2, #24
100012a4:	3101      	adds	r1, #1
100012a6:	5299      	strh	r1, [r3, r2]
100012a8:	3218      	adds	r2, #24
100012aa:	3101      	adds	r1, #1
100012ac:	5299      	strh	r1, [r3, r2]
100012ae:	4b0c      	ldr	r3, [pc, #48]	@ (100012e0 <runtime_init_default_alarm_pool+0xd0>)
100012b0:	490c      	ldr	r1, [pc, #48]	@ (100012e4 <runtime_init_default_alarm_pool+0xd4>)
100012b2:	60dc      	str	r4, [r3, #12]
100012b4:	3001      	adds	r0, #1
100012b6:	6235      	str	r5, [r6, #32]
100012b8:	f7ff fc58 	bl	10000b6c <irq_set_exclusive_handler>
100012bc:	2101      	movs	r1, #1
100012be:	2003      	movs	r0, #3
100012c0:	f7ff fc42 	bl	10000b48 <irq_set_enabled>
100012c4:	4b08      	ldr	r3, [pc, #32]	@ (100012e8 <runtime_init_default_alarm_pool+0xd8>)
100012c6:	601d      	str	r5, [r3, #0]
100012c8:	e7a7      	b.n	1000121a <runtime_init_default_alarm_pool+0xa>
100012ca:	46c0      	nop			@ (mov r8, r8)
100012cc:	200032e4 	.word	0x200032e4
100012d0:	20006108 	.word	0x20006108
100012d4:	40054000 	.word	0x40054000
100012d8:	34000040 	.word	0x34000040
100012dc:	0010ffff 	.word	0x0010ffff
100012e0:	200060e4 	.word	0x200060e4
100012e4:	10000f11 	.word	0x10000f11
100012e8:	40056038 	.word	0x40056038

100012ec <alarm_pool_create_on_timer>:
100012ec:	b5f0      	push	{r4, r5, r6, r7, lr}
100012ee:	46c6      	mov	lr, r8
100012f0:	0006      	movs	r6, r0
100012f2:	b500      	push	{lr}
100012f4:	2018      	movs	r0, #24
100012f6:	000f      	movs	r7, r1
100012f8:	4690      	mov	r8, r2
100012fa:	f001 fd81 	bl	10002e00 <__wrap_malloc>
100012fe:	1e05      	subs	r5, r0, #0
10001300:	d03f      	beq.n	10001382 <alarm_pool_create_on_timer+0x96>
10001302:	2118      	movs	r1, #24
10001304:	4640      	mov	r0, r8
10001306:	f001 fd99 	bl	10002e3c <__wrap_calloc>
1000130a:	0039      	movs	r1, r7
1000130c:	6168      	str	r0, [r5, #20]
1000130e:	0030      	movs	r0, r6
10001310:	f000 fa72 	bl	100017f8 <timer_hardware_alarm_claim>
10001314:	60ee      	str	r6, [r5, #12]
10001316:	f7ff fbd9 	bl	10000acc <next_striped_spin_lock_num>
1000131a:	22d0      	movs	r2, #208	@ 0xd0
1000131c:	702f      	strb	r7, [r5, #0]
1000131e:	0612      	lsls	r2, r2, #24
10001320:	6812      	ldr	r2, [r2, #0]
10001322:	4b1a      	ldr	r3, [pc, #104]	@ (1000138c <alarm_pool_create_on_timer+0xa0>)
10001324:	706a      	strb	r2, [r5, #1]
10001326:	469c      	mov	ip, r3
10001328:	2201      	movs	r2, #1
1000132a:	4643      	mov	r3, r8
1000132c:	4252      	negs	r2, r2
1000132e:	b29b      	uxth	r3, r3
10001330:	816b      	strh	r3, [r5, #10]
10001332:	189b      	adds	r3, r3, r2
10001334:	806b      	strh	r3, [r5, #2]
10001336:	4643      	mov	r3, r8
10001338:	4460      	add	r0, ip
1000133a:	0080      	lsls	r0, r0, #2
1000133c:	6128      	str	r0, [r5, #16]
1000133e:	812a      	strh	r2, [r5, #8]
10001340:	80aa      	strh	r2, [r5, #4]
10001342:	2b00      	cmp	r3, #0
10001344:	d00b      	beq.n	1000135e <alarm_pool_create_on_timer+0x72>
10001346:	005a      	lsls	r2, r3, #1
10001348:	696c      	ldr	r4, [r5, #20]
1000134a:	4442      	add	r2, r8
1000134c:	00d2      	lsls	r2, r2, #3
1000134e:	4b10      	ldr	r3, [pc, #64]	@ (10001390 <alarm_pool_create_on_timer+0xa4>)
10001350:	1912      	adds	r2, r2, r4
10001352:	8023      	strh	r3, [r4, #0]
10001354:	3301      	adds	r3, #1
10001356:	3418      	adds	r4, #24
10001358:	b29b      	uxth	r3, r3
1000135a:	4294      	cmp	r4, r2
1000135c:	d1f9      	bne.n	10001352 <alarm_pool_create_on_timer+0x66>
1000135e:	2401      	movs	r4, #1
10001360:	40bc      	lsls	r4, r7
10001362:	4b0c      	ldr	r3, [pc, #48]	@ (10001394 <alarm_pool_create_on_timer+0xa8>)
10001364:	00ba      	lsls	r2, r7, #2
10001366:	0038      	movs	r0, r7
10001368:	490b      	ldr	r1, [pc, #44]	@ (10001398 <alarm_pool_create_on_timer+0xac>)
1000136a:	6234      	str	r4, [r6, #32]
1000136c:	50d5      	str	r5, [r2, r3]
1000136e:	f7ff fbfd 	bl	10000b6c <irq_set_exclusive_handler>
10001372:	2101      	movs	r1, #1
10001374:	0038      	movs	r0, r7
10001376:	f7ff fbe7 	bl	10000b48 <irq_set_enabled>
1000137a:	4b08      	ldr	r3, [pc, #32]	@ (1000139c <alarm_pool_create_on_timer+0xb0>)
1000137c:	469c      	mov	ip, r3
1000137e:	4466      	add	r6, ip
10001380:	6034      	str	r4, [r6, #0]
10001382:	0028      	movs	r0, r5
10001384:	bc80      	pop	{r7}
10001386:	46b8      	mov	r8, r7
10001388:	bdf0      	pop	{r4, r5, r6, r7, pc}
1000138a:	46c0      	nop			@ (mov r8, r8)
1000138c:	34000040 	.word	0x34000040
10001390:	0000ffff 	.word	0x0000ffff
10001394:	200060e4 	.word	0x200060e4
10001398:	10000f11 	.word	0x10000f11
1000139c:	00002038 	.word	0x00002038

100013a0 <alarm_pool_add_alarm_at_force_in_context>:
100013a0:	b570      	push	{r4, r5, r6, lr}
100013a2:	0001      	movs	r1, r0
100013a4:	6904      	ldr	r4, [r0, #16]
100013a6:	f3ef 8c10 	mrs	ip, PRIMASK
100013aa:	b672      	cpsid	i
100013ac:	6820      	ldr	r0, [r4, #0]
100013ae:	2800      	cmp	r0, #0
100013b0:	d0fc      	beq.n	100013ac <alarm_pool_add_alarm_at_force_in_context+0xc>
100013b2:	f3bf 8f5f 	dmb	sy
100013b6:	2002      	movs	r0, #2
100013b8:	5e0d      	ldrsh	r5, [r1, r0]
100013ba:	694c      	ldr	r4, [r1, #20]
100013bc:	0068      	lsls	r0, r5, #1
100013be:	1940      	adds	r0, r0, r5
100013c0:	00c0      	lsls	r0, r0, #3
100013c2:	1824      	adds	r4, r4, r0
100013c4:	6908      	ldr	r0, [r1, #16]
100013c6:	2d00      	cmp	r5, #0
100013c8:	db36      	blt.n	10001438 <alarm_pool_add_alarm_at_force_in_context+0x98>
100013ca:	8826      	ldrh	r6, [r4, #0]
100013cc:	804e      	strh	r6, [r1, #2]
100013ce:	f3bf 8f5f 	dmb	sy
100013d2:	2600      	movs	r6, #0
100013d4:	6006      	str	r6, [r0, #0]
100013d6:	f38c 8810 	msr	PRIMASK, ip
100013da:	60e3      	str	r3, [r4, #12]
100013dc:	8863      	ldrh	r3, [r4, #2]
100013de:	9804      	ldr	r0, [sp, #16]
100013e0:	3301      	adds	r3, #1
100013e2:	6120      	str	r0, [r4, #16]
100013e4:	045b      	lsls	r3, r3, #17
100013e6:	9805      	ldr	r0, [sp, #20]
100013e8:	0c5b      	lsrs	r3, r3, #17
100013ea:	60a2      	str	r2, [r4, #8]
100013ec:	6160      	str	r0, [r4, #20]
100013ee:	1c1a      	adds	r2, r3, #0
100013f0:	2b00      	cmp	r3, #0
100013f2:	d01f      	beq.n	10001434 <alarm_pool_add_alarm_at_force_in_context+0x94>
100013f4:	b293      	uxth	r3, r2
100013f6:	0428      	lsls	r0, r5, #16
100013f8:	8062      	strh	r2, [r4, #2]
100013fa:	4318      	orrs	r0, r3
100013fc:	690a      	ldr	r2, [r1, #16]
100013fe:	f3ef 8c10 	mrs	ip, PRIMASK
10001402:	b672      	cpsid	i
10001404:	6813      	ldr	r3, [r2, #0]
10001406:	2b00      	cmp	r3, #0
10001408:	d0fc      	beq.n	10001404 <alarm_pool_add_alarm_at_force_in_context+0x64>
1000140a:	f3bf 8f5f 	dmb	sy
1000140e:	888b      	ldrh	r3, [r1, #4]
10001410:	8023      	strh	r3, [r4, #0]
10001412:	808d      	strh	r5, [r1, #4]
10001414:	690b      	ldr	r3, [r1, #16]
10001416:	f3bf 8f5f 	dmb	sy
1000141a:	2200      	movs	r2, #0
1000141c:	601a      	str	r2, [r3, #0]
1000141e:	f38c 8810 	msr	PRIMASK, ip
10001422:	780b      	ldrb	r3, [r1, #0]
10001424:	3201      	adds	r2, #1
10001426:	409a      	lsls	r2, r3
10001428:	68cb      	ldr	r3, [r1, #12]
1000142a:	4908      	ldr	r1, [pc, #32]	@ (1000144c <alarm_pool_add_alarm_at_force_in_context+0xac>)
1000142c:	468c      	mov	ip, r1
1000142e:	4463      	add	r3, ip
10001430:	601a      	str	r2, [r3, #0]
10001432:	bd70      	pop	{r4, r5, r6, pc}
10001434:	2201      	movs	r2, #1
10001436:	e7dd      	b.n	100013f4 <alarm_pool_add_alarm_at_force_in_context+0x54>
10001438:	f3bf 8f5f 	dmb	sy
1000143c:	2300      	movs	r3, #0
1000143e:	6003      	str	r3, [r0, #0]
10001440:	f38c 8810 	msr	PRIMASK, ip
10001444:	2001      	movs	r0, #1
10001446:	4240      	negs	r0, r0
10001448:	e7f3      	b.n	10001432 <alarm_pool_add_alarm_at_force_in_context+0x92>
1000144a:	46c0      	nop			@ (mov r8, r8)
1000144c:	0000203c 	.word	0x0000203c

10001450 <alarm_pool_cancel_alarm>:
10001450:	b510      	push	{r4, lr}
10001452:	8943      	ldrh	r3, [r0, #10]
10001454:	140a      	asrs	r2, r1, #16
10001456:	4293      	cmp	r3, r2
10001458:	dd1a      	ble.n	10001490 <alarm_pool_cancel_alarm+0x40>
1000145a:	0053      	lsls	r3, r2, #1
1000145c:	189b      	adds	r3, r3, r2
1000145e:	6942      	ldr	r2, [r0, #20]
10001460:	00db      	lsls	r3, r3, #3
10001462:	18d3      	adds	r3, r2, r3
10001464:	6904      	ldr	r4, [r0, #16]
10001466:	f3ef 8c10 	mrs	ip, PRIMASK
1000146a:	b672      	cpsid	i
1000146c:	6822      	ldr	r2, [r4, #0]
1000146e:	2a00      	cmp	r2, #0
10001470:	d0fc      	beq.n	1000146c <alarm_pool_cancel_alarm+0x1c>
10001472:	f3bf 8f5f 	dmb	sy
10001476:	885a      	ldrh	r2, [r3, #2]
10001478:	0409      	lsls	r1, r1, #16
1000147a:	b294      	uxth	r4, r2
1000147c:	0c09      	lsrs	r1, r1, #16
1000147e:	428a      	cmp	r2, r1
10001480:	d008      	beq.n	10001494 <alarm_pool_cancel_alarm+0x44>
10001482:	6903      	ldr	r3, [r0, #16]
10001484:	f3bf 8f5f 	dmb	sy
10001488:	2200      	movs	r2, #0
1000148a:	601a      	str	r2, [r3, #0]
1000148c:	f38c 8810 	msr	PRIMASK, ip
10001490:	2000      	movs	r0, #0
10001492:	bd10      	pop	{r4, pc}
10001494:	2280      	movs	r2, #128	@ 0x80
10001496:	0212      	lsls	r2, r2, #8
10001498:	4314      	orrs	r4, r2
1000149a:	805c      	strh	r4, [r3, #2]
1000149c:	2301      	movs	r3, #1
1000149e:	6902      	ldr	r2, [r0, #16]
100014a0:	7183      	strb	r3, [r0, #6]
100014a2:	f3bf 8f5f 	dmb	sy
100014a6:	2100      	movs	r1, #0
100014a8:	6011      	str	r1, [r2, #0]
100014aa:	f38c 8810 	msr	PRIMASK, ip
100014ae:	4904      	ldr	r1, [pc, #16]	@ (100014c0 <alarm_pool_cancel_alarm+0x70>)
100014b0:	7802      	ldrb	r2, [r0, #0]
100014b2:	468c      	mov	ip, r1
100014b4:	4093      	lsls	r3, r2
100014b6:	68c2      	ldr	r2, [r0, #12]
100014b8:	2001      	movs	r0, #1
100014ba:	4462      	add	r2, ip
100014bc:	6013      	str	r3, [r2, #0]
100014be:	e7e8      	b.n	10001492 <alarm_pool_cancel_alarm+0x42>
100014c0:	0000203c 	.word	0x0000203c

100014c4 <sleep_ms>:
100014c4:	b5f0      	push	{r4, r5, r6, r7, lr}
100014c6:	46c6      	mov	lr, r8
100014c8:	b500      	push	{lr}
100014ca:	b082      	sub	sp, #8
100014cc:	0004      	movs	r4, r0
100014ce:	f000 f9a5 	bl	1000181c <time_us_64>
100014d2:	22fa      	movs	r2, #250	@ 0xfa
100014d4:	0006      	movs	r6, r0
100014d6:	000f      	movs	r7, r1
100014d8:	0020      	movs	r0, r4
100014da:	2300      	movs	r3, #0
100014dc:	2100      	movs	r1, #0
100014de:	0092      	lsls	r2, r2, #2
100014e0:	f001 fbda 	bl	10002c98 <__wrap___aeabi_lmul>
100014e4:	1980      	adds	r0, r0, r6
100014e6:	4179      	adcs	r1, r7
100014e8:	0004      	movs	r4, r0
100014ea:	1e0d      	subs	r5, r1, #0
100014ec:	da02      	bge.n	100014f4 <sleep_ms+0x30>
100014ee:	2401      	movs	r4, #1
100014f0:	4d2e      	ldr	r5, [pc, #184]	@ (100015ac <sleep_ms+0xe8>)
100014f2:	4264      	negs	r4, r4
100014f4:	2606      	movs	r6, #6
100014f6:	4276      	negs	r6, r6
100014f8:	17f7      	asrs	r7, r6, #31
100014fa:	1936      	adds	r6, r6, r4
100014fc:	416f      	adcs	r7, r5
100014fe:	42af      	cmp	r7, r5
10001500:	d814      	bhi.n	1000152c <sleep_ms+0x68>
10001502:	d011      	beq.n	10001528 <sleep_ms+0x64>
10001504:	f000 f98a 	bl	1000181c <time_us_64>
10001508:	0032      	movs	r2, r6
1000150a:	003b      	movs	r3, r7
1000150c:	1a12      	subs	r2, r2, r0
1000150e:	418b      	sbcs	r3, r1
10001510:	2b00      	cmp	r3, #0
10001512:	dc15      	bgt.n	10001540 <sleep_ms+0x7c>
10001514:	2b00      	cmp	r3, #0
10001516:	d046      	beq.n	100015a6 <sleep_ms+0xe2>
10001518:	0020      	movs	r0, r4
1000151a:	0029      	movs	r1, r5
1000151c:	f000 fa0a 	bl	10001934 <busy_wait_until>
10001520:	b002      	add	sp, #8
10001522:	bc80      	pop	{r7}
10001524:	46b8      	mov	r8, r7
10001526:	bdf0      	pop	{r4, r5, r6, r7, pc}
10001528:	42a6      	cmp	r6, r4
1000152a:	d9eb      	bls.n	10001504 <sleep_ms+0x40>
1000152c:	2600      	movs	r6, #0
1000152e:	2700      	movs	r7, #0
10001530:	f000 f974 	bl	1000181c <time_us_64>
10001534:	0032      	movs	r2, r6
10001536:	003b      	movs	r3, r7
10001538:	1a12      	subs	r2, r2, r0
1000153a:	418b      	sbcs	r3, r1
1000153c:	2b00      	cmp	r3, #0
1000153e:	dde9      	ble.n	10001514 <sleep_ms+0x50>
10001540:	f000 f96c 	bl	1000181c <time_us_64>
10001544:	0032      	movs	r2, r6
10001546:	003b      	movs	r3, r7
10001548:	1a12      	subs	r2, r2, r0
1000154a:	418b      	sbcs	r3, r1
1000154c:	2b00      	cmp	r3, #0
1000154e:	db0a      	blt.n	10001566 <sleep_ms+0xa2>
10001550:	2300      	movs	r3, #0
10001552:	9301      	str	r3, [sp, #4]
10001554:	4b16      	ldr	r3, [pc, #88]	@ (100015b0 <sleep_ms+0xec>)
10001556:	0032      	movs	r2, r6
10001558:	9300      	str	r3, [sp, #0]
1000155a:	4816      	ldr	r0, [pc, #88]	@ (100015b4 <sleep_ms+0xf0>)
1000155c:	003b      	movs	r3, r7
1000155e:	f7ff ff1f 	bl	100013a0 <alarm_pool_add_alarm_at_force_in_context>
10001562:	3001      	adds	r0, #1
10001564:	d0d8      	beq.n	10001518 <sleep_ms+0x54>
10001566:	2300      	movs	r3, #0
10001568:	0039      	movs	r1, r7
1000156a:	46b0      	mov	r8, r6
1000156c:	469c      	mov	ip, r3
1000156e:	4a12      	ldr	r2, [pc, #72]	@ (100015b8 <sleep_ms+0xf4>)
10001570:	4812      	ldr	r0, [pc, #72]	@ (100015bc <sleep_ms+0xf8>)
10001572:	6a53      	ldr	r3, [r2, #36]	@ 0x24
10001574:	4299      	cmp	r1, r3
10001576:	d804      	bhi.n	10001582 <sleep_ms+0xbe>
10001578:	6a96      	ldr	r6, [r2, #40]	@ 0x28
1000157a:	4546      	cmp	r6, r8
1000157c:	d2cc      	bcs.n	10001518 <sleep_ms+0x54>
1000157e:	4299      	cmp	r1, r3
10001580:	d1ca      	bne.n	10001518 <sleep_ms+0x54>
10001582:	6806      	ldr	r6, [r0, #0]
10001584:	f3ef 8710 	mrs	r7, PRIMASK
10001588:	b672      	cpsid	i
1000158a:	6833      	ldr	r3, [r6, #0]
1000158c:	2b00      	cmp	r3, #0
1000158e:	d0fc      	beq.n	1000158a <sleep_ms+0xc6>
10001590:	f3bf 8f5f 	dmb	sy
10001594:	6803      	ldr	r3, [r0, #0]
10001596:	f3bf 8f5f 	dmb	sy
1000159a:	4666      	mov	r6, ip
1000159c:	601e      	str	r6, [r3, #0]
1000159e:	f387 8810 	msr	PRIMASK, r7
100015a2:	bf20      	wfe
100015a4:	e7e5      	b.n	10001572 <sleep_ms+0xae>
100015a6:	2a00      	cmp	r2, #0
100015a8:	d0b6      	beq.n	10001518 <sleep_ms+0x54>
100015aa:	e7c9      	b.n	10001540 <sleep_ms+0x7c>
100015ac:	7fffffff 	.word	0x7fffffff
100015b0:	10000ee1 	.word	0x10000ee1
100015b4:	200032e4 	.word	0x200032e4
100015b8:	40054000 	.word	0x40054000
100015bc:	20006108 	.word	0x20006108

100015c0 <best_effort_wfe_or_timeout>:
100015c0:	b5f0      	push	{r4, r5, r6, r7, lr}
100015c2:	4657      	mov	r7, sl
100015c4:	464e      	mov	r6, r9
100015c6:	46de      	mov	lr, fp
100015c8:	4645      	mov	r5, r8
100015ca:	b5e0      	push	{r5, r6, r7, lr}
100015cc:	0006      	movs	r6, r0
100015ce:	000f      	movs	r7, r1
100015d0:	b085      	sub	sp, #20
100015d2:	f3ef 8305 	mrs	r3, IPSR
100015d6:	4699      	mov	r9, r3
100015d8:	468b      	mov	fp, r1
100015da:	2b00      	cmp	r3, #0
100015dc:	d012      	beq.n	10001604 <best_effort_wfe_or_timeout+0x44>
100015de:	4938      	ldr	r1, [pc, #224]	@ (100016c0 <best_effort_wfe_or_timeout+0x100>)
100015e0:	2000      	movs	r0, #0
100015e2:	6a4b      	ldr	r3, [r1, #36]	@ 0x24
100015e4:	42bb      	cmp	r3, r7
100015e6:	d306      	bcc.n	100015f6 <best_effort_wfe_or_timeout+0x36>
100015e8:	6a8a      	ldr	r2, [r1, #40]	@ 0x28
100015ea:	1bdb      	subs	r3, r3, r7
100015ec:	1e59      	subs	r1, r3, #1
100015ee:	418b      	sbcs	r3, r1
100015f0:	42b2      	cmp	r2, r6
100015f2:	4140      	adcs	r0, r0
100015f4:	4318      	orrs	r0, r3
100015f6:	b005      	add	sp, #20
100015f8:	bcf0      	pop	{r4, r5, r6, r7}
100015fa:	46bb      	mov	fp, r7
100015fc:	46b2      	mov	sl, r6
100015fe:	46a9      	mov	r9, r5
10001600:	46a0      	mov	r8, r4
10001602:	bdf0      	pop	{r4, r5, r6, r7, pc}
10001604:	4b2f      	ldr	r3, [pc, #188]	@ (100016c4 <best_effort_wfe_or_timeout+0x104>)
10001606:	469a      	mov	sl, r3
10001608:	68db      	ldr	r3, [r3, #12]
1000160a:	4698      	mov	r8, r3
1000160c:	4653      	mov	r3, sl
1000160e:	781b      	ldrb	r3, [r3, #0]
10001610:	4640      	mov	r0, r8
10001612:	9303      	str	r3, [sp, #12]
10001614:	f000 f8fa 	bl	1000180c <timer_time_us_64>
10001618:	4642      	mov	r2, r8
1000161a:	9b03      	ldr	r3, [sp, #12]
1000161c:	0004      	movs	r4, r0
1000161e:	3304      	adds	r3, #4
10001620:	009b      	lsls	r3, r3, #2
10001622:	589b      	ldr	r3, [r3, r2]
10001624:	000d      	movs	r5, r1
10001626:	1a1b      	subs	r3, r3, r0
10001628:	0039      	movs	r1, r7
1000162a:	0030      	movs	r0, r6
1000162c:	1b00      	subs	r0, r0, r4
1000162e:	41a9      	sbcs	r1, r5
10001630:	4589      	cmp	r9, r1
10001632:	dc10      	bgt.n	10001656 <best_effort_wfe_or_timeout+0x96>
10001634:	d00d      	beq.n	10001652 <best_effort_wfe_or_timeout+0x92>
10001636:	bf20      	wfe
10001638:	4a21      	ldr	r2, [pc, #132]	@ (100016c0 <best_effort_wfe_or_timeout+0x100>)
1000163a:	2000      	movs	r0, #0
1000163c:	6a53      	ldr	r3, [r2, #36]	@ 0x24
1000163e:	455b      	cmp	r3, fp
10001640:	d3d9      	bcc.n	100015f6 <best_effort_wfe_or_timeout+0x36>
10001642:	6a92      	ldr	r2, [r2, #40]	@ 0x28
10001644:	1bdb      	subs	r3, r3, r7
10001646:	1e59      	subs	r1, r3, #1
10001648:	418b      	sbcs	r3, r1
1000164a:	42b2      	cmp	r2, r6
1000164c:	4140      	adcs	r0, r0
1000164e:	4318      	orrs	r0, r3
10001650:	e7d1      	b.n	100015f6 <best_effort_wfe_or_timeout+0x36>
10001652:	4283      	cmp	r3, r0
10001654:	d9ef      	bls.n	10001636 <best_effort_wfe_or_timeout+0x76>
10001656:	f000 f8e1 	bl	1000181c <time_us_64>
1000165a:	0032      	movs	r2, r6
1000165c:	003b      	movs	r3, r7
1000165e:	1a12      	subs	r2, r2, r0
10001660:	418b      	sbcs	r3, r1
10001662:	2b00      	cmp	r3, #0
10001664:	db1a      	blt.n	1000169c <best_effort_wfe_or_timeout+0xdc>
10001666:	2300      	movs	r3, #0
10001668:	9301      	str	r3, [sp, #4]
1000166a:	4b17      	ldr	r3, [pc, #92]	@ (100016c8 <best_effort_wfe_or_timeout+0x108>)
1000166c:	0032      	movs	r2, r6
1000166e:	9300      	str	r3, [sp, #0]
10001670:	4650      	mov	r0, sl
10001672:	003b      	movs	r3, r7
10001674:	f7ff fe94 	bl	100013a0 <alarm_pool_add_alarm_at_force_in_context>
10001678:	1e01      	subs	r1, r0, #0
1000167a:	dd0f      	ble.n	1000169c <best_effort_wfe_or_timeout+0xdc>
1000167c:	4b10      	ldr	r3, [pc, #64]	@ (100016c0 <best_effort_wfe_or_timeout+0x100>)
1000167e:	6a5a      	ldr	r2, [r3, #36]	@ 0x24
10001680:	455a      	cmp	r2, fp
10001682:	d31b      	bcc.n	100016bc <best_effort_wfe_or_timeout+0xfc>
10001684:	6a9b      	ldr	r3, [r3, #40]	@ 0x28
10001686:	42b3      	cmp	r3, r6
10001688:	d316      	bcc.n	100016b8 <best_effort_wfe_or_timeout+0xf8>
1000168a:	4650      	mov	r0, sl
1000168c:	f7ff fee0 	bl	10001450 <alarm_pool_cancel_alarm>
10001690:	4a0b      	ldr	r2, [pc, #44]	@ (100016c0 <best_effort_wfe_or_timeout+0x100>)
10001692:	2000      	movs	r0, #0
10001694:	6a53      	ldr	r3, [r2, #36]	@ 0x24
10001696:	455b      	cmp	r3, fp
10001698:	d3ad      	bcc.n	100015f6 <best_effort_wfe_or_timeout+0x36>
1000169a:	e7d2      	b.n	10001642 <best_effort_wfe_or_timeout+0x82>
1000169c:	4a08      	ldr	r2, [pc, #32]	@ (100016c0 <best_effort_wfe_or_timeout+0x100>)
1000169e:	2000      	movs	r0, #0
100016a0:	6a53      	ldr	r3, [r2, #36]	@ 0x24
100016a2:	455b      	cmp	r3, fp
100016a4:	d3a7      	bcc.n	100015f6 <best_effort_wfe_or_timeout+0x36>
100016a6:	2000      	movs	r0, #0
100016a8:	6a92      	ldr	r2, [r2, #40]	@ 0x28
100016aa:	1bdb      	subs	r3, r3, r7
100016ac:	42b2      	cmp	r2, r6
100016ae:	4140      	adcs	r0, r0
100016b0:	1e5a      	subs	r2, r3, #1
100016b2:	4193      	sbcs	r3, r2
100016b4:	4318      	orrs	r0, r3
100016b6:	e79e      	b.n	100015f6 <best_effort_wfe_or_timeout+0x36>
100016b8:	455a      	cmp	r2, fp
100016ba:	d1e6      	bne.n	1000168a <best_effort_wfe_or_timeout+0xca>
100016bc:	bf20      	wfe
100016be:	e7e4      	b.n	1000168a <best_effort_wfe_or_timeout+0xca>
100016c0:	40054000 	.word	0x40054000
100016c4:	200032e4 	.word	0x200032e4
100016c8:	10000ee1 	.word	0x10000ee1

100016cc <alarm_pool_add_repeating_timer_us>:
100016cc:	b5f0      	push	{r4, r5, r6, r7, lr}
100016ce:	46ce      	mov	lr, r9
100016d0:	4647      	mov	r7, r8
100016d2:	0011      	movs	r1, r2
100016d4:	b580      	push	{r7, lr}
100016d6:	b083      	sub	sp, #12
100016d8:	0004      	movs	r4, r0
100016da:	469c      	mov	ip, r3
100016dc:	9d0c      	ldr	r5, [sp, #48]	@ 0x30
100016de:	4319      	orrs	r1, r3
100016e0:	d100      	bne.n	100016e4 <alarm_pool_add_repeating_timer_us+0x18>
100016e2:	e06c      	b.n	100017be <alarm_pool_add_repeating_timer_us+0xf2>
100016e4:	4661      	mov	r1, ip
100016e6:	17db      	asrs	r3, r3, #31
100016e8:	9301      	str	r3, [sp, #4]
100016ea:	9300      	str	r3, [sp, #0]
100016ec:	4053      	eors	r3, r2
100016ee:	001e      	movs	r6, r3
100016f0:	9b01      	ldr	r3, [sp, #4]
100016f2:	404b      	eors	r3, r1
100016f4:	001f      	movs	r7, r3
100016f6:	9800      	ldr	r0, [sp, #0]
100016f8:	9901      	ldr	r1, [sp, #4]
100016fa:	1a36      	subs	r6, r6, r0
100016fc:	418f      	sbcs	r7, r1
100016fe:	4663      	mov	r3, ip
10001700:	990a      	ldr	r1, [sp, #40]	@ 0x28
10001702:	606b      	str	r3, [r5, #4]
10001704:	9b0b      	ldr	r3, [sp, #44]	@ 0x2c
10001706:	60ac      	str	r4, [r5, #8]
10001708:	6129      	str	r1, [r5, #16]
1000170a:	602a      	str	r2, [r5, #0]
1000170c:	616b      	str	r3, [r5, #20]
1000170e:	f000 f885 	bl	1000181c <time_us_64>
10001712:	1980      	adds	r0, r0, r6
10001714:	4179      	adcs	r1, r7
10001716:	2900      	cmp	r1, #0
10001718:	da02      	bge.n	10001720 <alarm_pool_add_repeating_timer_us+0x54>
1000171a:	2001      	movs	r0, #1
1000171c:	4931      	ldr	r1, [pc, #196]	@ (100017e4 <alarm_pool_add_repeating_timer_us+0x118>)
1000171e:	4240      	negs	r0, r0
10001720:	6922      	ldr	r2, [r4, #16]
10001722:	f3ef 8910 	mrs	r9, PRIMASK
10001726:	b672      	cpsid	i
10001728:	6813      	ldr	r3, [r2, #0]
1000172a:	2b00      	cmp	r3, #0
1000172c:	d0fc      	beq.n	10001728 <alarm_pool_add_repeating_timer_us+0x5c>
1000172e:	f3bf 8f5f 	dmb	sy
10001732:	2302      	movs	r3, #2
10001734:	5ee6      	ldrsh	r6, [r4, r3]
10001736:	6963      	ldr	r3, [r4, #20]
10001738:	0072      	lsls	r2, r6, #1
1000173a:	1992      	adds	r2, r2, r6
1000173c:	00d2      	lsls	r2, r2, #3
1000173e:	189b      	adds	r3, r3, r2
10001740:	6922      	ldr	r2, [r4, #16]
10001742:	4690      	mov	r8, r2
10001744:	2e00      	cmp	r6, #0
10001746:	db42      	blt.n	100017ce <alarm_pool_add_repeating_timer_us+0x102>
10001748:	881a      	ldrh	r2, [r3, #0]
1000174a:	8062      	strh	r2, [r4, #2]
1000174c:	f3bf 8f5f 	dmb	sy
10001750:	2200      	movs	r2, #0
10001752:	4647      	mov	r7, r8
10001754:	603a      	str	r2, [r7, #0]
10001756:	f389 8810 	msr	PRIMASK, r9
1000175a:	4a23      	ldr	r2, [pc, #140]	@ (100017e8 <alarm_pool_add_repeating_timer_us+0x11c>)
1000175c:	6098      	str	r0, [r3, #8]
1000175e:	60d9      	str	r1, [r3, #12]
10001760:	611a      	str	r2, [r3, #16]
10001762:	885a      	ldrh	r2, [r3, #2]
10001764:	615d      	str	r5, [r3, #20]
10001766:	3201      	adds	r2, #1
10001768:	0452      	lsls	r2, r2, #17
1000176a:	0c52      	lsrs	r2, r2, #17
1000176c:	1c11      	adds	r1, r2, #0
1000176e:	2a00      	cmp	r2, #0
10001770:	d02b      	beq.n	100017ca <alarm_pool_add_repeating_timer_us+0xfe>
10001772:	b288      	uxth	r0, r1
10001774:	0432      	lsls	r2, r6, #16
10001776:	4302      	orrs	r2, r0
10001778:	8059      	strh	r1, [r3, #2]
1000177a:	6920      	ldr	r0, [r4, #16]
1000177c:	f3ef 8710 	mrs	r7, PRIMASK
10001780:	b672      	cpsid	i
10001782:	6801      	ldr	r1, [r0, #0]
10001784:	2900      	cmp	r1, #0
10001786:	d0fc      	beq.n	10001782 <alarm_pool_add_repeating_timer_us+0xb6>
10001788:	f3bf 8f5f 	dmb	sy
1000178c:	88a1      	ldrh	r1, [r4, #4]
1000178e:	8019      	strh	r1, [r3, #0]
10001790:	80a6      	strh	r6, [r4, #4]
10001792:	6923      	ldr	r3, [r4, #16]
10001794:	f3bf 8f5f 	dmb	sy
10001798:	2100      	movs	r1, #0
1000179a:	6019      	str	r1, [r3, #0]
1000179c:	f387 8810 	msr	PRIMASK, r7
100017a0:	4812      	ldr	r0, [pc, #72]	@ (100017ec <alarm_pool_add_repeating_timer_us+0x120>)
100017a2:	7823      	ldrb	r3, [r4, #0]
100017a4:	4684      	mov	ip, r0
100017a6:	3101      	adds	r1, #1
100017a8:	4099      	lsls	r1, r3
100017aa:	2001      	movs	r0, #1
100017ac:	68e3      	ldr	r3, [r4, #12]
100017ae:	4463      	add	r3, ip
100017b0:	6019      	str	r1, [r3, #0]
100017b2:	60ea      	str	r2, [r5, #12]
100017b4:	b003      	add	sp, #12
100017b6:	bcc0      	pop	{r6, r7}
100017b8:	46b9      	mov	r9, r7
100017ba:	46b0      	mov	r8, r6
100017bc:	bdf0      	pop	{r4, r5, r6, r7, pc}
100017be:	2300      	movs	r3, #0
100017c0:	2601      	movs	r6, #1
100017c2:	2700      	movs	r7, #0
100017c4:	2201      	movs	r2, #1
100017c6:	469c      	mov	ip, r3
100017c8:	e799      	b.n	100016fe <alarm_pool_add_repeating_timer_us+0x32>
100017ca:	2101      	movs	r1, #1
100017cc:	e7d1      	b.n	10001772 <alarm_pool_add_repeating_timer_us+0xa6>
100017ce:	f3bf 8f5f 	dmb	sy
100017d2:	2300      	movs	r3, #0
100017d4:	6013      	str	r3, [r2, #0]
100017d6:	f389 8810 	msr	PRIMASK, r9
100017da:	2201      	movs	r2, #1
100017dc:	2000      	movs	r0, #0
100017de:	4252      	negs	r2, r2
100017e0:	e7e7      	b.n	100017b2 <alarm_pool_add_repeating_timer_us+0xe6>
100017e2:	46c0      	nop			@ (mov r8, r8)
100017e4:	7fffffff 	.word	0x7fffffff
100017e8:	10000f11 	.word	0x10000f11
100017ec:	0000203c 	.word	0x0000203c

100017f0 <alarm_pool_get_default_timer>:
100017f0:	4800      	ldr	r0, [pc, #0]	@ (100017f4 <alarm_pool_get_default_timer+0x4>)
100017f2:	4770      	bx	lr
100017f4:	40054000 	.word	0x40054000

100017f8 <timer_hardware_alarm_claim>:
100017f8:	b510      	push	{r4, lr}
100017fa:	4a02      	ldr	r2, [pc, #8]	@ (10001804 <timer_hardware_alarm_claim+0xc>)
100017fc:	4802      	ldr	r0, [pc, #8]	@ (10001808 <timer_hardware_alarm_claim+0x10>)
100017fe:	f7ff f8ff 	bl	10000a00 <hw_claim_or_assert>
10001802:	bd10      	pop	{r4, pc}
10001804:	10008c70 	.word	0x10008c70
10001808:	20004450 	.word	0x20004450

1000180c <timer_time_us_64>:
1000180c:	0003      	movs	r3, r0
1000180e:	6a41      	ldr	r1, [r0, #36]	@ 0x24
10001810:	000a      	movs	r2, r1
10001812:	6a98      	ldr	r0, [r3, #40]	@ 0x28
10001814:	6a59      	ldr	r1, [r3, #36]	@ 0x24
10001816:	428a      	cmp	r2, r1
10001818:	d1fa      	bne.n	10001810 <timer_time_us_64+0x4>
1000181a:	4770      	bx	lr

1000181c <time_us_64>:
1000181c:	4b03      	ldr	r3, [pc, #12]	@ (1000182c <time_us_64+0x10>)
1000181e:	6a59      	ldr	r1, [r3, #36]	@ 0x24
10001820:	000a      	movs	r2, r1
10001822:	6a98      	ldr	r0, [r3, #40]	@ 0x28
10001824:	6a59      	ldr	r1, [r3, #36]	@ 0x24
10001826:	4291      	cmp	r1, r2
10001828:	d1fa      	bne.n	10001820 <time_us_64+0x4>
1000182a:	4770      	bx	lr
1000182c:	40054000 	.word	0x40054000

10001830 <busy_wait_us>:
10001830:	b570      	push	{r4, r5, r6, lr}
10001832:	0004      	movs	r4, r0
10001834:	000d      	movs	r5, r1
10001836:	4a17      	ldr	r2, [pc, #92]	@ (10001894 <busy_wait_us+0x64>)
10001838:	6a53      	ldr	r3, [r2, #36]	@ 0x24
1000183a:	0019      	movs	r1, r3
1000183c:	6a96      	ldr	r6, [r2, #40]	@ 0x28
1000183e:	6a53      	ldr	r3, [r2, #36]	@ 0x24
10001840:	428b      	cmp	r3, r1
10001842:	d1fa      	bne.n	1000183a <busy_wait_us+0xa>
10001844:	0030      	movs	r0, r6
10001846:	0019      	movs	r1, r3
10001848:	1824      	adds	r4, r4, r0
1000184a:	414d      	adcs	r5, r1
1000184c:	42ab      	cmp	r3, r5
1000184e:	d816      	bhi.n	1000187e <busy_wait_us+0x4e>
10001850:	d013      	beq.n	1000187a <busy_wait_us+0x4a>
10001852:	4b10      	ldr	r3, [pc, #64]	@ (10001894 <busy_wait_us+0x64>)
10001854:	002a      	movs	r2, r5
10001856:	6a5b      	ldr	r3, [r3, #36]	@ 0x24
10001858:	429d      	cmp	r5, r3
1000185a:	d903      	bls.n	10001864 <busy_wait_us+0x34>
1000185c:	490d      	ldr	r1, [pc, #52]	@ (10001894 <busy_wait_us+0x64>)
1000185e:	6a4b      	ldr	r3, [r1, #36]	@ 0x24
10001860:	4293      	cmp	r3, r2
10001862:	d3fc      	bcc.n	1000185e <busy_wait_us+0x2e>
10001864:	4293      	cmp	r3, r2
10001866:	d107      	bne.n	10001878 <busy_wait_us+0x48>
10001868:	4a0a      	ldr	r2, [pc, #40]	@ (10001894 <busy_wait_us+0x64>)
1000186a:	e002      	b.n	10001872 <busy_wait_us+0x42>
1000186c:	6a51      	ldr	r1, [r2, #36]	@ 0x24
1000186e:	4299      	cmp	r1, r3
10001870:	d102      	bne.n	10001878 <busy_wait_us+0x48>
10001872:	6a91      	ldr	r1, [r2, #40]	@ 0x28
10001874:	42a1      	cmp	r1, r4
10001876:	d3f9      	bcc.n	1000186c <busy_wait_us+0x3c>
10001878:	bd70      	pop	{r4, r5, r6, pc}
1000187a:	42a6      	cmp	r6, r4
1000187c:	d9e9      	bls.n	10001852 <busy_wait_us+0x22>
1000187e:	4b05      	ldr	r3, [pc, #20]	@ (10001894 <busy_wait_us+0x64>)
10001880:	6a5b      	ldr	r3, [r3, #36]	@ 0x24
10001882:	001c      	movs	r4, r3
10001884:	1c5a      	adds	r2, r3, #1
10001886:	d0ef      	beq.n	10001868 <busy_wait_us+0x38>
10001888:	2201      	movs	r2, #1
1000188a:	2401      	movs	r4, #1
1000188c:	4264      	negs	r4, r4
1000188e:	17e5      	asrs	r5, r4, #31
10001890:	4252      	negs	r2, r2
10001892:	e7e3      	b.n	1000185c <busy_wait_us+0x2c>
10001894:	40054000 	.word	0x40054000

10001898 <busy_wait_ms>:
10001898:	4b24      	ldr	r3, [pc, #144]	@ (1000192c <busy_wait_ms+0x94>)
1000189a:	b570      	push	{r4, r5, r6, lr}
1000189c:	4298      	cmp	r0, r3
1000189e:	d80b      	bhi.n	100018b8 <busy_wait_ms+0x20>
100018a0:	0143      	lsls	r3, r0, #5
100018a2:	1a1b      	subs	r3, r3, r0
100018a4:	4a22      	ldr	r2, [pc, #136]	@ (10001930 <busy_wait_ms+0x98>)
100018a6:	009b      	lsls	r3, r3, #2
100018a8:	1818      	adds	r0, r3, r0
100018aa:	6a91      	ldr	r1, [r2, #40]	@ 0x28
100018ac:	00c0      	lsls	r0, r0, #3
100018ae:	6a93      	ldr	r3, [r2, #40]	@ 0x28
100018b0:	1a5b      	subs	r3, r3, r1
100018b2:	4298      	cmp	r0, r3
100018b4:	d8fb      	bhi.n	100018ae <busy_wait_ms+0x16>
100018b6:	bd70      	pop	{r4, r5, r6, pc}
100018b8:	22fa      	movs	r2, #250	@ 0xfa
100018ba:	2300      	movs	r3, #0
100018bc:	0092      	lsls	r2, r2, #2
100018be:	2100      	movs	r1, #0
100018c0:	f001 f9ea 	bl	10002c98 <__wrap___aeabi_lmul>
100018c4:	0004      	movs	r4, r0
100018c6:	000d      	movs	r5, r1
100018c8:	4a19      	ldr	r2, [pc, #100]	@ (10001930 <busy_wait_ms+0x98>)
100018ca:	6a53      	ldr	r3, [r2, #36]	@ 0x24
100018cc:	0019      	movs	r1, r3
100018ce:	6a96      	ldr	r6, [r2, #40]	@ 0x28
100018d0:	6a53      	ldr	r3, [r2, #36]	@ 0x24
100018d2:	428b      	cmp	r3, r1
100018d4:	d1fa      	bne.n	100018cc <busy_wait_ms+0x34>
100018d6:	0030      	movs	r0, r6
100018d8:	0019      	movs	r1, r3
100018da:	1824      	adds	r4, r4, r0
100018dc:	414d      	adcs	r5, r1
100018de:	42ab      	cmp	r3, r5
100018e0:	d918      	bls.n	10001914 <busy_wait_ms+0x7c>
100018e2:	4b13      	ldr	r3, [pc, #76]	@ (10001930 <busy_wait_ms+0x98>)
100018e4:	6a5b      	ldr	r3, [r3, #36]	@ 0x24
100018e6:	001c      	movs	r4, r3
100018e8:	1c5a      	adds	r2, r3, #1
100018ea:	d00a      	beq.n	10001902 <busy_wait_ms+0x6a>
100018ec:	2301      	movs	r3, #1
100018ee:	2401      	movs	r4, #1
100018f0:	4264      	negs	r4, r4
100018f2:	17e5      	asrs	r5, r4, #31
100018f4:	425b      	negs	r3, r3
100018f6:	490e      	ldr	r1, [pc, #56]	@ (10001930 <busy_wait_ms+0x98>)
100018f8:	6a4a      	ldr	r2, [r1, #36]	@ 0x24
100018fa:	429a      	cmp	r2, r3
100018fc:	d3fc      	bcc.n	100018f8 <busy_wait_ms+0x60>
100018fe:	429a      	cmp	r2, r3
10001900:	d1d9      	bne.n	100018b6 <busy_wait_ms+0x1e>
10001902:	4a0b      	ldr	r2, [pc, #44]	@ (10001930 <busy_wait_ms+0x98>)
10001904:	e002      	b.n	1000190c <busy_wait_ms+0x74>
10001906:	6a51      	ldr	r1, [r2, #36]	@ 0x24
10001908:	4299      	cmp	r1, r3
1000190a:	d1d4      	bne.n	100018b6 <busy_wait_ms+0x1e>
1000190c:	6a91      	ldr	r1, [r2, #40]	@ 0x28
1000190e:	42a1      	cmp	r1, r4
10001910:	d3f9      	bcc.n	10001906 <busy_wait_ms+0x6e>
10001912:	e7d0      	b.n	100018b6 <busy_wait_ms+0x1e>
10001914:	42ab      	cmp	r3, r5
10001916:	d005      	beq.n	10001924 <busy_wait_ms+0x8c>
10001918:	4a05      	ldr	r2, [pc, #20]	@ (10001930 <busy_wait_ms+0x98>)
1000191a:	002b      	movs	r3, r5
1000191c:	6a52      	ldr	r2, [r2, #36]	@ 0x24
1000191e:	4295      	cmp	r5, r2
10001920:	d8e9      	bhi.n	100018f6 <busy_wait_ms+0x5e>
10001922:	e7ec      	b.n	100018fe <busy_wait_ms+0x66>
10001924:	42a6      	cmp	r6, r4
10001926:	d9f7      	bls.n	10001918 <busy_wait_ms+0x80>
10001928:	e7db      	b.n	100018e2 <busy_wait_ms+0x4a>
1000192a:	46c0      	nop			@ (mov r8, r8)
1000192c:	0020c49b 	.word	0x0020c49b
10001930:	40054000 	.word	0x40054000

10001934 <busy_wait_until>:
10001934:	4a06      	ldr	r2, [pc, #24]	@ (10001950 <busy_wait_until+0x1c>)
10001936:	6a53      	ldr	r3, [r2, #36]	@ 0x24
10001938:	4299      	cmp	r1, r3
1000193a:	d8fc      	bhi.n	10001936 <busy_wait_until+0x2>
1000193c:	d107      	bne.n	1000194e <busy_wait_until+0x1a>
1000193e:	4b04      	ldr	r3, [pc, #16]	@ (10001950 <busy_wait_until+0x1c>)
10001940:	e002      	b.n	10001948 <busy_wait_until+0x14>
10001942:	6a5a      	ldr	r2, [r3, #36]	@ 0x24
10001944:	4291      	cmp	r1, r2
10001946:	d102      	bne.n	1000194e <busy_wait_until+0x1a>
10001948:	6a9a      	ldr	r2, [r3, #40]	@ 0x28
1000194a:	4290      	cmp	r0, r2
1000194c:	d8f9      	bhi.n	10001942 <busy_wait_until+0xe>
1000194e:	4770      	bx	lr
10001950:	40054000 	.word	0x40054000

10001954 <uart_init>:
10001954:	b5f8      	push	{r3, r4, r5, r6, r7, lr}
10001956:	0004      	movs	r4, r0
10001958:	2006      	movs	r0, #6
1000195a:	000d      	movs	r5, r1
1000195c:	f000 f978 	bl	10001c50 <clock_get_hz>
10001960:	2800      	cmp	r0, #0
10001962:	d044      	beq.n	100019ee <uart_init+0x9a>
10001964:	4b37      	ldr	r3, [pc, #220]	@ (10001a44 <uart_init+0xf0>)
10001966:	4938      	ldr	r1, [pc, #224]	@ (10001a48 <uart_init+0xf4>)
10001968:	18e3      	adds	r3, r4, r3
1000196a:	1e5a      	subs	r2, r3, #1
1000196c:	4193      	sbcs	r3, r2
1000196e:	2280      	movs	r2, #128	@ 0x80
10001970:	0412      	lsls	r2, r2, #16
10001972:	4694      	mov	ip, r2
10001974:	425b      	negs	r3, r3
10001976:	0d9b      	lsrs	r3, r3, #22
10001978:	4a34      	ldr	r2, [pc, #208]	@ (10001a4c <uart_init+0xf8>)
1000197a:	059b      	lsls	r3, r3, #22
1000197c:	4463      	add	r3, ip
1000197e:	6013      	str	r3, [r2, #0]
10001980:	4a33      	ldr	r2, [pc, #204]	@ (10001a50 <uart_init+0xfc>)
10001982:	6013      	str	r3, [r2, #0]
10001984:	0018      	movs	r0, r3
10001986:	680a      	ldr	r2, [r1, #0]
10001988:	4390      	bics	r0, r2
1000198a:	d1fb      	bne.n	10001984 <uart_init+0x30>
1000198c:	4b2d      	ldr	r3, [pc, #180]	@ (10001a44 <uart_init+0xf0>)
1000198e:	4a31      	ldr	r2, [pc, #196]	@ (10001a54 <uart_init+0x100>)
10001990:	18e3      	adds	r3, r4, r3
10001992:	4259      	negs	r1, r3
10001994:	414b      	adcs	r3, r1
10001996:	2180      	movs	r1, #128	@ 0x80
10001998:	005b      	lsls	r3, r3, #1
1000199a:	0049      	lsls	r1, r1, #1
1000199c:	2006      	movs	r0, #6
1000199e:	5299      	strh	r1, [r3, r2]
100019a0:	f000 f956 	bl	10001c50 <clock_get_hz>
100019a4:	0029      	movs	r1, r5
100019a6:	00c0      	lsls	r0, r0, #3
100019a8:	f000 fb52 	bl	10002050 <__wrap___aeabi_uidiv>
100019ac:	3001      	adds	r0, #1
100019ae:	09c3      	lsrs	r3, r0, #7
100019b0:	d11e      	bne.n	100019f0 <uart_init+0x9c>
100019b2:	2740      	movs	r7, #64	@ 0x40
100019b4:	2201      	movs	r2, #1
100019b6:	6262      	str	r2, [r4, #36]	@ 0x24
100019b8:	62a3      	str	r3, [r4, #40]	@ 0x28
100019ba:	6b26      	ldr	r6, [r4, #48]	@ 0x30
100019bc:	07f3      	lsls	r3, r6, #31
100019be:	d422      	bmi.n	10001a06 <uart_init+0xb2>
100019c0:	6ae3      	ldr	r3, [r4, #44]	@ 0x2c
100019c2:	4b25      	ldr	r3, [pc, #148]	@ (10001a58 <uart_init+0x104>)
100019c4:	2006      	movs	r0, #6
100019c6:	18e5      	adds	r5, r4, r3
100019c8:	2300      	movs	r3, #0
100019ca:	602b      	str	r3, [r5, #0]
100019cc:	6326      	str	r6, [r4, #48]	@ 0x30
100019ce:	f000 f93f 	bl	10001c50 <clock_get_hz>
100019d2:	0039      	movs	r1, r7
100019d4:	0080      	lsls	r0, r0, #2
100019d6:	f000 fb3b 	bl	10002050 <__wrap___aeabi_uidiv>
100019da:	2370      	movs	r3, #112	@ 0x70
100019dc:	6ae2      	ldr	r2, [r4, #44]	@ 0x2c
100019de:	405a      	eors	r2, r3
100019e0:	330e      	adds	r3, #14
100019e2:	4013      	ands	r3, r2
100019e4:	602b      	str	r3, [r5, #0]
100019e6:	4b1d      	ldr	r3, [pc, #116]	@ (10001a5c <uart_init+0x108>)
100019e8:	6323      	str	r3, [r4, #48]	@ 0x30
100019ea:	2303      	movs	r3, #3
100019ec:	64a3      	str	r3, [r4, #72]	@ 0x48
100019ee:	bdf8      	pop	{r3, r4, r5, r6, r7, pc}
100019f0:	4a1b      	ldr	r2, [pc, #108]	@ (10001a60 <uart_init+0x10c>)
100019f2:	4293      	cmp	r3, r2
100019f4:	d91e      	bls.n	10001a34 <uart_init+0xe0>
100019f6:	2300      	movs	r3, #0
100019f8:	4a1a      	ldr	r2, [pc, #104]	@ (10001a64 <uart_init+0x110>)
100019fa:	4f1b      	ldr	r7, [pc, #108]	@ (10001a68 <uart_init+0x114>)
100019fc:	6262      	str	r2, [r4, #36]	@ 0x24
100019fe:	62a3      	str	r3, [r4, #40]	@ 0x28
10001a00:	6b26      	ldr	r6, [r4, #48]	@ 0x30
10001a02:	07f3      	lsls	r3, r6, #31
10001a04:	d5dc      	bpl.n	100019c0 <uart_init+0x6c>
10001a06:	4b19      	ldr	r3, [pc, #100]	@ (10001a6c <uart_init+0x118>)
10001a08:	4a14      	ldr	r2, [pc, #80]	@ (10001a5c <uart_init+0x108>)
10001a0a:	18e3      	adds	r3, r4, r3
10001a0c:	601a      	str	r2, [r3, #0]
10001a0e:	6a65      	ldr	r5, [r4, #36]	@ 0x24
10001a10:	6aa3      	ldr	r3, [r4, #40]	@ 0x28
10001a12:	2006      	movs	r0, #6
10001a14:	01ad      	lsls	r5, r5, #6
10001a16:	18ed      	adds	r5, r5, r3
10001a18:	f000 f91a 	bl	10001c50 <clock_get_hz>
10001a1c:	4914      	ldr	r1, [pc, #80]	@ (10001a70 <uart_init+0x11c>)
10001a1e:	f000 fb17 	bl	10002050 <__wrap___aeabi_uidiv>
10001a22:	02ad      	lsls	r5, r5, #10
10001a24:	0001      	movs	r1, r0
10001a26:	0028      	movs	r0, r5
10001a28:	f000 fb12 	bl	10002050 <__wrap___aeabi_uidiv>
10001a2c:	2100      	movs	r1, #0
10001a2e:	f7ff feff 	bl	10001830 <busy_wait_us>
10001a32:	e7c5      	b.n	100019c0 <uart_init+0x6c>
10001a34:	0640      	lsls	r0, r0, #25
10001a36:	0e80      	lsrs	r0, r0, #26
10001a38:	019f      	lsls	r7, r3, #6
10001a3a:	001a      	movs	r2, r3
10001a3c:	183f      	adds	r7, r7, r0
10001a3e:	0003      	movs	r3, r0
10001a40:	e7b9      	b.n	100019b6 <uart_init+0x62>
10001a42:	46c0      	nop			@ (mov r8, r8)
10001a44:	bffc8000 	.word	0xbffc8000
10001a48:	4000c008 	.word	0x4000c008
10001a4c:	4000e000 	.word	0x4000e000
10001a50:	4000f000 	.word	0x4000f000
10001a54:	20006124 	.word	0x20006124
10001a58:	0000102c 	.word	0x0000102c
10001a5c:	00000301 	.word	0x00000301
10001a60:	0000fffe 	.word	0x0000fffe
10001a64:	0000ffff 	.word	0x0000ffff
10001a68:	003fffc0 	.word	0x003fffc0
10001a6c:	00003030 	.word	0x00003030
10001a70:	00000e4e 	.word	0x00000e4e

10001a74 <clock_configure_int_divider>:
10001a74:	b5f8      	push	{r3, r4, r5, r6, r7, lr}
10001a76:	46de      	mov	lr, fp
10001a78:	464e      	mov	r6, r9
10001a7a:	4657      	mov	r7, sl
10001a7c:	4645      	mov	r5, r8
10001a7e:	b5e0      	push	{r5, r6, r7, lr}
10001a80:	468b      	mov	fp, r1
10001a82:	0005      	movs	r5, r0
10001a84:	990a      	ldr	r1, [sp, #40]	@ 0x28
10001a86:	0018      	movs	r0, r3
10001a88:	0016      	movs	r6, r2
10001a8a:	f000 fae1 	bl	10002050 <__wrap___aeabi_uidiv>
10001a8e:	9b0a      	ldr	r3, [sp, #40]	@ 0x28
10001a90:	006c      	lsls	r4, r5, #1
10001a92:	021f      	lsls	r7, r3, #8
10001a94:	4b32      	ldr	r3, [pc, #200]	@ (10001b60 <clock_configure_int_divider+0xec>)
10001a96:	1964      	adds	r4, r4, r5
10001a98:	469c      	mov	ip, r3
10001a9a:	00a4      	lsls	r4, r4, #2
10001a9c:	4464      	add	r4, ip
10001a9e:	6863      	ldr	r3, [r4, #4]
10001aa0:	4681      	mov	r9, r0
10001aa2:	429f      	cmp	r7, r3
10001aa4:	d900      	bls.n	10001aa8 <clock_configure_int_divider+0x34>
10001aa6:	6067      	str	r7, [r4, #4]
10001aa8:	1f2b      	subs	r3, r5, #4
10001aaa:	b2db      	uxtb	r3, r3
10001aac:	4698      	mov	r8, r3
10001aae:	2b01      	cmp	r3, #1
10001ab0:	d930      	bls.n	10001b14 <clock_configure_int_divider+0xa0>
10001ab2:	23c0      	movs	r3, #192	@ 0xc0
10001ab4:	2280      	movs	r2, #128	@ 0x80
10001ab6:	019b      	lsls	r3, r3, #6
10001ab8:	18e3      	adds	r3, r4, r3
10001aba:	0112      	lsls	r2, r2, #4
10001abc:	601a      	str	r2, [r3, #0]
10001abe:	4b29      	ldr	r3, [pc, #164]	@ (10001b64 <clock_configure_int_divider+0xf0>)
10001ac0:	00ad      	lsls	r5, r5, #2
10001ac2:	5959      	ldr	r1, [r3, r5]
10001ac4:	469a      	mov	sl, r3
10001ac6:	2900      	cmp	r1, #0
10001ac8:	d11b      	bne.n	10001b02 <clock_configure_int_divider+0x8e>
10001aca:	0173      	lsls	r3, r6, #5
10001acc:	26e0      	movs	r6, #224	@ 0xe0
10001ace:	6822      	ldr	r2, [r4, #0]
10001ad0:	4053      	eors	r3, r2
10001ad2:	401e      	ands	r6, r3
10001ad4:	2380      	movs	r3, #128	@ 0x80
10001ad6:	4642      	mov	r2, r8
10001ad8:	015b      	lsls	r3, r3, #5
10001ada:	18e3      	adds	r3, r4, r3
10001adc:	601e      	str	r6, [r3, #0]
10001ade:	2a01      	cmp	r2, #1
10001ae0:	d930      	bls.n	10001b44 <clock_configure_int_divider+0xd0>
10001ae2:	2380      	movs	r3, #128	@ 0x80
10001ae4:	2280      	movs	r2, #128	@ 0x80
10001ae6:	019b      	lsls	r3, r3, #6
10001ae8:	18e3      	adds	r3, r4, r3
10001aea:	0112      	lsls	r2, r2, #4
10001aec:	601a      	str	r2, [r3, #0]
10001aee:	4653      	mov	r3, sl
10001af0:	464a      	mov	r2, r9
10001af2:	6067      	str	r7, [r4, #4]
10001af4:	515a      	str	r2, [r3, r5]
10001af6:	bcf0      	pop	{r4, r5, r6, r7}
10001af8:	46bb      	mov	fp, r7
10001afa:	46b2      	mov	sl, r6
10001afc:	46a9      	mov	r9, r5
10001afe:	46a0      	mov	r8, r4
10001b00:	bdf8      	pop	{r3, r4, r5, r6, r7, pc}
10001b02:	6958      	ldr	r0, [r3, #20]
10001b04:	f000 faa4 	bl	10002050 <__wrap___aeabi_uidiv>
10001b08:	3001      	adds	r0, #1
10001b0a:	0043      	lsls	r3, r0, #1
10001b0c:	181b      	adds	r3, r3, r0
10001b0e:	3b03      	subs	r3, #3
10001b10:	d2fd      	bcs.n	10001b0e <clock_configure_int_divider+0x9a>
10001b12:	e7da      	b.n	10001aca <clock_configure_int_divider+0x56>
10001b14:	465b      	mov	r3, fp
10001b16:	2b01      	cmp	r3, #1
10001b18:	d1cb      	bne.n	10001ab2 <clock_configure_int_divider+0x3e>
10001b1a:	23c0      	movs	r3, #192	@ 0xc0
10001b1c:	2203      	movs	r2, #3
10001b1e:	019b      	lsls	r3, r3, #6
10001b20:	18e3      	adds	r3, r4, r3
10001b22:	601a      	str	r2, [r3, #0]
10001b24:	3a02      	subs	r2, #2
10001b26:	68a3      	ldr	r3, [r4, #8]
10001b28:	421a      	tst	r2, r3
10001b2a:	d0fc      	beq.n	10001b26 <clock_configure_int_divider+0xb2>
10001b2c:	0173      	lsls	r3, r6, #5
10001b2e:	26e0      	movs	r6, #224	@ 0xe0
10001b30:	6822      	ldr	r2, [r4, #0]
10001b32:	00ad      	lsls	r5, r5, #2
10001b34:	4053      	eors	r3, r2
10001b36:	401e      	ands	r6, r3
10001b38:	2380      	movs	r3, #128	@ 0x80
10001b3a:	4a0a      	ldr	r2, [pc, #40]	@ (10001b64 <clock_configure_int_divider+0xf0>)
10001b3c:	015b      	lsls	r3, r3, #5
10001b3e:	4692      	mov	sl, r2
10001b40:	18e3      	adds	r3, r4, r3
10001b42:	601e      	str	r6, [r3, #0]
10001b44:	465a      	mov	r2, fp
10001b46:	6821      	ldr	r1, [r4, #0]
10001b48:	4051      	eors	r1, r2
10001b4a:	2203      	movs	r2, #3
10001b4c:	400a      	ands	r2, r1
10001b4e:	601a      	str	r2, [r3, #0]
10001b50:	2201      	movs	r2, #1
10001b52:	465b      	mov	r3, fp
10001b54:	409a      	lsls	r2, r3
10001b56:	68a3      	ldr	r3, [r4, #8]
10001b58:	421a      	tst	r2, r3
10001b5a:	d0fc      	beq.n	10001b56 <clock_configure_int_divider+0xe2>
10001b5c:	e7c1      	b.n	10001ae2 <clock_configure_int_divider+0x6e>
10001b5e:	46c0      	nop			@ (mov r8, r8)
10001b60:	40008000 	.word	0x40008000
10001b64:	20004458 	.word	0x20004458

10001b68 <clock_configure_undivided>:
10001b68:	b5f0      	push	{r4, r5, r6, r7, lr}
10001b6a:	4646      	mov	r6, r8
10001b6c:	464f      	mov	r7, r9
10001b6e:	46d6      	mov	lr, sl
10001b70:	b5c0      	push	{r6, r7, lr}
10001b72:	001f      	movs	r7, r3
10001b74:	4b34      	ldr	r3, [pc, #208]	@ (10001c48 <clock_configure_undivided+0xe0>)
10001b76:	0044      	lsls	r4, r0, #1
10001b78:	469c      	mov	ip, r3
10001b7a:	1824      	adds	r4, r4, r0
10001b7c:	00a4      	lsls	r4, r4, #2
10001b7e:	4464      	add	r4, ip
10001b80:	6863      	ldr	r3, [r4, #4]
10001b82:	4688      	mov	r8, r1
10001b84:	0016      	movs	r6, r2
10001b86:	2bff      	cmp	r3, #255	@ 0xff
10001b88:	d802      	bhi.n	10001b90 <clock_configure_undivided+0x28>
10001b8a:	2380      	movs	r3, #128	@ 0x80
10001b8c:	005b      	lsls	r3, r3, #1
10001b8e:	6063      	str	r3, [r4, #4]
10001b90:	1f03      	subs	r3, r0, #4
10001b92:	b2db      	uxtb	r3, r3
10001b94:	469a      	mov	sl, r3
10001b96:	2b01      	cmp	r3, #1
10001b98:	d930      	bls.n	10001bfc <clock_configure_undivided+0x94>
10001b9a:	23c0      	movs	r3, #192	@ 0xc0
10001b9c:	2280      	movs	r2, #128	@ 0x80
10001b9e:	019b      	lsls	r3, r3, #6
10001ba0:	18e3      	adds	r3, r4, r3
10001ba2:	0112      	lsls	r2, r2, #4
10001ba4:	601a      	str	r2, [r3, #0]
10001ba6:	4b29      	ldr	r3, [pc, #164]	@ (10001c4c <clock_configure_undivided+0xe4>)
10001ba8:	0085      	lsls	r5, r0, #2
10001baa:	5959      	ldr	r1, [r3, r5]
10001bac:	4699      	mov	r9, r3
10001bae:	2900      	cmp	r1, #0
10001bb0:	d11b      	bne.n	10001bea <clock_configure_undivided+0x82>
10001bb2:	0173      	lsls	r3, r6, #5
10001bb4:	26e0      	movs	r6, #224	@ 0xe0
10001bb6:	6822      	ldr	r2, [r4, #0]
10001bb8:	4053      	eors	r3, r2
10001bba:	401e      	ands	r6, r3
10001bbc:	2380      	movs	r3, #128	@ 0x80
10001bbe:	4652      	mov	r2, sl
10001bc0:	015b      	lsls	r3, r3, #5
10001bc2:	18e3      	adds	r3, r4, r3
10001bc4:	601e      	str	r6, [r3, #0]
10001bc6:	2a01      	cmp	r2, #1
10001bc8:	d930      	bls.n	10001c2c <clock_configure_undivided+0xc4>
10001bca:	2380      	movs	r3, #128	@ 0x80
10001bcc:	2280      	movs	r2, #128	@ 0x80
10001bce:	019b      	lsls	r3, r3, #6
10001bd0:	18e3      	adds	r3, r4, r3
10001bd2:	0112      	lsls	r2, r2, #4
10001bd4:	601a      	str	r2, [r3, #0]
10001bd6:	2380      	movs	r3, #128	@ 0x80
10001bd8:	005b      	lsls	r3, r3, #1
10001bda:	6063      	str	r3, [r4, #4]
10001bdc:	464b      	mov	r3, r9
10001bde:	515f      	str	r7, [r3, r5]
10001be0:	bce0      	pop	{r5, r6, r7}
10001be2:	46ba      	mov	sl, r7
10001be4:	46b1      	mov	r9, r6
10001be6:	46a8      	mov	r8, r5
10001be8:	bdf0      	pop	{r4, r5, r6, r7, pc}
10001bea:	6958      	ldr	r0, [r3, #20]
10001bec:	f000 fa30 	bl	10002050 <__wrap___aeabi_uidiv>
10001bf0:	3001      	adds	r0, #1
10001bf2:	0043      	lsls	r3, r0, #1
10001bf4:	181b      	adds	r3, r3, r0
10001bf6:	3b03      	subs	r3, #3
10001bf8:	d2fd      	bcs.n	10001bf6 <clock_configure_undivided+0x8e>
10001bfa:	e7da      	b.n	10001bb2 <clock_configure_undivided+0x4a>
10001bfc:	4643      	mov	r3, r8
10001bfe:	2b01      	cmp	r3, #1
10001c00:	d1cb      	bne.n	10001b9a <clock_configure_undivided+0x32>
10001c02:	23c0      	movs	r3, #192	@ 0xc0
10001c04:	2203      	movs	r2, #3
10001c06:	019b      	lsls	r3, r3, #6
10001c08:	18e3      	adds	r3, r4, r3
10001c0a:	601a      	str	r2, [r3, #0]
10001c0c:	3a02      	subs	r2, #2
10001c0e:	68a3      	ldr	r3, [r4, #8]
10001c10:	421a      	tst	r2, r3
10001c12:	d0fc      	beq.n	10001c0e <clock_configure_undivided+0xa6>
10001c14:	0173      	lsls	r3, r6, #5
10001c16:	26e0      	movs	r6, #224	@ 0xe0
10001c18:	6822      	ldr	r2, [r4, #0]
10001c1a:	0085      	lsls	r5, r0, #2
10001c1c:	4053      	eors	r3, r2
10001c1e:	401e      	ands	r6, r3
10001c20:	2380      	movs	r3, #128	@ 0x80
10001c22:	4a0a      	ldr	r2, [pc, #40]	@ (10001c4c <clock_configure_undivided+0xe4>)
10001c24:	015b      	lsls	r3, r3, #5
10001c26:	4691      	mov	r9, r2
10001c28:	18e3      	adds	r3, r4, r3
10001c2a:	601e      	str	r6, [r3, #0]
10001c2c:	4642      	mov	r2, r8
10001c2e:	6821      	ldr	r1, [r4, #0]
10001c30:	4051      	eors	r1, r2
10001c32:	2203      	movs	r2, #3
10001c34:	400a      	ands	r2, r1
10001c36:	601a      	str	r2, [r3, #0]
10001c38:	2301      	movs	r3, #1
10001c3a:	4642      	mov	r2, r8
10001c3c:	4093      	lsls	r3, r2
10001c3e:	68a2      	ldr	r2, [r4, #8]
10001c40:	4213      	tst	r3, r2
10001c42:	d0fc      	beq.n	10001c3e <clock_configure_undivided+0xd6>
10001c44:	e7c1      	b.n	10001bca <clock_configure_undivided+0x62>
10001c46:	46c0      	nop			@ (mov r8, r8)
10001c48:	40008000 	.word	0x40008000
10001c4c:	20004458 	.word	0x20004458

10001c50 <clock_get_hz>:
10001c50:	4b01      	ldr	r3, [pc, #4]	@ (10001c58 <clock_get_hz+0x8>)
10001c52:	0080      	lsls	r0, r0, #2
10001c54:	58c0      	ldr	r0, [r0, r3]
10001c56:	4770      	bx	lr
10001c58:	20004458 	.word	0x20004458

10001c5c <pll_init>:
10001c5c:	b5f8      	push	{r3, r4, r5, r6, r7, lr}
10001c5e:	0004      	movs	r4, r0
10001c60:	4821      	ldr	r0, [pc, #132]	@ (10001ce8 <pll_init+0x8c>)
10001c62:	001e      	movs	r6, r3
10001c64:	0017      	movs	r7, r2
10001c66:	000d      	movs	r5, r1
10001c68:	f000 f9f2 	bl	10002050 <__wrap___aeabi_uidiv>
10001c6c:	0001      	movs	r1, r0
10001c6e:	0038      	movs	r0, r7
10001c70:	f000 f9ee 	bl	10002050 <__wrap___aeabi_uidiv>
10001c74:	9b06      	ldr	r3, [sp, #24]
10001c76:	0436      	lsls	r6, r6, #16
10001c78:	031b      	lsls	r3, r3, #12
10001c7a:	431e      	orrs	r6, r3
10001c7c:	6823      	ldr	r3, [r4, #0]
10001c7e:	2b00      	cmp	r3, #0
10001c80:	db20      	blt.n	10001cc4 <pll_init+0x68>
10001c82:	4b1a      	ldr	r3, [pc, #104]	@ (10001cec <pll_init+0x90>)
10001c84:	491a      	ldr	r1, [pc, #104]	@ (10001cf0 <pll_init+0x94>)
10001c86:	18e3      	adds	r3, r4, r3
10001c88:	1e5a      	subs	r2, r3, #1
10001c8a:	4193      	sbcs	r3, r2
10001c8c:	2280      	movs	r2, #128	@ 0x80
10001c8e:	0192      	lsls	r2, r2, #6
10001c90:	4694      	mov	ip, r2
10001c92:	425b      	negs	r3, r3
10001c94:	0b1b      	lsrs	r3, r3, #12
10001c96:	4a17      	ldr	r2, [pc, #92]	@ (10001cf4 <pll_init+0x98>)
10001c98:	031b      	lsls	r3, r3, #12
10001c9a:	4463      	add	r3, ip
10001c9c:	6013      	str	r3, [r2, #0]
10001c9e:	4a16      	ldr	r2, [pc, #88]	@ (10001cf8 <pll_init+0x9c>)
10001ca0:	6013      	str	r3, [r2, #0]
10001ca2:	001f      	movs	r7, r3
10001ca4:	680a      	ldr	r2, [r1, #0]
10001ca6:	4397      	bics	r7, r2
10001ca8:	d1fb      	bne.n	10001ca2 <pll_init+0x46>
10001caa:	4b14      	ldr	r3, [pc, #80]	@ (10001cfc <pll_init+0xa0>)
10001cac:	6025      	str	r5, [r4, #0]
10001cae:	18e2      	adds	r2, r4, r3
10001cb0:	2321      	movs	r3, #33	@ 0x21
10001cb2:	60a0      	str	r0, [r4, #8]
10001cb4:	6013      	str	r3, [r2, #0]
10001cb6:	6823      	ldr	r3, [r4, #0]
10001cb8:	2b00      	cmp	r3, #0
10001cba:	dafc      	bge.n	10001cb6 <pll_init+0x5a>
10001cbc:	2308      	movs	r3, #8
10001cbe:	60e6      	str	r6, [r4, #12]
10001cc0:	6013      	str	r3, [r2, #0]
10001cc2:	bdf8      	pop	{r3, r4, r5, r6, r7, pc}
10001cc4:	233f      	movs	r3, #63	@ 0x3f
10001cc6:	6822      	ldr	r2, [r4, #0]
10001cc8:	4013      	ands	r3, r2
10001cca:	42ab      	cmp	r3, r5
10001ccc:	d1d9      	bne.n	10001c82 <pll_init+0x26>
10001cce:	68a3      	ldr	r3, [r4, #8]
10001cd0:	051b      	lsls	r3, r3, #20
10001cd2:	0d1b      	lsrs	r3, r3, #20
10001cd4:	4283      	cmp	r3, r0
10001cd6:	d1d4      	bne.n	10001c82 <pll_init+0x26>
10001cd8:	22ee      	movs	r2, #238	@ 0xee
10001cda:	68e3      	ldr	r3, [r4, #12]
10001cdc:	02d2      	lsls	r2, r2, #11
10001cde:	4013      	ands	r3, r2
10001ce0:	42b3      	cmp	r3, r6
10001ce2:	d1ce      	bne.n	10001c82 <pll_init+0x26>
10001ce4:	e7ed      	b.n	10001cc2 <pll_init+0x66>
10001ce6:	46c0      	nop			@ (mov r8, r8)
10001ce8:	00b71b00 	.word	0x00b71b00
10001cec:	bffd4000 	.word	0xbffd4000
10001cf0:	4000c008 	.word	0x4000c008
10001cf4:	4000e000 	.word	0x4000e000
10001cf8:	4000f000 	.word	0x4000f000
10001cfc:	00003004 	.word	0x00003004

10001d00 <tick_start>:
10001d00:	2380      	movs	r3, #128	@ 0x80
10001d02:	4a02      	ldr	r2, [pc, #8]	@ (10001d0c <tick_start+0xc>)
10001d04:	009b      	lsls	r3, r3, #2
10001d06:	430b      	orrs	r3, r1
10001d08:	62d3      	str	r3, [r2, #44]	@ 0x2c
10001d0a:	4770      	bx	lr
10001d0c:	40058000 	.word	0x40058000

10001d10 <rom_func_lookup>:
10001d10:	2300      	movs	r3, #0
10001d12:	b510      	push	{r4, lr}
10001d14:	0001      	movs	r1, r0
10001d16:	8a98      	ldrh	r0, [r3, #20]
10001d18:	8b1b      	ldrh	r3, [r3, #24]
10001d1a:	4798      	blx	r3
10001d1c:	bd10      	pop	{r4, pc}
10001d1e:	46c0      	nop			@ (mov r8, r8)

10001d20 <rom_data_lookup>:
10001d20:	2316      	movs	r3, #22
10001d22:	b510      	push	{r4, lr}
10001d24:	0001      	movs	r1, r0
10001d26:	8818      	ldrh	r0, [r3, #0]
10001d28:	3302      	adds	r3, #2
10001d2a:	881b      	ldrh	r3, [r3, #0]
10001d2c:	4798      	blx	r3
10001d2e:	bd10      	pop	{r4, pc}

10001d30 <rom_funcs_lookup>:
10001d30:	b5f8      	push	{r3, r4, r5, r6, r7, lr}
10001d32:	4647      	mov	r7, r8
10001d34:	46ce      	mov	lr, r9
10001d36:	b580      	push	{r7, lr}
10001d38:	1e0f      	subs	r7, r1, #0
10001d3a:	d018      	beq.n	10001d6e <rom_funcs_lookup+0x3e>
10001d3c:	2314      	movs	r3, #20
10001d3e:	4699      	mov	r9, r3
10001d40:	3304      	adds	r3, #4
10001d42:	0004      	movs	r4, r0
10001d44:	2500      	movs	r5, #0
10001d46:	2601      	movs	r6, #1
10001d48:	4698      	mov	r8, r3
10001d4a:	464b      	mov	r3, r9
10001d4c:	8818      	ldrh	r0, [r3, #0]
10001d4e:	4643      	mov	r3, r8
10001d50:	6821      	ldr	r1, [r4, #0]
10001d52:	881b      	ldrh	r3, [r3, #0]
10001d54:	4798      	blx	r3
10001d56:	c401      	stmia	r4!, {r0}
10001d58:	1e43      	subs	r3, r0, #1
10001d5a:	4198      	sbcs	r0, r3
10001d5c:	3501      	adds	r5, #1
10001d5e:	4006      	ands	r6, r0
10001d60:	42af      	cmp	r7, r5
10001d62:	d1f2      	bne.n	10001d4a <rom_funcs_lookup+0x1a>
10001d64:	0030      	movs	r0, r6
10001d66:	bcc0      	pop	{r6, r7}
10001d68:	46b9      	mov	r9, r7
10001d6a:	46b0      	mov	r8, r6
10001d6c:	bdf8      	pop	{r3, r4, r5, r6, r7, pc}
10001d6e:	2601      	movs	r6, #1
10001d70:	e7f8      	b.n	10001d64 <rom_funcs_lookup+0x34>
10001d72:	46c0      	nop			@ (mov r8, r8)

10001d74 <xosc_init>:
10001d74:	23aa      	movs	r3, #170	@ 0xaa
10001d76:	4a06      	ldr	r2, [pc, #24]	@ (10001d90 <xosc_init+0x1c>)
10001d78:	011b      	lsls	r3, r3, #4
10001d7a:	6013      	str	r3, [r2, #0]
10001d7c:	238d      	movs	r3, #141	@ 0x8d
10001d7e:	005b      	lsls	r3, r3, #1
10001d80:	60d3      	str	r3, [r2, #12]
10001d82:	4904      	ldr	r1, [pc, #16]	@ (10001d94 <xosc_init+0x20>)
10001d84:	4b04      	ldr	r3, [pc, #16]	@ (10001d98 <xosc_init+0x24>)
10001d86:	6019      	str	r1, [r3, #0]
10001d88:	6853      	ldr	r3, [r2, #4]
10001d8a:	2b00      	cmp	r3, #0
10001d8c:	dafc      	bge.n	10001d88 <xosc_init+0x14>
10001d8e:	4770      	bx	lr
10001d90:	40024000 	.word	0x40024000
10001d94:	00fab000 	.word	0x00fab000
10001d98:	40026000 	.word	0x40026000

10001d9c <first_per_core_initializer>:
10001d9c:	4770      	bx	lr
10001d9e:	46c0      	nop			@ (mov r8, r8)

10001da0 <hard_assertion_failure>:
10001da0:	b510      	push	{r4, lr}
10001da2:	4801      	ldr	r0, [pc, #4]	@ (10001da8 <hard_assertion_failure+0x8>)
10001da4:	f7fe fdfe 	bl	100009a4 <panic>
10001da8:	10008c94 	.word	0x10008c94

10001dac <runtime_run_initializers>:
10001dac:	b570      	push	{r4, r5, r6, lr}
10001dae:	4d07      	ldr	r5, [pc, #28]	@ (10001dcc <runtime_run_initializers+0x20>)
10001db0:	4e07      	ldr	r6, [pc, #28]	@ (10001dd0 <runtime_run_initializers+0x24>)
10001db2:	42b5      	cmp	r5, r6
10001db4:	d209      	bcs.n	10001dca <runtime_run_initializers+0x1e>
10001db6:	2400      	movs	r4, #0
10001db8:	3e01      	subs	r6, #1
10001dba:	1b76      	subs	r6, r6, r5
10001dbc:	08b6      	lsrs	r6, r6, #2
10001dbe:	cd08      	ldmia	r5!, {r3}
10001dc0:	4798      	blx	r3
10001dc2:	0023      	movs	r3, r4
10001dc4:	3401      	adds	r4, #1
10001dc6:	42b3      	cmp	r3, r6
10001dc8:	d1f9      	bne.n	10001dbe <runtime_run_initializers+0x12>
10001dca:	bd70      	pop	{r4, r5, r6, pc}
10001dcc:	10008be8 	.word	0x10008be8
10001dd0:	10008c24 	.word	0x10008c24

10001dd4 <runtime_init_early_resets>:
10001dd4:	4b05      	ldr	r3, [pc, #20]	@ (10001dec <runtime_init_early_resets+0x18>)
10001dd6:	4a06      	ldr	r2, [pc, #24]	@ (10001df0 <runtime_init_early_resets+0x1c>)
10001dd8:	4906      	ldr	r1, [pc, #24]	@ (10001df4 <runtime_init_early_resets+0x20>)
10001dda:	601a      	str	r2, [r3, #0]
10001ddc:	4a06      	ldr	r2, [pc, #24]	@ (10001df8 <runtime_init_early_resets+0x24>)
10001dde:	4b07      	ldr	r3, [pc, #28]	@ (10001dfc <runtime_init_early_resets+0x28>)
10001de0:	601a      	str	r2, [r3, #0]
10001de2:	0010      	movs	r0, r2
10001de4:	680b      	ldr	r3, [r1, #0]
10001de6:	4398      	bics	r0, r3
10001de8:	d1fb      	bne.n	10001de2 <runtime_init_early_resets+0xe>
10001dea:	4770      	bx	lr
10001dec:	4000e000 	.word	0x4000e000
10001df0:	fefbcdbf 	.word	0xfefbcdbf
10001df4:	4000c008 	.word	0x4000c008
10001df8:	003c7ffe 	.word	0x003c7ffe
10001dfc:	4000f000 	.word	0x4000f000

10001e00 <runtime_init_usb_power_down>:
10001e00:	4b04      	ldr	r3, [pc, #16]	@ (10001e14 <runtime_init_usb_power_down+0x14>)
10001e02:	6cdb      	ldr	r3, [r3, #76]	@ 0x4c
10001e04:	2b00      	cmp	r3, #0
10001e06:	d103      	bne.n	10001e10 <runtime_init_usb_power_down+0x10>
10001e08:	2280      	movs	r2, #128	@ 0x80
10001e0a:	4b03      	ldr	r3, [pc, #12]	@ (10001e18 <runtime_init_usb_power_down+0x18>)
10001e0c:	02d2      	lsls	r2, r2, #11
10001e0e:	601a      	str	r2, [r3, #0]
10001e10:	4770      	bx	lr
10001e12:	46c0      	nop			@ (mov r8, r8)
10001e14:	50110000 	.word	0x50110000
10001e18:	5011204c 	.word	0x5011204c

10001e1c <runtime_init_post_clock_resets>:
10001e1c:	4a04      	ldr	r2, [pc, #16]	@ (10001e30 <runtime_init_post_clock_resets+0x14>)
10001e1e:	4b05      	ldr	r3, [pc, #20]	@ (10001e34 <runtime_init_post_clock_resets+0x18>)
10001e20:	601a      	str	r2, [r3, #0]
10001e22:	4a05      	ldr	r2, [pc, #20]	@ (10001e38 <runtime_init_post_clock_resets+0x1c>)
10001e24:	6813      	ldr	r3, [r2, #0]
10001e26:	01db      	lsls	r3, r3, #7
10001e28:	3380      	adds	r3, #128	@ 0x80
10001e2a:	d1fb      	bne.n	10001e24 <runtime_init_post_clock_resets+0x8>
10001e2c:	4770      	bx	lr
10001e2e:	46c0      	nop			@ (mov r8, r8)
10001e30:	01ffffff 	.word	0x01ffffff
10001e34:	4000f000 	.word	0x4000f000
10001e38:	4000c008 	.word	0x4000c008

10001e3c <runtime_init_rp2040_gpio_ie_disable>:
10001e3c:	2240      	movs	r2, #64	@ 0x40
10001e3e:	4b03      	ldr	r3, [pc, #12]	@ (10001e4c <runtime_init_rp2040_gpio_ie_disable+0x10>)
10001e40:	679a      	str	r2, [r3, #120]	@ 0x78
10001e42:	675a      	str	r2, [r3, #116]	@ 0x74
10001e44:	671a      	str	r2, [r3, #112]	@ 0x70
10001e46:	66da      	str	r2, [r3, #108]	@ 0x6c
10001e48:	4770      	bx	lr
10001e4a:	46c0      	nop			@ (mov r8, r8)
10001e4c:	4001f000 	.word	0x4001f000

10001e50 <runtime_init_spin_locks_reset>:
10001e50:	b510      	push	{r4, lr}
10001e52:	f7fe fe59 	bl	10000b08 <spin_locks_reset>
10001e56:	bd10      	pop	{r4, pc}

10001e58 <runtime_init_install_ram_vector_table>:
10001e58:	b5f8      	push	{r3, r4, r5, r6, r7, lr}
10001e5a:	4927      	ldr	r1, [pc, #156]	@ (10001ef8 <runtime_init_install_ram_vector_table+0xa0>)
10001e5c:	4c27      	ldr	r4, [pc, #156]	@ (10001efc <runtime_init_install_ram_vector_table+0xa4>)
10001e5e:	4d28      	ldr	r5, [pc, #160]	@ (10001f00 <runtime_init_install_ram_vector_table+0xa8>)
10001e60:	1a64      	subs	r4, r4, r1
10001e62:	10a6      	asrs	r6, r4, #2
10001e64:	0032      	movs	r2, r6
10001e66:	2e30      	cmp	r6, #48	@ 0x30
10001e68:	d900      	bls.n	10001e6c <runtime_init_install_ram_vector_table+0x14>
10001e6a:	2230      	movs	r2, #48	@ 0x30
10001e6c:	0028      	movs	r0, r5
10001e6e:	0092      	lsls	r2, r2, #2
10001e70:	f001 f814 	bl	10002e9c <__wrap___aeabi_memcpy>
10001e74:	2cbc      	cmp	r4, #188	@ 0xbc
10001e76:	d83b      	bhi.n	10001ef0 <runtime_init_install_ram_vector_table+0x98>
10001e78:	2030      	movs	r0, #48	@ 0x30
10001e7a:	232f      	movs	r3, #47	@ 0x2f
10001e7c:	192c      	adds	r4, r5, r4
10001e7e:	0764      	lsls	r4, r4, #29
10001e80:	4a20      	ldr	r2, [pc, #128]	@ (10001f04 <runtime_init_install_ram_vector_table+0xac>)
10001e82:	1b80      	subs	r0, r0, r6
10001e84:	0fe4      	lsrs	r4, r4, #31
10001e86:	1b9b      	subs	r3, r3, r6
10001e88:	2b05      	cmp	r3, #5
10001e8a:	d916      	bls.n	10001eba <runtime_init_install_ram_vector_table+0x62>
10001e8c:	0037      	movs	r7, r6
10001e8e:	2c00      	cmp	r4, #0
10001e90:	d002      	beq.n	10001e98 <runtime_init_install_ram_vector_table+0x40>
10001e92:	00b3      	lsls	r3, r6, #2
10001e94:	1c77      	adds	r7, r6, #1
10001e96:	50ea      	str	r2, [r5, r3]
10001e98:	1b00      	subs	r0, r0, r4
10001e9a:	1933      	adds	r3, r6, r4
10001e9c:	009b      	lsls	r3, r3, #2
10001e9e:	0841      	lsrs	r1, r0, #1
10001ea0:	18eb      	adds	r3, r5, r3
10001ea2:	00c9      	lsls	r1, r1, #3
10001ea4:	18c9      	adds	r1, r1, r3
10001ea6:	601a      	str	r2, [r3, #0]
10001ea8:	605a      	str	r2, [r3, #4]
10001eaa:	3308      	adds	r3, #8
10001eac:	4299      	cmp	r1, r3
10001eae:	d1fa      	bne.n	10001ea6 <runtime_init_install_ram_vector_table+0x4e>
10001eb0:	2301      	movs	r3, #1
10001eb2:	4203      	tst	r3, r0
10001eb4:	d01c      	beq.n	10001ef0 <runtime_init_install_ram_vector_table+0x98>
10001eb6:	4398      	bics	r0, r3
10001eb8:	19c6      	adds	r6, r0, r7
10001eba:	00b3      	lsls	r3, r6, #2
10001ebc:	50ea      	str	r2, [r5, r3]
10001ebe:	1c73      	adds	r3, r6, #1
10001ec0:	2e2f      	cmp	r6, #47	@ 0x2f
10001ec2:	d015      	beq.n	10001ef0 <runtime_init_install_ram_vector_table+0x98>
10001ec4:	009b      	lsls	r3, r3, #2
10001ec6:	50ea      	str	r2, [r5, r3]
10001ec8:	1cb3      	adds	r3, r6, #2
10001eca:	2e2e      	cmp	r6, #46	@ 0x2e
10001ecc:	d010      	beq.n	10001ef0 <runtime_init_install_ram_vector_table+0x98>
10001ece:	009b      	lsls	r3, r3, #2
10001ed0:	50ea      	str	r2, [r5, r3]
10001ed2:	1cf3      	adds	r3, r6, #3
10001ed4:	2e2d      	cmp	r6, #45	@ 0x2d
10001ed6:	d00b      	beq.n	10001ef0 <runtime_init_install_ram_vector_table+0x98>
10001ed8:	009b      	lsls	r3, r3, #2
10001eda:	50ea      	str	r2, [r5, r3]
10001edc:	1d33      	adds	r3, r6, #4
10001ede:	2e2c      	cmp	r6, #44	@ 0x2c
10001ee0:	d006      	beq.n	10001ef0 <runtime_init_install_ram_vector_table+0x98>
10001ee2:	009b      	lsls	r3, r3, #2
10001ee4:	50ea      	str	r2, [r5, r3]
10001ee6:	1d73      	adds	r3, r6, #5
10001ee8:	2e2b      	cmp	r6, #43	@ 0x2b
10001eea:	d001      	beq.n	10001ef0 <runtime_init_install_ram_vector_table+0x98>
10001eec:	009b      	lsls	r3, r3, #2
10001eee:	50ea      	str	r2, [r5, r3]
10001ef0:	4b05      	ldr	r3, [pc, #20]	@ (10001f08 <runtime_init_install_ram_vector_table+0xb0>)
10001ef2:	609d      	str	r5, [r3, #8]
10001ef4:	bdf8      	pop	{r3, r4, r5, r6, r7, pc}
10001ef6:	46c0      	nop			@ (mov r8, r8)
10001ef8:	10000100 	.word	0x10000100
10001efc:	100001c0 	.word	0x100001c0
10001f00:	20000000 	.word	0x20000000
10001f04:	100001c1 	.word	0x100001c1
10001f08:	e000ed00 	.word	0xe000ed00

10001f0c <runtime_init_clocks>:
10001f0c:	2300      	movs	r3, #0
10001f0e:	b510      	push	{r4, lr}
10001f10:	4c29      	ldr	r4, [pc, #164]	@ (10001fb8 <runtime_init_clocks+0xac>)
10001f12:	b082      	sub	sp, #8
10001f14:	67a3      	str	r3, [r4, #120]	@ 0x78
10001f16:	f7ff ff2d 	bl	10001d74 <xosc_init>
10001f1a:	2201      	movs	r2, #1
10001f1c:	4b27      	ldr	r3, [pc, #156]	@ (10001fbc <runtime_init_clocks+0xb0>)
10001f1e:	601a      	str	r2, [r3, #0]
10001f20:	6c63      	ldr	r3, [r4, #68]	@ 0x44
10001f22:	2b01      	cmp	r3, #1
10001f24:	d1fc      	bne.n	10001f20 <runtime_init_clocks+0x14>
10001f26:	2203      	movs	r2, #3
10001f28:	4b25      	ldr	r3, [pc, #148]	@ (10001fc0 <runtime_init_clocks+0xb4>)
10001f2a:	601a      	str	r2, [r3, #0]
10001f2c:	4a22      	ldr	r2, [pc, #136]	@ (10001fb8 <runtime_init_clocks+0xac>)
10001f2e:	6b93      	ldr	r3, [r2, #56]	@ 0x38
10001f30:	2b01      	cmp	r3, #1
10001f32:	d1fc      	bne.n	10001f2e <runtime_init_clocks+0x22>
10001f34:	3301      	adds	r3, #1
10001f36:	9300      	str	r3, [sp, #0]
10001f38:	2101      	movs	r1, #1
10001f3a:	4a22      	ldr	r2, [pc, #136]	@ (10001fc4 <runtime_init_clocks+0xb8>)
10001f3c:	4822      	ldr	r0, [pc, #136]	@ (10001fc8 <runtime_init_clocks+0xbc>)
10001f3e:	3304      	adds	r3, #4
10001f40:	f7ff fe8c 	bl	10001c5c <pll_init>
10001f44:	2305      	movs	r3, #5
10001f46:	2101      	movs	r1, #1
10001f48:	9300      	str	r3, [sp, #0]
10001f4a:	4a20      	ldr	r2, [pc, #128]	@ (10001fcc <runtime_init_clocks+0xc0>)
10001f4c:	4820      	ldr	r0, [pc, #128]	@ (10001fd0 <runtime_init_clocks+0xc4>)
10001f4e:	f7ff fe85 	bl	10001c5c <pll_init>
10001f52:	2200      	movs	r2, #0
10001f54:	2102      	movs	r1, #2
10001f56:	2004      	movs	r0, #4
10001f58:	4b1e      	ldr	r3, [pc, #120]	@ (10001fd4 <runtime_init_clocks+0xc8>)
10001f5a:	f7ff fe05 	bl	10001b68 <clock_configure_undivided>
10001f5e:	2200      	movs	r2, #0
10001f60:	2101      	movs	r1, #1
10001f62:	2005      	movs	r0, #5
10001f64:	4b1c      	ldr	r3, [pc, #112]	@ (10001fd8 <runtime_init_clocks+0xcc>)
10001f66:	f7ff fdff 	bl	10001b68 <clock_configure_undivided>
10001f6a:	2200      	movs	r2, #0
10001f6c:	2100      	movs	r1, #0
10001f6e:	2007      	movs	r0, #7
10001f70:	4b1a      	ldr	r3, [pc, #104]	@ (10001fdc <runtime_init_clocks+0xd0>)
10001f72:	f7ff fdf9 	bl	10001b68 <clock_configure_undivided>
10001f76:	2200      	movs	r2, #0
10001f78:	2100      	movs	r1, #0
10001f7a:	2008      	movs	r0, #8
10001f7c:	4b17      	ldr	r3, [pc, #92]	@ (10001fdc <runtime_init_clocks+0xd0>)
10001f7e:	f7ff fdf3 	bl	10001b68 <clock_configure_undivided>
10001f82:	2380      	movs	r3, #128	@ 0x80
10001f84:	00db      	lsls	r3, r3, #3
10001f86:	9300      	str	r3, [sp, #0]
10001f88:	2200      	movs	r2, #0
10001f8a:	2100      	movs	r1, #0
10001f8c:	2009      	movs	r0, #9
10001f8e:	4b13      	ldr	r3, [pc, #76]	@ (10001fdc <runtime_init_clocks+0xd0>)
10001f90:	f7ff fd70 	bl	10001a74 <clock_configure_int_divider>
10001f94:	2200      	movs	r2, #0
10001f96:	4b10      	ldr	r3, [pc, #64]	@ (10001fd8 <runtime_init_clocks+0xcc>)
10001f98:	2100      	movs	r1, #0
10001f9a:	2006      	movs	r0, #6
10001f9c:	f7ff fde4 	bl	10001b68 <clock_configure_undivided>
10001fa0:	2004      	movs	r0, #4
10001fa2:	f7ff fe55 	bl	10001c50 <clock_get_hz>
10001fa6:	490e      	ldr	r1, [pc, #56]	@ (10001fe0 <runtime_init_clocks+0xd4>)
10001fa8:	f000 f852 	bl	10002050 <__wrap___aeabi_uidiv>
10001fac:	0001      	movs	r1, r0
10001fae:	2000      	movs	r0, #0
10001fb0:	f7ff fea6 	bl	10001d00 <tick_start>
10001fb4:	b002      	add	sp, #8
10001fb6:	bd10      	pop	{r4, pc}
10001fb8:	40008000 	.word	0x40008000
10001fbc:	4000b03c 	.word	0x4000b03c
10001fc0:	4000b030 	.word	0x4000b030
10001fc4:	59682f00 	.word	0x59682f00
10001fc8:	40028000 	.word	0x40028000
10001fcc:	47868c00 	.word	0x47868c00
10001fd0:	4002c000 	.word	0x4002c000
10001fd4:	00b71b00 	.word	0x00b71b00
10001fd8:	07735940 	.word	0x07735940
10001fdc:	02dc6c00 	.word	0x02dc6c00
10001fe0:	000f4240 	.word	0x000f4240

10001fe4 <__aeabi_bits_init>:
10001fe4:	4801      	ldr	r0, [pc, #4]	@ (10001fec <__aeabi_bits_init+0x8>)
10001fe6:	2104      	movs	r1, #4
10001fe8:	4b01      	ldr	r3, [pc, #4]	@ (10001ff0 <__aeabi_bits_init+0xc>)
10001fea:	4718      	bx	r3
10001fec:	20003300 	.word	0x20003300
10001ff0:	10001d31 	.word	0x10001d31

10001ff4 <__wrap___ctzsi2>:
10001ff4:	4b01      	ldr	r3, [pc, #4]	@ (10001ffc <__wrap___ctzsi2+0x8>)
10001ff6:	689b      	ldr	r3, [r3, #8]
10001ff8:	4718      	bx	r3
10001ffa:	0000      	.short	0x0000
10001ffc:	20003300 	.word	0x20003300

10002000 <__wrap___aeabi_idiv>:
10002000:	4a12      	ldr	r2, [pc, #72]	@ (1000204c <divmod_s32s32_savestate+0x18>)
10002002:	6f93      	ldr	r3, [r2, #120]	@ 0x78
10002004:	089b      	lsrs	r3, r3, #2
10002006:	d215      	bcs.n	10002034 <divmod_s32s32_savestate>

10002008 <divmod_s32s32_unsafe>:
10002008:	6690      	str	r0, [r2, #104]	@ 0x68
1000200a:	66d1      	str	r1, [r2, #108]	@ 0x6c
1000200c:	2900      	cmp	r1, #0
1000200e:	d005      	beq.n	1000201c <divmod_s32s32_unsafe+0x14>
10002010:	e7ff      	b.n	10002012 <divmod_s32s32_unsafe+0xa>
10002012:	e7ff      	b.n	10002014 <divmod_s32s32_unsafe+0xc>
10002014:	e7ff      	b.n	10002016 <divmod_s32s32_unsafe+0xe>
10002016:	6f51      	ldr	r1, [r2, #116]	@ 0x74
10002018:	6f10      	ldr	r0, [r2, #112]	@ 0x70
1000201a:	4770      	bx	lr
1000201c:	b504      	push	{r2, lr}
1000201e:	2180      	movs	r1, #128	@ 0x80
10002020:	0609      	lsls	r1, r1, #24
10002022:	17c2      	asrs	r2, r0, #31
10002024:	4051      	eors	r1, r2
10002026:	2800      	cmp	r0, #0
10002028:	d000      	beq.n	1000202c <divmod_s32s32_unsafe+0x24>
1000202a:	43c8      	mvns	r0, r1
1000202c:	f006 fd94 	bl	10008b58 <____aeabi_idiv0_veneer>
10002030:	2100      	movs	r1, #0
10002032:	bd04      	pop	{r2, pc}

10002034 <divmod_s32s32_savestate>:
10002034:	b5f0      	push	{r4, r5, r6, r7, lr}
10002036:	6e14      	ldr	r4, [r2, #96]	@ 0x60
10002038:	6e55      	ldr	r5, [r2, #100]	@ 0x64
1000203a:	6f57      	ldr	r7, [r2, #116]	@ 0x74
1000203c:	6f16      	ldr	r6, [r2, #112]	@ 0x70
1000203e:	f7ff ffe3 	bl	10002008 <divmod_s32s32_unsafe>
10002042:	6614      	str	r4, [r2, #96]	@ 0x60
10002044:	6655      	str	r5, [r2, #100]	@ 0x64
10002046:	6757      	str	r7, [r2, #116]	@ 0x74
10002048:	6716      	str	r6, [r2, #112]	@ 0x70
1000204a:	bdf0      	pop	{r4, r5, r6, r7, pc}
1000204c:	d0000000 	.word	0xd0000000

10002050 <__wrap___aeabi_uidiv>:
10002050:	4a11      	ldr	r2, [pc, #68]	@ (10002098 <divmod_u32u32_savestate+0x18>)
10002052:	6f93      	ldr	r3, [r2, #120]	@ 0x78
10002054:	089b      	lsrs	r3, r3, #2
10002056:	d213      	bcs.n	10002080 <divmod_u32u32_savestate>

10002058 <divmod_u32u32_unsafe>:
10002058:	6610      	str	r0, [r2, #96]	@ 0x60
1000205a:	6651      	str	r1, [r2, #100]	@ 0x64
1000205c:	2900      	cmp	r1, #0
1000205e:	d005      	beq.n	1000206c <divmod_u32u32_unsafe+0x14>
10002060:	e7ff      	b.n	10002062 <divmod_u32u32_unsafe+0xa>
10002062:	e7ff      	b.n	10002064 <divmod_u32u32_unsafe+0xc>
10002064:	e7ff      	b.n	10002066 <divmod_u32u32_unsafe+0xe>
10002066:	6f51      	ldr	r1, [r2, #116]	@ 0x74
10002068:	6f10      	ldr	r0, [r2, #112]	@ 0x70
1000206a:	4770      	bx	lr
1000206c:	b504      	push	{r2, lr}
1000206e:	2800      	cmp	r0, #0
10002070:	d001      	beq.n	10002076 <divmod_u32u32_unsafe+0x1e>
10002072:	2000      	movs	r0, #0
10002074:	43c0      	mvns	r0, r0
10002076:	f006 fd6f 	bl	10008b58 <____aeabi_idiv0_veneer>
1000207a:	2100      	movs	r1, #0
1000207c:	bd04      	pop	{r2, pc}
1000207e:	46c0      	nop			@ (mov r8, r8)

10002080 <divmod_u32u32_savestate>:
10002080:	b5f0      	push	{r4, r5, r6, r7, lr}
10002082:	6e14      	ldr	r4, [r2, #96]	@ 0x60
10002084:	6e55      	ldr	r5, [r2, #100]	@ 0x64
10002086:	6f57      	ldr	r7, [r2, #116]	@ 0x74
10002088:	6f16      	ldr	r6, [r2, #112]	@ 0x70
1000208a:	f7ff ffe5 	bl	10002058 <divmod_u32u32_unsafe>
1000208e:	6614      	str	r4, [r2, #96]	@ 0x60
10002090:	6655      	str	r5, [r2, #100]	@ 0x64
10002092:	6757      	str	r7, [r2, #116]	@ 0x74
10002094:	6716      	str	r6, [r2, #112]	@ 0x70
10002096:	bdf0      	pop	{r4, r5, r6, r7, pc}
10002098:	d0000000 	.word	0xd0000000

1000209c <__wrap___aeabi_ldivmod>:
1000209c:	4694      	mov	ip, r2
1000209e:	4a4a      	ldr	r2, [pc, #296]	@ (100021c8 <udiv0+0x1a>)
100020a0:	6f92      	ldr	r2, [r2, #120]	@ 0x78
100020a2:	0892      	lsrs	r2, r2, #2
100020a4:	4662      	mov	r2, ip
100020a6:	d201      	bcs.n	100020ac <divmod_s64s64_savestate>
100020a8:	e028      	b.n	100020fc <divmod_s64s64_unsafe>
100020aa:	46c0      	nop			@ (mov r8, r8)

100020ac <divmod_s64s64_savestate>:
100020ac:	b5f0      	push	{r4, r5, r6, r7, lr}
100020ae:	4e46      	ldr	r6, [pc, #280]	@ (100021c8 <udiv0+0x1a>)
100020b0:	6e34      	ldr	r4, [r6, #96]	@ 0x60
100020b2:	6e75      	ldr	r5, [r6, #100]	@ 0x64
100020b4:	6f77      	ldr	r7, [r6, #116]	@ 0x74
100020b6:	6f36      	ldr	r6, [r6, #112]	@ 0x70
100020b8:	f000 f820 	bl	100020fc <divmod_s64s64_unsafe>
100020bc:	4694      	mov	ip, r2
100020be:	4a42      	ldr	r2, [pc, #264]	@ (100021c8 <udiv0+0x1a>)
100020c0:	6614      	str	r4, [r2, #96]	@ 0x60
100020c2:	6655      	str	r5, [r2, #100]	@ 0x64
100020c4:	6757      	str	r7, [r2, #116]	@ 0x74
100020c6:	6716      	str	r6, [r2, #112]	@ 0x70
100020c8:	4662      	mov	r2, ip
100020ca:	bdf0      	pop	{r4, r5, r6, r7, pc}

100020cc <__wrap___aeabi_uldivmod>:
100020cc:	4694      	mov	ip, r2
100020ce:	4a3e      	ldr	r2, [pc, #248]	@ (100021c8 <udiv0+0x1a>)
100020d0:	6f92      	ldr	r2, [r2, #120]	@ 0x78
100020d2:	0892      	lsrs	r2, r2, #2
100020d4:	4662      	mov	r2, ip
100020d6:	d201      	bcs.n	100020dc <divmod_u64u64_savestate>
100020d8:	e054      	b.n	10002184 <divmod_u64u64_unsafe>
100020da:	46c0      	nop			@ (mov r8, r8)

100020dc <divmod_u64u64_savestate>:
100020dc:	b5f0      	push	{r4, r5, r6, r7, lr}
100020de:	4e3a      	ldr	r6, [pc, #232]	@ (100021c8 <udiv0+0x1a>)
100020e0:	6e34      	ldr	r4, [r6, #96]	@ 0x60
100020e2:	6e75      	ldr	r5, [r6, #100]	@ 0x64
100020e4:	6f77      	ldr	r7, [r6, #116]	@ 0x74
100020e6:	6f36      	ldr	r6, [r6, #112]	@ 0x70
100020e8:	f000 f84c 	bl	10002184 <divmod_u64u64_unsafe>
100020ec:	4694      	mov	ip, r2
100020ee:	4a36      	ldr	r2, [pc, #216]	@ (100021c8 <udiv0+0x1a>)
100020f0:	6614      	str	r4, [r2, #96]	@ 0x60
100020f2:	6655      	str	r5, [r2, #100]	@ 0x64
100020f4:	6757      	str	r7, [r2, #116]	@ 0x74
100020f6:	6716      	str	r6, [r2, #112]	@ 0x70
100020f8:	4662      	mov	r2, ip
100020fa:	bdf0      	pop	{r4, r5, r6, r7, pc}

100020fc <divmod_s64s64_unsafe>:
100020fc:	2b00      	cmp	r3, #0
100020fe:	db24      	blt.n	1000214a <l42_1+0x26>
10002100:	d011      	beq.n	10002126 <l42_1+0x2>
10002102:	2900      	cmp	r1, #0
10002104:	da3e      	bge.n	10002184 <divmod_u64u64_unsafe>
10002106:	b500      	push	{lr}
10002108:	43c9      	mvns	r1, r1
1000210a:	4240      	negs	r0, r0
1000210c:	d100      	bne.n	10002110 <l40_1>
1000210e:	3101      	adds	r1, #1

10002110 <l40_1>:
10002110:	f000 f838 	bl	10002184 <divmod_u64u64_unsafe>
10002114:	43c9      	mvns	r1, r1
10002116:	4240      	negs	r0, r0
10002118:	d100      	bne.n	1000211c <l41_1>
1000211a:	3101      	adds	r1, #1

1000211c <l41_1>:
1000211c:	43db      	mvns	r3, r3
1000211e:	4252      	negs	r2, r2
10002120:	d100      	bne.n	10002124 <l42_1>
10002122:	3301      	adds	r3, #1

10002124 <l42_1>:
10002124:	bd00      	pop	{pc}
10002126:	2a00      	cmp	r2, #0
10002128:	d1eb      	bne.n	10002102 <divmod_s64s64_unsafe+0x6>
1000212a:	2800      	cmp	r0, #0
1000212c:	d101      	bne.n	10002132 <l42_1+0xe>
1000212e:	2900      	cmp	r1, #0
10002130:	d005      	beq.n	1000213e <l42_1+0x1a>
10002132:	2000      	movs	r0, #0
10002134:	0fc9      	lsrs	r1, r1, #31
10002136:	07c9      	lsls	r1, r1, #31
10002138:	d101      	bne.n	1000213e <l42_1+0x1a>
1000213a:	43c0      	mvns	r0, r0
1000213c:	0841      	lsrs	r1, r0, #1
1000213e:	b500      	push	{lr}
10002140:	f006 fcfa 	bl	10008b38 <____aeabi_ldiv0_veneer>
10002144:	2200      	movs	r2, #0
10002146:	2300      	movs	r3, #0
10002148:	bd00      	pop	{pc}
1000214a:	b500      	push	{lr}
1000214c:	2900      	cmp	r1, #0
1000214e:	db0a      	blt.n	10002166 <l44_1+0x2>
10002150:	43db      	mvns	r3, r3
10002152:	4252      	negs	r2, r2
10002154:	d100      	bne.n	10002158 <l43_1>
10002156:	3301      	adds	r3, #1

10002158 <l43_1>:
10002158:	f000 f814 	bl	10002184 <divmod_u64u64_unsafe>
1000215c:	43c9      	mvns	r1, r1
1000215e:	4240      	negs	r0, r0
10002160:	d100      	bne.n	10002164 <l44_1>
10002162:	3101      	adds	r1, #1

10002164 <l44_1>:
10002164:	bd00      	pop	{pc}
10002166:	43c9      	mvns	r1, r1
10002168:	4240      	negs	r0, r0
1000216a:	d100      	bne.n	1000216e <l45_1>
1000216c:	3101      	adds	r1, #1

1000216e <l45_1>:
1000216e:	43db      	mvns	r3, r3
10002170:	4252      	negs	r2, r2
10002172:	d100      	bne.n	10002176 <l46_1>
10002174:	3301      	adds	r3, #1

10002176 <l46_1>:
10002176:	f000 f805 	bl	10002184 <divmod_u64u64_unsafe>
1000217a:	43db      	mvns	r3, r3
1000217c:	4252      	negs	r2, r2
1000217e:	d100      	bne.n	10002182 <l47_1>
10002180:	3301      	adds	r3, #1

10002182 <l47_1>:
10002182:	bd00      	pop	{pc}

10002184 <divmod_u64u64_unsafe>:
10002184:	2900      	cmp	r1, #0
10002186:	d123      	bne.n	100021d0 <y64>
10002188:	2b00      	cmp	r3, #0
1000218a:	d118      	bne.n	100021be <udiv0+0x10>
1000218c:	2a00      	cmp	r2, #0
1000218e:	d00c      	beq.n	100021aa <divmod_u64u64_unsafe+0x26>
10002190:	46bc      	mov	ip, r7
10002192:	4f0d      	ldr	r7, [pc, #52]	@ (100021c8 <udiv0+0x1a>)
10002194:	6638      	str	r0, [r7, #96]	@ 0x60
10002196:	667a      	str	r2, [r7, #100]	@ 0x64
10002198:	2100      	movs	r1, #0
1000219a:	2300      	movs	r3, #0
1000219c:	e7ff      	b.n	1000219e <divmod_u64u64_unsafe+0x1a>
1000219e:	e7ff      	b.n	100021a0 <divmod_u64u64_unsafe+0x1c>
100021a0:	e7ff      	b.n	100021a2 <divmod_u64u64_unsafe+0x1e>
100021a2:	6f7a      	ldr	r2, [r7, #116]	@ 0x74
100021a4:	6f38      	ldr	r0, [r7, #112]	@ 0x70
100021a6:	4667      	mov	r7, ip
100021a8:	4770      	bx	lr
100021aa:	2800      	cmp	r0, #0
100021ac:	d001      	beq.n	100021b2 <udiv0+0x4>

100021ae <udiv0>:
100021ae:	4807      	ldr	r0, [pc, #28]	@ (100021cc <udiv0+0x1e>)
100021b0:	0001      	movs	r1, r0
100021b2:	b500      	push	{lr}
100021b4:	f006 fcc0 	bl	10008b38 <____aeabi_ldiv0_veneer>
100021b8:	2200      	movs	r2, #0
100021ba:	2300      	movs	r3, #0
100021bc:	bd00      	pop	{pc}
100021be:	0002      	movs	r2, r0
100021c0:	000b      	movs	r3, r1
100021c2:	2000      	movs	r0, #0
100021c4:	2100      	movs	r1, #0
100021c6:	4770      	bx	lr
100021c8:	d0000000 	.word	0xd0000000
100021cc:	ffffffff 	.word	0xffffffff

100021d0 <y64>:
100021d0:	2b00      	cmp	r3, #0
100021d2:	d000      	beq.n	100021d6 <y64+0x6>
100021d4:	e0bf      	b.n	10002356 <y64_x48>
100021d6:	0c13      	lsrs	r3, r2, #16
100021d8:	d128      	bne.n	1000222c <y64_x32>
100021da:	2a00      	cmp	r2, #0
100021dc:	d0e7      	beq.n	100021ae <udiv0>
100021de:	b480      	push	{r7}
100021e0:	4f11      	ldr	r7, [pc, #68]	@ (10002228 <y64+0x58>)
100021e2:	6639      	str	r1, [r7, #96]	@ 0x60
100021e4:	667a      	str	r2, [r7, #100]	@ 0x64
100021e6:	e7ff      	b.n	100021e8 <y64+0x18>
100021e8:	e7ff      	b.n	100021ea <y64+0x1a>
100021ea:	b430      	push	{r4, r5}
100021ec:	0c04      	lsrs	r4, r0, #16
100021ee:	6f7b      	ldr	r3, [r7, #116]	@ 0x74
100021f0:	6f39      	ldr	r1, [r7, #112]	@ 0x70
100021f2:	041b      	lsls	r3, r3, #16
100021f4:	4323      	orrs	r3, r4
100021f6:	663b      	str	r3, [r7, #96]	@ 0x60
100021f8:	667a      	str	r2, [r7, #100]	@ 0x64
100021fa:	e7ff      	b.n	100021fc <y64+0x2c>
100021fc:	e7ff      	b.n	100021fe <y64+0x2e>
100021fe:	e7ff      	b.n	10002200 <y64+0x30>
10002200:	46c0      	nop			@ (mov r8, r8)
10002202:	b284      	uxth	r4, r0
10002204:	6f7b      	ldr	r3, [r7, #116]	@ 0x74
10002206:	6f3d      	ldr	r5, [r7, #112]	@ 0x70
10002208:	041b      	lsls	r3, r3, #16
1000220a:	4323      	orrs	r3, r4
1000220c:	663b      	str	r3, [r7, #96]	@ 0x60
1000220e:	667a      	str	r2, [r7, #100]	@ 0x64
10002210:	e7ff      	b.n	10002212 <y64+0x42>
10002212:	e7ff      	b.n	10002214 <y64+0x44>
10002214:	46c0      	nop			@ (mov r8, r8)
10002216:	2300      	movs	r3, #0
10002218:	042c      	lsls	r4, r5, #16
1000221a:	0c2d      	lsrs	r5, r5, #16
1000221c:	6f7a      	ldr	r2, [r7, #116]	@ 0x74
1000221e:	6f38      	ldr	r0, [r7, #112]	@ 0x70
10002220:	1900      	adds	r0, r0, r4
10002222:	4169      	adcs	r1, r5
10002224:	bcb0      	pop	{r4, r5, r7}
10002226:	4770      	bx	lr
10002228:	d0000000 	.word	0xd0000000

1000222c <y64_x32>:
1000222c:	b5f0      	push	{r4, r5, r6, r7, lr}
1000222e:	4694      	mov	ip, r2
10002230:	2500      	movs	r5, #0
10002232:	0e14      	lsrs	r4, r2, #24
10002234:	d101      	bne.n	1000223a <y64_x32+0xe>
10002236:	0212      	lsls	r2, r2, #8
10002238:	3508      	adds	r5, #8
1000223a:	0f14      	lsrs	r4, r2, #28
1000223c:	d101      	bne.n	10002242 <y64_x32+0x16>
1000223e:	0112      	lsls	r2, r2, #4
10002240:	3504      	adds	r5, #4
10002242:	0f94      	lsrs	r4, r2, #30
10002244:	d101      	bne.n	1000224a <y64_x32+0x1e>
10002246:	0092      	lsls	r2, r2, #2
10002248:	3502      	adds	r5, #2
1000224a:	0fd4      	lsrs	r4, r2, #31
1000224c:	d101      	bne.n	10002252 <y64_x32+0x26>
1000224e:	0052      	lsls	r2, r2, #1
10002250:	3501      	adds	r5, #1
10002252:	0bd4      	lsrs	r4, r2, #15
10002254:	3401      	adds	r4, #1
10002256:	4f25      	ldr	r7, [pc, #148]	@ (100022ec <y64_x32+0xc0>)
10002258:	667c      	str	r4, [r7, #100]	@ 0x64
1000225a:	4c25      	ldr	r4, [pc, #148]	@ (100022f0 <y64_x32+0xc4>)
1000225c:	663c      	str	r4, [r7, #96]	@ 0x60
1000225e:	0c0e      	lsrs	r6, r1, #16
10002260:	b293      	uxth	r3, r2
10002262:	e7ff      	b.n	10002264 <y64_x32+0x38>
10002264:	e7ff      	b.n	10002266 <y64_x32+0x3a>
10002266:	e7ff      	b.n	10002268 <y64_x32+0x3c>
10002268:	6f3c      	ldr	r4, [r7, #112]	@ 0x70
1000226a:	4366      	muls	r6, r4
1000226c:	0c36      	lsrs	r6, r6, #16
1000226e:	0377      	lsls	r7, r6, #13
10002270:	46be      	mov	lr, r7
10002272:	4373      	muls	r3, r6
10002274:	0bdf      	lsrs	r7, r3, #15
10002276:	045b      	lsls	r3, r3, #17
10002278:	1ac0      	subs	r0, r0, r3
1000227a:	41b9      	sbcs	r1, r7
1000227c:	0c13      	lsrs	r3, r2, #16
1000227e:	4373      	muls	r3, r6
10002280:	18db      	adds	r3, r3, r3
10002282:	1ac9      	subs	r1, r1, r3
10002284:	08ce      	lsrs	r6, r1, #3
10002286:	4366      	muls	r6, r4
10002288:	0c36      	lsrs	r6, r6, #16
1000228a:	44b6      	add	lr, r6
1000228c:	b293      	uxth	r3, r2
1000228e:	4373      	muls	r3, r6
10002290:	0f1f      	lsrs	r7, r3, #28
10002292:	011b      	lsls	r3, r3, #4
10002294:	1ac0      	subs	r0, r0, r3
10002296:	41b9      	sbcs	r1, r7
10002298:	0c13      	lsrs	r3, r2, #16
1000229a:	4373      	muls	r3, r6
1000229c:	0b1f      	lsrs	r7, r3, #12
1000229e:	051b      	lsls	r3, r3, #20
100022a0:	1ac0      	subs	r0, r0, r3
100022a2:	41b9      	sbcs	r1, r7
100022a4:	0d86      	lsrs	r6, r0, #22
100022a6:	028f      	lsls	r7, r1, #10
100022a8:	433e      	orrs	r6, r7
100022aa:	4366      	muls	r6, r4
100022ac:	0c36      	lsrs	r6, r6, #16
100022ae:	2d09      	cmp	r5, #9
100022b0:	db24      	blt.n	100022fc <last0>
100022b2:	0a52      	lsrs	r2, r2, #9
100022b4:	4372      	muls	r2, r6
100022b6:	1a80      	subs	r0, r0, r2
100022b8:	0377      	lsls	r7, r6, #13
100022ba:	0a46      	lsrs	r6, r0, #9
100022bc:	4366      	muls	r6, r4
100022be:	0c36      	lsrs	r6, r6, #16
100022c0:	2316      	movs	r3, #22
100022c2:	1b5b      	subs	r3, r3, r5
100022c4:	40de      	lsrs	r6, r3
100022c6:	40df      	lsrs	r7, r3
100022c8:	19bf      	adds	r7, r7, r6
100022ca:	4664      	mov	r4, ip
100022cc:	4366      	muls	r6, r4
100022ce:	1b82      	subs	r2, r0, r6
100022d0:	4670      	mov	r0, lr
100022d2:	3504      	adds	r5, #4
100022d4:	3306      	adds	r3, #6
100022d6:	0001      	movs	r1, r0
100022d8:	40d9      	lsrs	r1, r3
100022da:	40a8      	lsls	r0, r5
100022dc:	19c0      	adds	r0, r0, r7
100022de:	d300      	bcc.n	100022e2 <y64_x32+0xb6>
100022e0:	3101      	adds	r1, #1
100022e2:	42a2      	cmp	r2, r4
100022e4:	d206      	bcs.n	100022f4 <y64_x32+0xc8>
100022e6:	2300      	movs	r3, #0
100022e8:	bdf0      	pop	{r4, r5, r6, r7, pc}
100022ea:	0000      	.short	0x0000
100022ec:	d0000000 	.word	0xd0000000
100022f0:	ffffffff 	.word	0xffffffff
100022f4:	1b12      	subs	r2, r2, r4
100022f6:	3001      	adds	r0, #1
100022f8:	d3f3      	bcc.n	100022e2 <y64_x32+0xb6>
100022fa:	e7f1      	b.n	100022e0 <y64_x32+0xb4>

100022fc <last0>:
100022fc:	2709      	movs	r7, #9
100022fe:	1b7f      	subs	r7, r7, r5
10002300:	40fe      	lsrs	r6, r7
10002302:	4664      	mov	r4, ip
10002304:	b2a2      	uxth	r2, r4
10002306:	4372      	muls	r2, r6
10002308:	1a80      	subs	r0, r0, r2
1000230a:	d200      	bcs.n	1000230e <last0+0x12>
1000230c:	3901      	subs	r1, #1
1000230e:	0c22      	lsrs	r2, r4, #16
10002310:	4372      	muls	r2, r6
10002312:	0c13      	lsrs	r3, r2, #16
10002314:	0412      	lsls	r2, r2, #16
10002316:	1a82      	subs	r2, r0, r2
10002318:	4199      	sbcs	r1, r3
1000231a:	000b      	movs	r3, r1
1000231c:	4670      	mov	r0, lr
1000231e:	3504      	adds	r5, #4
10002320:	3713      	adds	r7, #19
10002322:	0001      	movs	r1, r0
10002324:	40f9      	lsrs	r1, r7
10002326:	40a8      	lsls	r0, r5
10002328:	1980      	adds	r0, r0, r6
1000232a:	d300      	bcc.n	1000232e <last0+0x32>
1000232c:	3101      	adds	r1, #1
1000232e:	2b00      	cmp	r3, #0
10002330:	d102      	bne.n	10002338 <last0+0x3c>
10002332:	42a2      	cmp	r2, r4
10002334:	d20a      	bcs.n	1000234c <last0+0x50>
10002336:	bdf0      	pop	{r4, r5, r6, r7, pc}
10002338:	3001      	adds	r0, #1
1000233a:	d300      	bcc.n	1000233e <last0+0x42>
1000233c:	3101      	adds	r1, #1
1000233e:	1b12      	subs	r2, r2, r4
10002340:	d2fa      	bcs.n	10002338 <last0+0x3c>
10002342:	3b01      	subs	r3, #1
10002344:	d1f8      	bne.n	10002338 <last0+0x3c>
10002346:	42a2      	cmp	r2, r4
10002348:	d200      	bcs.n	1000234c <last0+0x50>
1000234a:	bdf0      	pop	{r4, r5, r6, r7, pc}
1000234c:	3001      	adds	r0, #1
1000234e:	d300      	bcc.n	10002352 <last0+0x56>
10002350:	3101      	adds	r1, #1
10002352:	1b12      	subs	r2, r2, r4
10002354:	e7f7      	b.n	10002346 <last0+0x4a>

10002356 <y64_x48>:
10002356:	b5f0      	push	{r4, r5, r6, r7, lr}
10002358:	0c1c      	lsrs	r4, r3, #16
1000235a:	d000      	beq.n	1000235e <y64_x48+0x8>
1000235c:	e080      	b.n	10002460 <y64_x64>
1000235e:	b40c      	push	{r2, r3}
10002360:	2500      	movs	r5, #0
10002362:	0a1c      	lsrs	r4, r3, #8
10002364:	d104      	bne.n	10002370 <y64_x48+0x1a>
10002366:	021b      	lsls	r3, r3, #8
10002368:	0e16      	lsrs	r6, r2, #24
1000236a:	4333      	orrs	r3, r6
1000236c:	0212      	lsls	r2, r2, #8
1000236e:	3508      	adds	r5, #8
10002370:	0b1c      	lsrs	r4, r3, #12
10002372:	d104      	bne.n	1000237e <y64_x48+0x28>
10002374:	011b      	lsls	r3, r3, #4
10002376:	0f16      	lsrs	r6, r2, #28
10002378:	4333      	orrs	r3, r6
1000237a:	0112      	lsls	r2, r2, #4
1000237c:	3504      	adds	r5, #4
1000237e:	0b9c      	lsrs	r4, r3, #14
10002380:	d104      	bne.n	1000238c <y64_x48+0x36>
10002382:	009b      	lsls	r3, r3, #2
10002384:	0f96      	lsrs	r6, r2, #30
10002386:	4333      	orrs	r3, r6
10002388:	0092      	lsls	r2, r2, #2
1000238a:	3502      	adds	r5, #2
1000238c:	0bdc      	lsrs	r4, r3, #15
1000238e:	d102      	bne.n	10002396 <y64_x48+0x40>
10002390:	1892      	adds	r2, r2, r2
10002392:	415b      	adcs	r3, r3
10002394:	3501      	adds	r5, #1
10002396:	001c      	movs	r4, r3
10002398:	1897      	adds	r7, r2, r2
1000239a:	4164      	adcs	r4, r4
1000239c:	3401      	adds	r4, #1
1000239e:	4f46      	ldr	r7, [pc, #280]	@ (100024b8 <y64_x64+0x58>)
100023a0:	667c      	str	r4, [r7, #100]	@ 0x64
100023a2:	4c46      	ldr	r4, [pc, #280]	@ (100024bc <y64_x64+0x5c>)
100023a4:	663c      	str	r4, [r7, #96]	@ 0x60
100023a6:	0c0e      	lsrs	r6, r1, #16
100023a8:	e7ff      	b.n	100023aa <y64_x48+0x54>
100023aa:	e7ff      	b.n	100023ac <y64_x48+0x56>
100023ac:	e7ff      	b.n	100023ae <y64_x48+0x58>
100023ae:	46c0      	nop			@ (mov r8, r8)
100023b0:	6f3c      	ldr	r4, [r7, #112]	@ 0x70
100023b2:	4366      	muls	r6, r4
100023b4:	0c36      	lsrs	r6, r6, #16
100023b6:	0377      	lsls	r7, r6, #13
100023b8:	46be      	mov	lr, r7
100023ba:	b297      	uxth	r7, r2
100023bc:	4377      	muls	r7, r6
100023be:	1bc0      	subs	r0, r0, r7
100023c0:	d200      	bcs.n	100023c4 <y64_x48+0x6e>
100023c2:	3901      	subs	r1, #1
100023c4:	1bc0      	subs	r0, r0, r7
100023c6:	d200      	bcs.n	100023ca <y64_x48+0x74>
100023c8:	3901      	subs	r1, #1
100023ca:	b29f      	uxth	r7, r3
100023cc:	4377      	muls	r7, r6
100023ce:	1bc9      	subs	r1, r1, r7
100023d0:	1bc9      	subs	r1, r1, r7
100023d2:	0c17      	lsrs	r7, r2, #16
100023d4:	4377      	muls	r7, r6
100023d6:	047e      	lsls	r6, r7, #17
100023d8:	0bff      	lsrs	r7, r7, #15
100023da:	1b80      	subs	r0, r0, r6
100023dc:	41b9      	sbcs	r1, r7
100023de:	08ce      	lsrs	r6, r1, #3
100023e0:	4366      	muls	r6, r4
100023e2:	0c36      	lsrs	r6, r6, #16
100023e4:	2d0c      	cmp	r5, #12
100023e6:	db33      	blt.n	10002450 <last1>
100023e8:	44b6      	add	lr, r6
100023ea:	0b12      	lsrs	r2, r2, #12
100023ec:	051f      	lsls	r7, r3, #20
100023ee:	433a      	orrs	r2, r7
100023f0:	0b1b      	lsrs	r3, r3, #12
100023f2:	b297      	uxth	r7, r2
100023f4:	4377      	muls	r7, r6
100023f6:	1bc0      	subs	r0, r0, r7
100023f8:	d200      	bcs.n	100023fc <y64_x48+0xa6>
100023fa:	3901      	subs	r1, #1
100023fc:	b29f      	uxth	r7, r3
100023fe:	4377      	muls	r7, r6
10002400:	1bc9      	subs	r1, r1, r7
10002402:	0c17      	lsrs	r7, r2, #16
10002404:	4377      	muls	r7, r6
10002406:	043e      	lsls	r6, r7, #16
10002408:	0c3f      	lsrs	r7, r7, #16
1000240a:	1b80      	subs	r0, r0, r6
1000240c:	41b9      	sbcs	r1, r7
1000240e:	0d86      	lsrs	r6, r0, #22
10002410:	028f      	lsls	r7, r1, #10
10002412:	433e      	orrs	r6, r7
10002414:	4366      	muls	r6, r4
10002416:	2729      	movs	r7, #41	@ 0x29
10002418:	1b7f      	subs	r7, r7, r5
1000241a:	40fe      	lsrs	r6, r7
1000241c:	3d0c      	subs	r5, #12
1000241e:	4677      	mov	r7, lr
10002420:	40af      	lsls	r7, r5
10002422:	19bf      	adds	r7, r7, r6
10002424:	bc30      	pop	{r4, r5}
10002426:	b2a2      	uxth	r2, r4
10002428:	b2ab      	uxth	r3, r5
1000242a:	4372      	muls	r2, r6
1000242c:	4373      	muls	r3, r6
1000242e:	1a80      	subs	r0, r0, r2
10002430:	4199      	sbcs	r1, r3
10002432:	0c22      	lsrs	r2, r4, #16
10002434:	4372      	muls	r2, r6
10002436:	0c13      	lsrs	r3, r2, #16
10002438:	0412      	lsls	r2, r2, #16
1000243a:	1a80      	subs	r0, r0, r2
1000243c:	4199      	sbcs	r1, r3
1000243e:	0002      	movs	r2, r0
10002440:	000b      	movs	r3, r1
10002442:	3701      	adds	r7, #1
10002444:	1b00      	subs	r0, r0, r4
10002446:	41a9      	sbcs	r1, r5
10002448:	d2f9      	bcs.n	1000243e <y64_x48+0xe8>
1000244a:	1e78      	subs	r0, r7, #1
1000244c:	2100      	movs	r1, #0
1000244e:	bdf0      	pop	{r4, r5, r6, r7, pc}

10002450 <last1>:
10002450:	270c      	movs	r7, #12
10002452:	1b7f      	subs	r7, r7, r5
10002454:	40fe      	lsrs	r6, r7
10002456:	4677      	mov	r7, lr
10002458:	0b7f      	lsrs	r7, r7, #13
1000245a:	40af      	lsls	r7, r5
1000245c:	19ff      	adds	r7, r7, r7
1000245e:	e7e0      	b.n	10002422 <y64_x48+0xcc>

10002460 <y64_x64>:
10002460:	2400      	movs	r4, #0
10002462:	1c5d      	adds	r5, r3, #1
10002464:	d007      	beq.n	10002476 <y64_x64+0x16>
10002466:	4f14      	ldr	r7, [pc, #80]	@ (100024b8 <y64_x64+0x58>)
10002468:	667d      	str	r5, [r7, #100]	@ 0x64
1000246a:	6639      	str	r1, [r7, #96]	@ 0x60
1000246c:	e7ff      	b.n	1000246e <y64_x64+0xe>
1000246e:	e7ff      	b.n	10002470 <y64_x64+0x10>
10002470:	e7ff      	b.n	10002472 <y64_x64+0x12>
10002472:	e7ff      	b.n	10002474 <y64_x64+0x14>
10002474:	6f3c      	ldr	r4, [r7, #112]	@ 0x70
10002476:	b295      	uxth	r5, r2
10002478:	b29e      	uxth	r6, r3
1000247a:	4365      	muls	r5, r4
1000247c:	4366      	muls	r6, r4
1000247e:	1b40      	subs	r0, r0, r5
10002480:	41b1      	sbcs	r1, r6
10002482:	0c15      	lsrs	r5, r2, #16
10002484:	0c1e      	lsrs	r6, r3, #16
10002486:	4365      	muls	r5, r4
10002488:	4366      	muls	r6, r4
1000248a:	0436      	lsls	r6, r6, #16
1000248c:	0c2f      	lsrs	r7, r5, #16
1000248e:	433e      	orrs	r6, r7
10002490:	042d      	lsls	r5, r5, #16
10002492:	1b40      	subs	r0, r0, r5
10002494:	41b1      	sbcs	r1, r6
10002496:	4299      	cmp	r1, r3
10002498:	d204      	bcs.n	100024a4 <y64_x64+0x44>
1000249a:	0002      	movs	r2, r0
1000249c:	000b      	movs	r3, r1
1000249e:	0020      	movs	r0, r4
100024a0:	2100      	movs	r1, #0
100024a2:	bdf0      	pop	{r4, r5, r6, r7, pc}
100024a4:	d101      	bne.n	100024aa <y64_x64+0x4a>
100024a6:	4290      	cmp	r0, r2
100024a8:	d3f7      	bcc.n	1000249a <y64_x64+0x3a>
100024aa:	1a80      	subs	r0, r0, r2
100024ac:	4199      	sbcs	r1, r3
100024ae:	3401      	adds	r4, #1
100024b0:	4299      	cmp	r1, r3
100024b2:	d3f2      	bcc.n	1000249a <y64_x64+0x3a>
100024b4:	e7f6      	b.n	100024a4 <y64_x64+0x44>
100024b6:	0000      	.short	0x0000
100024b8:	d0000000 	.word	0xd0000000
100024bc:	ffffffff 	.word	0xffffffff

100024c0 <__wrap___aeabi_drsub>:
100024c0:	4048      	eors	r0, r1
100024c2:	4041      	eors	r1, r0
100024c4:	4048      	eors	r0, r1

100024c6 <__wrap___aeabi_dsub>:
100024c6:	b418      	push	{r3, r4}
100024c8:	4b1b      	ldr	r3, [pc, #108]	@ (10002538 <__wrap___aeabi_dmul+0x12>)
100024ca:	685b      	ldr	r3, [r3, #4]
100024cc:	46fc      	mov	ip, pc
100024ce:	9301      	str	r3, [sp, #4]
100024d0:	bd08      	pop	{r3, pc}
100024d2:	df04      	.short	0xdf04
100024d4:	1000276b 	.word	0x1000276b

100024d8 <__wrap___aeabi_dadd>:
100024d8:	b418      	push	{r3, r4}
100024da:	4b17      	ldr	r3, [pc, #92]	@ (10002538 <__wrap___aeabi_dmul+0x12>)
100024dc:	681b      	ldr	r3, [r3, #0]
100024de:	46fc      	mov	ip, pc
100024e0:	9301      	str	r3, [sp, #4]
100024e2:	bd08      	pop	{r3, pc}
100024e4:	2775df00 	.word	0x2775df00
100024e8:	1000      	.short	0x1000

100024ea <__wrap___aeabi_ddiv>:
100024ea:	4694      	mov	ip, r2
100024ec:	4a13      	ldr	r2, [pc, #76]	@ (1000253c <__wrap___aeabi_dmul+0x16>)
100024ee:	6f92      	ldr	r2, [r2, #120]	@ 0x78
100024f0:	0892      	lsrs	r2, r2, #2
100024f2:	d209      	bcs.n	10002508 <ddiv_save_state>
100024f4:	4662      	mov	r2, ip

100024f6 <ddiv_shim_call>:
100024f6:	b418      	push	{r3, r4}
100024f8:	4b0f      	ldr	r3, [pc, #60]	@ (10002538 <__wrap___aeabi_dmul+0x12>)
100024fa:	68db      	ldr	r3, [r3, #12]
100024fc:	46fc      	mov	ip, pc
100024fe:	9301      	str	r3, [sp, #4]
10002500:	bd08      	pop	{r3, pc}
10002502:	df0c      	.short	0xdf0c
10002504:	10002a2d 	.word	0x10002a2d

10002508 <ddiv_save_state>:
10002508:	4a0c      	ldr	r2, [pc, #48]	@ (1000253c <__wrap___aeabi_dmul+0x16>)
1000250a:	b5f0      	push	{r4, r5, r6, r7, lr}
1000250c:	6e14      	ldr	r4, [r2, #96]	@ 0x60
1000250e:	6e55      	ldr	r5, [r2, #100]	@ 0x64
10002510:	6f57      	ldr	r7, [r2, #116]	@ 0x74
10002512:	6f16      	ldr	r6, [r2, #112]	@ 0x70
10002514:	4662      	mov	r2, ip
10002516:	f7ff ffee 	bl	100024f6 <ddiv_shim_call>
1000251a:	4a08      	ldr	r2, [pc, #32]	@ (1000253c <__wrap___aeabi_dmul+0x16>)
1000251c:	6614      	str	r4, [r2, #96]	@ 0x60
1000251e:	6655      	str	r5, [r2, #100]	@ 0x64
10002520:	6757      	str	r7, [r2, #116]	@ 0x74
10002522:	6716      	str	r6, [r2, #112]	@ 0x70
10002524:	bdf0      	pop	{r4, r5, r6, r7, pc}

10002526 <__wrap___aeabi_dmul>:
10002526:	b418      	push	{r3, r4}
10002528:	4b03      	ldr	r3, [pc, #12]	@ (10002538 <__wrap___aeabi_dmul+0x12>)
1000252a:	689b      	ldr	r3, [r3, #8]
1000252c:	46fc      	mov	ip, pc
1000252e:	9301      	str	r3, [sp, #4]
10002530:	bd08      	pop	{r3, pc}
10002532:	df08      	.short	0xdf08
10002534:	100028d1 	.word	0x100028d1
10002538:	20003a98 	.word	0x20003a98
1000253c:	d0000000 	.word	0xd0000000

10002540 <__wrap___aeabi_cdrcmple>:
10002540:	b5ff      	push	{r0, r1, r2, r3, r4, r5, r6, r7, lr}
10002542:	4050      	eors	r0, r2
10002544:	4042      	eors	r2, r0
10002546:	4050      	eors	r0, r2
10002548:	4059      	eors	r1, r3
1000254a:	404b      	eors	r3, r1
1000254c:	4059      	eors	r1, r3
1000254e:	e000      	b.n	10002552 <__aeabi_dfcmple_guts>

10002550 <__wrap___aeabi_cdcmpeq>:
10002550:	b5ff      	push	{r0, r1, r2, r3, r4, r5, r6, r7, lr}

10002552 <__aeabi_dfcmple_guts>:
10002552:	4f15      	ldr	r7, [pc, #84]	@ (100025a8 <__aeabi_dfcmple_guts+0x56>)
10002554:	004c      	lsls	r4, r1, #1
10002556:	0d64      	lsrs	r4, r4, #21
10002558:	d003      	beq.n	10002562 <__aeabi_dfcmple_guts+0x10>
1000255a:	42bc      	cmp	r4, r7
1000255c:	d104      	bne.n	10002568 <__aeabi_dfcmple_guts+0x16>
1000255e:	030c      	lsls	r4, r1, #12
10002560:	d814      	bhi.n	1000258c <__aeabi_dfcmple_guts+0x3a>
10002562:	2000      	movs	r0, #0
10002564:	0d09      	lsrs	r1, r1, #20
10002566:	0509      	lsls	r1, r1, #20
10002568:	005c      	lsls	r4, r3, #1
1000256a:	0d64      	lsrs	r4, r4, #21
1000256c:	d003      	beq.n	10002576 <__aeabi_dfcmple_guts+0x24>
1000256e:	42bc      	cmp	r4, r7
10002570:	d104      	bne.n	1000257c <__aeabi_dfcmple_guts+0x2a>
10002572:	031c      	lsls	r4, r3, #12
10002574:	d80a      	bhi.n	1000258c <__aeabi_dfcmple_guts+0x3a>
10002576:	2200      	movs	r2, #0
10002578:	0d1b      	lsrs	r3, r3, #20
1000257a:	051b      	lsls	r3, r3, #20
1000257c:	2601      	movs	r6, #1
1000257e:	404b      	eors	r3, r1
10002580:	d409      	bmi.n	10002596 <__aeabi_dfcmple_guts+0x44>
10002582:	404b      	eors	r3, r1
10002584:	d503      	bpl.n	1000258e <__aeabi_dfcmple_guts+0x3c>
10002586:	428b      	cmp	r3, r1
10002588:	d100      	bne.n	1000258c <__aeabi_dfcmple_guts+0x3a>
1000258a:	4282      	cmp	r2, r0
1000258c:	bdff      	pop	{r0, r1, r2, r3, r4, r5, r6, r7, pc}
1000258e:	4299      	cmp	r1, r3
10002590:	d1fc      	bne.n	1000258c <__aeabi_dfcmple_guts+0x3a>
10002592:	4290      	cmp	r0, r2
10002594:	bdff      	pop	{r0, r1, r2, r3, r4, r5, r6, r7, pc}
10002596:	430b      	orrs	r3, r1
10002598:	18db      	adds	r3, r3, r3
1000259a:	4303      	orrs	r3, r0
1000259c:	4313      	orrs	r3, r2
1000259e:	d0f5      	beq.n	1000258c <__aeabi_dfcmple_guts+0x3a>
100025a0:	43c9      	mvns	r1, r1
100025a2:	1849      	adds	r1, r1, r1
100025a4:	bdff      	pop	{r0, r1, r2, r3, r4, r5, r6, r7, pc}
100025a6:	0000      	.short	0x0000
100025a8:	000007ff 	.word	0x000007ff

100025ac <__wrap___aeabi_dcmplt>:
100025ac:	b500      	push	{lr}
100025ae:	f7ff ffcf 	bl	10002550 <__wrap___aeabi_cdcmpeq>
100025b2:	4180      	sbcs	r0, r0
100025b4:	bd00      	pop	{pc}
100025b6:	46c0      	nop			@ (mov r8, r8)

100025b8 <__wrap___aeabi_dcmple>:
100025b8:	b500      	push	{lr}
100025ba:	f7ff ffc9 	bl	10002550 <__wrap___aeabi_cdcmpeq>
100025be:	d901      	bls.n	100025c4 <__wrap___aeabi_dcmple+0xc>
100025c0:	2000      	movs	r0, #0
100025c2:	bd00      	pop	{pc}
100025c4:	2001      	movs	r0, #1
100025c6:	bd00      	pop	{pc}

100025c8 <__wrap___aeabi_dcmpge>:
100025c8:	b500      	push	{lr}
100025ca:	f7ff ffb9 	bl	10002540 <__wrap___aeabi_cdrcmple>
100025ce:	d901      	bls.n	100025d4 <__wrap___aeabi_dcmpge+0xc>
100025d0:	2000      	movs	r0, #0
100025d2:	bd00      	pop	{pc}
100025d4:	2001      	movs	r0, #1
100025d6:	bd00      	pop	{pc}

100025d8 <__wrap___aeabi_dcmpgt>:
100025d8:	b500      	push	{lr}
100025da:	f7ff ffb1 	bl	10002540 <__wrap___aeabi_cdrcmple>
100025de:	4180      	sbcs	r0, r0
100025e0:	bd00      	pop	{pc}

100025e2 <__wrap___aeabi_dcmpun>:
100025e2:	2001      	movs	r0, #1
100025e4:	0540      	lsls	r0, r0, #21
100025e6:	004a      	lsls	r2, r1, #1
100025e8:	1812      	adds	r2, r2, r0
100025ea:	d804      	bhi.n	100025f6 <__wrap___aeabi_dcmpun+0x14>
100025ec:	005a      	lsls	r2, r3, #1
100025ee:	1812      	adds	r2, r2, r0
100025f0:	d801      	bhi.n	100025f6 <__wrap___aeabi_dcmpun+0x14>
100025f2:	2000      	movs	r0, #0
100025f4:	4770      	bx	lr
100025f6:	2001      	movs	r0, #1
100025f8:	4770      	bx	lr
	...

100025fc <__wrap___aeabi_ui2d>:
100025fc:	2100      	movs	r1, #0
100025fe:	2800      	cmp	r0, #0
10002600:	d105      	bne.n	1000260e <__wrap___aeabi_i2d+0xa>
10002602:	4770      	bx	lr

10002604 <__wrap___aeabi_i2d>:
10002604:	17c1      	asrs	r1, r0, #31
10002606:	4048      	eors	r0, r1
10002608:	1a40      	subs	r0, r0, r1
1000260a:	d0fa      	beq.n	10002602 <__wrap___aeabi_ui2d+0x6>
1000260c:	07c9      	lsls	r1, r1, #31
1000260e:	b513      	push	{r0, r1, r4, lr}
10002610:	4b06      	ldr	r3, [pc, #24]	@ (1000262c <__wrap___aeabi_i2d+0x28>)
10002612:	681b      	ldr	r3, [r3, #0]
10002614:	4798      	blx	r3
10002616:	bc0c      	pop	{r2, r3}
10002618:	1c44      	adds	r4, r0, #1
1000261a:	40a2      	lsls	r2, r4
1000261c:	0510      	lsls	r0, r2, #20
1000261e:	0b12      	lsrs	r2, r2, #12
10002620:	4903      	ldr	r1, [pc, #12]	@ (10002630 <__wrap___aeabi_i2d+0x2c>)
10002622:	1b09      	subs	r1, r1, r4
10002624:	0509      	lsls	r1, r1, #20
10002626:	4319      	orrs	r1, r3
10002628:	4311      	orrs	r1, r2
1000262a:	bd10      	pop	{r4, pc}
1000262c:	20006104 	.word	0x20006104
10002630:	0000041f 	.word	0x0000041f

10002634 <__wrap___aeabi_d2iz>:
10002634:	b510      	push	{r4, lr}
10002636:	004c      	lsls	r4, r1, #1
10002638:	0d62      	lsrs	r2, r4, #21
1000263a:	2380      	movs	r3, #128	@ 0x80
1000263c:	18d2      	adds	r2, r2, r3
1000263e:	00db      	lsls	r3, r3, #3
10002640:	1ad2      	subs	r2, r2, r3
10002642:	055b      	lsls	r3, r3, #21
10002644:	2a7e      	cmp	r2, #126	@ 0x7e
10002646:	dd10      	ble.n	1000266a <__wrap___aeabi_d2iz+0x36>
10002648:	3a9e      	subs	r2, #158	@ 0x9e
1000264a:	da13      	bge.n	10002674 <__wrap___aeabi_d2iz+0x40>
1000264c:	17cc      	asrs	r4, r1, #31
1000264e:	0309      	lsls	r1, r1, #12
10002650:	0849      	lsrs	r1, r1, #1
10002652:	4319      	orrs	r1, r3
10002654:	4252      	negs	r2, r2
10002656:	40d1      	lsrs	r1, r2
10002658:	0064      	lsls	r4, r4, #1
1000265a:	3401      	adds	r4, #1
1000265c:	3215      	adds	r2, #21
1000265e:	2a20      	cmp	r2, #32
10002660:	da05      	bge.n	1000266e <__wrap___aeabi_d2iz+0x3a>
10002662:	40d0      	lsrs	r0, r2
10002664:	4308      	orrs	r0, r1
10002666:	4360      	muls	r0, r4
10002668:	bd10      	pop	{r4, pc}
1000266a:	2000      	movs	r0, #0
1000266c:	bd10      	pop	{r4, pc}
1000266e:	4608      	mov	r0, r1
10002670:	4360      	muls	r0, r4
10002672:	bd10      	pop	{r4, pc}
10002674:	0fc8      	lsrs	r0, r1, #31
10002676:	18c0      	adds	r0, r0, r3
10002678:	3801      	subs	r0, #1
1000267a:	bd10      	pop	{r4, pc}

1000267c <__wrap___aeabi_d2uiz>:
1000267c:	b418      	push	{r3, r4}
1000267e:	4b04      	ldr	r3, [pc, #16]	@ (10002690 <__wrap___aeabi_d2uiz+0x14>)
10002680:	6a5b      	ldr	r3, [r3, #36]	@ 0x24
10002682:	46fc      	mov	ip, pc
10002684:	9301      	str	r3, [sp, #4]
10002686:	bd08      	pop	{r3, pc}
10002688:	2bdddf24 	.word	0x2bdddf24
1000268c:	00001000 	.word	0x00001000
10002690:	20003a98 	.word	0x20003a98

10002694 <__aeabi_double_init>:
10002694:	2313      	movs	r3, #19
10002696:	b570      	push	{r4, r5, r6, lr}
10002698:	781d      	ldrb	r5, [r3, #0]
1000269a:	2d01      	cmp	r5, #1
1000269c:	d019      	beq.n	100026d2 <__aeabi_double_init+0x3e>
1000269e:	dd14      	ble.n	100026ca <__aeabi_double_init+0x36>
100026a0:	481f      	ldr	r0, [pc, #124]	@ (10002720 <__aeabi_double_init+0x8c>)
100026a2:	f7ff fb3d 	bl	10001d20 <rom_data_lookup>
100026a6:	0006      	movs	r6, r0
100026a8:	481e      	ldr	r0, [pc, #120]	@ (10002724 <__aeabi_double_init+0x90>)
100026aa:	f7ff fb39 	bl	10001d20 <rom_data_lookup>
100026ae:	4c1e      	ldr	r4, [pc, #120]	@ (10002728 <__aeabi_double_init+0x94>)
100026b0:	2280      	movs	r2, #128	@ 0x80
100026b2:	0031      	movs	r1, r6
100026b4:	0020      	movs	r0, r4
100026b6:	f000 fbf1 	bl	10002e9c <__wrap___aeabi_memcpy>
100026ba:	2d02      	cmp	r5, #2
100026bc:	d02d      	beq.n	1000271a <__aeabi_double_init+0x86>
100026be:	481b      	ldr	r0, [pc, #108]	@ (1000272c <__aeabi_double_init+0x98>)
100026c0:	f7ff fb26 	bl	10001d10 <rom_func_lookup>
100026c4:	4b1a      	ldr	r3, [pc, #104]	@ (10002730 <__aeabi_double_init+0x9c>)
100026c6:	6018      	str	r0, [r3, #0]
100026c8:	bd70      	pop	{r4, r5, r6, pc}
100026ca:	4b1a      	ldr	r3, [pc, #104]	@ (10002734 <__aeabi_double_init+0xa0>)
100026cc:	4c16      	ldr	r4, [pc, #88]	@ (10002728 <__aeabi_double_init+0x94>)
100026ce:	64a3      	str	r3, [r4, #72]	@ 0x48
100026d0:	e7f5      	b.n	100026be <__aeabi_double_init+0x2a>
100026d2:	4b18      	ldr	r3, [pc, #96]	@ (10002734 <__aeabi_double_init+0xa0>)
100026d4:	4c14      	ldr	r4, [pc, #80]	@ (10002728 <__aeabi_double_init+0x94>)
100026d6:	6023      	str	r3, [r4, #0]
100026d8:	6063      	str	r3, [r4, #4]
100026da:	60a3      	str	r3, [r4, #8]
100026dc:	60e3      	str	r3, [r4, #12]
100026de:	6123      	str	r3, [r4, #16]
100026e0:	6163      	str	r3, [r4, #20]
100026e2:	61a3      	str	r3, [r4, #24]
100026e4:	61e3      	str	r3, [r4, #28]
100026e6:	6223      	str	r3, [r4, #32]
100026e8:	6263      	str	r3, [r4, #36]	@ 0x24
100026ea:	62a3      	str	r3, [r4, #40]	@ 0x28
100026ec:	62e3      	str	r3, [r4, #44]	@ 0x2c
100026ee:	6323      	str	r3, [r4, #48]	@ 0x30
100026f0:	6363      	str	r3, [r4, #52]	@ 0x34
100026f2:	63a3      	str	r3, [r4, #56]	@ 0x38
100026f4:	63e3      	str	r3, [r4, #60]	@ 0x3c
100026f6:	6423      	str	r3, [r4, #64]	@ 0x40
100026f8:	6463      	str	r3, [r4, #68]	@ 0x44
100026fa:	64a3      	str	r3, [r4, #72]	@ 0x48
100026fc:	64e3      	str	r3, [r4, #76]	@ 0x4c
100026fe:	6523      	str	r3, [r4, #80]	@ 0x50
10002700:	6563      	str	r3, [r4, #84]	@ 0x54
10002702:	65a3      	str	r3, [r4, #88]	@ 0x58
10002704:	65e3      	str	r3, [r4, #92]	@ 0x5c
10002706:	6623      	str	r3, [r4, #96]	@ 0x60
10002708:	6663      	str	r3, [r4, #100]	@ 0x64
1000270a:	66a3      	str	r3, [r4, #104]	@ 0x68
1000270c:	66e3      	str	r3, [r4, #108]	@ 0x6c
1000270e:	6723      	str	r3, [r4, #112]	@ 0x70
10002710:	6763      	str	r3, [r4, #116]	@ 0x74
10002712:	67a3      	str	r3, [r4, #120]	@ 0x78
10002714:	67e3      	str	r3, [r4, #124]	@ 0x7c
10002716:	64a3      	str	r3, [r4, #72]	@ 0x48
10002718:	e7d1      	b.n	100026be <__aeabi_double_init+0x2a>
1000271a:	4b06      	ldr	r3, [pc, #24]	@ (10002734 <__aeabi_double_init+0xa0>)
1000271c:	64a3      	str	r3, [r4, #72]	@ 0x48
1000271e:	e7ce      	b.n	100026be <__aeabi_double_init+0x2a>
10002720:	00004453 	.word	0x00004453
10002724:	00004653 	.word	0x00004653
10002728:	20003a98 	.word	0x20003a98
1000272c:	0000334c 	.word	0x0000334c
10002730:	20006104 	.word	0x20006104
10002734:	10002739 	.word	0x10002739

10002738 <double_table_shim_on_use_helper>:
10002738:	b507      	push	{r0, r1, r2, lr}
1000273a:	4660      	mov	r0, ip
1000273c:	8801      	ldrh	r1, [r0, #0]
1000273e:	0a0a      	lsrs	r2, r1, #8
10002740:	3002      	adds	r0, #2
10002742:	2adf      	cmp	r2, #223	@ 0xdf
10002744:	d1fa      	bne.n	1000273c <double_table_shim_on_use_helper+0x4>
10002746:	b2c9      	uxtb	r1, r1
10002748:	0882      	lsrs	r2, r0, #2
1000274a:	d304      	bcc.n	10002756 <double_table_shim_on_use_helper+0x1e>
1000274c:	8802      	ldrh	r2, [r0, #0]
1000274e:	8840      	ldrh	r0, [r0, #2]
10002750:	0400      	lsls	r0, r0, #16
10002752:	4310      	orrs	r0, r2
10002754:	e000      	b.n	10002758 <double_table_shim_on_use_helper+0x20>
10002756:	6800      	ldr	r0, [r0, #0]
10002758:	4a01      	ldr	r2, [pc, #4]	@ (10002760 <double_table_shim_on_use_helper+0x28>)
1000275a:	5050      	str	r0, [r2, r1]
1000275c:	9003      	str	r0, [sp, #12]
1000275e:	bd07      	pop	{r0, r1, r2, pc}
10002760:	20003a98 	.word	0x20003a98

10002764 <drsub_shim>:
10002764:	b40f      	push	{r0, r1, r2, r3}
10002766:	bc03      	pop	{r0, r1}
10002768:	bc0c      	pop	{r2, r3}

1000276a <dsub_shim>:
1000276a:	b5f0      	push	{r4, r5, r6, r7, lr}
1000276c:	2401      	movs	r4, #1
1000276e:	07e4      	lsls	r4, r4, #31
10002770:	4063      	eors	r3, r4
10002772:	e000      	b.n	10002776 <da_entry>

10002774 <dadd_shim>:
10002774:	b5f0      	push	{r4, r5, r6, r7, lr}

10002776 <da_entry>:
10002776:	0d0c      	lsrs	r4, r1, #20
10002778:	0fcf      	lsrs	r7, r1, #31
1000277a:	1e66      	subs	r6, r4, #1
1000277c:	0536      	lsls	r6, r6, #20
1000277e:	1b89      	subs	r1, r1, r6
10002780:	0564      	lsls	r4, r4, #21
10002782:	d303      	bcc.n	1000278c <l8_1>
10002784:	43c9      	mvns	r1, r1
10002786:	4240      	negs	r0, r0
10002788:	d300      	bcc.n	1000278c <l8_1>
1000278a:	3101      	adds	r1, #1

1000278c <l8_1>:
1000278c:	0d64      	lsrs	r4, r4, #21
1000278e:	d003      	beq.n	10002798 <l8_2>
10002790:	1c66      	adds	r6, r4, #1
10002792:	0af6      	lsrs	r6, r6, #11
10002794:	d007      	beq.n	100027a6 <l8_3>
10002796:	1be4      	subs	r4, r4, r7

10002798 <l8_2>:
10002798:	2000      	movs	r0, #0
1000279a:	007f      	lsls	r7, r7, #1
1000279c:	1c79      	adds	r1, r7, #1
1000279e:	0789      	lsls	r1, r1, #30
100027a0:	1289      	asrs	r1, r1, #10
100027a2:	3c80      	subs	r4, #128	@ 0x80
100027a4:	0324      	lsls	r4, r4, #12

100027a6 <l8_3>:
100027a6:	0d1d      	lsrs	r5, r3, #20
100027a8:	0fdf      	lsrs	r7, r3, #31
100027aa:	1e6e      	subs	r6, r5, #1
100027ac:	0536      	lsls	r6, r6, #20
100027ae:	1b9b      	subs	r3, r3, r6
100027b0:	056d      	lsls	r5, r5, #21
100027b2:	d303      	bcc.n	100027bc <l9_1>
100027b4:	43db      	mvns	r3, r3
100027b6:	4252      	negs	r2, r2
100027b8:	d300      	bcc.n	100027bc <l9_1>
100027ba:	3301      	adds	r3, #1

100027bc <l9_1>:
100027bc:	0d6d      	lsrs	r5, r5, #21
100027be:	d003      	beq.n	100027c8 <l9_2>
100027c0:	1c6e      	adds	r6, r5, #1
100027c2:	0af6      	lsrs	r6, r6, #11
100027c4:	d007      	beq.n	100027d6 <l9_3>
100027c6:	1bed      	subs	r5, r5, r7

100027c8 <l9_2>:
100027c8:	2200      	movs	r2, #0
100027ca:	007f      	lsls	r7, r7, #1
100027cc:	1c7b      	adds	r3, r7, #1
100027ce:	079b      	lsls	r3, r3, #30
100027d0:	129b      	asrs	r3, r3, #10
100027d2:	3d80      	subs	r5, #128	@ 0x80
100027d4:	032d      	lsls	r5, r5, #12

100027d6 <l9_3>:
100027d6:	1b2f      	subs	r7, r5, r4
100027d8:	1b66      	subs	r6, r4, r5
100027da:	d458      	bmi.n	1000288e <da_ygtx>
100027dc:	46a4      	mov	ip, r4
100027de:	2e20      	cmp	r6, #32
100027e0:	da46      	bge.n	10002870 <da_xrgty>
100027e2:	3720      	adds	r7, #32
100027e4:	0014      	movs	r4, r2
100027e6:	40bc      	lsls	r4, r7

100027e8 <da_xgty0>:
100027e8:	001d      	movs	r5, r3
100027ea:	40bd      	lsls	r5, r7
100027ec:	40f2      	lsrs	r2, r6
100027ee:	4133      	asrs	r3, r6
100027f0:	432a      	orrs	r2, r5

100027f2 <da_add>:
100027f2:	1880      	adds	r0, r0, r2
100027f4:	4159      	adcs	r1, r3

100027f6 <da_pack>:
100027f6:	0fcb      	lsrs	r3, r1, #31
100027f8:	d005      	beq.n	10002806 <da_pack+0x10>
100027fa:	43c9      	mvns	r1, r1
100027fc:	43c0      	mvns	r0, r0
100027fe:	2200      	movs	r2, #0
10002800:	4264      	negs	r4, r4
10002802:	4150      	adcs	r0, r2
10002804:	4151      	adcs	r1, r2
10002806:	4662      	mov	r2, ip
10002808:	0d4d      	lsrs	r5, r1, #21
1000280a:	d128      	bne.n	1000285e <da_0>
1000280c:	0d0d      	lsrs	r5, r1, #20
1000280e:	d107      	bne.n	10002820 <da_1>
10002810:	2800      	cmp	r0, #0
10002812:	d01f      	beq.n	10002854 <da_5>

10002814 <da_2>:
10002814:	1924      	adds	r4, r4, r4
10002816:	4140      	adcs	r0, r0
10002818:	4149      	adcs	r1, r1
1000281a:	3a01      	subs	r2, #1
1000281c:	0d0d      	lsrs	r5, r1, #20
1000281e:	d0f9      	beq.n	10002814 <da_2>

10002820 <da_1>:
10002820:	0064      	lsls	r4, r4, #1
10002822:	d306      	bcc.n	10002832 <da_3>

10002824 <da_4>:
10002824:	3001      	adds	r0, #1
10002826:	d300      	bcc.n	1000282a <da_4+0x6>
10002828:	3101      	adds	r1, #1
1000282a:	2c00      	cmp	r4, #0
1000282c:	d101      	bne.n	10002832 <da_3>
1000282e:	0840      	lsrs	r0, r0, #1
10002830:	0040      	lsls	r0, r0, #1

10002832 <da_3>:
10002832:	3a01      	subs	r2, #1
10002834:	d40b      	bmi.n	1000284e <da_6>
10002836:	1c94      	adds	r4, r2, #2
10002838:	0ae4      	lsrs	r4, r4, #11
1000283a:	d104      	bne.n	10002846 <da_7>
1000283c:	0512      	lsls	r2, r2, #20
1000283e:	4411      	add	r1, r2
10002840:	07db      	lsls	r3, r3, #31
10002842:	4419      	add	r1, r3
10002844:	bdf0      	pop	{r4, r5, r6, r7, pc}

10002846 <da_7>:
10002846:	07d9      	lsls	r1, r3, #31
10002848:	4b20      	ldr	r3, [pc, #128]	@ (100028cc <da_xmgty+0x4>)
1000284a:	4319      	orrs	r1, r3
1000284c:	e000      	b.n	10002850 <da_6+0x2>

1000284e <da_6>:
1000284e:	07d9      	lsls	r1, r3, #31
10002850:	2000      	movs	r0, #0
10002852:	bdf0      	pop	{r4, r5, r6, r7, pc}

10002854 <da_5>:
10002854:	2900      	cmp	r1, #0
10002856:	d1dd      	bne.n	10002814 <da_2>
10002858:	2c00      	cmp	r4, #0
1000285a:	d1db      	bne.n	10002814 <da_2>
1000285c:	bdf0      	pop	{r4, r5, r6, r7, pc}

1000285e <da_0>:
1000285e:	3201      	adds	r2, #1
10002860:	07c6      	lsls	r6, r0, #31
10002862:	0840      	lsrs	r0, r0, #1
10002864:	07cd      	lsls	r5, r1, #31
10002866:	4328      	orrs	r0, r5
10002868:	0849      	lsrs	r1, r1, #1
1000286a:	2e00      	cmp	r6, #0
1000286c:	d0e1      	beq.n	10002832 <da_3>
1000286e:	e7d9      	b.n	10002824 <da_4>

10002870 <da_xrgty>:
10002870:	2e3c      	cmp	r6, #60	@ 0x3c
10002872:	da29      	bge.n	100028c8 <da_xmgty>
10002874:	3e20      	subs	r6, #32
10002876:	3740      	adds	r7, #64	@ 0x40
10002878:	0014      	movs	r4, r2
1000287a:	40bc      	lsls	r4, r7
1000287c:	d000      	beq.n	10002880 <da_xrgty+0x10>
1000287e:	2401      	movs	r4, #1
10002880:	40f2      	lsrs	r2, r6
10002882:	4314      	orrs	r4, r2
10002884:	001a      	movs	r2, r3
10002886:	40bb      	lsls	r3, r7
10002888:	431c      	orrs	r4, r3
1000288a:	17d3      	asrs	r3, r2, #31
1000288c:	e7ac      	b.n	100027e8 <da_xgty0>

1000288e <da_ygtx>:
1000288e:	46ac      	mov	ip, r5
10002890:	2f20      	cmp	r7, #32
10002892:	da08      	bge.n	100028a6 <da_yrgtx>
10002894:	3620      	adds	r6, #32
10002896:	0004      	movs	r4, r0
10002898:	40b4      	lsls	r4, r6

1000289a <da_ygtx0>:
1000289a:	000d      	movs	r5, r1
1000289c:	40b5      	lsls	r5, r6
1000289e:	40f8      	lsrs	r0, r7
100028a0:	4139      	asrs	r1, r7
100028a2:	4328      	orrs	r0, r5
100028a4:	e7a5      	b.n	100027f2 <da_add>

100028a6 <da_yrgtx>:
100028a6:	2f3c      	cmp	r7, #60	@ 0x3c
100028a8:	da0c      	bge.n	100028c4 <da_ymgtx>
100028aa:	3f20      	subs	r7, #32
100028ac:	3640      	adds	r6, #64	@ 0x40
100028ae:	0004      	movs	r4, r0
100028b0:	40b4      	lsls	r4, r6
100028b2:	d000      	beq.n	100028b6 <da_yrgtx+0x10>
100028b4:	2401      	movs	r4, #1
100028b6:	40f8      	lsrs	r0, r7
100028b8:	4304      	orrs	r4, r0
100028ba:	0008      	movs	r0, r1
100028bc:	40b1      	lsls	r1, r6
100028be:	430c      	orrs	r4, r1
100028c0:	17c1      	asrs	r1, r0, #31
100028c2:	e7ea      	b.n	1000289a <da_ygtx0>

100028c4 <da_ymgtx>:
100028c4:	0010      	movs	r0, r2
100028c6:	0019      	movs	r1, r3

100028c8 <da_xmgty>:
100028c8:	2400      	movs	r4, #0
100028ca:	e794      	b.n	100027f6 <da_pack>
100028cc:	7ff00000 	.word	0x7ff00000

100028d0 <dmul_shim>:
100028d0:	b5f0      	push	{r4, r5, r6, r7, lr}
100028d2:	0d0c      	lsrs	r4, r1, #20
100028d4:	1e66      	subs	r6, r4, #1
100028d6:	0536      	lsls	r6, r6, #20
100028d8:	1b89      	subs	r1, r1, r6
100028da:	0ae6      	lsrs	r6, r4, #11
100028dc:	0564      	lsls	r4, r4, #21
100028de:	0d64      	lsrs	r4, r4, #21
100028e0:	d002      	beq.n	100028e8 <l12_1>
100028e2:	1c65      	adds	r5, r4, #1
100028e4:	0aed      	lsrs	r5, r5, #11
100028e6:	d004      	beq.n	100028f2 <l12_2>

100028e8 <l12_1>:
100028e8:	2000      	movs	r0, #0
100028ea:	2101      	movs	r1, #1
100028ec:	0509      	lsls	r1, r1, #20
100028ee:	3c80      	subs	r4, #128	@ 0x80
100028f0:	0324      	lsls	r4, r4, #12

100028f2 <l12_2>:
100028f2:	46a4      	mov	ip, r4
100028f4:	0d1c      	lsrs	r4, r3, #20
100028f6:	1e67      	subs	r7, r4, #1
100028f8:	053f      	lsls	r7, r7, #20
100028fa:	1bdb      	subs	r3, r3, r7
100028fc:	0ae7      	lsrs	r7, r4, #11
100028fe:	0564      	lsls	r4, r4, #21
10002900:	0d64      	lsrs	r4, r4, #21
10002902:	d002      	beq.n	1000290a <l13_1>
10002904:	1c65      	adds	r5, r4, #1
10002906:	0aed      	lsrs	r5, r5, #11
10002908:	d004      	beq.n	10002914 <l13_2>

1000290a <l13_1>:
1000290a:	2200      	movs	r2, #0
1000290c:	2301      	movs	r3, #1
1000290e:	051b      	lsls	r3, r3, #20
10002910:	3c80      	subs	r4, #128	@ 0x80
10002912:	0324      	lsls	r4, r4, #12

10002914 <l13_2>:
10002914:	4077      	eors	r7, r6
10002916:	4464      	add	r4, ip
10002918:	b497      	push	{r0, r1, r2, r4, r7}
1000291a:	b284      	uxth	r4, r0
1000291c:	b296      	uxth	r6, r2
1000291e:	4374      	muls	r4, r6
10002920:	0c07      	lsrs	r7, r0, #16
10002922:	437e      	muls	r6, r7
10002924:	0c15      	lsrs	r5, r2, #16
10002926:	436f      	muls	r7, r5
10002928:	b280      	uxth	r0, r0
1000292a:	4368      	muls	r0, r5
1000292c:	1836      	adds	r6, r6, r0
1000292e:	d302      	bcc.n	10002936 <l14_1>
10002930:	2001      	movs	r0, #1
10002932:	0400      	lsls	r0, r0, #16
10002934:	183f      	adds	r7, r7, r0

10002936 <l14_1>:
10002936:	0430      	lsls	r0, r6, #16
10002938:	0c35      	lsrs	r5, r6, #16
1000293a:	1900      	adds	r0, r0, r4
1000293c:	417d      	adcs	r5, r7
1000293e:	4684      	mov	ip, r0
10002940:	b288      	uxth	r0, r1
10002942:	b29a      	uxth	r2, r3
10002944:	4350      	muls	r0, r2
10002946:	0c0c      	lsrs	r4, r1, #16
10002948:	4362      	muls	r2, r4
1000294a:	0c1f      	lsrs	r7, r3, #16
1000294c:	437c      	muls	r4, r7
1000294e:	b28e      	uxth	r6, r1
10002950:	437e      	muls	r6, r7
10002952:	1992      	adds	r2, r2, r6
10002954:	d302      	bcc.n	1000295c <l15_1>
10002956:	2601      	movs	r6, #1
10002958:	0436      	lsls	r6, r6, #16
1000295a:	19a4      	adds	r4, r4, r6

1000295c <l15_1>:
1000295c:	0416      	lsls	r6, r2, #16
1000295e:	0c17      	lsrs	r7, r2, #16
10002960:	1836      	adds	r6, r6, r0
10002962:	4167      	adcs	r7, r4
10002964:	bc01      	pop	{r0}
10002966:	b281      	uxth	r1, r0
10002968:	b29a      	uxth	r2, r3
1000296a:	4351      	muls	r1, r2
1000296c:	0c04      	lsrs	r4, r0, #16
1000296e:	4362      	muls	r2, r4
10002970:	0c1b      	lsrs	r3, r3, #16
10002972:	435c      	muls	r4, r3
10002974:	b280      	uxth	r0, r0
10002976:	4358      	muls	r0, r3
10002978:	1812      	adds	r2, r2, r0
1000297a:	d302      	bcc.n	10002982 <l16_1>
1000297c:	2001      	movs	r0, #1
1000297e:	0400      	lsls	r0, r0, #16
10002980:	1824      	adds	r4, r4, r0

10002982 <l16_1>:
10002982:	0410      	lsls	r0, r2, #16
10002984:	0c13      	lsrs	r3, r2, #16
10002986:	1840      	adds	r0, r0, r1
10002988:	4163      	adcs	r3, r4
1000298a:	182d      	adds	r5, r5, r0
1000298c:	415e      	adcs	r6, r3
1000298e:	2000      	movs	r0, #0
10002990:	4147      	adcs	r7, r0
10002992:	bc06      	pop	{r1, r2}
10002994:	b288      	uxth	r0, r1
10002996:	b293      	uxth	r3, r2
10002998:	4358      	muls	r0, r3
1000299a:	0c0c      	lsrs	r4, r1, #16
1000299c:	4363      	muls	r3, r4
1000299e:	0c12      	lsrs	r2, r2, #16
100029a0:	4354      	muls	r4, r2
100029a2:	b289      	uxth	r1, r1
100029a4:	4351      	muls	r1, r2
100029a6:	185b      	adds	r3, r3, r1
100029a8:	d302      	bcc.n	100029b0 <l17_1>
100029aa:	2101      	movs	r1, #1
100029ac:	0409      	lsls	r1, r1, #16
100029ae:	1864      	adds	r4, r4, r1

100029b0 <l17_1>:
100029b0:	0419      	lsls	r1, r3, #16
100029b2:	0c1a      	lsrs	r2, r3, #16
100029b4:	1809      	adds	r1, r1, r0
100029b6:	4162      	adcs	r2, r4
100029b8:	186d      	adds	r5, r5, r1
100029ba:	4156      	adcs	r6, r2
100029bc:	2000      	movs	r0, #0
100029be:	4147      	adcs	r7, r0
100029c0:	bc18      	pop	{r3, r4}
100029c2:	02f9      	lsls	r1, r7, #11
100029c4:	0d72      	lsrs	r2, r6, #21
100029c6:	4311      	orrs	r1, r2
100029c8:	02f0      	lsls	r0, r6, #11
100029ca:	0d6a      	lsrs	r2, r5, #21
100029cc:	4310      	orrs	r0, r2
100029ce:	02ed      	lsls	r5, r5, #11
100029d0:	0d0a      	lsrs	r2, r1, #20
100029d2:	d103      	bne.n	100029dc <l17_1+0x2c>
100029d4:	196d      	adds	r5, r5, r5
100029d6:	4140      	adcs	r0, r0
100029d8:	4149      	adcs	r1, r1
100029da:	3b01      	subs	r3, #1
100029dc:	4e12      	ldr	r6, [pc, #72]	@ (10002a28 <dm_1+0xa>)
100029de:	1b9b      	subs	r3, r3, r6
100029e0:	0076      	lsls	r6, r6, #1
100029e2:	42b3      	cmp	r3, r6
100029e4:	d20e      	bcs.n	10002a04 <dm_0>
100029e6:	006d      	lsls	r5, r5, #1
100029e8:	d307      	bcc.n	100029fa <l17_1+0x4a>
100029ea:	3001      	adds	r0, #1
100029ec:	2600      	movs	r6, #0
100029ee:	4171      	adcs	r1, r6
100029f0:	4666      	mov	r6, ip
100029f2:	4335      	orrs	r5, r6
100029f4:	d101      	bne.n	100029fa <l17_1+0x4a>
100029f6:	0840      	lsrs	r0, r0, #1
100029f8:	0040      	lsls	r0, r0, #1
100029fa:	051b      	lsls	r3, r3, #20
100029fc:	18c9      	adds	r1, r1, r3

100029fe <dm_2>:
100029fe:	07e4      	lsls	r4, r4, #31
10002a00:	4421      	add	r1, r4
10002a02:	bdf0      	pop	{r4, r5, r6, r7, pc}

10002a04 <dm_0>:
10002a04:	da0b      	bge.n	10002a1e <dm_1>
10002a06:	3301      	adds	r3, #1
10002a08:	d106      	bne.n	10002a18 <dm_0+0x14>
10002a0a:	3001      	adds	r0, #1
10002a0c:	d104      	bne.n	10002a18 <dm_0+0x14>
10002a0e:	3101      	adds	r1, #1
10002a10:	0d4f      	lsrs	r7, r1, #21
10002a12:	d001      	beq.n	10002a18 <dm_0+0x14>
10002a14:	0849      	lsrs	r1, r1, #1
10002a16:	e7f2      	b.n	100029fe <dm_2>
10002a18:	07e1      	lsls	r1, r4, #31
10002a1a:	2000      	movs	r0, #0
10002a1c:	bdf0      	pop	{r4, r5, r6, r7, pc}

10002a1e <dm_1>:
10002a1e:	3601      	adds	r6, #1
10002a20:	0531      	lsls	r1, r6, #20
10002a22:	2000      	movs	r0, #0
10002a24:	e7eb      	b.n	100029fe <dm_2>
10002a26:	0000      	.short	0x0000
10002a28:	000003ff 	.word	0x000003ff

10002a2c <ddiv_shim>:
10002a2c:	b5f0      	push	{r4, r5, r6, r7, lr}

10002a2e <ddiv0>:
10002a2e:	0d1c      	lsrs	r4, r3, #20
10002a30:	1e67      	subs	r7, r4, #1
10002a32:	053f      	lsls	r7, r7, #20
10002a34:	1bdb      	subs	r3, r3, r7
10002a36:	0ae7      	lsrs	r7, r4, #11
10002a38:	0564      	lsls	r4, r4, #21
10002a3a:	0d64      	lsrs	r4, r4, #21
10002a3c:	d002      	beq.n	10002a44 <l20_1>
10002a3e:	1c66      	adds	r6, r4, #1
10002a40:	0af6      	lsrs	r6, r6, #11
10002a42:	d004      	beq.n	10002a4e <l20_2>

10002a44 <l20_1>:
10002a44:	2200      	movs	r2, #0
10002a46:	2301      	movs	r3, #1
10002a48:	051b      	lsls	r3, r3, #20
10002a4a:	3c80      	subs	r4, #128	@ 0x80
10002a4c:	0324      	lsls	r4, r4, #12

10002a4e <l20_2>:
10002a4e:	25d0      	movs	r5, #208	@ 0xd0
10002a50:	062d      	lsls	r5, r5, #24
10002a52:	2600      	movs	r6, #0
10002a54:	43f6      	mvns	r6, r6
10002a56:	662e      	str	r6, [r5, #96]	@ 0x60
10002a58:	091e      	lsrs	r6, r3, #4
10002a5a:	666e      	str	r6, [r5, #100]	@ 0x64
10002a5c:	0fce      	lsrs	r6, r1, #31
10002a5e:	19f6      	adds	r6, r6, r7
10002a60:	46b4      	mov	ip, r6
10002a62:	0049      	lsls	r1, r1, #1
10002a64:	0d4f      	lsrs	r7, r1, #21
10002a66:	d002      	beq.n	10002a6e <l20_2+0x20>
10002a68:	1c7e      	adds	r6, r7, #1
10002a6a:	0af6      	lsrs	r6, r6, #11
10002a6c:	d003      	beq.n	10002a76 <l20_2+0x28>
10002a6e:	2000      	movs	r0, #0
10002a70:	2100      	movs	r1, #0
10002a72:	3f40      	subs	r7, #64	@ 0x40
10002a74:	033f      	lsls	r7, r7, #12
10002a76:	1b3e      	subs	r6, r7, r4
10002a78:	00b6      	lsls	r6, r6, #2
10002a7a:	44b4      	add	ip, r6
10002a7c:	3f01      	subs	r7, #1
10002a7e:	057f      	lsls	r7, r7, #21
10002a80:	1bc9      	subs	r1, r1, r7
10002a82:	0849      	lsrs	r1, r1, #1
10002a84:	6f2e      	ldr	r6, [r5, #112]	@ 0x70
10002a86:	3601      	adds	r6, #1
10002a88:	0876      	lsrs	r6, r6, #1
10002a8a:	029c      	lsls	r4, r3, #10
10002a8c:	0d95      	lsrs	r5, r2, #22
10002a8e:	4325      	orrs	r5, r4
10002a90:	4375      	muls	r5, r6
10002a92:	13ed      	asrs	r5, r5, #15
10002a94:	4375      	muls	r5, r6
10002a96:	13ad      	asrs	r5, r5, #14
10002a98:	3501      	adds	r5, #1
10002a9a:	106d      	asrs	r5, r5, #1
10002a9c:	03f6      	lsls	r6, r6, #15
10002a9e:	1b76      	subs	r6, r6, r5
10002aa0:	b40c      	push	{r2, r3}
10002aa2:	02cc      	lsls	r4, r1, #11
10002aa4:	0d45      	lsrs	r5, r0, #21
10002aa6:	432c      	orrs	r4, r5
10002aa8:	b2a2      	uxth	r2, r4
10002aaa:	b2b3      	uxth	r3, r6
10002aac:	435a      	muls	r2, r3
10002aae:	0c27      	lsrs	r7, r4, #16
10002ab0:	437b      	muls	r3, r7
10002ab2:	0c35      	lsrs	r5, r6, #16
10002ab4:	436f      	muls	r7, r5
10002ab6:	b2a4      	uxth	r4, r4
10002ab8:	436c      	muls	r4, r5
10002aba:	191b      	adds	r3, r3, r4
10002abc:	d302      	bcc.n	10002ac4 <l21_1>
10002abe:	2401      	movs	r4, #1
10002ac0:	0424      	lsls	r4, r4, #16
10002ac2:	193f      	adds	r7, r7, r4

10002ac4 <l21_1>:
10002ac4:	041c      	lsls	r4, r3, #16
10002ac6:	0c1d      	lsrs	r5, r3, #16
10002ac8:	18a4      	adds	r4, r4, r2
10002aca:	417d      	adcs	r5, r7
10002acc:	1924      	adds	r4, r4, r4
10002ace:	416d      	adcs	r5, r5
10002ad0:	9a00      	ldr	r2, [sp, #0]
10002ad2:	b291      	uxth	r1, r2
10002ad4:	b2ac      	uxth	r4, r5
10002ad6:	4361      	muls	r1, r4
10002ad8:	0c17      	lsrs	r7, r2, #16
10002ada:	437c      	muls	r4, r7
10002adc:	0c2b      	lsrs	r3, r5, #16
10002ade:	435f      	muls	r7, r3
10002ae0:	b292      	uxth	r2, r2
10002ae2:	435a      	muls	r2, r3
10002ae4:	18a4      	adds	r4, r4, r2
10002ae6:	d302      	bcc.n	10002aee <l22_1>
10002ae8:	2201      	movs	r2, #1
10002aea:	0412      	lsls	r2, r2, #16
10002aec:	18bf      	adds	r7, r7, r2

10002aee <l22_1>:
10002aee:	0422      	lsls	r2, r4, #16
10002af0:	0c23      	lsrs	r3, r4, #16
10002af2:	1852      	adds	r2, r2, r1
10002af4:	417b      	adcs	r3, r7
10002af6:	9c01      	ldr	r4, [sp, #4]
10002af8:	436c      	muls	r4, r5
10002afa:	191b      	adds	r3, r3, r4
10002afc:	0e52      	lsrs	r2, r2, #25
10002afe:	01d9      	lsls	r1, r3, #7
10002b00:	430a      	orrs	r2, r1
10002b02:	0144      	lsls	r4, r0, #5
10002b04:	1aa0      	subs	r0, r4, r2
10002b06:	b281      	uxth	r1, r0
10002b08:	b2b2      	uxth	r2, r6
10002b0a:	4351      	muls	r1, r2
10002b0c:	1403      	asrs	r3, r0, #16
10002b0e:	435a      	muls	r2, r3
10002b10:	0c36      	lsrs	r6, r6, #16
10002b12:	4373      	muls	r3, r6
10002b14:	b287      	uxth	r7, r0
10002b16:	4377      	muls	r7, r6
10002b18:	17d6      	asrs	r6, r2, #31
10002b1a:	19d2      	adds	r2, r2, r7
10002b1c:	2700      	movs	r7, #0
10002b1e:	417e      	adcs	r6, r7
10002b20:	0436      	lsls	r6, r6, #16
10002b22:	199b      	adds	r3, r3, r6
10002b24:	0417      	lsls	r7, r2, #16
10002b26:	0c16      	lsrs	r6, r2, #16
10002b28:	187f      	adds	r7, r7, r1
10002b2a:	415e      	adcs	r6, r3
10002b2c:	1673      	asrs	r3, r6, #25
10002b2e:	18ed      	adds	r5, r5, r3
10002b30:	01f3      	lsls	r3, r6, #7
10002b32:	2600      	movs	r6, #0
10002b34:	3380      	adds	r3, #128	@ 0x80
10002b36:	4175      	adcs	r5, r6
10002b38:	0fa9      	lsrs	r1, r5, #30
10002b3a:	d106      	bne.n	10002b4a <dd_0>
10002b3c:	0064      	lsls	r4, r4, #1
10002b3e:	0a69      	lsrs	r1, r5, #9
10002b40:	05e8      	lsls	r0, r5, #23
10002b42:	0a5b      	lsrs	r3, r3, #9
10002b44:	4318      	orrs	r0, r3
10002b46:	d209      	bcs.n	10002b5c <dd_1>
10002b48:	e02f      	b.n	10002baa <dd_2>

10002b4a <dd_0>:
10002b4a:	2204      	movs	r2, #4
10002b4c:	4494      	add	ip, r2
10002b4e:	3380      	adds	r3, #128	@ 0x80
10002b50:	4175      	adcs	r5, r6
10002b52:	0aa9      	lsrs	r1, r5, #10
10002b54:	05a8      	lsls	r0, r5, #22
10002b56:	0a9b      	lsrs	r3, r3, #10
10002b58:	4318      	orrs	r0, r3
10002b5a:	d326      	bcc.n	10002baa <dd_2>

10002b5c <dd_1>:
10002b5c:	4140      	adcs	r0, r0
10002b5e:	4149      	adcs	r1, r1
10002b60:	0424      	lsls	r4, r4, #16
10002b62:	9a00      	ldr	r2, [sp, #0]
10002b64:	9b01      	ldr	r3, [sp, #4]
10002b66:	000d      	movs	r5, r1
10002b68:	4355      	muls	r5, r2
10002b6a:	1b64      	subs	r4, r4, r5
10002b6c:	4343      	muls	r3, r0
10002b6e:	1ae4      	subs	r4, r4, r3
10002b70:	b295      	uxth	r5, r2
10002b72:	b286      	uxth	r6, r0
10002b74:	4375      	muls	r5, r6
10002b76:	0c17      	lsrs	r7, r2, #16
10002b78:	437e      	muls	r6, r7
10002b7a:	0c03      	lsrs	r3, r0, #16
10002b7c:	435f      	muls	r7, r3
10002b7e:	b292      	uxth	r2, r2
10002b80:	435a      	muls	r2, r3
10002b82:	18b6      	adds	r6, r6, r2
10002b84:	d302      	bcc.n	10002b8c <l24_1>
10002b86:	2201      	movs	r2, #1
10002b88:	0412      	lsls	r2, r2, #16
10002b8a:	18bf      	adds	r7, r7, r2

10002b8c <l24_1>:
10002b8c:	0432      	lsls	r2, r6, #16
10002b8e:	0c33      	lsrs	r3, r6, #16
10002b90:	1952      	adds	r2, r2, r5
10002b92:	417b      	adcs	r3, r7
10002b94:	4252      	negs	r2, r2
10002b96:	419c      	sbcs	r4, r3
10002b98:	2c00      	cmp	r4, #0
10002b9a:	d402      	bmi.n	10002ba2 <l24_1+0x16>
10002b9c:	2200      	movs	r2, #0
10002b9e:	3001      	adds	r0, #1
10002ba0:	4151      	adcs	r1, r2
10002ba2:	0840      	lsrs	r0, r0, #1
10002ba4:	07ca      	lsls	r2, r1, #31
10002ba6:	4310      	orrs	r0, r2
10002ba8:	0849      	lsrs	r1, r1, #1

10002baa <dd_2>:
10002baa:	b002      	add	sp, #8
10002bac:	4662      	mov	r2, ip
10002bae:	07d7      	lsls	r7, r2, #31
10002bb0:	1092      	asrs	r2, r2, #2
10002bb2:	4b08      	ldr	r3, [pc, #32]	@ (10002bd4 <dd_4+0x6>)
10002bb4:	18d2      	adds	r2, r2, r3
10002bb6:	4b08      	ldr	r3, [pc, #32]	@ (10002bd8 <dd_4+0xa>)
10002bb8:	429a      	cmp	r2, r3
10002bba:	d203      	bcs.n	10002bc4 <dd_3>
10002bbc:	0512      	lsls	r2, r2, #20
10002bbe:	1889      	adds	r1, r1, r2

10002bc0 <dd_5>:
10002bc0:	19c9      	adds	r1, r1, r7
10002bc2:	bdf0      	pop	{r4, r5, r6, r7, pc}

10002bc4 <dd_3>:
10002bc4:	2000      	movs	r0, #0
10002bc6:	2a00      	cmp	r2, #0
10002bc8:	dc01      	bgt.n	10002bce <dd_4>
10002bca:	0039      	movs	r1, r7
10002bcc:	bdf0      	pop	{r4, r5, r6, r7, pc}

10002bce <dd_4>:
10002bce:	3301      	adds	r3, #1
10002bd0:	0519      	lsls	r1, r3, #20
10002bd2:	e7f5      	b.n	10002bc0 <dd_5>
10002bd4:	000003fd 	.word	0x000003fd
10002bd8:	000007fe 	.word	0x000007fe

10002bdc <double2uint_shim>:
10002bdc:	2200      	movs	r2, #0

10002bde <double2ufix_shim>:
10002bde:	b500      	push	{lr}
10002be0:	3220      	adds	r2, #32
10002be2:	f000 f804 	bl	10002bee <double2ufix64_shim>
10002be6:	0008      	movs	r0, r1
10002be8:	bd00      	pop	{pc}
	...

10002bec <double2uint64_shim>:
10002bec:	2200      	movs	r2, #0

10002bee <double2ufix64_shim>:
10002bee:	150b      	asrs	r3, r1, #20
10002bf0:	d40a      	bmi.n	10002c08 <ret_dzero>

10002bf2 <d2fix>:
10002bf2:	b510      	push	{r4, lr}
10002bf4:	4694      	mov	ip, r2
10002bf6:	f000 f831 	bl	10002c5c <dunpacks>
10002bfa:	1414      	asrs	r4, r2, #16
10002bfc:	3401      	adds	r4, #1
10002bfe:	da00      	bge.n	10002c02 <d2fix+0x10>
10002c00:	2100      	movs	r1, #0
10002c02:	17cb      	asrs	r3, r1, #31
10002c04:	4c14      	ldr	r4, [pc, #80]	@ (10002c58 <d2fix_a+0x4a>)
10002c06:	4720      	bx	r4

10002c08 <ret_dzero>:
10002c08:	2000      	movs	r0, #0
10002c0a:	2100      	movs	r1, #0
10002c0c:	4770      	bx	lr

10002c0e <d2fix_a>:
10002c0e:	4462      	add	r2, ip
10002c10:	3a34      	subs	r2, #52	@ 0x34
10002c12:	d40c      	bmi.n	10002c2e <d2fix_a+0x20>
10002c14:	2a0c      	cmp	r2, #12
10002c16:	da07      	bge.n	10002c28 <d2fix_a+0x1a>
10002c18:	0004      	movs	r4, r0
10002c1a:	4091      	lsls	r1, r2
10002c1c:	4090      	lsls	r0, r2
10002c1e:	4252      	negs	r2, r2
10002c20:	3220      	adds	r2, #32
10002c22:	40d4      	lsrs	r4, r2
10002c24:	4321      	orrs	r1, r4
10002c26:	bd10      	pop	{r4, pc}
10002c28:	43d8      	mvns	r0, r3
10002c2a:	43d9      	mvns	r1, r3
10002c2c:	bd10      	pop	{r4, pc}
10002c2e:	3220      	adds	r2, #32
10002c30:	d407      	bmi.n	10002c42 <d2fix_a+0x34>
10002c32:	460c      	mov	r4, r1
10002c34:	4094      	lsls	r4, r2
10002c36:	4252      	negs	r2, r2
10002c38:	3220      	adds	r2, #32
10002c3a:	4111      	asrs	r1, r2
10002c3c:	40d0      	lsrs	r0, r2
10002c3e:	4320      	orrs	r0, r4
10002c40:	bd10      	pop	{r4, pc}
10002c42:	0008      	movs	r0, r1
10002c44:	17c9      	asrs	r1, r1, #31
10002c46:	3220      	adds	r2, #32
10002c48:	d403      	bmi.n	10002c52 <d2fix_a+0x44>
10002c4a:	4252      	negs	r2, r2
10002c4c:	3220      	adds	r2, #32
10002c4e:	4110      	asrs	r0, r2
10002c50:	bd10      	pop	{r4, pc}
10002c52:	0018      	movs	r0, r3
10002c54:	0019      	movs	r1, r3
10002c56:	bd10      	pop	{r4, pc}
10002c58:	10002c0f 	.word	0x10002c0f

10002c5c <dunpacks>:
10002c5c:	0d0a      	lsrs	r2, r1, #20
10002c5e:	0fcc      	lsrs	r4, r1, #31
10002c60:	1e53      	subs	r3, r2, #1
10002c62:	051b      	lsls	r3, r3, #20
10002c64:	1ac9      	subs	r1, r1, r3
10002c66:	0552      	lsls	r2, r2, #21
10002c68:	d303      	bcc.n	10002c72 <l60_1>
10002c6a:	43c9      	mvns	r1, r1
10002c6c:	4240      	negs	r0, r0
10002c6e:	d300      	bcc.n	10002c72 <l60_1>
10002c70:	3101      	adds	r1, #1

10002c72 <l60_1>:
10002c72:	0d52      	lsrs	r2, r2, #21
10002c74:	d003      	beq.n	10002c7e <l60_2>
10002c76:	1c53      	adds	r3, r2, #1
10002c78:	0adb      	lsrs	r3, r3, #11
10002c7a:	d007      	beq.n	10002c8c <l60_3>
10002c7c:	1b12      	subs	r2, r2, r4

10002c7e <l60_2>:
10002c7e:	2000      	movs	r0, #0
10002c80:	0064      	lsls	r4, r4, #1
10002c82:	1c61      	adds	r1, r4, #1
10002c84:	0789      	lsls	r1, r1, #30
10002c86:	1289      	asrs	r1, r1, #10
10002c88:	3a80      	subs	r2, #128	@ 0x80
10002c8a:	0312      	lsls	r2, r2, #12

10002c8c <l60_3>:
10002c8c:	4b01      	ldr	r3, [pc, #4]	@ (10002c94 <l60_3+0x8>)
10002c8e:	1ad2      	subs	r2, r2, r3
10002c90:	4770      	bx	lr
10002c92:	0000      	.short	0x0000
10002c94:	000003ff 	.word	0x000003ff

10002c98 <__wrap___aeabi_lmul>:
10002c98:	4351      	muls	r1, r2
10002c9a:	4343      	muls	r3, r0
10002c9c:	18c9      	adds	r1, r1, r3
10002c9e:	468c      	mov	ip, r1
10002ca0:	0c11      	lsrs	r1, r2, #16
10002ca2:	b283      	uxth	r3, r0
10002ca4:	434b      	muls	r3, r1
10002ca6:	b410      	push	{r4}
10002ca8:	0c04      	lsrs	r4, r0, #16
10002caa:	4361      	muls	r1, r4
10002cac:	b292      	uxth	r2, r2
10002cae:	b280      	uxth	r0, r0
10002cb0:	4350      	muls	r0, r2
10002cb2:	4362      	muls	r2, r4
10002cb4:	041c      	lsls	r4, r3, #16
10002cb6:	0c1b      	lsrs	r3, r3, #16
10002cb8:	1900      	adds	r0, r0, r4
10002cba:	bc10      	pop	{r4}
10002cbc:	4159      	adcs	r1, r3
10002cbe:	0413      	lsls	r3, r2, #16
10002cc0:	0c12      	lsrs	r2, r2, #16
10002cc2:	18c0      	adds	r0, r0, r3
10002cc4:	4151      	adcs	r1, r2
10002cc6:	4461      	add	r1, ip
10002cc8:	4770      	bx	lr
	...

10002ccc <__wrap___aeabi_frsub>:
10002ccc:	4048      	eors	r0, r1
10002cce:	4041      	eors	r1, r0
10002cd0:	4048      	eors	r0, r1

10002cd2 <__wrap___aeabi_fsub>:
10002cd2:	4b0e      	ldr	r3, [pc, #56]	@ (10002d0c <__wrap___aeabi_fmul+0x6>)
10002cd4:	685b      	ldr	r3, [r3, #4]
10002cd6:	4718      	bx	r3

10002cd8 <__wrap___aeabi_fadd>:
10002cd8:	4b0c      	ldr	r3, [pc, #48]	@ (10002d0c <__wrap___aeabi_fmul+0x6>)
10002cda:	681b      	ldr	r3, [r3, #0]
10002cdc:	4718      	bx	r3

10002cde <__wrap___aeabi_fdiv>:
10002cde:	4a0c      	ldr	r2, [pc, #48]	@ (10002d10 <__wrap___aeabi_fmul+0xa>)
10002ce0:	6f93      	ldr	r3, [r2, #120]	@ 0x78
10002ce2:	089b      	lsrs	r3, r3, #2
10002ce4:	d202      	bcs.n	10002cec <fdiv_save_state>

10002ce6 <fdiv_shim_call>:
10002ce6:	4b09      	ldr	r3, [pc, #36]	@ (10002d0c <__wrap___aeabi_fmul+0x6>)
10002ce8:	68db      	ldr	r3, [r3, #12]
10002cea:	4718      	bx	r3

10002cec <fdiv_save_state>:
10002cec:	b5f0      	push	{r4, r5, r6, r7, lr}
10002cee:	6e14      	ldr	r4, [r2, #96]	@ 0x60
10002cf0:	6e55      	ldr	r5, [r2, #100]	@ 0x64
10002cf2:	6f57      	ldr	r7, [r2, #116]	@ 0x74
10002cf4:	6f16      	ldr	r6, [r2, #112]	@ 0x70
10002cf6:	f7ff fff6 	bl	10002ce6 <fdiv_shim_call>
10002cfa:	4a05      	ldr	r2, [pc, #20]	@ (10002d10 <__wrap___aeabi_fmul+0xa>)
10002cfc:	6614      	str	r4, [r2, #96]	@ 0x60
10002cfe:	6655      	str	r5, [r2, #100]	@ 0x64
10002d00:	6757      	str	r7, [r2, #116]	@ 0x74
10002d02:	6716      	str	r6, [r2, #112]	@ 0x70
10002d04:	bdf0      	pop	{r4, r5, r6, r7, pc}

10002d06 <__wrap___aeabi_fmul>:
10002d06:	4b01      	ldr	r3, [pc, #4]	@ (10002d0c <__wrap___aeabi_fmul+0x6>)
10002d08:	689b      	ldr	r3, [r3, #8]
10002d0a:	4718      	bx	r3
10002d0c:	20003b98 	.word	0x20003b98
10002d10:	d0000000 	.word	0xd0000000

10002d14 <__wrap___aeabi_ui2f>:
10002d14:	1a49      	subs	r1, r1, r1
10002d16:	2800      	cmp	r0, #0
10002d18:	d108      	bne.n	10002d2c <__aeabi_i2f_main>
10002d1a:	4608      	mov	r0, r1
10002d1c:	4770      	bx	lr
	...

10002d20 <__wrap___aeabi_i2f>:
10002d20:	0fc1      	lsrs	r1, r0, #31
10002d22:	07c9      	lsls	r1, r1, #31
10002d24:	d500      	bpl.n	10002d28 <__wrap___aeabi_i2f+0x8>
10002d26:	4240      	negs	r0, r0
10002d28:	2800      	cmp	r0, #0
10002d2a:	d017      	beq.n	10002d5c <__aeabi_i2f_main+0x30>

10002d2c <__aeabi_i2f_main>:
10002d2c:	46f4      	mov	ip, lr
10002d2e:	b403      	push	{r0, r1}
10002d30:	4b0b      	ldr	r3, [pc, #44]	@ (10002d60 <__aeabi_i2f_main+0x34>)
10002d32:	681b      	ldr	r3, [r3, #0]
10002d34:	4798      	blx	r3
10002d36:	bc06      	pop	{r1, r2}
10002d38:	4081      	lsls	r1, r0
10002d3a:	389e      	subs	r0, #158	@ 0x9e
10002d3c:	4240      	negs	r0, r0
10002d3e:	3180      	adds	r1, #128	@ 0x80
10002d40:	d207      	bcs.n	10002d52 <__aeabi_i2f_main+0x26>
10002d42:	060b      	lsls	r3, r1, #24
10002d44:	d007      	beq.n	10002d56 <__aeabi_i2f_main+0x2a>
10002d46:	0049      	lsls	r1, r1, #1
10002d48:	0a49      	lsrs	r1, r1, #9
10002d4a:	05c0      	lsls	r0, r0, #23
10002d4c:	4310      	orrs	r0, r2
10002d4e:	4308      	orrs	r0, r1
10002d50:	4760      	bx	ip
10002d52:	3001      	adds	r0, #1
10002d54:	e7f8      	b.n	10002d48 <__aeabi_i2f_main+0x1c>
10002d56:	0a49      	lsrs	r1, r1, #9
10002d58:	0289      	lsls	r1, r1, #10
10002d5a:	e7f5      	b.n	10002d48 <__aeabi_i2f_main+0x1c>
10002d5c:	4770      	bx	lr
10002d5e:	0000      	.short	0x0000
10002d60:	20006104 	.word	0x20006104

10002d64 <__wrap___aeabi_f2uiz>:
10002d64:	4b01      	ldr	r3, [pc, #4]	@ (10002d6c <__wrap___aeabi_f2uiz+0x8>)
10002d66:	6a5b      	ldr	r3, [r3, #36]	@ 0x24
10002d68:	4718      	bx	r3
10002d6a:	0000      	.short	0x0000
10002d6c:	20003b98 	.word	0x20003b98

10002d70 <__aeabi_float_init>:
10002d70:	2313      	movs	r3, #19
10002d72:	b510      	push	{r4, lr}
10002d74:	4812      	ldr	r0, [pc, #72]	@ (10002dc0 <__aeabi_float_init+0x50>)
10002d76:	781c      	ldrb	r4, [r3, #0]
10002d78:	f7fe ffd2 	bl	10001d20 <rom_data_lookup>
10002d7c:	0001      	movs	r1, r0
10002d7e:	2c01      	cmp	r4, #1
10002d80:	d00a      	beq.n	10002d98 <__aeabi_float_init+0x28>
10002d82:	dd03      	ble.n	10002d8c <__aeabi_float_init+0x1c>
10002d84:	2280      	movs	r2, #128	@ 0x80
10002d86:	480f      	ldr	r0, [pc, #60]	@ (10002dc4 <__aeabi_float_init+0x54>)
10002d88:	f000 f888 	bl	10002e9c <__wrap___aeabi_memcpy>
10002d8c:	480e      	ldr	r0, [pc, #56]	@ (10002dc8 <__aeabi_float_init+0x58>)
10002d8e:	f7fe ffbf 	bl	10001d10 <rom_func_lookup>
10002d92:	4b0e      	ldr	r3, [pc, #56]	@ (10002dcc <__aeabi_float_init+0x5c>)
10002d94:	6018      	str	r0, [r3, #0]
10002d96:	bd10      	pop	{r4, pc}
10002d98:	4c0a      	ldr	r4, [pc, #40]	@ (10002dc4 <__aeabi_float_init+0x54>)
10002d9a:	2254      	movs	r2, #84	@ 0x54
10002d9c:	0020      	movs	r0, r4
10002d9e:	f000 f87d 	bl	10002e9c <__wrap___aeabi_memcpy>
10002da2:	4b0b      	ldr	r3, [pc, #44]	@ (10002dd0 <__aeabi_float_init+0x60>)
10002da4:	6563      	str	r3, [r4, #84]	@ 0x54
10002da6:	65a3      	str	r3, [r4, #88]	@ 0x58
10002da8:	65e3      	str	r3, [r4, #92]	@ 0x5c
10002daa:	6623      	str	r3, [r4, #96]	@ 0x60
10002dac:	6663      	str	r3, [r4, #100]	@ 0x64
10002dae:	66a3      	str	r3, [r4, #104]	@ 0x68
10002db0:	66e3      	str	r3, [r4, #108]	@ 0x6c
10002db2:	6723      	str	r3, [r4, #112]	@ 0x70
10002db4:	6763      	str	r3, [r4, #116]	@ 0x74
10002db6:	67a3      	str	r3, [r4, #120]	@ 0x78
10002db8:	67e3      	str	r3, [r4, #124]	@ 0x7c
10002dba:	6223      	str	r3, [r4, #32]
10002dbc:	61e3      	str	r3, [r4, #28]
10002dbe:	e7e5      	b.n	10002d8c <__aeabi_float_init+0x1c>
10002dc0:	00004653 	.word	0x00004653
10002dc4:	20003b98 	.word	0x20003b98
10002dc8:	0000334c 	.word	0x0000334c
10002dcc:	20006104 	.word	0x20006104
10002dd0:	10002dd5 	.word	0x10002dd5

10002dd4 <float_table_shim_on_use_helper>:
10002dd4:	b507      	push	{r0, r1, r2, lr}
10002dd6:	4660      	mov	r0, ip
10002dd8:	8801      	ldrh	r1, [r0, #0]
10002dda:	0a0a      	lsrs	r2, r1, #8
10002ddc:	3002      	adds	r0, #2
10002dde:	2adf      	cmp	r2, #223	@ 0xdf
10002de0:	d1fa      	bne.n	10002dd8 <float_table_shim_on_use_helper+0x4>
10002de2:	b2c9      	uxtb	r1, r1
10002de4:	0882      	lsrs	r2, r0, #2
10002de6:	d304      	bcc.n	10002df2 <float_table_shim_on_use_helper+0x1e>
10002de8:	8802      	ldrh	r2, [r0, #0]
10002dea:	8840      	ldrh	r0, [r0, #2]
10002dec:	0400      	lsls	r0, r0, #16
10002dee:	4310      	orrs	r0, r2
10002df0:	e000      	b.n	10002df4 <float_table_shim_on_use_helper+0x20>
10002df2:	6800      	ldr	r0, [r0, #0]
10002df4:	4a01      	ldr	r2, [pc, #4]	@ (10002dfc <float_table_shim_on_use_helper+0x28>)
10002df6:	5050      	str	r0, [r2, r1]
10002df8:	9003      	str	r0, [sp, #12]
10002dfa:	bd07      	pop	{r0, r1, r2, pc}
10002dfc:	20003b98 	.word	0x20003b98

10002e00 <__wrap_malloc>:
10002e00:	b570      	push	{r4, r5, r6, lr}
10002e02:	0004      	movs	r4, r0
10002e04:	4e0a      	ldr	r6, [pc, #40]	@ (10002e30 <__wrap_malloc+0x30>)
10002e06:	0030      	movs	r0, r6
10002e08:	f005 fee6 	bl	10008bd8 <__mutex_enter_blocking_veneer>
10002e0c:	0020      	movs	r0, r4
10002e0e:	f005 f9d5 	bl	100081bc <malloc>
10002e12:	0005      	movs	r5, r0
10002e14:	0030      	movs	r0, r6
10002e16:	f005 fe87 	bl	10008b28 <__mutex_exit_veneer>
10002e1a:	2d00      	cmp	r5, #0
10002e1c:	d005      	beq.n	10002e2a <__wrap_malloc+0x2a>
10002e1e:	4b05      	ldr	r3, [pc, #20]	@ (10002e34 <__wrap_malloc+0x34>)
10002e20:	192c      	adds	r4, r5, r4
10002e22:	429c      	cmp	r4, r3
10002e24:	d801      	bhi.n	10002e2a <__wrap_malloc+0x2a>
10002e26:	0028      	movs	r0, r5
10002e28:	bd70      	pop	{r4, r5, r6, pc}
10002e2a:	4803      	ldr	r0, [pc, #12]	@ (10002e38 <__wrap_malloc+0x38>)
10002e2c:	f7fd fdba 	bl	100009a4 <panic>
10002e30:	200038c8 	.word	0x200038c8
10002e34:	20040000 	.word	0x20040000
10002e38:	10008ca0 	.word	0x10008ca0

10002e3c <__wrap_calloc>:
10002e3c:	b5f8      	push	{r3, r4, r5, r6, r7, lr}
10002e3e:	0006      	movs	r6, r0
10002e40:	000c      	movs	r4, r1
10002e42:	4f0c      	ldr	r7, [pc, #48]	@ (10002e74 <__wrap_calloc+0x38>)
10002e44:	0038      	movs	r0, r7
10002e46:	f005 fec7 	bl	10008bd8 <__mutex_enter_blocking_veneer>
10002e4a:	0021      	movs	r1, r4
10002e4c:	0030      	movs	r0, r6
10002e4e:	f005 f955 	bl	100080fc <calloc>
10002e52:	0005      	movs	r5, r0
10002e54:	0038      	movs	r0, r7
10002e56:	f005 fe67 	bl	10008b28 <__mutex_exit_veneer>
10002e5a:	4374      	muls	r4, r6
10002e5c:	2d00      	cmp	r5, #0
10002e5e:	d005      	beq.n	10002e6c <__wrap_calloc+0x30>
10002e60:	4b05      	ldr	r3, [pc, #20]	@ (10002e78 <__wrap_calloc+0x3c>)
10002e62:	192c      	adds	r4, r5, r4
10002e64:	429c      	cmp	r4, r3
10002e66:	d801      	bhi.n	10002e6c <__wrap_calloc+0x30>
10002e68:	0028      	movs	r0, r5
10002e6a:	bdf8      	pop	{r3, r4, r5, r6, r7, pc}
10002e6c:	4803      	ldr	r0, [pc, #12]	@ (10002e7c <__wrap_calloc+0x40>)
10002e6e:	f7fd fd99 	bl	100009a4 <panic>
10002e72:	46c0      	nop			@ (mov r8, r8)
10002e74:	200038c8 	.word	0x200038c8
10002e78:	20040000 	.word	0x20040000
10002e7c:	10008ca0 	.word	0x10008ca0

10002e80 <__aeabi_mem_init>:
10002e80:	4801      	ldr	r0, [pc, #4]	@ (10002e88 <__aeabi_mem_init+0x8>)
10002e82:	2104      	movs	r1, #4
10002e84:	4b01      	ldr	r3, [pc, #4]	@ (10002e8c <__aeabi_mem_init+0xc>)
10002e86:	4718      	bx	r3
10002e88:	20003310 	.word	0x20003310
10002e8c:	10001d31 	.word	0x10001d31

10002e90 <__wrap_memset>:
10002e90:	4b01      	ldr	r3, [pc, #4]	@ (10002e98 <__wrap_memset+0x8>)
10002e92:	681b      	ldr	r3, [r3, #0]
10002e94:	4718      	bx	r3
10002e96:	0000      	.short	0x0000
10002e98:	20003310 	.word	0x20003310

10002e9c <__wrap___aeabi_memcpy>:
10002e9c:	4b01      	ldr	r3, [pc, #4]	@ (10002ea4 <__wrap___aeabi_memcpy+0x8>)
10002e9e:	685b      	ldr	r3, [r3, #4]
10002ea0:	4718      	bx	r3
10002ea2:	0000      	.short	0x0000
10002ea4:	20003310 	.word	0x20003310

10002ea8 <_out_null>:
10002ea8:	4770      	bx	lr
10002eaa:	46c0      	nop			@ (mov r8, r8)

10002eac <_out_rev>:
10002eac:	b5f8      	push	{r3, r4, r5, r6, r7, lr}
10002eae:	4657      	mov	r7, sl
10002eb0:	46de      	mov	lr, fp
10002eb2:	464e      	mov	r6, r9
10002eb4:	4645      	mov	r5, r8
10002eb6:	b5e0      	push	{r5, r6, r7, lr}
10002eb8:	4699      	mov	r9, r3
10002eba:	9b0a      	ldr	r3, [sp, #40]	@ 0x28
10002ebc:	0007      	movs	r7, r0
10002ebe:	469a      	mov	sl, r3
10002ec0:	9b0d      	ldr	r3, [sp, #52]	@ 0x34
10002ec2:	4688      	mov	r8, r1
10002ec4:	4693      	mov	fp, r2
10002ec6:	9c0b      	ldr	r4, [sp, #44]	@ 0x2c
10002ec8:	079b      	lsls	r3, r3, #30
10002eca:	d13b      	bne.n	10002f44 <_out_rev+0x98>
10002ecc:	9b0c      	ldr	r3, [sp, #48]	@ 0x30
10002ece:	429c      	cmp	r4, r3
10002ed0:	d23d      	bcs.n	10002f4e <_out_rev+0xa2>
10002ed2:	1b1e      	subs	r6, r3, r4
10002ed4:	940b      	str	r4, [sp, #44]	@ 0x2c
10002ed6:	0015      	movs	r5, r2
10002ed8:	000c      	movs	r4, r1
10002eda:	445e      	add	r6, fp
10002edc:	002a      	movs	r2, r5
10002ede:	464b      	mov	r3, r9
10002ee0:	3501      	adds	r5, #1
10002ee2:	0021      	movs	r1, r4
10002ee4:	2020      	movs	r0, #32
10002ee6:	47b8      	blx	r7
10002ee8:	42b5      	cmp	r5, r6
10002eea:	d1f7      	bne.n	10002edc <_out_rev+0x30>
10002eec:	46a0      	mov	r8, r4
10002eee:	9c0b      	ldr	r4, [sp, #44]	@ 0x2c
10002ef0:	2c00      	cmp	r4, #0
10002ef2:	d020      	beq.n	10002f36 <_out_rev+0x8a>
10002ef4:	4645      	mov	r5, r8
10002ef6:	1936      	adds	r6, r6, r4
10002ef8:	4653      	mov	r3, sl
10002efa:	1b32      	subs	r2, r6, r4
10002efc:	3c01      	subs	r4, #1
10002efe:	5d18      	ldrb	r0, [r3, r4]
10002f00:	0029      	movs	r1, r5
10002f02:	464b      	mov	r3, r9
10002f04:	47b8      	blx	r7
10002f06:	2c00      	cmp	r4, #0
10002f08:	d1f6      	bne.n	10002ef8 <_out_rev+0x4c>
10002f0a:	002b      	movs	r3, r5
10002f0c:	0035      	movs	r5, r6
10002f0e:	4698      	mov	r8, r3
10002f10:	9b0d      	ldr	r3, [sp, #52]	@ 0x34
10002f12:	079b      	lsls	r3, r3, #30
10002f14:	d50f      	bpl.n	10002f36 <_out_rev+0x8a>
10002f16:	465b      	mov	r3, fp
10002f18:	1aec      	subs	r4, r5, r3
10002f1a:	9b0c      	ldr	r3, [sp, #48]	@ 0x30
10002f1c:	42a3      	cmp	r3, r4
10002f1e:	d90a      	bls.n	10002f36 <_out_rev+0x8a>
10002f20:	4646      	mov	r6, r8
10002f22:	4698      	mov	r8, r3
10002f24:	002a      	movs	r2, r5
10002f26:	464b      	mov	r3, r9
10002f28:	0031      	movs	r1, r6
10002f2a:	2020      	movs	r0, #32
10002f2c:	3401      	adds	r4, #1
10002f2e:	47b8      	blx	r7
10002f30:	3501      	adds	r5, #1
10002f32:	4544      	cmp	r4, r8
10002f34:	d3f6      	bcc.n	10002f24 <_out_rev+0x78>
10002f36:	0028      	movs	r0, r5
10002f38:	bcf0      	pop	{r4, r5, r6, r7}
10002f3a:	46bb      	mov	fp, r7
10002f3c:	46b2      	mov	sl, r6
10002f3e:	46a9      	mov	r9, r5
10002f40:	46a0      	mov	r8, r4
10002f42:	bdf8      	pop	{r3, r4, r5, r6, r7, pc}
10002f44:	0016      	movs	r6, r2
10002f46:	0015      	movs	r5, r2
10002f48:	2c00      	cmp	r4, #0
10002f4a:	d1d3      	bne.n	10002ef4 <_out_rev+0x48>
10002f4c:	e7e0      	b.n	10002f10 <_out_rev+0x64>
10002f4e:	0016      	movs	r6, r2
10002f50:	0015      	movs	r5, r2
10002f52:	2c00      	cmp	r4, #0
10002f54:	d1ce      	bne.n	10002ef4 <_out_rev+0x48>
10002f56:	e7ee      	b.n	10002f36 <_out_rev+0x8a>

10002f58 <_ntoa_format>:
10002f58:	b5f0      	push	{r4, r5, r6, r7, lr}
10002f5a:	4645      	mov	r5, r8
10002f5c:	46de      	mov	lr, fp
10002f5e:	4657      	mov	r7, sl
10002f60:	464e      	mov	r6, r9
10002f62:	b5e0      	push	{r5, r6, r7, lr}
10002f64:	b085      	sub	sp, #20
10002f66:	469c      	mov	ip, r3
10002f68:	ab10      	add	r3, sp, #64	@ 0x40
10002f6a:	781b      	ldrb	r3, [r3, #0]
10002f6c:	9f14      	ldr	r7, [sp, #80]	@ 0x50
10002f6e:	4693      	mov	fp, r2
10002f70:	4698      	mov	r8, r3
10002f72:	9c0f      	ldr	r4, [sp, #60]	@ 0x3c
10002f74:	9e12      	ldr	r6, [sp, #72]	@ 0x48
10002f76:	9d13      	ldr	r5, [sp, #76]	@ 0x4c
10002f78:	07bb      	lsls	r3, r7, #30
10002f7a:	d44c      	bmi.n	10003016 <_ntoa_format+0xbe>
10002f7c:	2d00      	cmp	r5, #0
10002f7e:	d142      	bne.n	10003006 <_ntoa_format+0xae>
10002f80:	42b4      	cmp	r4, r6
10002f82:	d248      	bcs.n	10003016 <_ntoa_format+0xbe>
10002f84:	2301      	movs	r3, #1
10002f86:	403b      	ands	r3, r7
10002f88:	4699      	mov	r9, r3
10002f8a:	9b0e      	ldr	r3, [sp, #56]	@ 0x38
10002f8c:	3b01      	subs	r3, #1
10002f8e:	469a      	mov	sl, r3
10002f90:	2330      	movs	r3, #48	@ 0x30
10002f92:	e004      	b.n	10002f9e <_ntoa_format+0x46>
10002f94:	4652      	mov	r2, sl
10002f96:	3401      	adds	r4, #1
10002f98:	5513      	strb	r3, [r2, r4]
10002f9a:	42a6      	cmp	r6, r4
10002f9c:	d901      	bls.n	10002fa2 <_ntoa_format+0x4a>
10002f9e:	2c20      	cmp	r4, #32
10002fa0:	d1f8      	bne.n	10002f94 <_ntoa_format+0x3c>
10002fa2:	464b      	mov	r3, r9
10002fa4:	2b00      	cmp	r3, #0
10002fa6:	d100      	bne.n	10002faa <_ntoa_format+0x52>
10002fa8:	e083      	b.n	100030b2 <_ntoa_format+0x15a>
10002faa:	9b0e      	ldr	r3, [sp, #56]	@ 0x38
10002fac:	3b01      	subs	r3, #1
10002fae:	4699      	mov	r9, r3
10002fb0:	2330      	movs	r3, #48	@ 0x30
10002fb2:	42a5      	cmp	r5, r4
10002fb4:	d805      	bhi.n	10002fc2 <_ntoa_format+0x6a>
10002fb6:	e02e      	b.n	10003016 <_ntoa_format+0xbe>
10002fb8:	464a      	mov	r2, r9
10002fba:	3401      	adds	r4, #1
10002fbc:	5513      	strb	r3, [r2, r4]
10002fbe:	42ac      	cmp	r4, r5
10002fc0:	d029      	beq.n	10003016 <_ntoa_format+0xbe>
10002fc2:	2c20      	cmp	r4, #32
10002fc4:	d1f8      	bne.n	10002fb8 <_ntoa_format+0x60>
10002fc6:	06fb      	lsls	r3, r7, #27
10002fc8:	d50c      	bpl.n	10002fe4 <_ntoa_format+0x8c>
10002fca:	057b      	lsls	r3, r7, #21
10002fcc:	d454      	bmi.n	10003078 <_ntoa_format+0x120>
10002fce:	42a6      	cmp	r6, r4
10002fd0:	d063      	beq.n	1000309a <_ntoa_format+0x142>
10002fd2:	42a5      	cmp	r5, r4
10002fd4:	d061      	beq.n	1000309a <_ntoa_format+0x142>
10002fd6:	9b11      	ldr	r3, [sp, #68]	@ 0x44
10002fd8:	2b10      	cmp	r3, #16
10002fda:	d050      	beq.n	1000307e <_ntoa_format+0x126>
10002fdc:	2b02      	cmp	r3, #2
10002fde:	d057      	beq.n	10003090 <_ntoa_format+0x138>
10002fe0:	2c20      	cmp	r4, #32
10002fe2:	d132      	bne.n	1000304a <_ntoa_format+0xf2>
10002fe4:	2320      	movs	r3, #32
10002fe6:	9301      	str	r3, [sp, #4]
10002fe8:	9b0e      	ldr	r3, [sp, #56]	@ 0x38
10002fea:	465a      	mov	r2, fp
10002fec:	9300      	str	r3, [sp, #0]
10002fee:	9703      	str	r7, [sp, #12]
10002ff0:	4663      	mov	r3, ip
10002ff2:	9502      	str	r5, [sp, #8]
10002ff4:	f7ff ff5a 	bl	10002eac <_out_rev>
10002ff8:	b005      	add	sp, #20
10002ffa:	bcf0      	pop	{r4, r5, r6, r7}
10002ffc:	46bb      	mov	fp, r7
10002ffe:	46b2      	mov	sl, r6
10003000:	46a9      	mov	r9, r5
10003002:	46a0      	mov	r8, r4
10003004:	bdf0      	pop	{r4, r5, r6, r7, pc}
10003006:	2301      	movs	r3, #1
10003008:	403b      	ands	r3, r7
1000300a:	4699      	mov	r9, r3
1000300c:	2301      	movs	r3, #1
1000300e:	423b      	tst	r3, r7
10003010:	d12a      	bne.n	10003068 <_ntoa_format+0x110>
10003012:	42b4      	cmp	r4, r6
10003014:	d3b9      	bcc.n	10002f8a <_ntoa_format+0x32>
10003016:	06fb      	lsls	r3, r7, #27
10003018:	d51c      	bpl.n	10003054 <_ntoa_format+0xfc>
1000301a:	057b      	lsls	r3, r7, #21
1000301c:	d4db      	bmi.n	10002fd6 <_ntoa_format+0x7e>
1000301e:	2c00      	cmp	r4, #0
10003020:	d1d5      	bne.n	10002fce <_ntoa_format+0x76>
10003022:	9b11      	ldr	r3, [sp, #68]	@ 0x44
10003024:	2b10      	cmp	r3, #16
10003026:	d05b      	beq.n	100030e0 <_ntoa_format+0x188>
10003028:	9b11      	ldr	r3, [sp, #68]	@ 0x44
1000302a:	2b02      	cmp	r3, #2
1000302c:	d06b      	beq.n	10003106 <_ntoa_format+0x1ae>
1000302e:	2330      	movs	r3, #48	@ 0x30
10003030:	2401      	movs	r4, #1
10003032:	9a0e      	ldr	r2, [sp, #56]	@ 0x38
10003034:	7013      	strb	r3, [r2, #0]
10003036:	4643      	mov	r3, r8
10003038:	2b00      	cmp	r3, #0
1000303a:	d110      	bne.n	1000305e <_ntoa_format+0x106>
1000303c:	077b      	lsls	r3, r7, #29
1000303e:	d53e      	bpl.n	100030be <_ntoa_format+0x166>
10003040:	262b      	movs	r6, #43	@ 0x2b
10003042:	9a0e      	ldr	r2, [sp, #56]	@ 0x38
10003044:	1c63      	adds	r3, r4, #1
10003046:	5516      	strb	r6, [r2, r4]
10003048:	e7cd      	b.n	10002fe6 <_ntoa_format+0x8e>
1000304a:	0023      	movs	r3, r4
1000304c:	3401      	adds	r4, #1
1000304e:	2630      	movs	r6, #48	@ 0x30
10003050:	9a0e      	ldr	r2, [sp, #56]	@ 0x38
10003052:	54d6      	strb	r6, [r2, r3]
10003054:	2c20      	cmp	r4, #32
10003056:	d0c5      	beq.n	10002fe4 <_ntoa_format+0x8c>
10003058:	4643      	mov	r3, r8
1000305a:	2b00      	cmp	r3, #0
1000305c:	d0ee      	beq.n	1000303c <_ntoa_format+0xe4>
1000305e:	262d      	movs	r6, #45	@ 0x2d
10003060:	9a0e      	ldr	r2, [sp, #56]	@ 0x38
10003062:	1c63      	adds	r3, r4, #1
10003064:	5516      	strb	r6, [r2, r4]
10003066:	e7be      	b.n	10002fe6 <_ntoa_format+0x8e>
10003068:	4643      	mov	r3, r8
1000306a:	2b00      	cmp	r3, #0
1000306c:	d02f      	beq.n	100030ce <_ntoa_format+0x176>
1000306e:	3d01      	subs	r5, #1
10003070:	42b4      	cmp	r4, r6
10003072:	d200      	bcs.n	10003076 <_ntoa_format+0x11e>
10003074:	e789      	b.n	10002f8a <_ntoa_format+0x32>
10003076:	e798      	b.n	10002faa <_ntoa_format+0x52>
10003078:	9b11      	ldr	r3, [sp, #68]	@ 0x44
1000307a:	2b10      	cmp	r3, #16
1000307c:	d1b2      	bne.n	10002fe4 <_ntoa_format+0x8c>
1000307e:	06bb      	lsls	r3, r7, #26
10003080:	d537      	bpl.n	100030f2 <_ntoa_format+0x19a>
10003082:	2c20      	cmp	r4, #32
10003084:	d0ae      	beq.n	10002fe4 <_ntoa_format+0x8c>
10003086:	2358      	movs	r3, #88	@ 0x58
10003088:	9a0e      	ldr	r2, [sp, #56]	@ 0x38
1000308a:	5513      	strb	r3, [r2, r4]
1000308c:	3401      	adds	r4, #1
1000308e:	e7a7      	b.n	10002fe0 <_ntoa_format+0x88>
10003090:	2c20      	cmp	r4, #32
10003092:	d0a7      	beq.n	10002fe4 <_ntoa_format+0x8c>
10003094:	0023      	movs	r3, r4
10003096:	3401      	adds	r4, #1
10003098:	e007      	b.n	100030aa <_ntoa_format+0x152>
1000309a:	1e63      	subs	r3, r4, #1
1000309c:	2c01      	cmp	r4, #1
1000309e:	d0c0      	beq.n	10003022 <_ntoa_format+0xca>
100030a0:	9a11      	ldr	r2, [sp, #68]	@ 0x44
100030a2:	2a10      	cmp	r2, #16
100030a4:	d031      	beq.n	1000310a <_ntoa_format+0x1b2>
100030a6:	2a02      	cmp	r2, #2
100030a8:	d1d1      	bne.n	1000304e <_ntoa_format+0xf6>
100030aa:	2662      	movs	r6, #98	@ 0x62
100030ac:	9a0e      	ldr	r2, [sp, #56]	@ 0x38
100030ae:	54d6      	strb	r6, [r2, r3]
100030b0:	e796      	b.n	10002fe0 <_ntoa_format+0x88>
100030b2:	06fb      	lsls	r3, r7, #27
100030b4:	d5ce      	bpl.n	10003054 <_ntoa_format+0xfc>
100030b6:	057b      	lsls	r3, r7, #21
100030b8:	d400      	bmi.n	100030bc <_ntoa_format+0x164>
100030ba:	e788      	b.n	10002fce <_ntoa_format+0x76>
100030bc:	e78b      	b.n	10002fd6 <_ntoa_format+0x7e>
100030be:	0023      	movs	r3, r4
100030c0:	073e      	lsls	r6, r7, #28
100030c2:	d590      	bpl.n	10002fe6 <_ntoa_format+0x8e>
100030c4:	2620      	movs	r6, #32
100030c6:	9a0e      	ldr	r2, [sp, #56]	@ 0x38
100030c8:	3301      	adds	r3, #1
100030ca:	5516      	strb	r6, [r2, r4]
100030cc:	e78b      	b.n	10002fe6 <_ntoa_format+0x8e>
100030ce:	230c      	movs	r3, #12
100030d0:	403b      	ands	r3, r7
100030d2:	1e5a      	subs	r2, r3, #1
100030d4:	4193      	sbcs	r3, r2
100030d6:	1aed      	subs	r5, r5, r3
100030d8:	42b4      	cmp	r4, r6
100030da:	d200      	bcs.n	100030de <_ntoa_format+0x186>
100030dc:	e755      	b.n	10002f8a <_ntoa_format+0x32>
100030de:	e764      	b.n	10002faa <_ntoa_format+0x52>
100030e0:	06bb      	lsls	r3, r7, #26
100030e2:	d40e      	bmi.n	10003102 <_ntoa_format+0x1aa>
100030e4:	2378      	movs	r3, #120	@ 0x78
100030e6:	9a0e      	ldr	r2, [sp, #56]	@ 0x38
100030e8:	2402      	movs	r4, #2
100030ea:	7013      	strb	r3, [r2, #0]
100030ec:	2330      	movs	r3, #48	@ 0x30
100030ee:	7053      	strb	r3, [r2, #1]
100030f0:	e7a1      	b.n	10003036 <_ntoa_format+0xde>
100030f2:	2c20      	cmp	r4, #32
100030f4:	d100      	bne.n	100030f8 <_ntoa_format+0x1a0>
100030f6:	e775      	b.n	10002fe4 <_ntoa_format+0x8c>
100030f8:	2378      	movs	r3, #120	@ 0x78
100030fa:	9a0e      	ldr	r2, [sp, #56]	@ 0x38
100030fc:	5513      	strb	r3, [r2, r4]
100030fe:	3401      	adds	r4, #1
10003100:	e76e      	b.n	10002fe0 <_ntoa_format+0x88>
10003102:	2358      	movs	r3, #88	@ 0x58
10003104:	e7ef      	b.n	100030e6 <_ntoa_format+0x18e>
10003106:	3360      	adds	r3, #96	@ 0x60
10003108:	e7ed      	b.n	100030e6 <_ntoa_format+0x18e>
1000310a:	9a0e      	ldr	r2, [sp, #56]	@ 0x38
1000310c:	1ea6      	subs	r6, r4, #2
1000310e:	4691      	mov	r9, r2
10003110:	444e      	add	r6, r9
10003112:	06ba      	lsls	r2, r7, #26
10003114:	d502      	bpl.n	1000311c <_ntoa_format+0x1c4>
10003116:	2258      	movs	r2, #88	@ 0x58
10003118:	7032      	strb	r2, [r6, #0]
1000311a:	e798      	b.n	1000304e <_ntoa_format+0xf6>
1000311c:	2278      	movs	r2, #120	@ 0x78
1000311e:	7032      	strb	r2, [r6, #0]
10003120:	e795      	b.n	1000304e <_ntoa_format+0xf6>
10003122:	46c0      	nop			@ (mov r8, r8)

10003124 <_out_char>:
10003124:	b510      	push	{r4, lr}
10003126:	2800      	cmp	r0, #0
10003128:	d100      	bne.n	1000312c <_out_char+0x8>
1000312a:	bd10      	pop	{r4, pc}
1000312c:	f001 fc9a 	bl	10004a64 <__wrap_putchar>
10003130:	e7fb      	b.n	1000312a <_out_char+0x6>
10003132:	46c0      	nop			@ (mov r8, r8)

10003134 <_out_fct>:
10003134:	000b      	movs	r3, r1
10003136:	b510      	push	{r4, lr}
10003138:	2800      	cmp	r0, #0
1000313a:	d002      	beq.n	10003142 <_out_fct+0xe>
1000313c:	6849      	ldr	r1, [r1, #4]
1000313e:	681b      	ldr	r3, [r3, #0]
10003140:	4798      	blx	r3
10003142:	bd10      	pop	{r4, pc}

10003144 <_ftoa>:
10003144:	b5f0      	push	{r4, r5, r6, r7, lr}
10003146:	4657      	mov	r7, sl
10003148:	46de      	mov	lr, fp
1000314a:	464e      	mov	r6, r9
1000314c:	4645      	mov	r5, r8
1000314e:	b5e0      	push	{r5, r6, r7, lr}
10003150:	b095      	sub	sp, #84	@ 0x54
10003152:	4683      	mov	fp, r0
10003154:	000f      	movs	r7, r1
10003156:	4692      	mov	sl, r2
10003158:	4698      	mov	r8, r3
1000315a:	9a1e      	ldr	r2, [sp, #120]	@ 0x78
1000315c:	9b1f      	ldr	r3, [sp, #124]	@ 0x7c
1000315e:	0010      	movs	r0, r2
10003160:	0019      	movs	r1, r3
10003162:	9e20      	ldr	r6, [sp, #128]	@ 0x80
10003164:	f7ff fa3d 	bl	100025e2 <__wrap___aeabi_dcmpun>
10003168:	2800      	cmp	r0, #0
1000316a:	d000      	beq.n	1000316e <_ftoa+0x2a>
1000316c:	e1ea      	b.n	10003544 <_ftoa+0x400>
1000316e:	981e      	ldr	r0, [sp, #120]	@ 0x78
10003170:	991f      	ldr	r1, [sp, #124]	@ 0x7c
10003172:	2201      	movs	r2, #1
10003174:	4bc5      	ldr	r3, [pc, #788]	@ (1000348c <_ftoa+0x348>)
10003176:	4252      	negs	r2, r2
10003178:	f7ff fa18 	bl	100025ac <__wrap___aeabi_dcmplt>
1000317c:	2800      	cmp	r0, #0
1000317e:	d000      	beq.n	10003182 <_ftoa+0x3e>
10003180:	e114      	b.n	100033ac <_ftoa+0x268>
10003182:	981e      	ldr	r0, [sp, #120]	@ 0x78
10003184:	991f      	ldr	r1, [sp, #124]	@ 0x7c
10003186:	2201      	movs	r2, #1
10003188:	4bc1      	ldr	r3, [pc, #772]	@ (10003490 <_ftoa+0x34c>)
1000318a:	4252      	negs	r2, r2
1000318c:	f7ff fa24 	bl	100025d8 <__wrap___aeabi_dcmpgt>
10003190:	2800      	cmp	r0, #0
10003192:	d000      	beq.n	10003196 <_ftoa+0x52>
10003194:	e0e9      	b.n	1000336a <_ftoa+0x226>
10003196:	981e      	ldr	r0, [sp, #120]	@ 0x78
10003198:	991f      	ldr	r1, [sp, #124]	@ 0x7c
1000319a:	2200      	movs	r2, #0
1000319c:	4bbd      	ldr	r3, [pc, #756]	@ (10003494 <_ftoa+0x350>)
1000319e:	f7ff fa1b 	bl	100025d8 <__wrap___aeabi_dcmpgt>
100031a2:	2800      	cmp	r0, #0
100031a4:	d000      	beq.n	100031a8 <_ftoa+0x64>
100031a6:	e0c8      	b.n	1000333a <_ftoa+0x1f6>
100031a8:	981e      	ldr	r0, [sp, #120]	@ 0x78
100031aa:	991f      	ldr	r1, [sp, #124]	@ 0x7c
100031ac:	2200      	movs	r2, #0
100031ae:	4bba      	ldr	r3, [pc, #744]	@ (10003498 <_ftoa+0x354>)
100031b0:	f7ff f9fc 	bl	100025ac <__wrap___aeabi_dcmplt>
100031b4:	2800      	cmp	r0, #0
100031b6:	d000      	beq.n	100031ba <_ftoa+0x76>
100031b8:	e0bf      	b.n	1000333a <_ftoa+0x1f6>
100031ba:	981e      	ldr	r0, [sp, #120]	@ 0x78
100031bc:	991f      	ldr	r1, [sp, #124]	@ 0x7c
100031be:	2200      	movs	r2, #0
100031c0:	2300      	movs	r3, #0
100031c2:	f7ff f9f3 	bl	100025ac <__wrap___aeabi_dcmplt>
100031c6:	2800      	cmp	r0, #0
100031c8:	d000      	beq.n	100031cc <_ftoa+0x88>
100031ca:	e0e4      	b.n	10003396 <_ftoa+0x252>
100031cc:	2300      	movs	r3, #0
100031ce:	930b      	str	r3, [sp, #44]	@ 0x2c
100031d0:	9b22      	ldr	r3, [sp, #136]	@ 0x88
100031d2:	055b      	lsls	r3, r3, #21
100031d4:	d400      	bmi.n	100031d8 <_ftoa+0x94>
100031d6:	2606      	movs	r6, #6
100031d8:	2400      	movs	r4, #0
100031da:	2330      	movs	r3, #48	@ 0x30
100031dc:	e007      	b.n	100031ee <_ftoa+0xaa>
100031de:	2117      	movs	r1, #23
100031e0:	aa06      	add	r2, sp, #24
100031e2:	3401      	adds	r4, #1
100031e4:	1852      	adds	r2, r2, r1
100031e6:	5513      	strb	r3, [r2, r4]
100031e8:	3e01      	subs	r6, #1
100031ea:	2c20      	cmp	r4, #32
100031ec:	d001      	beq.n	100031f2 <_ftoa+0xae>
100031ee:	2e09      	cmp	r6, #9
100031f0:	d8f5      	bhi.n	100031de <_ftoa+0x9a>
100031f2:	981e      	ldr	r0, [sp, #120]	@ 0x78
100031f4:	991f      	ldr	r1, [sp, #124]	@ 0x7c
100031f6:	f7ff fa1d 	bl	10002634 <__wrap___aeabi_d2iz>
100031fa:	4ba8      	ldr	r3, [pc, #672]	@ (1000349c <_ftoa+0x358>)
100031fc:	00f2      	lsls	r2, r6, #3
100031fe:	189b      	adds	r3, r3, r2
10003200:	681a      	ldr	r2, [r3, #0]
10003202:	685b      	ldr	r3, [r3, #4]
10003204:	0005      	movs	r5, r0
10003206:	9208      	str	r2, [sp, #32]
10003208:	9309      	str	r3, [sp, #36]	@ 0x24
1000320a:	f7ff f9fb 	bl	10002604 <__wrap___aeabi_i2d>
1000320e:	0002      	movs	r2, r0
10003210:	000b      	movs	r3, r1
10003212:	981e      	ldr	r0, [sp, #120]	@ 0x78
10003214:	991f      	ldr	r1, [sp, #124]	@ 0x7c
10003216:	f7ff f956 	bl	100024c6 <__wrap___aeabi_dsub>
1000321a:	9a08      	ldr	r2, [sp, #32]
1000321c:	9b09      	ldr	r3, [sp, #36]	@ 0x24
1000321e:	f7ff f982 	bl	10002526 <__wrap___aeabi_dmul>
10003222:	9006      	str	r0, [sp, #24]
10003224:	9107      	str	r1, [sp, #28]
10003226:	f7ff fa29 	bl	1000267c <__wrap___aeabi_d2uiz>
1000322a:	4681      	mov	r9, r0
1000322c:	f7ff f9e6 	bl	100025fc <__wrap___aeabi_ui2d>
10003230:	0002      	movs	r2, r0
10003232:	000b      	movs	r3, r1
10003234:	9806      	ldr	r0, [sp, #24]
10003236:	9907      	ldr	r1, [sp, #28]
10003238:	f7ff f945 	bl	100024c6 <__wrap___aeabi_dsub>
1000323c:	2200      	movs	r2, #0
1000323e:	4b98      	ldr	r3, [pc, #608]	@ (100034a0 <_ftoa+0x35c>)
10003240:	9006      	str	r0, [sp, #24]
10003242:	9107      	str	r1, [sp, #28]
10003244:	f7ff f9c8 	bl	100025d8 <__wrap___aeabi_dcmpgt>
10003248:	2800      	cmp	r0, #0
1000324a:	d100      	bne.n	1000324e <_ftoa+0x10a>
1000324c:	e10d      	b.n	1000346a <_ftoa+0x326>
1000324e:	2301      	movs	r3, #1
10003250:	469c      	mov	ip, r3
10003252:	44e1      	add	r9, ip
10003254:	4648      	mov	r0, r9
10003256:	f7ff f9d1 	bl	100025fc <__wrap___aeabi_ui2d>
1000325a:	0002      	movs	r2, r0
1000325c:	000b      	movs	r3, r1
1000325e:	9808      	ldr	r0, [sp, #32]
10003260:	9909      	ldr	r1, [sp, #36]	@ 0x24
10003262:	f7ff f9a9 	bl	100025b8 <__wrap___aeabi_dcmple>
10003266:	2800      	cmp	r0, #0
10003268:	d002      	beq.n	10003270 <_ftoa+0x12c>
1000326a:	2300      	movs	r3, #0
1000326c:	4699      	mov	r9, r3
1000326e:	3501      	adds	r5, #1
10003270:	2e00      	cmp	r6, #0
10003272:	d100      	bne.n	10003276 <_ftoa+0x132>
10003274:	e0d9      	b.n	1000342a <_ftoa+0x2e6>
10003276:	9506      	str	r5, [sp, #24]
10003278:	464d      	mov	r5, r9
1000327a:	46b9      	mov	r9, r7
1000327c:	e014      	b.n	100032a8 <_ftoa+0x164>
1000327e:	aa06      	add	r2, sp, #24
10003280:	4694      	mov	ip, r2
10003282:	2317      	movs	r3, #23
10003284:	210a      	movs	r1, #10
10003286:	4463      	add	r3, ip
10003288:	0028      	movs	r0, r5
1000328a:	3401      	adds	r4, #1
1000328c:	191f      	adds	r7, r3, r4
1000328e:	f7fe fedf 	bl	10002050 <__wrap___aeabi_uidiv>
10003292:	3130      	adds	r1, #48	@ 0x30
10003294:	7039      	strb	r1, [r7, #0]
10003296:	0028      	movs	r0, r5
10003298:	210a      	movs	r1, #10
1000329a:	3e01      	subs	r6, #1
1000329c:	f7fe fed8 	bl	10002050 <__wrap___aeabi_uidiv>
100032a0:	2d09      	cmp	r5, #9
100032a2:	d800      	bhi.n	100032a6 <_ftoa+0x162>
100032a4:	e117      	b.n	100034d6 <_ftoa+0x392>
100032a6:	0005      	movs	r5, r0
100032a8:	2c20      	cmp	r4, #32
100032aa:	d1e8      	bne.n	1000327e <_ftoa+0x13a>
100032ac:	464f      	mov	r7, r9
100032ae:	9d06      	ldr	r5, [sp, #24]
100032b0:	2420      	movs	r4, #32
100032b2:	ae0c      	add	r6, sp, #48	@ 0x30
100032b4:	aa06      	add	r2, sp, #24
100032b6:	2317      	movs	r3, #23
100032b8:	4694      	mov	ip, r2
100032ba:	4463      	add	r3, ip
100032bc:	4699      	mov	r9, r3
100032be:	465b      	mov	r3, fp
100032c0:	46b3      	mov	fp, r6
100032c2:	9306      	str	r3, [sp, #24]
100032c4:	e00f      	b.n	100032e6 <_ftoa+0x1a2>
100032c6:	464b      	mov	r3, r9
100032c8:	0028      	movs	r0, r5
100032ca:	210a      	movs	r1, #10
100032cc:	3401      	adds	r4, #1
100032ce:	18e6      	adds	r6, r4, r3
100032d0:	f7fe fe96 	bl	10002000 <__wrap___aeabi_idiv>
100032d4:	3130      	adds	r1, #48	@ 0x30
100032d6:	0028      	movs	r0, r5
100032d8:	7031      	strb	r1, [r6, #0]
100032da:	210a      	movs	r1, #10
100032dc:	f7fe fe90 	bl	10002000 <__wrap___aeabi_idiv>
100032e0:	1e05      	subs	r5, r0, #0
100032e2:	d100      	bne.n	100032e6 <_ftoa+0x1a2>
100032e4:	e0e4      	b.n	100034b0 <_ftoa+0x36c>
100032e6:	2c20      	cmp	r4, #32
100032e8:	d1ed      	bne.n	100032c6 <_ftoa+0x182>
100032ea:	9b06      	ldr	r3, [sp, #24]
100032ec:	465e      	mov	r6, fp
100032ee:	469b      	mov	fp, r3
100032f0:	2303      	movs	r3, #3
100032f2:	9a22      	ldr	r2, [sp, #136]	@ 0x88
100032f4:	4013      	ands	r3, r2
100032f6:	2b01      	cmp	r3, #1
100032f8:	d118      	bne.n	1000332c <_ftoa+0x1e8>
100032fa:	9b21      	ldr	r3, [sp, #132]	@ 0x84
100032fc:	2b00      	cmp	r3, #0
100032fe:	d015      	beq.n	1000332c <_ftoa+0x1e8>
10003300:	9b0b      	ldr	r3, [sp, #44]	@ 0x2c
10003302:	2b00      	cmp	r3, #0
10003304:	d100      	bne.n	10003308 <_ftoa+0x1c4>
10003306:	e0fd      	b.n	10003504 <_ftoa+0x3c0>
10003308:	9b21      	ldr	r3, [sp, #132]	@ 0x84
1000330a:	3b01      	subs	r3, #1
1000330c:	9321      	str	r3, [sp, #132]	@ 0x84
1000330e:	2b20      	cmp	r3, #32
10003310:	d90c      	bls.n	1000332c <_ftoa+0x1e8>
10003312:	2330      	movs	r3, #48	@ 0x30
10003314:	9a21      	ldr	r2, [sp, #132]	@ 0x84
10003316:	e007      	b.n	10003328 <_ftoa+0x1e4>
10003318:	2017      	movs	r0, #23
1000331a:	a906      	add	r1, sp, #24
1000331c:	3401      	adds	r4, #1
1000331e:	1809      	adds	r1, r1, r0
10003320:	550b      	strb	r3, [r1, r4]
10003322:	4294      	cmp	r4, r2
10003324:	d300      	bcc.n	10003328 <_ftoa+0x1e4>
10003326:	e0cc      	b.n	100034c2 <_ftoa+0x37e>
10003328:	2c20      	cmp	r4, #32
1000332a:	d1f5      	bne.n	10003318 <_ftoa+0x1d4>
1000332c:	9b22      	ldr	r3, [sp, #136]	@ 0x88
1000332e:	9401      	str	r4, [sp, #4]
10003330:	9303      	str	r3, [sp, #12]
10003332:	9b21      	ldr	r3, [sp, #132]	@ 0x84
10003334:	9600      	str	r6, [sp, #0]
10003336:	9302      	str	r3, [sp, #8]
10003338:	e022      	b.n	10003380 <_ftoa+0x23c>
1000333a:	9b22      	ldr	r3, [sp, #136]	@ 0x88
1000333c:	4652      	mov	r2, sl
1000333e:	9304      	str	r3, [sp, #16]
10003340:	9b21      	ldr	r3, [sp, #132]	@ 0x84
10003342:	0039      	movs	r1, r7
10003344:	9303      	str	r3, [sp, #12]
10003346:	4658      	mov	r0, fp
10003348:	9b1e      	ldr	r3, [sp, #120]	@ 0x78
1000334a:	9c1f      	ldr	r4, [sp, #124]	@ 0x7c
1000334c:	9602      	str	r6, [sp, #8]
1000334e:	9300      	str	r3, [sp, #0]
10003350:	9401      	str	r4, [sp, #4]
10003352:	4643      	mov	r3, r8
10003354:	f000 f94a 	bl	100035ec <_etoa>
10003358:	0004      	movs	r4, r0
1000335a:	0020      	movs	r0, r4
1000335c:	b015      	add	sp, #84	@ 0x54
1000335e:	bcf0      	pop	{r4, r5, r6, r7}
10003360:	46bb      	mov	fp, r7
10003362:	46b2      	mov	sl, r6
10003364:	46a9      	mov	r9, r5
10003366:	46a0      	mov	r8, r4
10003368:	bdf0      	pop	{r4, r5, r6, r7, pc}
1000336a:	9b22      	ldr	r3, [sp, #136]	@ 0x88
1000336c:	075b      	lsls	r3, r3, #29
1000336e:	d40f      	bmi.n	10003390 <_ftoa+0x24c>
10003370:	2203      	movs	r2, #3
10003372:	4b4c      	ldr	r3, [pc, #304]	@ (100034a4 <_ftoa+0x360>)
10003374:	9922      	ldr	r1, [sp, #136]	@ 0x88
10003376:	9201      	str	r2, [sp, #4]
10003378:	9103      	str	r1, [sp, #12]
1000337a:	9921      	ldr	r1, [sp, #132]	@ 0x84
1000337c:	9300      	str	r3, [sp, #0]
1000337e:	9102      	str	r1, [sp, #8]
10003380:	4643      	mov	r3, r8
10003382:	4652      	mov	r2, sl
10003384:	0039      	movs	r1, r7
10003386:	4658      	mov	r0, fp
10003388:	f7ff fd90 	bl	10002eac <_out_rev>
1000338c:	0004      	movs	r4, r0
1000338e:	e7e4      	b.n	1000335a <_ftoa+0x216>
10003390:	2204      	movs	r2, #4
10003392:	4b45      	ldr	r3, [pc, #276]	@ (100034a8 <_ftoa+0x364>)
10003394:	e7ee      	b.n	10003374 <_ftoa+0x230>
10003396:	9a1e      	ldr	r2, [sp, #120]	@ 0x78
10003398:	9b1f      	ldr	r3, [sp, #124]	@ 0x7c
1000339a:	2000      	movs	r0, #0
1000339c:	2100      	movs	r1, #0
1000339e:	f7ff f892 	bl	100024c6 <__wrap___aeabi_dsub>
100033a2:	2301      	movs	r3, #1
100033a4:	901e      	str	r0, [sp, #120]	@ 0x78
100033a6:	911f      	str	r1, [sp, #124]	@ 0x7c
100033a8:	930b      	str	r3, [sp, #44]	@ 0x2c
100033aa:	e711      	b.n	100031d0 <_ftoa+0x8c>
100033ac:	9b22      	ldr	r3, [sp, #136]	@ 0x88
100033ae:	4654      	mov	r4, sl
100033b0:	079b      	lsls	r3, r3, #30
100033b2:	d111      	bne.n	100033d8 <_ftoa+0x294>
100033b4:	9b21      	ldr	r3, [sp, #132]	@ 0x84
100033b6:	2b04      	cmp	r3, #4
100033b8:	d90e      	bls.n	100033d8 <_ftoa+0x294>
100033ba:	9b21      	ldr	r3, [sp, #132]	@ 0x84
100033bc:	4655      	mov	r5, sl
100033be:	469c      	mov	ip, r3
100033c0:	465e      	mov	r6, fp
100033c2:	3c04      	subs	r4, #4
100033c4:	4464      	add	r4, ip
100033c6:	002a      	movs	r2, r5
100033c8:	4643      	mov	r3, r8
100033ca:	3501      	adds	r5, #1
100033cc:	0039      	movs	r1, r7
100033ce:	2020      	movs	r0, #32
100033d0:	47b0      	blx	r6
100033d2:	42a5      	cmp	r5, r4
100033d4:	d1f7      	bne.n	100033c6 <_ftoa+0x282>
100033d6:	46b3      	mov	fp, r6
100033d8:	4d34      	ldr	r5, [pc, #208]	@ (100034ac <_ftoa+0x368>)
100033da:	0026      	movs	r6, r4
100033dc:	1f2b      	subs	r3, r5, #4
100033de:	4699      	mov	r9, r3
100033e0:	465b      	mov	r3, fp
100033e2:	46a3      	mov	fp, r4
100033e4:	001c      	movs	r4, r3
100033e6:	0032      	movs	r2, r6
100033e8:	78e8      	ldrb	r0, [r5, #3]
100033ea:	4643      	mov	r3, r8
100033ec:	0039      	movs	r1, r7
100033ee:	3d01      	subs	r5, #1
100033f0:	47a0      	blx	r4
100033f2:	3601      	adds	r6, #1
100033f4:	454d      	cmp	r5, r9
100033f6:	d1f6      	bne.n	100033e6 <_ftoa+0x2a2>
100033f8:	0023      	movs	r3, r4
100033fa:	465c      	mov	r4, fp
100033fc:	469b      	mov	fp, r3
100033fe:	9b22      	ldr	r3, [sp, #136]	@ 0x88
10003400:	3404      	adds	r4, #4
10003402:	079b      	lsls	r3, r3, #30
10003404:	d5a9      	bpl.n	1000335a <_ftoa+0x216>
10003406:	4653      	mov	r3, sl
10003408:	9a21      	ldr	r2, [sp, #132]	@ 0x84
1000340a:	1ae3      	subs	r3, r4, r3
1000340c:	429a      	cmp	r2, r3
1000340e:	d9a4      	bls.n	1000335a <_ftoa+0x216>
10003410:	465e      	mov	r6, fp
10003412:	0015      	movs	r5, r2
10003414:	0022      	movs	r2, r4
10003416:	4643      	mov	r3, r8
10003418:	0039      	movs	r1, r7
1000341a:	2020      	movs	r0, #32
1000341c:	47b0      	blx	r6
1000341e:	4653      	mov	r3, sl
10003420:	3401      	adds	r4, #1
10003422:	1ae3      	subs	r3, r4, r3
10003424:	429d      	cmp	r5, r3
10003426:	d8f5      	bhi.n	10003414 <_ftoa+0x2d0>
10003428:	e797      	b.n	1000335a <_ftoa+0x216>
1000342a:	0028      	movs	r0, r5
1000342c:	f7ff f8ea 	bl	10002604 <__wrap___aeabi_i2d>
10003430:	0002      	movs	r2, r0
10003432:	000b      	movs	r3, r1
10003434:	981e      	ldr	r0, [sp, #120]	@ 0x78
10003436:	991f      	ldr	r1, [sp, #124]	@ 0x7c
10003438:	f7ff f845 	bl	100024c6 <__wrap___aeabi_dsub>
1000343c:	2200      	movs	r2, #0
1000343e:	4b18      	ldr	r3, [pc, #96]	@ (100034a0 <_ftoa+0x35c>)
10003440:	9006      	str	r0, [sp, #24]
10003442:	9107      	str	r1, [sp, #28]
10003444:	f7ff f8b2 	bl	100025ac <__wrap___aeabi_dcmplt>
10003448:	ae0c      	add	r6, sp, #48	@ 0x30
1000344a:	2800      	cmp	r0, #0
1000344c:	d000      	beq.n	10003450 <_ftoa+0x30c>
1000344e:	e731      	b.n	100032b4 <_ftoa+0x170>
10003450:	9806      	ldr	r0, [sp, #24]
10003452:	9907      	ldr	r1, [sp, #28]
10003454:	2200      	movs	r2, #0
10003456:	4b12      	ldr	r3, [pc, #72]	@ (100034a0 <_ftoa+0x35c>)
10003458:	f7ff f8be 	bl	100025d8 <__wrap___aeabi_dcmpgt>
1000345c:	2800      	cmp	r0, #0
1000345e:	d000      	beq.n	10003462 <_ftoa+0x31e>
10003460:	e728      	b.n	100032b4 <_ftoa+0x170>
10003462:	2301      	movs	r3, #1
10003464:	3501      	adds	r5, #1
10003466:	439d      	bics	r5, r3
10003468:	e724      	b.n	100032b4 <_ftoa+0x170>
1000346a:	2200      	movs	r2, #0
1000346c:	9806      	ldr	r0, [sp, #24]
1000346e:	9907      	ldr	r1, [sp, #28]
10003470:	4b0b      	ldr	r3, [pc, #44]	@ (100034a0 <_ftoa+0x35c>)
10003472:	f7ff f89b 	bl	100025ac <__wrap___aeabi_dcmplt>
10003476:	2800      	cmp	r0, #0
10003478:	d000      	beq.n	1000347c <_ftoa+0x338>
1000347a:	e6f9      	b.n	10003270 <_ftoa+0x12c>
1000347c:	464b      	mov	r3, r9
1000347e:	2b00      	cmp	r3, #0
10003480:	d15c      	bne.n	1000353c <_ftoa+0x3f8>
10003482:	2301      	movs	r3, #1
10003484:	469c      	mov	ip, r3
10003486:	44e1      	add	r9, ip
10003488:	e6f2      	b.n	10003270 <_ftoa+0x12c>
1000348a:	46c0      	nop			@ (mov r8, r8)
1000348c:	ffefffff 	.word	0xffefffff
10003490:	7fefffff 	.word	0x7fefffff
10003494:	41cdcd65 	.word	0x41cdcd65
10003498:	c1cdcd65 	.word	0xc1cdcd65
1000349c:	10008fc0 	.word	0x10008fc0
100034a0:	3fe00000 	.word	0x3fe00000
100034a4:	10008cf8 	.word	0x10008cf8
100034a8:	10008cf0 	.word	0x10008cf0
100034ac:	10008d00 	.word	0x10008d00
100034b0:	9b06      	ldr	r3, [sp, #24]
100034b2:	465e      	mov	r6, fp
100034b4:	469b      	mov	fp, r3
100034b6:	2303      	movs	r3, #3
100034b8:	9a22      	ldr	r2, [sp, #136]	@ 0x88
100034ba:	4013      	ands	r3, r2
100034bc:	2b01      	cmp	r3, #1
100034be:	d100      	bne.n	100034c2 <_ftoa+0x37e>
100034c0:	e081      	b.n	100035c6 <_ftoa+0x482>
100034c2:	2c20      	cmp	r4, #32
100034c4:	d100      	bne.n	100034c8 <_ftoa+0x384>
100034c6:	e731      	b.n	1000332c <_ftoa+0x1e8>
100034c8:	9b0b      	ldr	r3, [sp, #44]	@ 0x2c
100034ca:	2b00      	cmp	r3, #0
100034cc:	d027      	beq.n	1000351e <_ftoa+0x3da>
100034ce:	232d      	movs	r3, #45	@ 0x2d
100034d0:	5533      	strb	r3, [r6, r4]
100034d2:	3401      	adds	r4, #1
100034d4:	e72a      	b.n	1000332c <_ftoa+0x1e8>
100034d6:	464f      	mov	r7, r9
100034d8:	9d06      	ldr	r5, [sp, #24]
100034da:	2c20      	cmp	r4, #32
100034dc:	d100      	bne.n	100034e0 <_ftoa+0x39c>
100034de:	e6e7      	b.n	100032b0 <_ftoa+0x16c>
100034e0:	2230      	movs	r2, #48	@ 0x30
100034e2:	1933      	adds	r3, r6, r4
100034e4:	e007      	b.n	100034f6 <_ftoa+0x3b2>
100034e6:	2017      	movs	r0, #23
100034e8:	a906      	add	r1, sp, #24
100034ea:	3401      	adds	r4, #1
100034ec:	1809      	adds	r1, r1, r0
100034ee:	550a      	strb	r2, [r1, r4]
100034f0:	2c20      	cmp	r4, #32
100034f2:	d100      	bne.n	100034f6 <_ftoa+0x3b2>
100034f4:	e6dc      	b.n	100032b0 <_ftoa+0x16c>
100034f6:	42a3      	cmp	r3, r4
100034f8:	d1f5      	bne.n	100034e6 <_ftoa+0x3a2>
100034fa:	222e      	movs	r2, #46	@ 0x2e
100034fc:	ae0c      	add	r6, sp, #48	@ 0x30
100034fe:	3401      	adds	r4, #1
10003500:	54f2      	strb	r2, [r6, r3]
10003502:	e6d7      	b.n	100032b4 <_ftoa+0x170>
10003504:	230c      	movs	r3, #12
10003506:	9a22      	ldr	r2, [sp, #136]	@ 0x88
10003508:	4213      	tst	r3, r2
1000350a:	d057      	beq.n	100035bc <_ftoa+0x478>
1000350c:	9b21      	ldr	r3, [sp, #132]	@ 0x84
1000350e:	3b01      	subs	r3, #1
10003510:	9321      	str	r3, [sp, #132]	@ 0x84
10003512:	42a3      	cmp	r3, r4
10003514:	d900      	bls.n	10003518 <_ftoa+0x3d4>
10003516:	e6fc      	b.n	10003312 <_ftoa+0x1ce>
10003518:	2c20      	cmp	r4, #32
1000351a:	d100      	bne.n	1000351e <_ftoa+0x3da>
1000351c:	e706      	b.n	1000332c <_ftoa+0x1e8>
1000351e:	9b22      	ldr	r3, [sp, #136]	@ 0x88
10003520:	075b      	lsls	r3, r3, #29
10003522:	d503      	bpl.n	1000352c <_ftoa+0x3e8>
10003524:	232b      	movs	r3, #43	@ 0x2b
10003526:	5533      	strb	r3, [r6, r4]
10003528:	3401      	adds	r4, #1
1000352a:	e6ff      	b.n	1000332c <_ftoa+0x1e8>
1000352c:	9b22      	ldr	r3, [sp, #136]	@ 0x88
1000352e:	071b      	lsls	r3, r3, #28
10003530:	d400      	bmi.n	10003534 <_ftoa+0x3f0>
10003532:	e6fb      	b.n	1000332c <_ftoa+0x1e8>
10003534:	2320      	movs	r3, #32
10003536:	5533      	strb	r3, [r6, r4]
10003538:	3401      	adds	r4, #1
1000353a:	e6f7      	b.n	1000332c <_ftoa+0x1e8>
1000353c:	07db      	lsls	r3, r3, #31
1000353e:	d400      	bmi.n	10003542 <_ftoa+0x3fe>
10003540:	e696      	b.n	10003270 <_ftoa+0x12c>
10003542:	e79e      	b.n	10003482 <_ftoa+0x33e>
10003544:	9b22      	ldr	r3, [sp, #136]	@ 0x88
10003546:	4655      	mov	r5, sl
10003548:	079b      	lsls	r3, r3, #30
1000354a:	d111      	bne.n	10003570 <_ftoa+0x42c>
1000354c:	9b21      	ldr	r3, [sp, #132]	@ 0x84
1000354e:	2b03      	cmp	r3, #3
10003550:	d90e      	bls.n	10003570 <_ftoa+0x42c>
10003552:	9b21      	ldr	r3, [sp, #132]	@ 0x84
10003554:	4654      	mov	r4, sl
10003556:	469c      	mov	ip, r3
10003558:	465e      	mov	r6, fp
1000355a:	3d03      	subs	r5, #3
1000355c:	4465      	add	r5, ip
1000355e:	0022      	movs	r2, r4
10003560:	4643      	mov	r3, r8
10003562:	3401      	adds	r4, #1
10003564:	0039      	movs	r1, r7
10003566:	2020      	movs	r0, #32
10003568:	47b0      	blx	r6
1000356a:	42ac      	cmp	r4, r5
1000356c:	d1f7      	bne.n	1000355e <_ftoa+0x41a>
1000356e:	46b3      	mov	fp, r6
10003570:	46b9      	mov	r9, r7
10003572:	465f      	mov	r7, fp
10003574:	4e1c      	ldr	r6, [pc, #112]	@ (100035e8 <_ftoa+0x4a4>)
10003576:	1cec      	adds	r4, r5, #3
10003578:	002a      	movs	r2, r5
1000357a:	78b0      	ldrb	r0, [r6, #2]
1000357c:	4643      	mov	r3, r8
1000357e:	4649      	mov	r1, r9
10003580:	3501      	adds	r5, #1
10003582:	47b8      	blx	r7
10003584:	3e01      	subs	r6, #1
10003586:	42ac      	cmp	r4, r5
10003588:	d1f6      	bne.n	10003578 <_ftoa+0x434>
1000358a:	9b22      	ldr	r3, [sp, #136]	@ 0x88
1000358c:	46bb      	mov	fp, r7
1000358e:	464f      	mov	r7, r9
10003590:	079b      	lsls	r3, r3, #30
10003592:	d400      	bmi.n	10003596 <_ftoa+0x452>
10003594:	e6e1      	b.n	1000335a <_ftoa+0x216>
10003596:	4653      	mov	r3, sl
10003598:	9a21      	ldr	r2, [sp, #132]	@ 0x84
1000359a:	1ae3      	subs	r3, r4, r3
1000359c:	429a      	cmp	r2, r3
1000359e:	d800      	bhi.n	100035a2 <_ftoa+0x45e>
100035a0:	e6db      	b.n	1000335a <_ftoa+0x216>
100035a2:	465e      	mov	r6, fp
100035a4:	0015      	movs	r5, r2
100035a6:	0022      	movs	r2, r4
100035a8:	4643      	mov	r3, r8
100035aa:	0039      	movs	r1, r7
100035ac:	2020      	movs	r0, #32
100035ae:	47b0      	blx	r6
100035b0:	4653      	mov	r3, sl
100035b2:	3401      	adds	r4, #1
100035b4:	1ae3      	subs	r3, r4, r3
100035b6:	42ab      	cmp	r3, r5
100035b8:	d3f5      	bcc.n	100035a6 <_ftoa+0x462>
100035ba:	e6ce      	b.n	1000335a <_ftoa+0x216>
100035bc:	9b21      	ldr	r3, [sp, #132]	@ 0x84
100035be:	42a3      	cmp	r3, r4
100035c0:	d900      	bls.n	100035c4 <_ftoa+0x480>
100035c2:	e6a6      	b.n	10003312 <_ftoa+0x1ce>
100035c4:	e6b2      	b.n	1000332c <_ftoa+0x1e8>
100035c6:	9b21      	ldr	r3, [sp, #132]	@ 0x84
100035c8:	2b00      	cmp	r3, #0
100035ca:	d100      	bne.n	100035ce <_ftoa+0x48a>
100035cc:	e779      	b.n	100034c2 <_ftoa+0x37e>
100035ce:	9b0b      	ldr	r3, [sp, #44]	@ 0x2c
100035d0:	2b00      	cmp	r3, #0
100035d2:	d097      	beq.n	10003504 <_ftoa+0x3c0>
100035d4:	9b21      	ldr	r3, [sp, #132]	@ 0x84
100035d6:	3b01      	subs	r3, #1
100035d8:	9321      	str	r3, [sp, #132]	@ 0x84
100035da:	429c      	cmp	r4, r3
100035dc:	d200      	bcs.n	100035e0 <_ftoa+0x49c>
100035de:	e698      	b.n	10003312 <_ftoa+0x1ce>
100035e0:	2c20      	cmp	r4, #32
100035e2:	d000      	beq.n	100035e6 <_ftoa+0x4a2>
100035e4:	e773      	b.n	100034ce <_ftoa+0x38a>
100035e6:	e6a1      	b.n	1000332c <_ftoa+0x1e8>
100035e8:	10008cfc 	.word	0x10008cfc

100035ec <_etoa>:
100035ec:	b5f0      	push	{r4, r5, r6, r7, lr}
100035ee:	46de      	mov	lr, fp
100035f0:	4657      	mov	r7, sl
100035f2:	464e      	mov	r6, r9
100035f4:	4645      	mov	r5, r8
100035f6:	b5e0      	push	{r5, r6, r7, lr}
100035f8:	b099      	sub	sp, #100	@ 0x64
100035fa:	4681      	mov	r9, r0
100035fc:	468b      	mov	fp, r1
100035fe:	4692      	mov	sl, r2
10003600:	4698      	mov	r8, r3
10003602:	9a22      	ldr	r2, [sp, #136]	@ 0x88
10003604:	9b23      	ldr	r3, [sp, #140]	@ 0x8c
10003606:	0010      	movs	r0, r2
10003608:	0019      	movs	r1, r3
1000360a:	f7fe ffea 	bl	100025e2 <__wrap___aeabi_dcmpun>
1000360e:	2800      	cmp	r0, #0
10003610:	d000      	beq.n	10003614 <_etoa+0x28>
10003612:	e0ca      	b.n	100037aa <_etoa+0x1be>
10003614:	9822      	ldr	r0, [sp, #136]	@ 0x88
10003616:	9923      	ldr	r1, [sp, #140]	@ 0x8c
10003618:	2201      	movs	r2, #1
1000361a:	4b82      	ldr	r3, [pc, #520]	@ (10003824 <_etoa+0x238>)
1000361c:	4252      	negs	r2, r2
1000361e:	f7fe ffdb 	bl	100025d8 <__wrap___aeabi_dcmpgt>
10003622:	2800      	cmp	r0, #0
10003624:	d000      	beq.n	10003628 <_etoa+0x3c>
10003626:	e0c0      	b.n	100037aa <_etoa+0x1be>
10003628:	9822      	ldr	r0, [sp, #136]	@ 0x88
1000362a:	9923      	ldr	r1, [sp, #140]	@ 0x8c
1000362c:	2201      	movs	r2, #1
1000362e:	4b7e      	ldr	r3, [pc, #504]	@ (10003828 <_etoa+0x23c>)
10003630:	4252      	negs	r2, r2
10003632:	f7fe ffbb 	bl	100025ac <__wrap___aeabi_dcmplt>
10003636:	2800      	cmp	r0, #0
10003638:	d000      	beq.n	1000363c <_etoa+0x50>
1000363a:	e0b6      	b.n	100037aa <_etoa+0x1be>
1000363c:	9822      	ldr	r0, [sp, #136]	@ 0x88
1000363e:	9923      	ldr	r1, [sp, #140]	@ 0x8c
10003640:	2200      	movs	r2, #0
10003642:	2300      	movs	r3, #0
10003644:	f7fe ffb2 	bl	100025ac <__wrap___aeabi_dcmplt>
10003648:	2800      	cmp	r0, #0
1000364a:	d000      	beq.n	1000364e <_etoa+0x62>
1000364c:	e1c9      	b.n	100039e2 <_etoa+0x3f6>
1000364e:	9b22      	ldr	r3, [sp, #136]	@ 0x88
10003650:	9c23      	ldr	r4, [sp, #140]	@ 0x8c
10003652:	9308      	str	r3, [sp, #32]
10003654:	9409      	str	r4, [sp, #36]	@ 0x24
10003656:	9808      	ldr	r0, [sp, #32]
10003658:	9909      	ldr	r1, [sp, #36]	@ 0x24
1000365a:	2380      	movs	r3, #128	@ 0x80
1000365c:	9a26      	ldr	r2, [sp, #152]	@ 0x98
1000365e:	00db      	lsls	r3, r3, #3
10003660:	401a      	ands	r2, r3
10003662:	920d      	str	r2, [sp, #52]	@ 0x34
10003664:	2280      	movs	r2, #128	@ 0x80
10003666:	9c26      	ldr	r4, [sp, #152]	@ 0x98
10003668:	0112      	lsls	r2, r2, #4
1000366a:	4014      	ands	r4, r2
1000366c:	0022      	movs	r2, r4
1000366e:	940b      	str	r4, [sp, #44]	@ 0x2c
10003670:	9c26      	ldr	r4, [sp, #152]	@ 0x98
10003672:	0007      	movs	r7, r0
10003674:	000e      	movs	r6, r1
10003676:	421c      	tst	r4, r3
10003678:	d000      	beq.n	1000367c <_etoa+0x90>
1000367a:	e0ad      	b.n	100037d8 <_etoa+0x1ec>
1000367c:	000b      	movs	r3, r1
1000367e:	4303      	orrs	r3, r0
10003680:	d000      	beq.n	10003684 <_etoa+0x98>
10003682:	e0d5      	b.n	10003830 <_etoa+0x244>
10003684:	2a00      	cmp	r2, #0
10003686:	d000      	beq.n	1000368a <_etoa+0x9e>
10003688:	e20a      	b.n	10003aa0 <_etoa+0x4b4>
1000368a:	0022      	movs	r2, r4
1000368c:	3306      	adds	r3, #6
1000368e:	9324      	str	r3, [sp, #144]	@ 0x90
10003690:	2302      	movs	r3, #2
10003692:	4013      	ands	r3, r2
10003694:	930c      	str	r3, [sp, #48]	@ 0x30
10003696:	2302      	movs	r3, #2
10003698:	4213      	tst	r3, r2
1000369a:	d000      	beq.n	1000369e <_etoa+0xb2>
1000369c:	e202      	b.n	10003aa4 <_etoa+0x4b8>
1000369e:	9b25      	ldr	r3, [sp, #148]	@ 0x94
100036a0:	2b04      	cmp	r3, #4
100036a2:	d200      	bcs.n	100036a6 <_etoa+0xba>
100036a4:	e20f      	b.n	10003ac6 <_etoa+0x4da>
100036a6:	3b04      	subs	r3, #4
100036a8:	930b      	str	r3, [sp, #44]	@ 0x2c
100036aa:	2300      	movs	r3, #0
100036ac:	2504      	movs	r5, #4
100036ae:	930a      	str	r3, [sp, #40]	@ 0x28
100036b0:	2200      	movs	r2, #0
100036b2:	9822      	ldr	r0, [sp, #136]	@ 0x88
100036b4:	9923      	ldr	r1, [sp, #140]	@ 0x8c
100036b6:	2300      	movs	r3, #0
100036b8:	f7fe ff78 	bl	100025ac <__wrap___aeabi_dcmplt>
100036bc:	2800      	cmp	r0, #0
100036be:	d000      	beq.n	100036c2 <_etoa+0xd6>
100036c0:	e203      	b.n	10003aca <_etoa+0x4de>
100036c2:	4b5a      	ldr	r3, [pc, #360]	@ (1000382c <_etoa+0x240>)
100036c4:	9a26      	ldr	r2, [sp, #152]	@ 0x98
100036c6:	4013      	ands	r3, r2
100036c8:	9304      	str	r3, [sp, #16]
100036ca:	9b0b      	ldr	r3, [sp, #44]	@ 0x2c
100036cc:	9303      	str	r3, [sp, #12]
100036ce:	9b24      	ldr	r3, [sp, #144]	@ 0x90
100036d0:	9302      	str	r3, [sp, #8]
100036d2:	9b08      	ldr	r3, [sp, #32]
100036d4:	9c09      	ldr	r4, [sp, #36]	@ 0x24
100036d6:	9300      	str	r3, [sp, #0]
100036d8:	9401      	str	r4, [sp, #4]
100036da:	4659      	mov	r1, fp
100036dc:	4643      	mov	r3, r8
100036de:	4652      	mov	r2, sl
100036e0:	4648      	mov	r0, r9
100036e2:	f7ff fd2f 	bl	10003144 <_ftoa>
100036e6:	0002      	movs	r2, r0
100036e8:	2020      	movs	r0, #32
100036ea:	9b26      	ldr	r3, [sp, #152]	@ 0x98
100036ec:	271f      	movs	r7, #31
100036ee:	4003      	ands	r3, r0
100036f0:	4259      	negs	r1, r3
100036f2:	414b      	adcs	r3, r1
100036f4:	425b      	negs	r3, r3
100036f6:	4018      	ands	r0, r3
100036f8:	1c53      	adds	r3, r2, #1
100036fa:	9308      	str	r3, [sp, #32]
100036fc:	4659      	mov	r1, fp
100036fe:	4643      	mov	r3, r8
10003700:	3045      	adds	r0, #69	@ 0x45
10003702:	47c8      	blx	r9
10003704:	9a0a      	ldr	r2, [sp, #40]	@ 0x28
10003706:	17d3      	asrs	r3, r2, #31
10003708:	18d4      	adds	r4, r2, r3
1000370a:	405c      	eors	r4, r3
1000370c:	0fd3      	lsrs	r3, r2, #31
1000370e:	930a      	str	r3, [sp, #40]	@ 0x28
10003710:	1e6b      	subs	r3, r5, #1
10003712:	930b      	str	r3, [sp, #44]	@ 0x2c
10003714:	ab08      	add	r3, sp, #32
10003716:	469c      	mov	ip, r3
10003718:	2500      	movs	r5, #0
1000371a:	4467      	add	r7, ip
1000371c:	e001      	b.n	10003722 <_etoa+0x136>
1000371e:	2d20      	cmp	r5, #32
10003720:	d00f      	beq.n	10003742 <_etoa+0x156>
10003722:	0020      	movs	r0, r4
10003724:	210a      	movs	r1, #10
10003726:	f7fe fc93 	bl	10002050 <__wrap___aeabi_uidiv>
1000372a:	3501      	adds	r5, #1
1000372c:	197e      	adds	r6, r7, r5
1000372e:	3130      	adds	r1, #48	@ 0x30
10003730:	7031      	strb	r1, [r6, #0]
10003732:	0020      	movs	r0, r4
10003734:	210a      	movs	r1, #10
10003736:	f7fe fc8b 	bl	10002050 <__wrap___aeabi_uidiv>
1000373a:	0026      	movs	r6, r4
1000373c:	0004      	movs	r4, r0
1000373e:	2e09      	cmp	r6, #9
10003740:	d8ed      	bhi.n	1000371e <_etoa+0x132>
10003742:	2305      	movs	r3, #5
10003744:	9306      	str	r3, [sp, #24]
10003746:	9b0b      	ldr	r3, [sp, #44]	@ 0x2c
10003748:	4659      	mov	r1, fp
1000374a:	9305      	str	r3, [sp, #20]
1000374c:	2300      	movs	r3, #0
1000374e:	9304      	str	r3, [sp, #16]
10003750:	330a      	adds	r3, #10
10003752:	9303      	str	r3, [sp, #12]
10003754:	9b0a      	ldr	r3, [sp, #40]	@ 0x28
10003756:	4648      	mov	r0, r9
10003758:	9302      	str	r3, [sp, #8]
1000375a:	ab10      	add	r3, sp, #64	@ 0x40
1000375c:	9300      	str	r3, [sp, #0]
1000375e:	9a08      	ldr	r2, [sp, #32]
10003760:	4643      	mov	r3, r8
10003762:	9501      	str	r5, [sp, #4]
10003764:	f7ff fbf8 	bl	10002f58 <_ntoa_format>
10003768:	9b0c      	ldr	r3, [sp, #48]	@ 0x30
1000376a:	2b00      	cmp	r3, #0
1000376c:	d02d      	beq.n	100037ca <_etoa+0x1de>
1000376e:	4653      	mov	r3, sl
10003770:	1ac4      	subs	r4, r0, r3
10003772:	9b25      	ldr	r3, [sp, #148]	@ 0x94
10003774:	42a3      	cmp	r3, r4
10003776:	d928      	bls.n	100037ca <_etoa+0x1de>
10003778:	464d      	mov	r5, r9
1000377a:	465f      	mov	r7, fp
1000377c:	4681      	mov	r9, r0
1000377e:	001e      	movs	r6, r3
10003780:	4653      	mov	r3, sl
10003782:	0039      	movs	r1, r7
10003784:	191a      	adds	r2, r3, r4
10003786:	2020      	movs	r0, #32
10003788:	4643      	mov	r3, r8
1000378a:	3401      	adds	r4, #1
1000378c:	47a8      	blx	r5
1000378e:	42a6      	cmp	r6, r4
10003790:	d8f6      	bhi.n	10003780 <_etoa+0x194>
10003792:	4653      	mov	r3, sl
10003794:	4648      	mov	r0, r9
10003796:	9925      	ldr	r1, [sp, #148]	@ 0x94
10003798:	1ac2      	subs	r2, r0, r3
1000379a:	3201      	adds	r2, #1
1000379c:	2300      	movs	r3, #0
1000379e:	4291      	cmp	r1, r2
100037a0:	d300      	bcc.n	100037a4 <_etoa+0x1b8>
100037a2:	e186      	b.n	10003ab2 <_etoa+0x4c6>
100037a4:	3001      	adds	r0, #1
100037a6:	1818      	adds	r0, r3, r0
100037a8:	e00f      	b.n	100037ca <_etoa+0x1de>
100037aa:	9b26      	ldr	r3, [sp, #152]	@ 0x98
100037ac:	9304      	str	r3, [sp, #16]
100037ae:	9b25      	ldr	r3, [sp, #148]	@ 0x94
100037b0:	9303      	str	r3, [sp, #12]
100037b2:	9b24      	ldr	r3, [sp, #144]	@ 0x90
100037b4:	9302      	str	r3, [sp, #8]
100037b6:	9b22      	ldr	r3, [sp, #136]	@ 0x88
100037b8:	9c23      	ldr	r4, [sp, #140]	@ 0x8c
100037ba:	9300      	str	r3, [sp, #0]
100037bc:	9401      	str	r4, [sp, #4]
100037be:	4643      	mov	r3, r8
100037c0:	4652      	mov	r2, sl
100037c2:	4659      	mov	r1, fp
100037c4:	4648      	mov	r0, r9
100037c6:	f7ff fcbd 	bl	10003144 <_ftoa>
100037ca:	b019      	add	sp, #100	@ 0x64
100037cc:	bcf0      	pop	{r4, r5, r6, r7}
100037ce:	46bb      	mov	fp, r7
100037d0:	46b2      	mov	sl, r6
100037d2:	46a9      	mov	r9, r5
100037d4:	46a0      	mov	r8, r4
100037d6:	bdf0      	pop	{r4, r5, r6, r7, pc}
100037d8:	4301      	orrs	r1, r0
100037da:	d12b      	bne.n	10003834 <_etoa+0x248>
100037dc:	9b0b      	ldr	r3, [sp, #44]	@ 0x2c
100037de:	0022      	movs	r2, r4
100037e0:	2b00      	cmp	r3, #0
100037e2:	d100      	bne.n	100037e6 <_etoa+0x1fa>
100037e4:	e754      	b.n	10003690 <_etoa+0xa4>
100037e6:	2300      	movs	r3, #0
100037e8:	930a      	str	r3, [sp, #40]	@ 0x28
100037ea:	9b24      	ldr	r3, [sp, #144]	@ 0x90
100037ec:	9a0a      	ldr	r2, [sp, #40]	@ 0x28
100037ee:	2400      	movs	r4, #0
100037f0:	4293      	cmp	r3, r2
100037f2:	dd00      	ble.n	100037f6 <_etoa+0x20a>
100037f4:	e185      	b.n	10003b02 <_etoa+0x516>
100037f6:	9822      	ldr	r0, [sp, #136]	@ 0x88
100037f8:	9923      	ldr	r1, [sp, #140]	@ 0x8c
100037fa:	2200      	movs	r2, #0
100037fc:	2300      	movs	r3, #0
100037fe:	f7fe fed5 	bl	100025ac <__wrap___aeabi_dcmplt>
10003802:	2800      	cmp	r0, #0
10003804:	d000      	beq.n	10003808 <_etoa+0x21c>
10003806:	e135      	b.n	10003a74 <_etoa+0x488>
10003808:	9b26      	ldr	r3, [sp, #152]	@ 0x98
1000380a:	4a08      	ldr	r2, [pc, #32]	@ (1000382c <_etoa+0x240>)
1000380c:	9402      	str	r4, [sp, #8]
1000380e:	401a      	ands	r2, r3
10003810:	2380      	movs	r3, #128	@ 0x80
10003812:	00db      	lsls	r3, r3, #3
10003814:	4313      	orrs	r3, r2
10003816:	9304      	str	r3, [sp, #16]
10003818:	9b25      	ldr	r3, [sp, #148]	@ 0x94
1000381a:	9303      	str	r3, [sp, #12]
1000381c:	9b08      	ldr	r3, [sp, #32]
1000381e:	9c09      	ldr	r4, [sp, #36]	@ 0x24
10003820:	e7cb      	b.n	100037ba <_etoa+0x1ce>
10003822:	46c0      	nop			@ (mov r8, r8)
10003824:	7fefffff 	.word	0x7fefffff
10003828:	ffefffff 	.word	0xffefffff
1000382c:	fffff7ff 	.word	0xfffff7ff
10003830:	2306      	movs	r3, #6
10003832:	9324      	str	r3, [sp, #144]	@ 0x90
10003834:	4bb4      	ldr	r3, [pc, #720]	@ (10003b08 <_etoa+0x51c>)
10003836:	0070      	lsls	r0, r6, #1
10003838:	469c      	mov	ip, r3
1000383a:	0d40      	lsrs	r0, r0, #21
1000383c:	4460      	add	r0, ip
1000383e:	f7fe fee1 	bl	10002604 <__wrap___aeabi_i2d>
10003842:	4ab2      	ldr	r2, [pc, #712]	@ (10003b0c <_etoa+0x520>)
10003844:	4bb2      	ldr	r3, [pc, #712]	@ (10003b10 <_etoa+0x524>)
10003846:	f7fe fe6e 	bl	10002526 <__wrap___aeabi_dmul>
1000384a:	4ab2      	ldr	r2, [pc, #712]	@ (10003b14 <_etoa+0x528>)
1000384c:	4bb2      	ldr	r3, [pc, #712]	@ (10003b18 <_etoa+0x52c>)
1000384e:	f7fe fe43 	bl	100024d8 <__wrap___aeabi_dadd>
10003852:	0336      	lsls	r6, r6, #12
10003854:	4bb1      	ldr	r3, [pc, #708]	@ (10003b1c <_etoa+0x530>)
10003856:	0b36      	lsrs	r6, r6, #12
10003858:	4333      	orrs	r3, r6
1000385a:	0004      	movs	r4, r0
1000385c:	000d      	movs	r5, r1
1000385e:	0038      	movs	r0, r7
10003860:	0019      	movs	r1, r3
10003862:	2200      	movs	r2, #0
10003864:	4bae      	ldr	r3, [pc, #696]	@ (10003b20 <_etoa+0x534>)
10003866:	f7fe fe2e 	bl	100024c6 <__wrap___aeabi_dsub>
1000386a:	4aae      	ldr	r2, [pc, #696]	@ (10003b24 <_etoa+0x538>)
1000386c:	4bae      	ldr	r3, [pc, #696]	@ (10003b28 <_etoa+0x53c>)
1000386e:	f7fe fe5a 	bl	10002526 <__wrap___aeabi_dmul>
10003872:	0002      	movs	r2, r0
10003874:	000b      	movs	r3, r1
10003876:	0020      	movs	r0, r4
10003878:	0029      	movs	r1, r5
1000387a:	f7fe fe2d 	bl	100024d8 <__wrap___aeabi_dadd>
1000387e:	f7fe fed9 	bl	10002634 <__wrap___aeabi_d2iz>
10003882:	900a      	str	r0, [sp, #40]	@ 0x28
10003884:	f7fe febe 	bl	10002604 <__wrap___aeabi_i2d>
10003888:	4aa8      	ldr	r2, [pc, #672]	@ (10003b2c <_etoa+0x540>)
1000388a:	4ba9      	ldr	r3, [pc, #676]	@ (10003b30 <_etoa+0x544>)
1000388c:	0004      	movs	r4, r0
1000388e:	000d      	movs	r5, r1
10003890:	f7fe fe49 	bl	10002526 <__wrap___aeabi_dmul>
10003894:	2200      	movs	r2, #0
10003896:	4ba7      	ldr	r3, [pc, #668]	@ (10003b34 <_etoa+0x548>)
10003898:	f7fe fe1e 	bl	100024d8 <__wrap___aeabi_dadd>
1000389c:	f7fe feca 	bl	10002634 <__wrap___aeabi_d2iz>
100038a0:	4aa5      	ldr	r2, [pc, #660]	@ (10003b38 <_etoa+0x54c>)
100038a2:	0006      	movs	r6, r0
100038a4:	4ba5      	ldr	r3, [pc, #660]	@ (10003b3c <_etoa+0x550>)
100038a6:	0020      	movs	r0, r4
100038a8:	0029      	movs	r1, r5
100038aa:	f7fe fe3c 	bl	10002526 <__wrap___aeabi_dmul>
100038ae:	0004      	movs	r4, r0
100038b0:	0030      	movs	r0, r6
100038b2:	000d      	movs	r5, r1
100038b4:	960c      	str	r6, [sp, #48]	@ 0x30
100038b6:	f7fe fea5 	bl	10002604 <__wrap___aeabi_i2d>
100038ba:	4aa1      	ldr	r2, [pc, #644]	@ (10003b40 <_etoa+0x554>)
100038bc:	4ba1      	ldr	r3, [pc, #644]	@ (10003b44 <_etoa+0x558>)
100038be:	f7fe fe32 	bl	10002526 <__wrap___aeabi_dmul>
100038c2:	0002      	movs	r2, r0
100038c4:	000b      	movs	r3, r1
100038c6:	0020      	movs	r0, r4
100038c8:	0029      	movs	r1, r5
100038ca:	f7fe fdfc 	bl	100024c6 <__wrap___aeabi_dsub>
100038ce:	0002      	movs	r2, r0
100038d0:	000b      	movs	r3, r1
100038d2:	0006      	movs	r6, r0
100038d4:	000f      	movs	r7, r1
100038d6:	f7fe fe26 	bl	10002526 <__wrap___aeabi_dmul>
100038da:	0032      	movs	r2, r6
100038dc:	0004      	movs	r4, r0
100038de:	000d      	movs	r5, r1
100038e0:	003b      	movs	r3, r7
100038e2:	0030      	movs	r0, r6
100038e4:	0039      	movs	r1, r7
100038e6:	f7fe fdf7 	bl	100024d8 <__wrap___aeabi_dadd>
100038ea:	2200      	movs	r2, #0
100038ec:	900e      	str	r0, [sp, #56]	@ 0x38
100038ee:	910f      	str	r1, [sp, #60]	@ 0x3c
100038f0:	4b95      	ldr	r3, [pc, #596]	@ (10003b48 <_etoa+0x55c>)
100038f2:	0020      	movs	r0, r4
100038f4:	0029      	movs	r1, r5
100038f6:	f7fe fdf8 	bl	100024ea <__wrap___aeabi_ddiv>
100038fa:	2200      	movs	r2, #0
100038fc:	4b93      	ldr	r3, [pc, #588]	@ (10003b4c <_etoa+0x560>)
100038fe:	f7fe fdeb 	bl	100024d8 <__wrap___aeabi_dadd>
10003902:	0002      	movs	r2, r0
10003904:	000b      	movs	r3, r1
10003906:	0020      	movs	r0, r4
10003908:	0029      	movs	r1, r5
1000390a:	f7fe fdee 	bl	100024ea <__wrap___aeabi_ddiv>
1000390e:	2200      	movs	r2, #0
10003910:	4b8f      	ldr	r3, [pc, #572]	@ (10003b50 <_etoa+0x564>)
10003912:	f7fe fde1 	bl	100024d8 <__wrap___aeabi_dadd>
10003916:	0002      	movs	r2, r0
10003918:	000b      	movs	r3, r1
1000391a:	0020      	movs	r0, r4
1000391c:	0029      	movs	r1, r5
1000391e:	f7fe fde4 	bl	100024ea <__wrap___aeabi_ddiv>
10003922:	000d      	movs	r5, r1
10003924:	2180      	movs	r1, #128	@ 0x80
10003926:	0004      	movs	r4, r0
10003928:	0032      	movs	r2, r6
1000392a:	003b      	movs	r3, r7
1000392c:	2000      	movs	r0, #0
1000392e:	05c9      	lsls	r1, r1, #23
10003930:	f7fe fdc9 	bl	100024c6 <__wrap___aeabi_dsub>
10003934:	0002      	movs	r2, r0
10003936:	000b      	movs	r3, r1
10003938:	0020      	movs	r0, r4
1000393a:	0029      	movs	r1, r5
1000393c:	f7fe fdcc 	bl	100024d8 <__wrap___aeabi_dadd>
10003940:	0002      	movs	r2, r0
10003942:	000b      	movs	r3, r1
10003944:	980e      	ldr	r0, [sp, #56]	@ 0x38
10003946:	990f      	ldr	r1, [sp, #60]	@ 0x3c
10003948:	f7fe fdcf 	bl	100024ea <__wrap___aeabi_ddiv>
1000394c:	2200      	movs	r2, #0
1000394e:	4b73      	ldr	r3, [pc, #460]	@ (10003b1c <_etoa+0x530>)
10003950:	f7fe fdc2 	bl	100024d8 <__wrap___aeabi_dadd>
10003954:	4b7f      	ldr	r3, [pc, #508]	@ (10003b54 <_etoa+0x568>)
10003956:	9c0c      	ldr	r4, [sp, #48]	@ 0x30
10003958:	469c      	mov	ip, r3
1000395a:	4464      	add	r4, ip
1000395c:	2200      	movs	r2, #0
1000395e:	0523      	lsls	r3, r4, #20
10003960:	f7fe fde1 	bl	10002526 <__wrap___aeabi_dmul>
10003964:	0006      	movs	r6, r0
10003966:	000f      	movs	r7, r1
10003968:	0002      	movs	r2, r0
1000396a:	000b      	movs	r3, r1
1000396c:	9808      	ldr	r0, [sp, #32]
1000396e:	9909      	ldr	r1, [sp, #36]	@ 0x24
10003970:	f7fe fe1c 	bl	100025ac <__wrap___aeabi_dcmplt>
10003974:	2800      	cmp	r0, #0
10003976:	d00a      	beq.n	1000398e <_etoa+0x3a2>
10003978:	9b0a      	ldr	r3, [sp, #40]	@ 0x28
1000397a:	0030      	movs	r0, r6
1000397c:	3b01      	subs	r3, #1
1000397e:	0039      	movs	r1, r7
10003980:	930a      	str	r3, [sp, #40]	@ 0x28
10003982:	2200      	movs	r2, #0
10003984:	4b71      	ldr	r3, [pc, #452]	@ (10003b4c <_etoa+0x560>)
10003986:	f7fe fdb0 	bl	100024ea <__wrap___aeabi_ddiv>
1000398a:	0006      	movs	r6, r0
1000398c:	000f      	movs	r7, r1
1000398e:	9a0a      	ldr	r2, [sp, #40]	@ 0x28
10003990:	0033      	movs	r3, r6
10003992:	3263      	adds	r2, #99	@ 0x63
10003994:	0039      	movs	r1, r7
10003996:	2ac6      	cmp	r2, #198	@ 0xc6
10003998:	d812      	bhi.n	100039c0 <_etoa+0x3d4>
1000399a:	2202      	movs	r2, #2
1000399c:	9826      	ldr	r0, [sp, #152]	@ 0x98
1000399e:	2504      	movs	r5, #4
100039a0:	4010      	ands	r0, r2
100039a2:	9a0b      	ldr	r2, [sp, #44]	@ 0x2c
100039a4:	900c      	str	r0, [sp, #48]	@ 0x30
100039a6:	2a00      	cmp	r2, #0
100039a8:	d125      	bne.n	100039f6 <_etoa+0x40a>
100039aa:	9b25      	ldr	r3, [sp, #148]	@ 0x94
100039ac:	2b04      	cmp	r3, #4
100039ae:	d905      	bls.n	100039bc <_etoa+0x3d0>
100039b0:	2800      	cmp	r0, #0
100039b2:	d000      	beq.n	100039b6 <_etoa+0x3ca>
100039b4:	e0a1      	b.n	10003afa <_etoa+0x50e>
100039b6:	9b25      	ldr	r3, [sp, #148]	@ 0x94
100039b8:	3b04      	subs	r3, #4
100039ba:	930b      	str	r3, [sp, #44]	@ 0x2c
100039bc:	2504      	movs	r5, #4
100039be:	e041      	b.n	10003a44 <_etoa+0x458>
100039c0:	2202      	movs	r2, #2
100039c2:	9826      	ldr	r0, [sp, #152]	@ 0x98
100039c4:	4010      	ands	r0, r2
100039c6:	9a0b      	ldr	r2, [sp, #44]	@ 0x2c
100039c8:	900c      	str	r0, [sp, #48]	@ 0x30
100039ca:	2a00      	cmp	r2, #0
100039cc:	d112      	bne.n	100039f4 <_etoa+0x408>
100039ce:	9b25      	ldr	r3, [sp, #148]	@ 0x94
100039d0:	2b05      	cmp	r3, #5
100039d2:	d976      	bls.n	10003ac2 <_etoa+0x4d6>
100039d4:	2800      	cmp	r0, #0
100039d6:	d172      	bne.n	10003abe <_etoa+0x4d2>
100039d8:	9b25      	ldr	r3, [sp, #148]	@ 0x94
100039da:	2505      	movs	r5, #5
100039dc:	3b05      	subs	r3, #5
100039de:	930b      	str	r3, [sp, #44]	@ 0x2c
100039e0:	e034      	b.n	10003a4c <_etoa+0x460>
100039e2:	2280      	movs	r2, #128	@ 0x80
100039e4:	0612      	lsls	r2, r2, #24
100039e6:	4694      	mov	ip, r2
100039e8:	9b22      	ldr	r3, [sp, #136]	@ 0x88
100039ea:	9308      	str	r3, [sp, #32]
100039ec:	9b23      	ldr	r3, [sp, #140]	@ 0x8c
100039ee:	4463      	add	r3, ip
100039f0:	9309      	str	r3, [sp, #36]	@ 0x24
100039f2:	e630      	b.n	10003656 <_etoa+0x6a>
100039f4:	2505      	movs	r5, #5
100039f6:	430b      	orrs	r3, r1
100039f8:	d100      	bne.n	100039fc <_etoa+0x410>
100039fa:	e6f6      	b.n	100037ea <_etoa+0x1fe>
100039fc:	9808      	ldr	r0, [sp, #32]
100039fe:	9909      	ldr	r1, [sp, #36]	@ 0x24
10003a00:	4a55      	ldr	r2, [pc, #340]	@ (10003b58 <_etoa+0x56c>)
10003a02:	4b56      	ldr	r3, [pc, #344]	@ (10003b5c <_etoa+0x570>)
10003a04:	f7fe fde0 	bl	100025c8 <__wrap___aeabi_dcmpge>
10003a08:	2800      	cmp	r0, #0
10003a0a:	d008      	beq.n	10003a1e <_etoa+0x432>
10003a0c:	9808      	ldr	r0, [sp, #32]
10003a0e:	9909      	ldr	r1, [sp, #36]	@ 0x24
10003a10:	2200      	movs	r2, #0
10003a12:	4b53      	ldr	r3, [pc, #332]	@ (10003b60 <_etoa+0x574>)
10003a14:	f7fe fdca 	bl	100025ac <__wrap___aeabi_dcmplt>
10003a18:	2800      	cmp	r0, #0
10003a1a:	d000      	beq.n	10003a1e <_etoa+0x432>
10003a1c:	e6e5      	b.n	100037ea <_etoa+0x1fe>
10003a1e:	9b24      	ldr	r3, [sp, #144]	@ 0x90
10003a20:	2b00      	cmp	r3, #0
10003a22:	d01c      	beq.n	10003a5e <_etoa+0x472>
10003a24:	9b0d      	ldr	r3, [sp, #52]	@ 0x34
10003a26:	2b00      	cmp	r3, #0
10003a28:	d019      	beq.n	10003a5e <_etoa+0x472>
10003a2a:	9b24      	ldr	r3, [sp, #144]	@ 0x90
10003a2c:	3b01      	subs	r3, #1
10003a2e:	9324      	str	r3, [sp, #144]	@ 0x90
10003a30:	9b25      	ldr	r3, [sp, #148]	@ 0x94
10003a32:	42ab      	cmp	r3, r5
10003a34:	d904      	bls.n	10003a40 <_etoa+0x454>
10003a36:	9b0c      	ldr	r3, [sp, #48]	@ 0x30
10003a38:	2b00      	cmp	r3, #0
10003a3a:	d05a      	beq.n	10003af2 <_etoa+0x506>
10003a3c:	2302      	movs	r3, #2
10003a3e:	930c      	str	r3, [sp, #48]	@ 0x30
10003a40:	2300      	movs	r3, #0
10003a42:	930b      	str	r3, [sp, #44]	@ 0x2c
10003a44:	9b0a      	ldr	r3, [sp, #40]	@ 0x28
10003a46:	2b00      	cmp	r3, #0
10003a48:	d100      	bne.n	10003a4c <_etoa+0x460>
10003a4a:	e631      	b.n	100036b0 <_etoa+0xc4>
10003a4c:	9808      	ldr	r0, [sp, #32]
10003a4e:	9909      	ldr	r1, [sp, #36]	@ 0x24
10003a50:	0032      	movs	r2, r6
10003a52:	003b      	movs	r3, r7
10003a54:	f7fe fd49 	bl	100024ea <__wrap___aeabi_ddiv>
10003a58:	9008      	str	r0, [sp, #32]
10003a5a:	9109      	str	r1, [sp, #36]	@ 0x24
10003a5c:	e628      	b.n	100036b0 <_etoa+0xc4>
10003a5e:	9b25      	ldr	r3, [sp, #148]	@ 0x94
10003a60:	42ab      	cmp	r3, r5
10003a62:	d9ed      	bls.n	10003a40 <_etoa+0x454>
10003a64:	9b0c      	ldr	r3, [sp, #48]	@ 0x30
10003a66:	2b00      	cmp	r3, #0
10003a68:	d043      	beq.n	10003af2 <_etoa+0x506>
10003a6a:	2300      	movs	r3, #0
10003a6c:	930b      	str	r3, [sp, #44]	@ 0x2c
10003a6e:	3302      	adds	r3, #2
10003a70:	930c      	str	r3, [sp, #48]	@ 0x30
10003a72:	e7e7      	b.n	10003a44 <_etoa+0x458>
10003a74:	2080      	movs	r0, #128	@ 0x80
10003a76:	9b26      	ldr	r3, [sp, #152]	@ 0x98
10003a78:	4a3a      	ldr	r2, [pc, #232]	@ (10003b64 <_etoa+0x578>)
10003a7a:	0600      	lsls	r0, r0, #24
10003a7c:	401a      	ands	r2, r3
10003a7e:	2380      	movs	r3, #128	@ 0x80
10003a80:	4684      	mov	ip, r0
10003a82:	9402      	str	r4, [sp, #8]
10003a84:	9c08      	ldr	r4, [sp, #32]
10003a86:	9d09      	ldr	r5, [sp, #36]	@ 0x24
10003a88:	0029      	movs	r1, r5
10003a8a:	00db      	lsls	r3, r3, #3
10003a8c:	4313      	orrs	r3, r2
10003a8e:	9304      	str	r3, [sp, #16]
10003a90:	9b25      	ldr	r3, [sp, #148]	@ 0x94
10003a92:	4461      	add	r1, ip
10003a94:	0022      	movs	r2, r4
10003a96:	9303      	str	r3, [sp, #12]
10003a98:	000b      	movs	r3, r1
10003a9a:	9200      	str	r2, [sp, #0]
10003a9c:	9301      	str	r3, [sp, #4]
10003a9e:	e68e      	b.n	100037be <_etoa+0x1d2>
10003aa0:	2405      	movs	r4, #5
10003aa2:	e6a8      	b.n	100037f6 <_etoa+0x20a>
10003aa4:	2300      	movs	r3, #0
10003aa6:	930b      	str	r3, [sp, #44]	@ 0x2c
10003aa8:	930a      	str	r3, [sp, #40]	@ 0x28
10003aaa:	3302      	adds	r3, #2
10003aac:	2504      	movs	r5, #4
10003aae:	930c      	str	r3, [sp, #48]	@ 0x30
10003ab0:	e5fe      	b.n	100036b0 <_etoa+0xc4>
10003ab2:	4653      	mov	r3, sl
10003ab4:	468c      	mov	ip, r1
10003ab6:	3b01      	subs	r3, #1
10003ab8:	4463      	add	r3, ip
10003aba:	1a1b      	subs	r3, r3, r0
10003abc:	e672      	b.n	100037a4 <_etoa+0x1b8>
10003abe:	2302      	movs	r3, #2
10003ac0:	930c      	str	r3, [sp, #48]	@ 0x30
10003ac2:	2505      	movs	r5, #5
10003ac4:	e7c2      	b.n	10003a4c <_etoa+0x460>
10003ac6:	2304      	movs	r3, #4
10003ac8:	e5ed      	b.n	100036a6 <_etoa+0xba>
10003aca:	2080      	movs	r0, #128	@ 0x80
10003acc:	9e08      	ldr	r6, [sp, #32]
10003ace:	9f09      	ldr	r7, [sp, #36]	@ 0x24
10003ad0:	0600      	lsls	r0, r0, #24
10003ad2:	0039      	movs	r1, r7
10003ad4:	4684      	mov	ip, r0
10003ad6:	9a26      	ldr	r2, [sp, #152]	@ 0x98
10003ad8:	4b22      	ldr	r3, [pc, #136]	@ (10003b64 <_etoa+0x578>)
10003ada:	4461      	add	r1, ip
10003adc:	4013      	ands	r3, r2
10003ade:	9304      	str	r3, [sp, #16]
10003ae0:	9b0b      	ldr	r3, [sp, #44]	@ 0x2c
10003ae2:	0032      	movs	r2, r6
10003ae4:	9303      	str	r3, [sp, #12]
10003ae6:	9b24      	ldr	r3, [sp, #144]	@ 0x90
10003ae8:	9302      	str	r3, [sp, #8]
10003aea:	000b      	movs	r3, r1
10003aec:	9200      	str	r2, [sp, #0]
10003aee:	9301      	str	r3, [sp, #4]
10003af0:	e5f3      	b.n	100036da <_etoa+0xee>
10003af2:	9b25      	ldr	r3, [sp, #148]	@ 0x94
10003af4:	1b5b      	subs	r3, r3, r5
10003af6:	930b      	str	r3, [sp, #44]	@ 0x2c
10003af8:	e7a4      	b.n	10003a44 <_etoa+0x458>
10003afa:	2302      	movs	r3, #2
10003afc:	2504      	movs	r5, #4
10003afe:	930c      	str	r3, [sp, #48]	@ 0x30
10003b00:	e7a0      	b.n	10003a44 <_etoa+0x458>
10003b02:	1a9c      	subs	r4, r3, r2
10003b04:	3c01      	subs	r4, #1
10003b06:	e676      	b.n	100037f6 <_etoa+0x20a>
10003b08:	fffffc01 	.word	0xfffffc01
10003b0c:	509f79fb 	.word	0x509f79fb
10003b10:	3fd34413 	.word	0x3fd34413
10003b14:	8b60c8b3 	.word	0x8b60c8b3
10003b18:	3fc68a28 	.word	0x3fc68a28
10003b1c:	3ff00000 	.word	0x3ff00000
10003b20:	3ff80000 	.word	0x3ff80000
10003b24:	636f4361 	.word	0x636f4361
10003b28:	3fd287a7 	.word	0x3fd287a7
10003b2c:	0979a371 	.word	0x0979a371
10003b30:	400a934f 	.word	0x400a934f
10003b34:	3fe00000 	.word	0x3fe00000
10003b38:	bbb55516 	.word	0xbbb55516
10003b3c:	40026bb1 	.word	0x40026bb1
10003b40:	fefa39ef 	.word	0xfefa39ef
10003b44:	3fe62e42 	.word	0x3fe62e42
10003b48:	402c0000 	.word	0x402c0000
10003b4c:	40240000 	.word	0x40240000
10003b50:	40180000 	.word	0x40180000
10003b54:	000003ff 	.word	0x000003ff
10003b58:	eb1c432d 	.word	0xeb1c432d
10003b5c:	3f1a36e2 	.word	0x3f1a36e2
10003b60:	412e8480 	.word	0x412e8480
10003b64:	fffff7ff 	.word	0xfffff7ff

10003b68 <_vsnprintf>:
10003b68:	b5f0      	push	{r4, r5, r6, r7, lr}
10003b6a:	46de      	mov	lr, fp
10003b6c:	4657      	mov	r7, sl
10003b6e:	464e      	mov	r6, r9
10003b70:	4645      	mov	r5, r8
10003b72:	b5e0      	push	{r5, r6, r7, lr}
10003b74:	b0a5      	sub	sp, #148	@ 0x94
10003b76:	001e      	movs	r6, r3
10003b78:	9b2e      	ldr	r3, [sp, #184]	@ 0xb8
10003b7a:	4692      	mov	sl, r2
10003b7c:	930c      	str	r3, [sp, #48]	@ 0x30
10003b7e:	4acd      	ldr	r2, [pc, #820]	@ (10003eb4 <_vsnprintf+0x34c>)
10003b80:	4bcd      	ldr	r3, [pc, #820]	@ (10003eb8 <_vsnprintf+0x350>)
10003b82:	4680      	mov	r8, r0
10003b84:	468b      	mov	fp, r1
10003b86:	601a      	str	r2, [r3, #0]
10003b88:	2900      	cmp	r1, #0
10003b8a:	d100      	bne.n	10003b8e <_vsnprintf+0x26>
10003b8c:	e1ea      	b.n	10003f64 <_vsnprintf+0x3fc>
10003b8e:	2300      	movs	r3, #0
10003b90:	7830      	ldrb	r0, [r6, #0]
10003b92:	4699      	mov	r9, r3
10003b94:	2800      	cmp	r0, #0
10003b96:	d100      	bne.n	10003b9a <_vsnprintf+0x32>
10003b98:	e1ec      	b.n	10003f74 <_vsnprintf+0x40c>
10003b9a:	4bc8      	ldr	r3, [pc, #800]	@ (10003ebc <_vsnprintf+0x354>)
10003b9c:	464c      	mov	r4, r9
10003b9e:	930b      	str	r3, [sp, #44]	@ 0x2c
10003ba0:	4bc7      	ldr	r3, [pc, #796]	@ (10003ec0 <_vsnprintf+0x358>)
10003ba2:	4645      	mov	r5, r8
10003ba4:	4657      	mov	r7, sl
10003ba6:	930e      	str	r3, [sp, #56]	@ 0x38
10003ba8:	e00a      	b.n	10003bc0 <_vsnprintf+0x58>
10003baa:	1c63      	adds	r3, r4, #1
10003bac:	4698      	mov	r8, r3
10003bae:	0022      	movs	r2, r4
10003bb0:	003b      	movs	r3, r7
10003bb2:	4659      	mov	r1, fp
10003bb4:	47a8      	blx	r5
10003bb6:	4644      	mov	r4, r8
10003bb8:	7830      	ldrb	r0, [r6, #0]
10003bba:	2800      	cmp	r0, #0
10003bbc:	d100      	bne.n	10003bc0 <_vsnprintf+0x58>
10003bbe:	e087      	b.n	10003cd0 <_vsnprintf+0x168>
10003bc0:	3601      	adds	r6, #1
10003bc2:	2825      	cmp	r0, #37	@ 0x25
10003bc4:	d1f1      	bne.n	10003baa <_vsnprintf+0x42>
10003bc6:	2308      	movs	r3, #8
10003bc8:	469a      	mov	sl, r3
10003bca:	3b04      	subs	r3, #4
10003bcc:	4699      	mov	r9, r3
10003bce:	3b02      	subs	r3, #2
10003bd0:	4698      	mov	r8, r3
10003bd2:	3b01      	subs	r3, #1
10003bd4:	2200      	movs	r2, #0
10003bd6:	469c      	mov	ip, r3
10003bd8:	940d      	str	r4, [sp, #52]	@ 0x34
10003bda:	7830      	ldrb	r0, [r6, #0]
10003bdc:	1c71      	adds	r1, r6, #1
10003bde:	0003      	movs	r3, r0
10003be0:	3b20      	subs	r3, #32
10003be2:	b2db      	uxtb	r3, r3
10003be4:	2b10      	cmp	r3, #16
10003be6:	d803      	bhi.n	10003bf0 <_vsnprintf+0x88>
10003be8:	9c0b      	ldr	r4, [sp, #44]	@ 0x2c
10003bea:	009b      	lsls	r3, r3, #2
10003bec:	58e3      	ldr	r3, [r4, r3]
10003bee:	469f      	mov	pc, r3
10003bf0:	0003      	movs	r3, r0
10003bf2:	3b30      	subs	r3, #48	@ 0x30
10003bf4:	4689      	mov	r9, r1
10003bf6:	9c0d      	ldr	r4, [sp, #52]	@ 0x34
10003bf8:	2b09      	cmp	r3, #9
10003bfa:	d93a      	bls.n	10003c72 <_vsnprintf+0x10a>
10003bfc:	2300      	movs	r3, #0
10003bfe:	4698      	mov	r8, r3
10003c00:	282a      	cmp	r0, #42	@ 0x2a
10003c02:	d100      	bne.n	10003c06 <_vsnprintf+0x9e>
10003c04:	e0c1      	b.n	10003d8a <_vsnprintf+0x222>
10003c06:	2300      	movs	r3, #0
10003c08:	469a      	mov	sl, r3
10003c0a:	282e      	cmp	r0, #46	@ 0x2e
10003c0c:	d04b      	beq.n	10003ca6 <_vsnprintf+0x13e>
10003c0e:	0003      	movs	r3, r0
10003c10:	3b68      	subs	r3, #104	@ 0x68
10003c12:	b2db      	uxtb	r3, r3
10003c14:	2b12      	cmp	r3, #18
10003c16:	d81e      	bhi.n	10003c56 <_vsnprintf+0xee>
10003c18:	990e      	ldr	r1, [sp, #56]	@ 0x38
10003c1a:	009b      	lsls	r3, r3, #2
10003c1c:	58cb      	ldr	r3, [r1, r3]
10003c1e:	469f      	mov	pc, r3
10003c20:	4663      	mov	r3, ip
10003c22:	000e      	movs	r6, r1
10003c24:	431a      	orrs	r2, r3
10003c26:	e7d8      	b.n	10003bda <_vsnprintf+0x72>
10003c28:	4643      	mov	r3, r8
10003c2a:	000e      	movs	r6, r1
10003c2c:	431a      	orrs	r2, r3
10003c2e:	e7d4      	b.n	10003bda <_vsnprintf+0x72>
10003c30:	464b      	mov	r3, r9
10003c32:	000e      	movs	r6, r1
10003c34:	431a      	orrs	r2, r3
10003c36:	e7d0      	b.n	10003bda <_vsnprintf+0x72>
10003c38:	2310      	movs	r3, #16
10003c3a:	000e      	movs	r6, r1
10003c3c:	431a      	orrs	r2, r3
10003c3e:	e7cc      	b.n	10003bda <_vsnprintf+0x72>
10003c40:	4653      	mov	r3, sl
10003c42:	000e      	movs	r6, r1
10003c44:	431a      	orrs	r2, r3
10003c46:	e7c8      	b.n	10003bda <_vsnprintf+0x72>
10003c48:	2380      	movs	r3, #128	@ 0x80
10003c4a:	005b      	lsls	r3, r3, #1
10003c4c:	431a      	orrs	r2, r3
10003c4e:	3bff      	subs	r3, #255	@ 0xff
10003c50:	469c      	mov	ip, r3
10003c52:	7870      	ldrb	r0, [r6, #1]
10003c54:	44e1      	add	r9, ip
10003c56:	464e      	mov	r6, r9
10003c58:	2867      	cmp	r0, #103	@ 0x67
10003c5a:	d84f      	bhi.n	10003cfc <_vsnprintf+0x194>
10003c5c:	2824      	cmp	r0, #36	@ 0x24
10003c5e:	d9a4      	bls.n	10003baa <_vsnprintf+0x42>
10003c60:	0003      	movs	r3, r0
10003c62:	3b25      	subs	r3, #37	@ 0x25
10003c64:	b2db      	uxtb	r3, r3
10003c66:	2b42      	cmp	r3, #66	@ 0x42
10003c68:	d89f      	bhi.n	10003baa <_vsnprintf+0x42>
10003c6a:	4996      	ldr	r1, [pc, #600]	@ (10003ec4 <_vsnprintf+0x35c>)
10003c6c:	009b      	lsls	r3, r3, #2
10003c6e:	58cb      	ldr	r3, [r1, r3]
10003c70:	469f      	mov	pc, r3
10003c72:	2300      	movs	r3, #0
10003c74:	4694      	mov	ip, r2
10003c76:	001e      	movs	r6, r3
10003c78:	e000      	b.n	10003c7c <_vsnprintf+0x114>
10003c7a:	3101      	adds	r1, #1
10003c7c:	00b3      	lsls	r3, r6, #2
10003c7e:	199b      	adds	r3, r3, r6
10003c80:	005b      	lsls	r3, r3, #1
10003c82:	181e      	adds	r6, r3, r0
10003c84:	7808      	ldrb	r0, [r1, #0]
10003c86:	3e30      	subs	r6, #48	@ 0x30
10003c88:	0003      	movs	r3, r0
10003c8a:	3b30      	subs	r3, #48	@ 0x30
10003c8c:	2b09      	cmp	r3, #9
10003c8e:	d9f4      	bls.n	10003c7a <_vsnprintf+0x112>
10003c90:	2301      	movs	r3, #1
10003c92:	4662      	mov	r2, ip
10003c94:	4689      	mov	r9, r1
10003c96:	469c      	mov	ip, r3
10003c98:	2300      	movs	r3, #0
10003c9a:	46b0      	mov	r8, r6
10003c9c:	469a      	mov	sl, r3
10003c9e:	000e      	movs	r6, r1
10003ca0:	44e1      	add	r9, ip
10003ca2:	282e      	cmp	r0, #46	@ 0x2e
10003ca4:	d1b3      	bne.n	10003c0e <_vsnprintf+0xa6>
10003ca6:	2130      	movs	r1, #48	@ 0x30
10003ca8:	2080      	movs	r0, #128	@ 0x80
10003caa:	4249      	negs	r1, r1
10003cac:	468c      	mov	ip, r1
10003cae:	00c0      	lsls	r0, r0, #3
10003cb0:	4302      	orrs	r2, r0
10003cb2:	7870      	ldrb	r0, [r6, #1]
10003cb4:	464b      	mov	r3, r9
10003cb6:	4484      	add	ip, r0
10003cb8:	4661      	mov	r1, ip
10003cba:	2909      	cmp	r1, #9
10003cbc:	d800      	bhi.n	10003cc0 <_vsnprintf+0x158>
10003cbe:	e16c      	b.n	10003f9a <_vsnprintf+0x432>
10003cc0:	282a      	cmp	r0, #42	@ 0x2a
10003cc2:	d100      	bne.n	10003cc6 <_vsnprintf+0x15e>
10003cc4:	e17a      	b.n	10003fbc <_vsnprintf+0x454>
10003cc6:	2301      	movs	r3, #1
10003cc8:	469c      	mov	ip, r3
10003cca:	464e      	mov	r6, r9
10003ccc:	44e1      	add	r9, ip
10003cce:	e79e      	b.n	10003c0e <_vsnprintf+0xa6>
10003cd0:	46a1      	mov	r9, r4
10003cd2:	46a8      	mov	r8, r5
10003cd4:	46ba      	mov	sl, r7
10003cd6:	45ca      	cmp	sl, r9
10003cd8:	d803      	bhi.n	10003ce2 <_vsnprintf+0x17a>
10003cda:	2301      	movs	r3, #1
10003cdc:	425b      	negs	r3, r3
10003cde:	4453      	add	r3, sl
10003ce0:	4699      	mov	r9, r3
10003ce2:	4653      	mov	r3, sl
10003ce4:	464a      	mov	r2, r9
10003ce6:	4659      	mov	r1, fp
10003ce8:	2000      	movs	r0, #0
10003cea:	47c0      	blx	r8
10003cec:	0020      	movs	r0, r4
10003cee:	b025      	add	sp, #148	@ 0x94
10003cf0:	bcf0      	pop	{r4, r5, r6, r7}
10003cf2:	46bb      	mov	fp, r7
10003cf4:	46b2      	mov	sl, r6
10003cf6:	46a9      	mov	r9, r5
10003cf8:	46a0      	mov	r8, r4
10003cfa:	bdf0      	pop	{r4, r5, r6, r7, pc}
10003cfc:	0003      	movs	r3, r0
10003cfe:	3b69      	subs	r3, #105	@ 0x69
10003d00:	b2db      	uxtb	r3, r3
10003d02:	930d      	str	r3, [sp, #52]	@ 0x34
10003d04:	2b0f      	cmp	r3, #15
10003d06:	d900      	bls.n	10003d0a <_vsnprintf+0x1a2>
10003d08:	e74f      	b.n	10003baa <_vsnprintf+0x42>
10003d0a:	2101      	movs	r1, #1
10003d0c:	4099      	lsls	r1, r3
10003d0e:	468c      	mov	ip, r1
10003d10:	496d      	ldr	r1, [pc, #436]	@ (10003ec8 <_vsnprintf+0x360>)
10003d12:	4689      	mov	r9, r1
10003d14:	4661      	mov	r1, ip
10003d16:	464b      	mov	r3, r9
10003d18:	4019      	ands	r1, r3
10003d1a:	910f      	str	r1, [sp, #60]	@ 0x3c
10003d1c:	4663      	mov	r3, ip
10003d1e:	4649      	mov	r1, r9
10003d20:	420b      	tst	r3, r1
10003d22:	d000      	beq.n	10003d26 <_vsnprintf+0x1be>
10003d24:	e128      	b.n	10003f78 <_vsnprintf+0x410>
10003d26:	9b0d      	ldr	r3, [sp, #52]	@ 0x34
10003d28:	2b0a      	cmp	r3, #10
10003d2a:	d03a      	beq.n	10003da2 <_vsnprintf+0x23a>
10003d2c:	2b07      	cmp	r3, #7
10003d2e:	d000      	beq.n	10003d32 <_vsnprintf+0x1ca>
10003d30:	e73b      	b.n	10003baa <_vsnprintf+0x42>
10003d32:	9b0c      	ldr	r3, [sp, #48]	@ 0x30
10003d34:	0019      	movs	r1, r3
10003d36:	c908      	ldmia	r1!, {r3}
10003d38:	4688      	mov	r8, r1
10003d3a:	2b00      	cmp	r3, #0
10003d3c:	d100      	bne.n	10003d40 <_vsnprintf+0x1d8>
10003d3e:	e14b      	b.n	10003fd8 <_vsnprintf+0x470>
10003d40:	2021      	movs	r0, #33	@ 0x21
10003d42:	4302      	orrs	r2, r0
10003d44:	4691      	mov	r9, r2
10003d46:	a914      	add	r1, sp, #80	@ 0x50
10003d48:	468c      	mov	ip, r1
10003d4a:	221f      	movs	r2, #31
10003d4c:	210f      	movs	r1, #15
10003d4e:	4462      	add	r2, ip
10003d50:	468c      	mov	ip, r1
10003d52:	4651      	mov	r1, sl
10003d54:	950d      	str	r5, [sp, #52]	@ 0x34
10003d56:	910c      	str	r1, [sp, #48]	@ 0x30
10003d58:	46a2      	mov	sl, r4
10003d5a:	0015      	movs	r5, r2
10003d5c:	990f      	ldr	r1, [sp, #60]	@ 0x3c
10003d5e:	e002      	b.n	10003d66 <_vsnprintf+0x1fe>
10003d60:	2920      	cmp	r1, #32
10003d62:	d00c      	beq.n	10003d7e <_vsnprintf+0x216>
10003d64:	0013      	movs	r3, r2
10003d66:	4664      	mov	r4, ip
10003d68:	401c      	ands	r4, r3
10003d6a:	0020      	movs	r0, r4
10003d6c:	3037      	adds	r0, #55	@ 0x37
10003d6e:	2c09      	cmp	r4, #9
10003d70:	d800      	bhi.n	10003d74 <_vsnprintf+0x20c>
10003d72:	3807      	subs	r0, #7
10003d74:	3101      	adds	r1, #1
10003d76:	5468      	strb	r0, [r5, r1]
10003d78:	091a      	lsrs	r2, r3, #4
10003d7a:	2b0f      	cmp	r3, #15
10003d7c:	d8f0      	bhi.n	10003d60 <_vsnprintf+0x1f8>
10003d7e:	9b0c      	ldr	r3, [sp, #48]	@ 0x30
10003d80:	4654      	mov	r4, sl
10003d82:	9d0d      	ldr	r5, [sp, #52]	@ 0x34
10003d84:	469a      	mov	sl, r3
10003d86:	910f      	str	r1, [sp, #60]	@ 0x3c
10003d88:	e133      	b.n	10003ff2 <_vsnprintf+0x48a>
10003d8a:	9b0c      	ldr	r3, [sp, #48]	@ 0x30
10003d8c:	cb02      	ldmia	r3!, {r1}
10003d8e:	4688      	mov	r8, r1
10003d90:	2900      	cmp	r1, #0
10003d92:	db47      	blt.n	10003e24 <_vsnprintf+0x2bc>
10003d94:	930c      	str	r3, [sp, #48]	@ 0x30
10003d96:	2301      	movs	r3, #1
10003d98:	469c      	mov	ip, r3
10003d9a:	7870      	ldrb	r0, [r6, #1]
10003d9c:	464e      	mov	r6, r9
10003d9e:	44e1      	add	r9, ip
10003da0:	e731      	b.n	10003c06 <_vsnprintf+0x9e>
10003da2:	9b0c      	ldr	r3, [sp, #48]	@ 0x30
10003da4:	cb02      	ldmia	r3!, {r1}
10003da6:	9314      	str	r3, [sp, #80]	@ 0x50
10003da8:	4653      	mov	r3, sl
10003daa:	2b00      	cmp	r3, #0
10003dac:	d100      	bne.n	10003db0 <_vsnprintf+0x248>
10003dae:	e138      	b.n	10004022 <_vsnprintf+0x4ba>
10003db0:	469c      	mov	ip, r3
10003db2:	7808      	ldrb	r0, [r1, #0]
10003db4:	000b      	movs	r3, r1
10003db6:	900c      	str	r0, [sp, #48]	@ 0x30
10003db8:	448c      	add	ip, r1
10003dba:	2800      	cmp	r0, #0
10003dbc:	d101      	bne.n	10003dc2 <_vsnprintf+0x25a>
10003dbe:	f000 fc98 	bl	100046f2 <_vsnprintf+0xb8a>
10003dc2:	4689      	mov	r9, r1
10003dc4:	4661      	mov	r1, ip
10003dc6:	4694      	mov	ip, r2
10003dc8:	e003      	b.n	10003dd2 <_vsnprintf+0x26a>
10003dca:	785a      	ldrb	r2, [r3, #1]
10003dcc:	3301      	adds	r3, #1
10003dce:	2a00      	cmp	r2, #0
10003dd0:	d001      	beq.n	10003dd6 <_vsnprintf+0x26e>
10003dd2:	428b      	cmp	r3, r1
10003dd4:	d1f9      	bne.n	10003dca <_vsnprintf+0x262>
10003dd6:	4649      	mov	r1, r9
10003dd8:	4662      	mov	r2, ip
10003dda:	1a5b      	subs	r3, r3, r1
10003ddc:	900c      	str	r0, [sp, #48]	@ 0x30
10003dde:	930f      	str	r3, [sp, #60]	@ 0x3c
10003de0:	0553      	lsls	r3, r2, #21
10003de2:	d500      	bpl.n	10003de6 <_vsnprintf+0x27e>
10003de4:	e120      	b.n	10004028 <_vsnprintf+0x4c0>
10003de6:	2302      	movs	r3, #2
10003de8:	0018      	movs	r0, r3
10003dea:	4010      	ands	r0, r2
10003dec:	900d      	str	r0, [sp, #52]	@ 0x34
10003dee:	4213      	tst	r3, r2
10003df0:	d100      	bne.n	10003df4 <_vsnprintf+0x28c>
10003df2:	e3cb      	b.n	1000458c <_vsnprintf+0xa24>
10003df4:	930d      	str	r3, [sp, #52]	@ 0x34
10003df6:	1b0b      	subs	r3, r1, r4
10003df8:	46b1      	mov	r9, r6
10003dfa:	469a      	mov	sl, r3
10003dfc:	465e      	mov	r6, fp
10003dfe:	980c      	ldr	r0, [sp, #48]	@ 0x30
10003e00:	0022      	movs	r2, r4
10003e02:	003b      	movs	r3, r7
10003e04:	0031      	movs	r1, r6
10003e06:	47a8      	blx	r5
10003e08:	4653      	mov	r3, sl
10003e0a:	3401      	adds	r4, #1
10003e0c:	5d18      	ldrb	r0, [r3, r4]
10003e0e:	2800      	cmp	r0, #0
10003e10:	d1f6      	bne.n	10003e00 <_vsnprintf+0x298>
10003e12:	46b3      	mov	fp, r6
10003e14:	464e      	mov	r6, r9
10003e16:	9b0d      	ldr	r3, [sp, #52]	@ 0x34
10003e18:	2b00      	cmp	r3, #0
10003e1a:	d000      	beq.n	10003e1e <_vsnprintf+0x2b6>
10003e1c:	e1c7      	b.n	100041ae <_vsnprintf+0x646>
10003e1e:	9b14      	ldr	r3, [sp, #80]	@ 0x50
10003e20:	930c      	str	r3, [sp, #48]	@ 0x30
10003e22:	e6c9      	b.n	10003bb8 <_vsnprintf+0x50>
10003e24:	930c      	str	r3, [sp, #48]	@ 0x30
10003e26:	2301      	movs	r3, #1
10003e28:	469c      	mov	ip, r3
10003e2a:	3828      	subs	r0, #40	@ 0x28
10003e2c:	4249      	negs	r1, r1
10003e2e:	4302      	orrs	r2, r0
10003e30:	4688      	mov	r8, r1
10003e32:	7870      	ldrb	r0, [r6, #1]
10003e34:	464e      	mov	r6, r9
10003e36:	44e1      	add	r9, ip
10003e38:	e6e5      	b.n	10003c06 <_vsnprintf+0x9e>
10003e3a:	7870      	ldrb	r0, [r6, #1]
10003e3c:	286c      	cmp	r0, #108	@ 0x6c
10003e3e:	d100      	bne.n	10003e42 <_vsnprintf+0x2da>
10003e40:	e17f      	b.n	10004142 <_vsnprintf+0x5da>
10003e42:	2380      	movs	r3, #128	@ 0x80
10003e44:	005b      	lsls	r3, r3, #1
10003e46:	431a      	orrs	r2, r3
10003e48:	3bff      	subs	r3, #255	@ 0xff
10003e4a:	469c      	mov	ip, r3
10003e4c:	44e1      	add	r9, ip
10003e4e:	e702      	b.n	10003c56 <_vsnprintf+0xee>
10003e50:	2380      	movs	r3, #128	@ 0x80
10003e52:	009b      	lsls	r3, r3, #2
10003e54:	431a      	orrs	r2, r3
10003e56:	2301      	movs	r3, #1
10003e58:	469c      	mov	ip, r3
10003e5a:	7870      	ldrb	r0, [r6, #1]
10003e5c:	44e1      	add	r9, ip
10003e5e:	e6fa      	b.n	10003c56 <_vsnprintf+0xee>
10003e60:	7870      	ldrb	r0, [r6, #1]
10003e62:	2868      	cmp	r0, #104	@ 0x68
10003e64:	d100      	bne.n	10003e68 <_vsnprintf+0x300>
10003e66:	e173      	b.n	10004150 <_vsnprintf+0x5e8>
10003e68:	2380      	movs	r3, #128	@ 0x80
10003e6a:	431a      	orrs	r2, r3
10003e6c:	3b7f      	subs	r3, #127	@ 0x7f
10003e6e:	469c      	mov	ip, r3
10003e70:	44e1      	add	r9, ip
10003e72:	e6f0      	b.n	10003c56 <_vsnprintf+0xee>
10003e74:	2867      	cmp	r0, #103	@ 0x67
10003e76:	d100      	bne.n	10003e7a <_vsnprintf+0x312>
10003e78:	e103      	b.n	10004082 <_vsnprintf+0x51a>
10003e7a:	2847      	cmp	r0, #71	@ 0x47
10003e7c:	d100      	bne.n	10003e80 <_vsnprintf+0x318>
10003e7e:	e15a      	b.n	10004136 <_vsnprintf+0x5ce>
10003e80:	2845      	cmp	r0, #69	@ 0x45
10003e82:	d100      	bne.n	10003e86 <_vsnprintf+0x31e>
10003e84:	e15a      	b.n	1000413c <_vsnprintf+0x5d4>
10003e86:	9204      	str	r2, [sp, #16]
10003e88:	2107      	movs	r1, #7
10003e8a:	4642      	mov	r2, r8
10003e8c:	9b0c      	ldr	r3, [sp, #48]	@ 0x30
10003e8e:	9203      	str	r2, [sp, #12]
10003e90:	3307      	adds	r3, #7
10003e92:	4652      	mov	r2, sl
10003e94:	438b      	bics	r3, r1
10003e96:	0019      	movs	r1, r3
10003e98:	9202      	str	r2, [sp, #8]
10003e9a:	c90c      	ldmia	r1!, {r2, r3}
10003e9c:	0028      	movs	r0, r5
10003e9e:	9200      	str	r2, [sp, #0]
10003ea0:	9301      	str	r3, [sp, #4]
10003ea2:	910c      	str	r1, [sp, #48]	@ 0x30
10003ea4:	0022      	movs	r2, r4
10003ea6:	003b      	movs	r3, r7
10003ea8:	4659      	mov	r1, fp
10003eaa:	f7ff fb9f 	bl	100035ec <_etoa>
10003eae:	0004      	movs	r4, r0
10003eb0:	e682      	b.n	10003bb8 <_vsnprintf+0x50>
10003eb2:	46c0      	nop			@ (mov r8, r8)
10003eb4:	10003b69 	.word	0x10003b69
10003eb8:	200046d4 	.word	0x200046d4
10003ebc:	10008e20 	.word	0x10008e20
10003ec0:	10008e64 	.word	0x10008e64
10003ec4:	10008eb0 	.word	0x10008eb0
10003ec8:	00009041 	.word	0x00009041
10003ecc:	2846      	cmp	r0, #70	@ 0x46
10003ece:	d100      	bne.n	10003ed2 <_vsnprintf+0x36a>
10003ed0:	e0db      	b.n	1000408a <_vsnprintf+0x522>
10003ed2:	9204      	str	r2, [sp, #16]
10003ed4:	2107      	movs	r1, #7
10003ed6:	4642      	mov	r2, r8
10003ed8:	9b0c      	ldr	r3, [sp, #48]	@ 0x30
10003eda:	9203      	str	r2, [sp, #12]
10003edc:	3307      	adds	r3, #7
10003ede:	4652      	mov	r2, sl
10003ee0:	438b      	bics	r3, r1
10003ee2:	0019      	movs	r1, r3
10003ee4:	9202      	str	r2, [sp, #8]
10003ee6:	c90c      	ldmia	r1!, {r2, r3}
10003ee8:	0028      	movs	r0, r5
10003eea:	9200      	str	r2, [sp, #0]
10003eec:	9301      	str	r3, [sp, #4]
10003eee:	910c      	str	r1, [sp, #48]	@ 0x30
10003ef0:	0022      	movs	r2, r4
10003ef2:	003b      	movs	r3, r7
10003ef4:	4659      	mov	r1, fp
10003ef6:	f7ff f925 	bl	10003144 <_ftoa>
10003efa:	0004      	movs	r4, r0
10003efc:	e65c      	b.n	10003bb8 <_vsnprintf+0x50>
10003efe:	1c63      	adds	r3, r4, #1
10003f00:	4698      	mov	r8, r3
10003f02:	0022      	movs	r2, r4
10003f04:	003b      	movs	r3, r7
10003f06:	4659      	mov	r1, fp
10003f08:	2025      	movs	r0, #37	@ 0x25
10003f0a:	47a8      	blx	r5
10003f0c:	4644      	mov	r4, r8
10003f0e:	e653      	b.n	10003bb8 <_vsnprintf+0x50>
10003f10:	9b0c      	ldr	r3, [sp, #48]	@ 0x30
10003f12:	3304      	adds	r3, #4
10003f14:	930d      	str	r3, [sp, #52]	@ 0x34
10003f16:	1c63      	adds	r3, r4, #1
10003f18:	4699      	mov	r9, r3
10003f1a:	0792      	lsls	r2, r2, #30
10003f1c:	d400      	bmi.n	10003f20 <_vsnprintf+0x3b8>
10003f1e:	e122      	b.n	10004166 <_vsnprintf+0x5fe>
10003f20:	9b0c      	ldr	r3, [sp, #48]	@ 0x30
10003f22:	0022      	movs	r2, r4
10003f24:	7818      	ldrb	r0, [r3, #0]
10003f26:	4659      	mov	r1, fp
10003f28:	003b      	movs	r3, r7
10003f2a:	47a8      	blx	r5
10003f2c:	4643      	mov	r3, r8
10003f2e:	4444      	add	r4, r8
10003f30:	2b01      	cmp	r3, #1
10003f32:	d800      	bhi.n	10003f36 <_vsnprintf+0x3ce>
10003f34:	e285      	b.n	10004442 <_vsnprintf+0x8da>
10003f36:	0033      	movs	r3, r6
10003f38:	46b8      	mov	r8, r7
10003f3a:	002e      	movs	r6, r5
10003f3c:	465f      	mov	r7, fp
10003f3e:	0025      	movs	r5, r4
10003f40:	464c      	mov	r4, r9
10003f42:	4699      	mov	r9, r3
10003f44:	0022      	movs	r2, r4
10003f46:	4643      	mov	r3, r8
10003f48:	3401      	adds	r4, #1
10003f4a:	0039      	movs	r1, r7
10003f4c:	2020      	movs	r0, #32
10003f4e:	47b0      	blx	r6
10003f50:	42ac      	cmp	r4, r5
10003f52:	d1f7      	bne.n	10003f44 <_vsnprintf+0x3dc>
10003f54:	002c      	movs	r4, r5
10003f56:	46bb      	mov	fp, r7
10003f58:	0035      	movs	r5, r6
10003f5a:	4647      	mov	r7, r8
10003f5c:	464e      	mov	r6, r9
10003f5e:	9b0d      	ldr	r3, [sp, #52]	@ 0x34
10003f60:	930c      	str	r3, [sp, #48]	@ 0x30
10003f62:	e629      	b.n	10003bb8 <_vsnprintf+0x50>
10003f64:	4bdb      	ldr	r3, [pc, #876]	@ (100042d4 <_vsnprintf+0x76c>)
10003f66:	7830      	ldrb	r0, [r6, #0]
10003f68:	4698      	mov	r8, r3
10003f6a:	2300      	movs	r3, #0
10003f6c:	4699      	mov	r9, r3
10003f6e:	2800      	cmp	r0, #0
10003f70:	d000      	beq.n	10003f74 <_vsnprintf+0x40c>
10003f72:	e612      	b.n	10003b9a <_vsnprintf+0x32>
10003f74:	2400      	movs	r4, #0
10003f76:	e6ae      	b.n	10003cd6 <_vsnprintf+0x16e>
10003f78:	286f      	cmp	r0, #111	@ 0x6f
10003f7a:	d100      	bne.n	10003f7e <_vsnprintf+0x416>
10003f7c:	e088      	b.n	10004090 <_vsnprintf+0x528>
10003f7e:	d800      	bhi.n	10003f82 <_vsnprintf+0x41a>
10003f80:	e30b      	b.n	1000459a <_vsnprintf+0xa32>
10003f82:	2310      	movs	r3, #16
10003f84:	2878      	cmp	r0, #120	@ 0x78
10003f86:	d100      	bne.n	10003f8a <_vsnprintf+0x422>
10003f88:	e0cf      	b.n	1000412a <_vsnprintf+0x5c2>
10003f8a:	439a      	bics	r2, r3
10003f8c:	230a      	movs	r3, #10
10003f8e:	469c      	mov	ip, r3
10003f90:	2300      	movs	r3, #0
10003f92:	930f      	str	r3, [sp, #60]	@ 0x3c
10003f94:	330a      	adds	r3, #10
10003f96:	930d      	str	r3, [sp, #52]	@ 0x34
10003f98:	e080      	b.n	1000409c <_vsnprintf+0x534>
10003f9a:	4656      	mov	r6, sl
10003f9c:	00b1      	lsls	r1, r6, #2
10003f9e:	1989      	adds	r1, r1, r6
10003fa0:	0049      	lsls	r1, r1, #1
10003fa2:	3301      	adds	r3, #1
10003fa4:	180e      	adds	r6, r1, r0
10003fa6:	7818      	ldrb	r0, [r3, #0]
10003fa8:	3e30      	subs	r6, #48	@ 0x30
10003faa:	0001      	movs	r1, r0
10003fac:	3930      	subs	r1, #48	@ 0x30
10003fae:	2909      	cmp	r1, #9
10003fb0:	d9f4      	bls.n	10003f9c <_vsnprintf+0x434>
10003fb2:	46b2      	mov	sl, r6
10003fb4:	001e      	movs	r6, r3
10003fb6:	3301      	adds	r3, #1
10003fb8:	4699      	mov	r9, r3
10003fba:	e628      	b.n	10003c0e <_vsnprintf+0xa6>
10003fbc:	9b0c      	ldr	r3, [sp, #48]	@ 0x30
10003fbe:	3602      	adds	r6, #2
10003fc0:	cb02      	ldmia	r3!, {r1}
10003fc2:	468a      	mov	sl, r1
10003fc4:	43c9      	mvns	r1, r1
10003fc6:	4650      	mov	r0, sl
10003fc8:	17c9      	asrs	r1, r1, #31
10003fca:	4008      	ands	r0, r1
10003fcc:	4682      	mov	sl, r0
10003fce:	930c      	str	r3, [sp, #48]	@ 0x30
10003fd0:	7830      	ldrb	r0, [r6, #0]
10003fd2:	1c73      	adds	r3, r6, #1
10003fd4:	4699      	mov	r9, r3
10003fd6:	e61a      	b.n	10003c0e <_vsnprintf+0xa6>
10003fd8:	2310      	movs	r3, #16
10003fda:	0010      	movs	r0, r2
10003fdc:	4398      	bics	r0, r3
10003fde:	3311      	adds	r3, #17
10003fe0:	4318      	orrs	r0, r3
10003fe2:	4681      	mov	r9, r0
10003fe4:	2080      	movs	r0, #128	@ 0x80
10003fe6:	0013      	movs	r3, r2
10003fe8:	00c0      	lsls	r0, r0, #3
10003fea:	4003      	ands	r3, r0
10003fec:	4202      	tst	r2, r0
10003fee:	d100      	bne.n	10003ff2 <_vsnprintf+0x48a>
10003ff0:	e6a9      	b.n	10003d46 <_vsnprintf+0x1de>
10003ff2:	464b      	mov	r3, r9
10003ff4:	9306      	str	r3, [sp, #24]
10003ff6:	2308      	movs	r3, #8
10003ff8:	9305      	str	r3, [sp, #20]
10003ffa:	4653      	mov	r3, sl
10003ffc:	9304      	str	r3, [sp, #16]
10003ffe:	2310      	movs	r3, #16
10004000:	9303      	str	r3, [sp, #12]
10004002:	2300      	movs	r3, #0
10004004:	9302      	str	r3, [sp, #8]
10004006:	9b0f      	ldr	r3, [sp, #60]	@ 0x3c
10004008:	0022      	movs	r2, r4
1000400a:	9301      	str	r3, [sp, #4]
1000400c:	ab1c      	add	r3, sp, #112	@ 0x70
1000400e:	9300      	str	r3, [sp, #0]
10004010:	4659      	mov	r1, fp
10004012:	003b      	movs	r3, r7
10004014:	0028      	movs	r0, r5
10004016:	f7fe ff9f 	bl	10002f58 <_ntoa_format>
1000401a:	4643      	mov	r3, r8
1000401c:	0004      	movs	r4, r0
1000401e:	930c      	str	r3, [sp, #48]	@ 0x30
10004020:	e5ca      	b.n	10003bb8 <_vsnprintf+0x50>
10004022:	2301      	movs	r3, #1
10004024:	425b      	negs	r3, r3
10004026:	e6c3      	b.n	10003db0 <_vsnprintf+0x248>
10004028:	9b0f      	ldr	r3, [sp, #60]	@ 0x3c
1000402a:	4553      	cmp	r3, sl
1000402c:	d901      	bls.n	10004032 <_vsnprintf+0x4ca>
1000402e:	4653      	mov	r3, sl
10004030:	930f      	str	r3, [sp, #60]	@ 0x3c
10004032:	2302      	movs	r3, #2
10004034:	0018      	movs	r0, r3
10004036:	4010      	ands	r0, r2
10004038:	900d      	str	r0, [sp, #52]	@ 0x34
1000403a:	4213      	tst	r3, r2
1000403c:	d100      	bne.n	10004040 <_vsnprintf+0x4d8>
1000403e:	e1b7      	b.n	100043b0 <_vsnprintf+0x848>
10004040:	930d      	str	r3, [sp, #52]	@ 0x34
10004042:	46d1      	mov	r9, sl
10004044:	1b0b      	subs	r3, r1, r4
10004046:	469a      	mov	sl, r3
10004048:	0033      	movs	r3, r6
1000404a:	44a1      	add	r9, r4
1000404c:	002e      	movs	r6, r5
1000404e:	0022      	movs	r2, r4
10004050:	464d      	mov	r5, r9
10004052:	980c      	ldr	r0, [sp, #48]	@ 0x30
10004054:	46b9      	mov	r9, r7
10004056:	465f      	mov	r7, fp
10004058:	469b      	mov	fp, r3
1000405a:	e008      	b.n	1000406e <_vsnprintf+0x506>
1000405c:	464b      	mov	r3, r9
1000405e:	0039      	movs	r1, r7
10004060:	1c54      	adds	r4, r2, #1
10004062:	47b0      	blx	r6
10004064:	4653      	mov	r3, sl
10004066:	5d18      	ldrb	r0, [r3, r4]
10004068:	2800      	cmp	r0, #0
1000406a:	d077      	beq.n	1000415c <_vsnprintf+0x5f4>
1000406c:	0022      	movs	r2, r4
1000406e:	4295      	cmp	r5, r2
10004070:	d1f4      	bne.n	1000405c <_vsnprintf+0x4f4>
10004072:	465b      	mov	r3, fp
10004074:	46bb      	mov	fp, r7
10004076:	464f      	mov	r7, r9
10004078:	46a9      	mov	r9, r5
1000407a:	0035      	movs	r5, r6
1000407c:	464c      	mov	r4, r9
1000407e:	001e      	movs	r6, r3
10004080:	e6c9      	b.n	10003e16 <_vsnprintf+0x2ae>
10004082:	2380      	movs	r3, #128	@ 0x80
10004084:	011b      	lsls	r3, r3, #4
10004086:	431a      	orrs	r2, r3
10004088:	e6fd      	b.n	10003e86 <_vsnprintf+0x31e>
1000408a:	2320      	movs	r3, #32
1000408c:	431a      	orrs	r2, r3
1000408e:	e720      	b.n	10003ed2 <_vsnprintf+0x36a>
10004090:	2308      	movs	r3, #8
10004092:	469c      	mov	ip, r3
10004094:	2300      	movs	r3, #0
10004096:	930f      	str	r3, [sp, #60]	@ 0x3c
10004098:	3308      	adds	r3, #8
1000409a:	930d      	str	r3, [sp, #52]	@ 0x34
1000409c:	2380      	movs	r3, #128	@ 0x80
1000409e:	0011      	movs	r1, r2
100040a0:	00db      	lsls	r3, r3, #3
100040a2:	4019      	ands	r1, r3
100040a4:	421a      	tst	r2, r3
100040a6:	d100      	bne.n	100040aa <_vsnprintf+0x542>
100040a8:	e116      	b.n	100042d8 <_vsnprintf+0x770>
100040aa:	230d      	movs	r3, #13
100040ac:	439a      	bics	r2, r3
100040ae:	0010      	movs	r0, r2
100040b0:	2380      	movs	r3, #128	@ 0x80
100040b2:	0002      	movs	r2, r0
100040b4:	009b      	lsls	r3, r3, #2
100040b6:	401a      	ands	r2, r3
100040b8:	9214      	str	r2, [sp, #80]	@ 0x50
100040ba:	4218      	tst	r0, r3
100040bc:	d000      	beq.n	100040c0 <_vsnprintf+0x558>
100040be:	e1c2      	b.n	10004446 <_vsnprintf+0x8de>
100040c0:	2380      	movs	r3, #128	@ 0x80
100040c2:	0002      	movs	r2, r0
100040c4:	005b      	lsls	r3, r3, #1
100040c6:	401a      	ands	r2, r3
100040c8:	4691      	mov	r9, r2
100040ca:	9a0c      	ldr	r2, [sp, #48]	@ 0x30
100040cc:	3204      	adds	r2, #4
100040ce:	920f      	str	r2, [sp, #60]	@ 0x3c
100040d0:	4218      	tst	r0, r3
100040d2:	d000      	beq.n	100040d6 <_vsnprintf+0x56e>
100040d4:	e2b7      	b.n	10004646 <_vsnprintf+0xade>
100040d6:	0643      	lsls	r3, r0, #25
100040d8:	d500      	bpl.n	100040dc <_vsnprintf+0x574>
100040da:	e19f      	b.n	1000441c <_vsnprintf+0x8b4>
100040dc:	0603      	lsls	r3, r0, #24
100040de:	d400      	bmi.n	100040e2 <_vsnprintf+0x57a>
100040e0:	e319      	b.n	10004716 <_vsnprintf+0xbae>
100040e2:	9b0c      	ldr	r3, [sp, #48]	@ 0x30
100040e4:	881b      	ldrh	r3, [r3, #0]
100040e6:	9309      	str	r3, [sp, #36]	@ 0x24
100040e8:	2b00      	cmp	r3, #0
100040ea:	d000      	beq.n	100040ee <_vsnprintf+0x586>
100040ec:	e1fc      	b.n	100044e8 <_vsnprintf+0x980>
100040ee:	3310      	adds	r3, #16
100040f0:	4398      	bics	r0, r3
100040f2:	2900      	cmp	r1, #0
100040f4:	d100      	bne.n	100040f8 <_vsnprintf+0x590>
100040f6:	e1f7      	b.n	100044e8 <_vsnprintf+0x980>
100040f8:	2300      	movs	r3, #0
100040fa:	4699      	mov	r9, r3
100040fc:	4643      	mov	r3, r8
100040fe:	9305      	str	r3, [sp, #20]
10004100:	4653      	mov	r3, sl
10004102:	9304      	str	r3, [sp, #16]
10004104:	9b0d      	ldr	r3, [sp, #52]	@ 0x34
10004106:	9006      	str	r0, [sp, #24]
10004108:	9303      	str	r3, [sp, #12]
1000410a:	2300      	movs	r3, #0
1000410c:	e0d2      	b.n	100042b4 <_vsnprintf+0x74c>
1000410e:	2858      	cmp	r0, #88	@ 0x58
10004110:	d008      	beq.n	10004124 <_vsnprintf+0x5bc>
10004112:	2862      	cmp	r0, #98	@ 0x62
10004114:	d167      	bne.n	100041e6 <_vsnprintf+0x67e>
10004116:	2302      	movs	r3, #2
10004118:	469c      	mov	ip, r3
1000411a:	2300      	movs	r3, #0
1000411c:	930f      	str	r3, [sp, #60]	@ 0x3c
1000411e:	3302      	adds	r3, #2
10004120:	930d      	str	r3, [sp, #52]	@ 0x34
10004122:	e7bb      	b.n	1000409c <_vsnprintf+0x534>
10004124:	2320      	movs	r3, #32
10004126:	431a      	orrs	r2, r3
10004128:	3b10      	subs	r3, #16
1000412a:	469c      	mov	ip, r3
1000412c:	2300      	movs	r3, #0
1000412e:	930f      	str	r3, [sp, #60]	@ 0x3c
10004130:	3310      	adds	r3, #16
10004132:	930d      	str	r3, [sp, #52]	@ 0x34
10004134:	e7b2      	b.n	1000409c <_vsnprintf+0x534>
10004136:	2380      	movs	r3, #128	@ 0x80
10004138:	011b      	lsls	r3, r3, #4
1000413a:	431a      	orrs	r2, r3
1000413c:	2320      	movs	r3, #32
1000413e:	431a      	orrs	r2, r3
10004140:	e6a1      	b.n	10003e86 <_vsnprintf+0x31e>
10004142:	23c0      	movs	r3, #192	@ 0xc0
10004144:	009b      	lsls	r3, r3, #2
10004146:	431a      	orrs	r2, r3
10004148:	1cf3      	adds	r3, r6, #3
1000414a:	4699      	mov	r9, r3
1000414c:	78b0      	ldrb	r0, [r6, #2]
1000414e:	e582      	b.n	10003c56 <_vsnprintf+0xee>
10004150:	23c0      	movs	r3, #192	@ 0xc0
10004152:	431a      	orrs	r2, r3
10004154:	1cf3      	adds	r3, r6, #3
10004156:	4699      	mov	r9, r3
10004158:	78b0      	ldrb	r0, [r6, #2]
1000415a:	e57c      	b.n	10003c56 <_vsnprintf+0xee>
1000415c:	0035      	movs	r5, r6
1000415e:	465e      	mov	r6, fp
10004160:	46bb      	mov	fp, r7
10004162:	464f      	mov	r7, r9
10004164:	e657      	b.n	10003e16 <_vsnprintf+0x2ae>
10004166:	4643      	mov	r3, r8
10004168:	2b01      	cmp	r3, #1
1000416a:	d800      	bhi.n	1000416e <_vsnprintf+0x606>
1000416c:	e163      	b.n	10004436 <_vsnprintf+0x8ce>
1000416e:	1e63      	subs	r3, r4, #1
10004170:	4443      	add	r3, r8
10004172:	469a      	mov	sl, r3
10004174:	0033      	movs	r3, r6
10004176:	46b9      	mov	r9, r7
10004178:	002e      	movs	r6, r5
1000417a:	465f      	mov	r7, fp
1000417c:	4655      	mov	r5, sl
1000417e:	469b      	mov	fp, r3
10004180:	46a2      	mov	sl, r4
10004182:	0022      	movs	r2, r4
10004184:	464b      	mov	r3, r9
10004186:	3401      	adds	r4, #1
10004188:	0039      	movs	r1, r7
1000418a:	2020      	movs	r0, #32
1000418c:	47b0      	blx	r6
1000418e:	42ac      	cmp	r4, r5
10004190:	d1f7      	bne.n	10004182 <_vsnprintf+0x61a>
10004192:	0035      	movs	r5, r6
10004194:	465e      	mov	r6, fp
10004196:	46bb      	mov	fp, r7
10004198:	464f      	mov	r7, r9
1000419a:	46a1      	mov	r9, r4
1000419c:	4654      	mov	r4, sl
1000419e:	9b0c      	ldr	r3, [sp, #48]	@ 0x30
100041a0:	464a      	mov	r2, r9
100041a2:	7818      	ldrb	r0, [r3, #0]
100041a4:	4659      	mov	r1, fp
100041a6:	003b      	movs	r3, r7
100041a8:	4444      	add	r4, r8
100041aa:	47a8      	blx	r5
100041ac:	e6d7      	b.n	10003f5e <_vsnprintf+0x3f6>
100041ae:	46a1      	mov	r9, r4
100041b0:	9b0f      	ldr	r3, [sp, #60]	@ 0x3c
100041b2:	4598      	cmp	r8, r3
100041b4:	d800      	bhi.n	100041b8 <_vsnprintf+0x650>
100041b6:	e632      	b.n	10003e1e <_vsnprintf+0x2b6>
100041b8:	4444      	add	r4, r8
100041ba:	1ae4      	subs	r4, r4, r3
100041bc:	0033      	movs	r3, r6
100041be:	46b8      	mov	r8, r7
100041c0:	002e      	movs	r6, r5
100041c2:	465f      	mov	r7, fp
100041c4:	0025      	movs	r5, r4
100041c6:	464c      	mov	r4, r9
100041c8:	4699      	mov	r9, r3
100041ca:	0022      	movs	r2, r4
100041cc:	4643      	mov	r3, r8
100041ce:	3401      	adds	r4, #1
100041d0:	0039      	movs	r1, r7
100041d2:	2020      	movs	r0, #32
100041d4:	47b0      	blx	r6
100041d6:	42ac      	cmp	r4, r5
100041d8:	d1f7      	bne.n	100041ca <_vsnprintf+0x662>
100041da:	002c      	movs	r4, r5
100041dc:	46bb      	mov	fp, r7
100041de:	0035      	movs	r5, r6
100041e0:	4647      	mov	r7, r8
100041e2:	464e      	mov	r6, r9
100041e4:	e61b      	b.n	10003e1e <_vsnprintf+0x2b6>
100041e6:	2380      	movs	r3, #128	@ 0x80
100041e8:	0010      	movs	r0, r2
100041ea:	00db      	lsls	r3, r3, #3
100041ec:	4018      	ands	r0, r3
100041ee:	421a      	tst	r2, r3
100041f0:	d100      	bne.n	100041f4 <_vsnprintf+0x68c>
100041f2:	e10f      	b.n	10004414 <_vsnprintf+0x8ac>
100041f4:	2111      	movs	r1, #17
100041f6:	0018      	movs	r0, r3
100041f8:	438a      	bics	r2, r1
100041fa:	920d      	str	r2, [sp, #52]	@ 0x34
100041fc:	9a0d      	ldr	r2, [sp, #52]	@ 0x34
100041fe:	2380      	movs	r3, #128	@ 0x80
10004200:	0011      	movs	r1, r2
10004202:	009b      	lsls	r3, r3, #2
10004204:	4019      	ands	r1, r3
10004206:	468c      	mov	ip, r1
10004208:	421a      	tst	r2, r3
1000420a:	d169      	bne.n	100042e0 <_vsnprintf+0x778>
1000420c:	2380      	movs	r3, #128	@ 0x80
1000420e:	0011      	movs	r1, r2
10004210:	005b      	lsls	r3, r3, #1
10004212:	4019      	ands	r1, r3
10004214:	4689      	mov	r9, r1
10004216:	990c      	ldr	r1, [sp, #48]	@ 0x30
10004218:	3104      	adds	r1, #4
1000421a:	910f      	str	r1, [sp, #60]	@ 0x3c
1000421c:	421a      	tst	r2, r3
1000421e:	d000      	beq.n	10004222 <_vsnprintf+0x6ba>
10004220:	e1ca      	b.n	100045b8 <_vsnprintf+0xa50>
10004222:	0013      	movs	r3, r2
10004224:	065b      	lsls	r3, r3, #25
10004226:	d500      	bpl.n	1000422a <_vsnprintf+0x6c2>
10004228:	e0f0      	b.n	1000440c <_vsnprintf+0x8a4>
1000422a:	0013      	movs	r3, r2
1000422c:	061b      	lsls	r3, r3, #24
1000422e:	d400      	bmi.n	10004232 <_vsnprintf+0x6ca>
10004230:	e259      	b.n	100046e6 <_vsnprintf+0xb7e>
10004232:	9b0c      	ldr	r3, [sp, #48]	@ 0x30
10004234:	2200      	movs	r2, #0
10004236:	5e9b      	ldrsh	r3, [r3, r2]
10004238:	17d9      	asrs	r1, r3, #31
1000423a:	185a      	adds	r2, r3, r1
1000423c:	404a      	eors	r2, r1
1000423e:	b292      	uxth	r2, r2
10004240:	0fd9      	lsrs	r1, r3, #31
10004242:	910c      	str	r1, [sp, #48]	@ 0x30
10004244:	2b00      	cmp	r3, #0
10004246:	d100      	bne.n	1000424a <_vsnprintf+0x6e2>
10004248:	e1f9      	b.n	1000463e <_vsnprintf+0xad6>
1000424a:	0010      	movs	r0, r2
1000424c:	aa14      	add	r2, sp, #80	@ 0x50
1000424e:	4694      	mov	ip, r2
10004250:	4642      	mov	r2, r8
10004252:	231f      	movs	r3, #31
10004254:	9214      	str	r2, [sp, #80]	@ 0x50
10004256:	4652      	mov	r2, sl
10004258:	4463      	add	r3, ip
1000425a:	46a8      	mov	r8, r5
1000425c:	9416      	str	r4, [sp, #88]	@ 0x58
1000425e:	464d      	mov	r5, r9
10004260:	0004      	movs	r4, r0
10004262:	46b9      	mov	r9, r7
10004264:	46b2      	mov	sl, r6
10004266:	001f      	movs	r7, r3
10004268:	9215      	str	r2, [sp, #84]	@ 0x54
1000426a:	e001      	b.n	10004270 <_vsnprintf+0x708>
1000426c:	2d20      	cmp	r5, #32
1000426e:	d00f      	beq.n	10004290 <_vsnprintf+0x728>
10004270:	0020      	movs	r0, r4
10004272:	210a      	movs	r1, #10
10004274:	f7fd feec 	bl	10002050 <__wrap___aeabi_uidiv>
10004278:	3501      	adds	r5, #1
1000427a:	197e      	adds	r6, r7, r5
1000427c:	3130      	adds	r1, #48	@ 0x30
1000427e:	7031      	strb	r1, [r6, #0]
10004280:	0020      	movs	r0, r4
10004282:	210a      	movs	r1, #10
10004284:	f7fd fee4 	bl	10002050 <__wrap___aeabi_uidiv>
10004288:	0026      	movs	r6, r4
1000428a:	0004      	movs	r4, r0
1000428c:	2e09      	cmp	r6, #9
1000428e:	d8ed      	bhi.n	1000426c <_vsnprintf+0x704>
10004290:	9b14      	ldr	r3, [sp, #80]	@ 0x50
10004292:	464f      	mov	r7, r9
10004294:	46a9      	mov	r9, r5
10004296:	4645      	mov	r5, r8
10004298:	4698      	mov	r8, r3
1000429a:	9b15      	ldr	r3, [sp, #84]	@ 0x54
1000429c:	4656      	mov	r6, sl
1000429e:	469a      	mov	sl, r3
100042a0:	9c16      	ldr	r4, [sp, #88]	@ 0x58
100042a2:	9b0d      	ldr	r3, [sp, #52]	@ 0x34
100042a4:	9306      	str	r3, [sp, #24]
100042a6:	4643      	mov	r3, r8
100042a8:	9305      	str	r3, [sp, #20]
100042aa:	4653      	mov	r3, sl
100042ac:	9304      	str	r3, [sp, #16]
100042ae:	230a      	movs	r3, #10
100042b0:	9303      	str	r3, [sp, #12]
100042b2:	9b0c      	ldr	r3, [sp, #48]	@ 0x30
100042b4:	9302      	str	r3, [sp, #8]
100042b6:	464b      	mov	r3, r9
100042b8:	9301      	str	r3, [sp, #4]
100042ba:	ab1c      	add	r3, sp, #112	@ 0x70
100042bc:	0022      	movs	r2, r4
100042be:	9300      	str	r3, [sp, #0]
100042c0:	4659      	mov	r1, fp
100042c2:	003b      	movs	r3, r7
100042c4:	0028      	movs	r0, r5
100042c6:	f7fe fe47 	bl	10002f58 <_ntoa_format>
100042ca:	9b0f      	ldr	r3, [sp, #60]	@ 0x3c
100042cc:	0004      	movs	r4, r0
100042ce:	930c      	str	r3, [sp, #48]	@ 0x30
100042d0:	e472      	b.n	10003bb8 <_vsnprintf+0x50>
100042d2:	46c0      	nop			@ (mov r8, r8)
100042d4:	10002ea9 	.word	0x10002ea9
100042d8:	230c      	movs	r3, #12
100042da:	439a      	bics	r2, r3
100042dc:	0010      	movs	r0, r2
100042de:	e6e7      	b.n	100040b0 <_vsnprintf+0x548>
100042e0:	2207      	movs	r2, #7
100042e2:	9b0c      	ldr	r3, [sp, #48]	@ 0x30
100042e4:	3307      	adds	r3, #7
100042e6:	4393      	bics	r3, r2
100042e8:	3201      	adds	r2, #1
100042ea:	4694      	mov	ip, r2
100042ec:	449c      	add	ip, r3
100042ee:	4662      	mov	r2, ip
100042f0:	920c      	str	r2, [sp, #48]	@ 0x30
100042f2:	cb0c      	ldmia	r3, {r2, r3}
100042f4:	0fd9      	lsrs	r1, r3, #31
100042f6:	910f      	str	r1, [sp, #60]	@ 0x3c
100042f8:	0011      	movs	r1, r2
100042fa:	4319      	orrs	r1, r3
100042fc:	d100      	bne.n	10004300 <_vsnprintf+0x798>
100042fe:	e091      	b.n	10004424 <_vsnprintf+0x8bc>
10004300:	17d9      	asrs	r1, r3, #31
10004302:	9113      	str	r1, [sp, #76]	@ 0x4c
10004304:	9112      	str	r1, [sp, #72]	@ 0x48
10004306:	4051      	eors	r1, r2
10004308:	9110      	str	r1, [sp, #64]	@ 0x40
1000430a:	9913      	ldr	r1, [sp, #76]	@ 0x4c
1000430c:	4059      	eors	r1, r3
1000430e:	9111      	str	r1, [sp, #68]	@ 0x44
10004310:	9810      	ldr	r0, [sp, #64]	@ 0x40
10004312:	9911      	ldr	r1, [sp, #68]	@ 0x44
10004314:	9a12      	ldr	r2, [sp, #72]	@ 0x48
10004316:	9b13      	ldr	r3, [sp, #76]	@ 0x4c
10004318:	1a80      	subs	r0, r0, r2
1000431a:	4199      	sbcs	r1, r3
1000431c:	9010      	str	r0, [sp, #64]	@ 0x40
1000431e:	9111      	str	r1, [sp, #68]	@ 0x44
10004320:	aa14      	add	r2, sp, #80	@ 0x50
10004322:	2300      	movs	r3, #0
10004324:	4694      	mov	ip, r2
10004326:	4642      	mov	r2, r8
10004328:	4699      	mov	r9, r3
1000432a:	9214      	str	r2, [sp, #80]	@ 0x50
1000432c:	4652      	mov	r2, sl
1000432e:	331f      	adds	r3, #31
10004330:	4463      	add	r3, ip
10004332:	46a8      	mov	r8, r5
10004334:	46b2      	mov	sl, r6
10004336:	9416      	str	r4, [sp, #88]	@ 0x58
10004338:	464e      	mov	r6, r9
1000433a:	9c10      	ldr	r4, [sp, #64]	@ 0x40
1000433c:	9d11      	ldr	r5, [sp, #68]	@ 0x44
1000433e:	46b9      	mov	r9, r7
10004340:	9215      	str	r2, [sp, #84]	@ 0x54
10004342:	001f      	movs	r7, r3
10004344:	e001      	b.n	1000434a <_vsnprintf+0x7e2>
10004346:	2e20      	cmp	r6, #32
10004348:	d010      	beq.n	1000436c <_vsnprintf+0x804>
1000434a:	0020      	movs	r0, r4
1000434c:	0029      	movs	r1, r5
1000434e:	220a      	movs	r2, #10
10004350:	2300      	movs	r3, #0
10004352:	f7fd febb 	bl	100020cc <__wrap___aeabi_uldivmod>
10004356:	3601      	adds	r6, #1
10004358:	3230      	adds	r2, #48	@ 0x30
1000435a:	002b      	movs	r3, r5
1000435c:	55ba      	strb	r2, [r7, r6]
1000435e:	000d      	movs	r5, r1
10004360:	0022      	movs	r2, r4
10004362:	0004      	movs	r4, r0
10004364:	2b00      	cmp	r3, #0
10004366:	d1ee      	bne.n	10004346 <_vsnprintf+0x7de>
10004368:	2a09      	cmp	r2, #9
1000436a:	d8ec      	bhi.n	10004346 <_vsnprintf+0x7de>
1000436c:	9b14      	ldr	r3, [sp, #80]	@ 0x50
1000436e:	9410      	str	r4, [sp, #64]	@ 0x40
10004370:	9511      	str	r5, [sp, #68]	@ 0x44
10004372:	4645      	mov	r5, r8
10004374:	4698      	mov	r8, r3
10004376:	9b15      	ldr	r3, [sp, #84]	@ 0x54
10004378:	464f      	mov	r7, r9
1000437a:	46b1      	mov	r9, r6
1000437c:	4656      	mov	r6, sl
1000437e:	469a      	mov	sl, r3
10004380:	9c16      	ldr	r4, [sp, #88]	@ 0x58
10004382:	9b0d      	ldr	r3, [sp, #52]	@ 0x34
10004384:	9306      	str	r3, [sp, #24]
10004386:	4643      	mov	r3, r8
10004388:	9305      	str	r3, [sp, #20]
1000438a:	4653      	mov	r3, sl
1000438c:	9304      	str	r3, [sp, #16]
1000438e:	230a      	movs	r3, #10
10004390:	9303      	str	r3, [sp, #12]
10004392:	9b0f      	ldr	r3, [sp, #60]	@ 0x3c
10004394:	9302      	str	r3, [sp, #8]
10004396:	464b      	mov	r3, r9
10004398:	9301      	str	r3, [sp, #4]
1000439a:	ab1c      	add	r3, sp, #112	@ 0x70
1000439c:	0022      	movs	r2, r4
1000439e:	9300      	str	r3, [sp, #0]
100043a0:	4659      	mov	r1, fp
100043a2:	003b      	movs	r3, r7
100043a4:	0028      	movs	r0, r5
100043a6:	f7fe fdd7 	bl	10002f58 <_ntoa_format>
100043aa:	0004      	movs	r4, r0
100043ac:	f7ff fc04 	bl	10003bb8 <_vsnprintf+0x50>
100043b0:	9b0f      	ldr	r3, [sp, #60]	@ 0x3c
100043b2:	4598      	cmp	r8, r3
100043b4:	d800      	bhi.n	100043b8 <_vsnprintf+0x850>
100043b6:	e1c1      	b.n	1000473c <_vsnprintf+0xbd4>
100043b8:	2380      	movs	r3, #128	@ 0x80
100043ba:	00db      	lsls	r3, r3, #3
100043bc:	930d      	str	r3, [sp, #52]	@ 0x34
100043be:	4643      	mov	r3, r8
100043c0:	9a0f      	ldr	r2, [sp, #60]	@ 0x3c
100043c2:	191b      	adds	r3, r3, r4
100043c4:	1a9b      	subs	r3, r3, r2
100043c6:	4699      	mov	r9, r3
100043c8:	0033      	movs	r3, r6
100043ca:	002e      	movs	r6, r5
100043cc:	464d      	mov	r5, r9
100043ce:	46b9      	mov	r9, r7
100043d0:	465f      	mov	r7, fp
100043d2:	469b      	mov	fp, r3
100043d4:	910c      	str	r1, [sp, #48]	@ 0x30
100043d6:	0022      	movs	r2, r4
100043d8:	464b      	mov	r3, r9
100043da:	3401      	adds	r4, #1
100043dc:	0039      	movs	r1, r7
100043de:	2020      	movs	r0, #32
100043e0:	47b0      	blx	r6
100043e2:	42ac      	cmp	r4, r5
100043e4:	d1f7      	bne.n	100043d6 <_vsnprintf+0x86e>
100043e6:	4643      	mov	r3, r8
100043e8:	990c      	ldr	r1, [sp, #48]	@ 0x30
100043ea:	3301      	adds	r3, #1
100043ec:	930f      	str	r3, [sp, #60]	@ 0x3c
100043ee:	780b      	ldrb	r3, [r1, #0]
100043f0:	0035      	movs	r5, r6
100043f2:	930c      	str	r3, [sp, #48]	@ 0x30
100043f4:	465e      	mov	r6, fp
100043f6:	46bb      	mov	fp, r7
100043f8:	464f      	mov	r7, r9
100043fa:	2b00      	cmp	r3, #0
100043fc:	d100      	bne.n	10004400 <_vsnprintf+0x898>
100043fe:	e50e      	b.n	10003e1e <_vsnprintf+0x2b6>
10004400:	9b0d      	ldr	r3, [sp, #52]	@ 0x34
10004402:	2b00      	cmp	r3, #0
10004404:	d100      	bne.n	10004408 <_vsnprintf+0x8a0>
10004406:	e4f6      	b.n	10003df6 <_vsnprintf+0x28e>
10004408:	2300      	movs	r3, #0
1000440a:	e619      	b.n	10004040 <_vsnprintf+0x4d8>
1000440c:	9b0c      	ldr	r3, [sp, #48]	@ 0x30
1000440e:	781b      	ldrb	r3, [r3, #0]
10004410:	001a      	movs	r2, r3
10004412:	e715      	b.n	10004240 <_vsnprintf+0x6d8>
10004414:	2310      	movs	r3, #16
10004416:	439a      	bics	r2, r3
10004418:	920d      	str	r2, [sp, #52]	@ 0x34
1000441a:	e6ef      	b.n	100041fc <_vsnprintf+0x694>
1000441c:	9b0c      	ldr	r3, [sp, #48]	@ 0x30
1000441e:	781b      	ldrb	r3, [r3, #0]
10004420:	9309      	str	r3, [sp, #36]	@ 0x24
10004422:	e661      	b.n	100040e8 <_vsnprintf+0x580>
10004424:	2300      	movs	r3, #0
10004426:	4699      	mov	r9, r3
10004428:	2800      	cmp	r0, #0
1000442a:	d1aa      	bne.n	10004382 <_vsnprintf+0x81a>
1000442c:	2200      	movs	r2, #0
1000442e:	2300      	movs	r3, #0
10004430:	9210      	str	r2, [sp, #64]	@ 0x40
10004432:	9311      	str	r3, [sp, #68]	@ 0x44
10004434:	e774      	b.n	10004320 <_vsnprintf+0x7b8>
10004436:	9b0c      	ldr	r3, [sp, #48]	@ 0x30
10004438:	0022      	movs	r2, r4
1000443a:	7818      	ldrb	r0, [r3, #0]
1000443c:	4659      	mov	r1, fp
1000443e:	003b      	movs	r3, r7
10004440:	47a8      	blx	r5
10004442:	464c      	mov	r4, r9
10004444:	e58b      	b.n	10003f5e <_vsnprintf+0x3f6>
10004446:	9a0c      	ldr	r2, [sp, #48]	@ 0x30
10004448:	3bfa      	subs	r3, #250	@ 0xfa
1000444a:	3bff      	subs	r3, #255	@ 0xff
1000444c:	3207      	adds	r2, #7
1000444e:	439a      	bics	r2, r3
10004450:	3301      	adds	r3, #1
10004452:	4699      	mov	r9, r3
10004454:	4491      	add	r9, r2
10004456:	464b      	mov	r3, r9
10004458:	930c      	str	r3, [sp, #48]	@ 0x30
1000445a:	6813      	ldr	r3, [r2, #0]
1000445c:	6852      	ldr	r2, [r2, #4]
1000445e:	9215      	str	r2, [sp, #84]	@ 0x54
10004460:	431a      	orrs	r2, r3
10004462:	d106      	bne.n	10004472 <_vsnprintf+0x90a>
10004464:	3210      	adds	r2, #16
10004466:	4390      	bics	r0, r2
10004468:	2200      	movs	r2, #0
1000446a:	9209      	str	r2, [sp, #36]	@ 0x24
1000446c:	2900      	cmp	r1, #0
1000446e:	d000      	beq.n	10004472 <_vsnprintf+0x90a>
10004470:	e081      	b.n	10004576 <_vsnprintf+0xa0e>
10004472:	2261      	movs	r2, #97	@ 0x61
10004474:	0681      	lsls	r1, r0, #26
10004476:	d500      	bpl.n	1000447a <_vsnprintf+0x912>
10004478:	2241      	movs	r2, #65	@ 0x41
1000447a:	b2d2      	uxtb	r2, r2
1000447c:	920a      	str	r2, [sp, #40]	@ 0x28
1000447e:	aa14      	add	r2, sp, #80	@ 0x50
10004480:	4691      	mov	r9, r2
10004482:	9a0a      	ldr	r2, [sp, #40]	@ 0x28
10004484:	2100      	movs	r1, #0
10004486:	3a0a      	subs	r2, #10
10004488:	9214      	str	r2, [sp, #80]	@ 0x50
1000448a:	4642      	mov	r2, r8
1000448c:	9217      	str	r2, [sp, #92]	@ 0x5c
1000448e:	4652      	mov	r2, sl
10004490:	9218      	str	r2, [sp, #96]	@ 0x60
10004492:	465a      	mov	r2, fp
10004494:	9109      	str	r1, [sp, #36]	@ 0x24
10004496:	46b3      	mov	fp, r6
10004498:	311f      	adds	r1, #31
1000449a:	001e      	movs	r6, r3
1000449c:	9b0f      	ldr	r3, [sp, #60]	@ 0x3c
1000449e:	4449      	add	r1, r9
100044a0:	46ba      	mov	sl, r7
100044a2:	9419      	str	r4, [sp, #100]	@ 0x64
100044a4:	951a      	str	r5, [sp, #104]	@ 0x68
100044a6:	2400      	movs	r4, #0
100044a8:	4667      	mov	r7, ip
100044aa:	4698      	mov	r8, r3
100044ac:	4689      	mov	r9, r1
100044ae:	9d15      	ldr	r5, [sp, #84]	@ 0x54
100044b0:	9016      	str	r0, [sp, #88]	@ 0x58
100044b2:	921b      	str	r2, [sp, #108]	@ 0x6c
100044b4:	e00a      	b.n	100044cc <_vsnprintf+0x964>
100044b6:	3230      	adds	r2, #48	@ 0x30
100044b8:	b2d2      	uxtb	r2, r2
100044ba:	464b      	mov	r3, r9
100044bc:	3401      	adds	r4, #1
100044be:	551a      	strb	r2, [r3, r4]
100044c0:	45a8      	cmp	r8, r5
100044c2:	d04a      	beq.n	1000455a <_vsnprintf+0x9f2>
100044c4:	2c20      	cmp	r4, #32
100044c6:	d04a      	beq.n	1000455e <_vsnprintf+0x9f6>
100044c8:	0006      	movs	r6, r0
100044ca:	000d      	movs	r5, r1
100044cc:	003a      	movs	r2, r7
100044ce:	2300      	movs	r3, #0
100044d0:	0030      	movs	r0, r6
100044d2:	0029      	movs	r1, r5
100044d4:	f7fd fdfa 	bl	100020cc <__wrap___aeabi_uldivmod>
100044d8:	b2d2      	uxtb	r2, r2
100044da:	2a09      	cmp	r2, #9
100044dc:	d9eb      	bls.n	100044b6 <_vsnprintf+0x94e>
100044de:	9b14      	ldr	r3, [sp, #80]	@ 0x50
100044e0:	469c      	mov	ip, r3
100044e2:	4462      	add	r2, ip
100044e4:	b2d2      	uxtb	r2, r2
100044e6:	e7e8      	b.n	100044ba <_vsnprintf+0x952>
100044e8:	2361      	movs	r3, #97	@ 0x61
100044ea:	0682      	lsls	r2, r0, #26
100044ec:	d500      	bpl.n	100044f0 <_vsnprintf+0x988>
100044ee:	2341      	movs	r3, #65	@ 0x41
100044f0:	b2db      	uxtb	r3, r3
100044f2:	3b0a      	subs	r3, #10
100044f4:	930c      	str	r3, [sp, #48]	@ 0x30
100044f6:	4643      	mov	r3, r8
100044f8:	a914      	add	r1, sp, #80	@ 0x50
100044fa:	221f      	movs	r2, #31
100044fc:	468c      	mov	ip, r1
100044fe:	9315      	str	r3, [sp, #84]	@ 0x54
10004500:	4653      	mov	r3, sl
10004502:	4462      	add	r2, ip
10004504:	46a0      	mov	r8, r4
10004506:	46b2      	mov	sl, r6
10004508:	464c      	mov	r4, r9
1000450a:	9717      	str	r7, [sp, #92]	@ 0x5c
1000450c:	46a9      	mov	r9, r5
1000450e:	0017      	movs	r7, r2
10004510:	9d09      	ldr	r5, [sp, #36]	@ 0x24
10004512:	9e0d      	ldr	r6, [sp, #52]	@ 0x34
10004514:	9014      	str	r0, [sp, #80]	@ 0x50
10004516:	9316      	str	r3, [sp, #88]	@ 0x58
10004518:	e008      	b.n	1000452c <_vsnprintf+0x9c4>
1000451a:	3330      	adds	r3, #48	@ 0x30
1000451c:	b2db      	uxtb	r3, r3
1000451e:	3401      	adds	r4, #1
10004520:	553b      	strb	r3, [r7, r4]
10004522:	42b5      	cmp	r5, r6
10004524:	d30e      	bcc.n	10004544 <_vsnprintf+0x9dc>
10004526:	2c20      	cmp	r4, #32
10004528:	d00c      	beq.n	10004544 <_vsnprintf+0x9dc>
1000452a:	0005      	movs	r5, r0
1000452c:	0031      	movs	r1, r6
1000452e:	0028      	movs	r0, r5
10004530:	f7fd fd8e 	bl	10002050 <__wrap___aeabi_uidiv>
10004534:	b2cb      	uxtb	r3, r1
10004536:	2909      	cmp	r1, #9
10004538:	d9ef      	bls.n	1000451a <_vsnprintf+0x9b2>
1000453a:	9a0c      	ldr	r2, [sp, #48]	@ 0x30
1000453c:	4694      	mov	ip, r2
1000453e:	4463      	add	r3, ip
10004540:	b2db      	uxtb	r3, r3
10004542:	e7ec      	b.n	1000451e <_vsnprintf+0x9b6>
10004544:	9b15      	ldr	r3, [sp, #84]	@ 0x54
10004546:	464d      	mov	r5, r9
10004548:	46a1      	mov	r9, r4
1000454a:	4644      	mov	r4, r8
1000454c:	4698      	mov	r8, r3
1000454e:	9b16      	ldr	r3, [sp, #88]	@ 0x58
10004550:	4656      	mov	r6, sl
10004552:	9814      	ldr	r0, [sp, #80]	@ 0x50
10004554:	469a      	mov	sl, r3
10004556:	9f17      	ldr	r7, [sp, #92]	@ 0x5c
10004558:	e5d0      	b.n	100040fc <_vsnprintf+0x594>
1000455a:	42b7      	cmp	r7, r6
1000455c:	d9b2      	bls.n	100044c4 <_vsnprintf+0x95c>
1000455e:	9b17      	ldr	r3, [sp, #92]	@ 0x5c
10004560:	4657      	mov	r7, sl
10004562:	4698      	mov	r8, r3
10004564:	9b18      	ldr	r3, [sp, #96]	@ 0x60
10004566:	465e      	mov	r6, fp
10004568:	469a      	mov	sl, r3
1000456a:	9b1b      	ldr	r3, [sp, #108]	@ 0x6c
1000456c:	9409      	str	r4, [sp, #36]	@ 0x24
1000456e:	469b      	mov	fp, r3
10004570:	9816      	ldr	r0, [sp, #88]	@ 0x58
10004572:	9c19      	ldr	r4, [sp, #100]	@ 0x64
10004574:	9d1a      	ldr	r5, [sp, #104]	@ 0x68
10004576:	4643      	mov	r3, r8
10004578:	9305      	str	r3, [sp, #20]
1000457a:	4653      	mov	r3, sl
1000457c:	9304      	str	r3, [sp, #16]
1000457e:	9b0d      	ldr	r3, [sp, #52]	@ 0x34
10004580:	9006      	str	r0, [sp, #24]
10004582:	9303      	str	r3, [sp, #12]
10004584:	2300      	movs	r3, #0
10004586:	9302      	str	r3, [sp, #8]
10004588:	9b09      	ldr	r3, [sp, #36]	@ 0x24
1000458a:	e705      	b.n	10004398 <_vsnprintf+0x830>
1000458c:	9b0f      	ldr	r3, [sp, #60]	@ 0x3c
1000458e:	4598      	cmp	r8, r3
10004590:	d900      	bls.n	10004594 <_vsnprintf+0xa2c>
10004592:	e714      	b.n	100043be <_vsnprintf+0x856>
10004594:	3301      	adds	r3, #1
10004596:	930f      	str	r3, [sp, #60]	@ 0x3c
10004598:	e42d      	b.n	10003df6 <_vsnprintf+0x28e>
1000459a:	2310      	movs	r3, #16
1000459c:	0011      	movs	r1, r2
1000459e:	4399      	bics	r1, r3
100045a0:	910d      	str	r1, [sp, #52]	@ 0x34
100045a2:	2869      	cmp	r0, #105	@ 0x69
100045a4:	d000      	beq.n	100045a8 <_vsnprintf+0xa40>
100045a6:	e0ba      	b.n	1000471e <_vsnprintf+0xbb6>
100045a8:	2380      	movs	r3, #128	@ 0x80
100045aa:	0010      	movs	r0, r2
100045ac:	00db      	lsls	r3, r3, #3
100045ae:	4018      	ands	r0, r3
100045b0:	421a      	tst	r2, r3
100045b2:	d100      	bne.n	100045b6 <_vsnprintf+0xa4e>
100045b4:	e622      	b.n	100041fc <_vsnprintf+0x694>
100045b6:	e61d      	b.n	100041f4 <_vsnprintf+0x68c>
100045b8:	9b0c      	ldr	r3, [sp, #48]	@ 0x30
100045ba:	681b      	ldr	r3, [r3, #0]
100045bc:	0fda      	lsrs	r2, r3, #31
100045be:	0011      	movs	r1, r2
100045c0:	2b00      	cmp	r3, #0
100045c2:	d100      	bne.n	100045c6 <_vsnprintf+0xa5e>
100045c4:	e08c      	b.n	100046e0 <_vsnprintf+0xb78>
100045c6:	17da      	asrs	r2, r3, #31
100045c8:	1898      	adds	r0, r3, r2
100045ca:	4050      	eors	r0, r2
100045cc:	aa14      	add	r2, sp, #80	@ 0x50
100045ce:	4691      	mov	r9, r2
100045d0:	4642      	mov	r2, r8
100045d2:	231f      	movs	r3, #31
100045d4:	9214      	str	r2, [sp, #80]	@ 0x50
100045d6:	4652      	mov	r2, sl
100045d8:	444b      	add	r3, r9
100045da:	46a0      	mov	r8, r4
100045dc:	46a9      	mov	r9, r5
100045de:	9716      	str	r7, [sp, #88]	@ 0x58
100045e0:	0004      	movs	r4, r0
100045e2:	4665      	mov	r5, ip
100045e4:	46b2      	mov	sl, r6
100045e6:	001f      	movs	r7, r3
100045e8:	910c      	str	r1, [sp, #48]	@ 0x30
100045ea:	9215      	str	r2, [sp, #84]	@ 0x54
100045ec:	e001      	b.n	100045f2 <_vsnprintf+0xa8a>
100045ee:	2d20      	cmp	r5, #32
100045f0:	d00f      	beq.n	10004612 <_vsnprintf+0xaaa>
100045f2:	0020      	movs	r0, r4
100045f4:	210a      	movs	r1, #10
100045f6:	f7fd fd2b 	bl	10002050 <__wrap___aeabi_uidiv>
100045fa:	3501      	adds	r5, #1
100045fc:	197e      	adds	r6, r7, r5
100045fe:	3130      	adds	r1, #48	@ 0x30
10004600:	7031      	strb	r1, [r6, #0]
10004602:	0020      	movs	r0, r4
10004604:	210a      	movs	r1, #10
10004606:	f7fd fd23 	bl	10002050 <__wrap___aeabi_uidiv>
1000460a:	0026      	movs	r6, r4
1000460c:	0004      	movs	r4, r0
1000460e:	2e09      	cmp	r6, #9
10004610:	d8ed      	bhi.n	100045ee <_vsnprintf+0xa86>
10004612:	9b14      	ldr	r3, [sp, #80]	@ 0x50
10004614:	4644      	mov	r4, r8
10004616:	4698      	mov	r8, r3
10004618:	9b0c      	ldr	r3, [sp, #48]	@ 0x30
1000461a:	46ac      	mov	ip, r5
1000461c:	0019      	movs	r1, r3
1000461e:	9b15      	ldr	r3, [sp, #84]	@ 0x54
10004620:	4656      	mov	r6, sl
10004622:	464d      	mov	r5, r9
10004624:	469a      	mov	sl, r3
10004626:	9f16      	ldr	r7, [sp, #88]	@ 0x58
10004628:	9b0d      	ldr	r3, [sp, #52]	@ 0x34
1000462a:	9102      	str	r1, [sp, #8]
1000462c:	9306      	str	r3, [sp, #24]
1000462e:	4643      	mov	r3, r8
10004630:	9305      	str	r3, [sp, #20]
10004632:	4653      	mov	r3, sl
10004634:	9304      	str	r3, [sp, #16]
10004636:	230a      	movs	r3, #10
10004638:	9303      	str	r3, [sp, #12]
1000463a:	4663      	mov	r3, ip
1000463c:	e63c      	b.n	100042b8 <_vsnprintf+0x750>
1000463e:	2800      	cmp	r0, #0
10004640:	d000      	beq.n	10004644 <_vsnprintf+0xadc>
10004642:	e62e      	b.n	100042a2 <_vsnprintf+0x73a>
10004644:	e602      	b.n	1000424c <_vsnprintf+0x6e4>
10004646:	9b0c      	ldr	r3, [sp, #48]	@ 0x30
10004648:	681b      	ldr	r3, [r3, #0]
1000464a:	4699      	mov	r9, r3
1000464c:	2b00      	cmp	r3, #0
1000464e:	d103      	bne.n	10004658 <_vsnprintf+0xaf0>
10004650:	3310      	adds	r3, #16
10004652:	4398      	bics	r0, r3
10004654:	2900      	cmp	r1, #0
10004656:	d138      	bne.n	100046ca <_vsnprintf+0xb62>
10004658:	2361      	movs	r3, #97	@ 0x61
1000465a:	0682      	lsls	r2, r0, #26
1000465c:	d500      	bpl.n	10004660 <_vsnprintf+0xaf8>
1000465e:	2341      	movs	r3, #65	@ 0x41
10004660:	b2db      	uxtb	r3, r3
10004662:	3b0a      	subs	r3, #10
10004664:	930c      	str	r3, [sp, #48]	@ 0x30
10004666:	4643      	mov	r3, r8
10004668:	9316      	str	r3, [sp, #88]	@ 0x58
1000466a:	4653      	mov	r3, sl
1000466c:	a914      	add	r1, sp, #80	@ 0x50
1000466e:	221f      	movs	r2, #31
10004670:	468c      	mov	ip, r1
10004672:	9317      	str	r3, [sp, #92]	@ 0x5c
10004674:	002b      	movs	r3, r5
10004676:	4462      	add	r2, ip
10004678:	46a0      	mov	r8, r4
1000467a:	464d      	mov	r5, r9
1000467c:	46b2      	mov	sl, r6
1000467e:	9718      	str	r7, [sp, #96]	@ 0x60
10004680:	4699      	mov	r9, r3
10004682:	0017      	movs	r7, r2
10004684:	9c14      	ldr	r4, [sp, #80]	@ 0x50
10004686:	9e0d      	ldr	r6, [sp, #52]	@ 0x34
10004688:	9015      	str	r0, [sp, #84]	@ 0x54
1000468a:	e008      	b.n	1000469e <_vsnprintf+0xb36>
1000468c:	3330      	adds	r3, #48	@ 0x30
1000468e:	b2db      	uxtb	r3, r3
10004690:	3401      	adds	r4, #1
10004692:	553b      	strb	r3, [r7, r4]
10004694:	42b5      	cmp	r5, r6
10004696:	d30e      	bcc.n	100046b6 <_vsnprintf+0xb4e>
10004698:	2c20      	cmp	r4, #32
1000469a:	d00c      	beq.n	100046b6 <_vsnprintf+0xb4e>
1000469c:	0005      	movs	r5, r0
1000469e:	0031      	movs	r1, r6
100046a0:	0028      	movs	r0, r5
100046a2:	f7fd fcd5 	bl	10002050 <__wrap___aeabi_uidiv>
100046a6:	b2cb      	uxtb	r3, r1
100046a8:	2909      	cmp	r1, #9
100046aa:	d9ef      	bls.n	1000468c <_vsnprintf+0xb24>
100046ac:	9a0c      	ldr	r2, [sp, #48]	@ 0x30
100046ae:	4694      	mov	ip, r2
100046b0:	4463      	add	r3, ip
100046b2:	b2db      	uxtb	r3, r3
100046b4:	e7ec      	b.n	10004690 <_vsnprintf+0xb28>
100046b6:	9b16      	ldr	r3, [sp, #88]	@ 0x58
100046b8:	9414      	str	r4, [sp, #80]	@ 0x50
100046ba:	4644      	mov	r4, r8
100046bc:	4698      	mov	r8, r3
100046be:	9b17      	ldr	r3, [sp, #92]	@ 0x5c
100046c0:	4656      	mov	r6, sl
100046c2:	464d      	mov	r5, r9
100046c4:	469a      	mov	sl, r3
100046c6:	9815      	ldr	r0, [sp, #84]	@ 0x54
100046c8:	9f18      	ldr	r7, [sp, #96]	@ 0x60
100046ca:	4643      	mov	r3, r8
100046cc:	9305      	str	r3, [sp, #20]
100046ce:	4653      	mov	r3, sl
100046d0:	9304      	str	r3, [sp, #16]
100046d2:	9b0d      	ldr	r3, [sp, #52]	@ 0x34
100046d4:	9006      	str	r0, [sp, #24]
100046d6:	9303      	str	r3, [sp, #12]
100046d8:	2300      	movs	r3, #0
100046da:	9302      	str	r3, [sp, #8]
100046dc:	9b14      	ldr	r3, [sp, #80]	@ 0x50
100046de:	e5eb      	b.n	100042b8 <_vsnprintf+0x750>
100046e0:	2800      	cmp	r0, #0
100046e2:	d1a1      	bne.n	10004628 <_vsnprintf+0xac0>
100046e4:	e772      	b.n	100045cc <_vsnprintf+0xa64>
100046e6:	9b0c      	ldr	r3, [sp, #48]	@ 0x30
100046e8:	681b      	ldr	r3, [r3, #0]
100046ea:	17d9      	asrs	r1, r3, #31
100046ec:	185a      	adds	r2, r3, r1
100046ee:	404a      	eors	r2, r1
100046f0:	e5a6      	b.n	10004240 <_vsnprintf+0x6d8>
100046f2:	2380      	movs	r3, #128	@ 0x80
100046f4:	0010      	movs	r0, r2
100046f6:	00db      	lsls	r3, r3, #3
100046f8:	4018      	ands	r0, r3
100046fa:	469c      	mov	ip, r3
100046fc:	900f      	str	r0, [sp, #60]	@ 0x3c
100046fe:	421a      	tst	r2, r3
10004700:	d00f      	beq.n	10004722 <_vsnprintf+0xbba>
10004702:	2002      	movs	r0, #2
10004704:	0003      	movs	r3, r0
10004706:	4013      	ands	r3, r2
10004708:	930f      	str	r3, [sp, #60]	@ 0x3c
1000470a:	4210      	tst	r0, r2
1000470c:	d019      	beq.n	10004742 <_vsnprintf+0xbda>
1000470e:	2300      	movs	r3, #0
10004710:	46a1      	mov	r9, r4
10004712:	930f      	str	r3, [sp, #60]	@ 0x3c
10004714:	e54c      	b.n	100041b0 <_vsnprintf+0x648>
10004716:	9b0c      	ldr	r3, [sp, #48]	@ 0x30
10004718:	681b      	ldr	r3, [r3, #0]
1000471a:	9309      	str	r3, [sp, #36]	@ 0x24
1000471c:	e4e4      	b.n	100040e8 <_vsnprintf+0x580>
1000471e:	000a      	movs	r2, r1
10004720:	e434      	b.n	10003f8c <_vsnprintf+0x424>
10004722:	2302      	movs	r3, #2
10004724:	0018      	movs	r0, r3
10004726:	4010      	ands	r0, r2
10004728:	900d      	str	r0, [sp, #52]	@ 0x34
1000472a:	4213      	tst	r3, r2
1000472c:	d000      	beq.n	10004730 <_vsnprintf+0xbc8>
1000472e:	e53e      	b.n	100041ae <_vsnprintf+0x646>
10004730:	4643      	mov	r3, r8
10004732:	2b00      	cmp	r3, #0
10004734:	d000      	beq.n	10004738 <_vsnprintf+0xbd0>
10004736:	e642      	b.n	100043be <_vsnprintf+0x856>
10004738:	f7ff fb71 	bl	10003e1e <_vsnprintf+0x2b6>
1000473c:	3301      	adds	r3, #1
1000473e:	930f      	str	r3, [sp, #60]	@ 0x3c
10004740:	e47f      	b.n	10004042 <_vsnprintf+0x4da>
10004742:	4663      	mov	r3, ip
10004744:	930d      	str	r3, [sp, #52]	@ 0x34
10004746:	e7f3      	b.n	10004730 <_vsnprintf+0xbc8>

10004748 <vfctprintf>:
10004748:	b510      	push	{r4, lr}
1000474a:	000c      	movs	r4, r1
1000474c:	b084      	sub	sp, #16
1000474e:	9403      	str	r4, [sp, #12]
10004750:	2401      	movs	r4, #1
10004752:	a902      	add	r1, sp, #8
10004754:	9002      	str	r0, [sp, #8]
10004756:	9300      	str	r3, [sp, #0]
10004758:	4803      	ldr	r0, [pc, #12]	@ (10004768 <vfctprintf+0x20>)
1000475a:	0013      	movs	r3, r2
1000475c:	4262      	negs	r2, r4
1000475e:	f7ff fa03 	bl	10003b68 <_vsnprintf>
10004762:	b004      	add	sp, #16
10004764:	bd10      	pop	{r4, pc}
10004766:	46c0      	nop			@ (mov r8, r8)
10004768:	10003135 	.word	0x10003135

1000476c <weak_raw_vprintf>:
1000476c:	b510      	push	{r4, lr}
1000476e:	4a09      	ldr	r2, [pc, #36]	@ (10004794 <weak_raw_vprintf+0x28>)
10004770:	0003      	movs	r3, r0
10004772:	6814      	ldr	r4, [r2, #0]
10004774:	b084      	sub	sp, #16
10004776:	2c00      	cmp	r4, #0
10004778:	d008      	beq.n	1000478c <weak_raw_vprintf+0x20>
1000477a:	2201      	movs	r2, #1
1000477c:	9100      	str	r1, [sp, #0]
1000477e:	4806      	ldr	r0, [pc, #24]	@ (10004798 <weak_raw_vprintf+0x2c>)
10004780:	4252      	negs	r2, r2
10004782:	a903      	add	r1, sp, #12
10004784:	47a0      	blx	r4
10004786:	2001      	movs	r0, #1
10004788:	b004      	add	sp, #16
1000478a:	bd10      	pop	{r4, pc}
1000478c:	f000 f9b4 	bl	10004af8 <__wrap_puts>
10004790:	2000      	movs	r0, #0
10004792:	e7f9      	b.n	10004788 <weak_raw_vprintf+0x1c>
10004794:	200046d4 	.word	0x200046d4
10004798:	10003125 	.word	0x10003125

1000479c <_exit>:
1000479c:	be00      	bkpt	0x0000
1000479e:	e7fd      	b.n	1000479c <_exit>

100047a0 <_sbrk>:
100047a0:	4a09      	ldr	r2, [pc, #36]	@ (100047c8 <_sbrk+0x28>)
100047a2:	0003      	movs	r3, r0
100047a4:	6810      	ldr	r0, [r2, #0]
100047a6:	2800      	cmp	r0, #0
100047a8:	d005      	beq.n	100047b6 <_sbrk+0x16>
100047aa:	4908      	ldr	r1, [pc, #32]	@ (100047cc <_sbrk+0x2c>)
100047ac:	18c3      	adds	r3, r0, r3
100047ae:	428b      	cmp	r3, r1
100047b0:	d807      	bhi.n	100047c2 <_sbrk+0x22>
100047b2:	6013      	str	r3, [r2, #0]
100047b4:	4770      	bx	lr
100047b6:	4806      	ldr	r0, [pc, #24]	@ (100047d0 <_sbrk+0x30>)
100047b8:	4904      	ldr	r1, [pc, #16]	@ (100047cc <_sbrk+0x2c>)
100047ba:	18c3      	adds	r3, r0, r3
100047bc:	6010      	str	r0, [r2, #0]
100047be:	428b      	cmp	r3, r1
100047c0:	d9f7      	bls.n	100047b2 <_sbrk+0x12>
100047c2:	2001      	movs	r0, #1
100047c4:	4240      	negs	r0, r0
100047c6:	e7f5      	b.n	100047b4 <_sbrk+0x14>
100047c8:	2000448c 	.word	0x2000448c
100047cc:	20040000 	.word	0x20040000
100047d0:	20006138 	.word	0x20006138

100047d4 <exit>:
100047d4:	b510      	push	{r4, lr}
100047d6:	f7ff ffe1 	bl	1000479c <_exit>
100047da:	46c0      	nop			@ (mov r8, r8)

100047dc <runtime_init>:
100047dc:	b570      	push	{r4, r5, r6, lr}
100047de:	f7fd fae5 	bl	10001dac <runtime_run_initializers>
100047e2:	4d07      	ldr	r5, [pc, #28]	@ (10004800 <runtime_init+0x24>)
100047e4:	4e07      	ldr	r6, [pc, #28]	@ (10004804 <runtime_init+0x28>)
100047e6:	42b5      	cmp	r5, r6
100047e8:	d209      	bcs.n	100047fe <runtime_init+0x22>
100047ea:	2400      	movs	r4, #0
100047ec:	3e01      	subs	r6, #1
100047ee:	1b76      	subs	r6, r6, r5
100047f0:	08b6      	lsrs	r6, r6, #2
100047f2:	cd08      	ldmia	r5!, {r3}
100047f4:	4798      	blx	r3
100047f6:	0023      	movs	r3, r4
100047f8:	3401      	adds	r4, #1
100047fa:	42b3      	cmp	r3, r6
100047fc:	d1f9      	bne.n	100047f2 <runtime_init+0x16>
100047fe:	bd70      	pop	{r4, r5, r6, pc}
10004800:	10008c24 	.word	0x10008c24
10004804:	10008c2c 	.word	0x10008c2c

10004808 <stdio_out_chars_no_crlf>:
10004808:	0003      	movs	r3, r0
1000480a:	b510      	push	{r4, lr}
1000480c:	0008      	movs	r0, r1
1000480e:	0011      	movs	r1, r2
10004810:	681b      	ldr	r3, [r3, #0]
10004812:	4798      	blx	r3
10004814:	bd10      	pop	{r4, pc}
10004816:	46c0      	nop			@ (mov r8, r8)

10004818 <stdio_out_chars_crlf>:
10004818:	b5f0      	push	{r4, r5, r6, r7, lr}
1000481a:	46c6      	mov	lr, r8
1000481c:	b500      	push	{lr}
1000481e:	7d43      	ldrb	r3, [r0, #21]
10004820:	0007      	movs	r7, r0
10004822:	000c      	movs	r4, r1
10004824:	0016      	movs	r6, r2
10004826:	2b00      	cmp	r3, #0
10004828:	d046      	beq.n	100048b8 <stdio_out_chars_crlf+0xa0>
1000482a:	2a00      	cmp	r2, #0
1000482c:	dd17      	ble.n	1000485e <stdio_out_chars_crlf+0x46>
1000482e:	780b      	ldrb	r3, [r1, #0]
10004830:	2b0a      	cmp	r3, #10
10004832:	d024      	beq.n	1000487e <stdio_out_chars_crlf+0x66>
10004834:	2300      	movs	r3, #0
10004836:	4698      	mov	r8, r3
10004838:	2e01      	cmp	r6, #1
1000483a:	d013      	beq.n	10004864 <stdio_out_chars_crlf+0x4c>
1000483c:	2501      	movs	r5, #1
1000483e:	0029      	movs	r1, r5
10004840:	5c63      	ldrb	r3, [r4, r1]
10004842:	3501      	adds	r5, #1
10004844:	2b0a      	cmp	r3, #10
10004846:	d026      	beq.n	10004896 <stdio_out_chars_crlf+0x7e>
10004848:	42b5      	cmp	r5, r6
1000484a:	d1f8      	bne.n	1000483e <stdio_out_chars_crlf+0x26>
1000484c:	4546      	cmp	r6, r8
1000484e:	dc09      	bgt.n	10004864 <stdio_out_chars_crlf+0x4c>
10004850:	19a4      	adds	r4, r4, r6
10004852:	3c01      	subs	r4, #1
10004854:	7823      	ldrb	r3, [r4, #0]
10004856:	3b0d      	subs	r3, #13
10004858:	425a      	negs	r2, r3
1000485a:	4153      	adcs	r3, r2
1000485c:	753b      	strb	r3, [r7, #20]
1000485e:	bc80      	pop	{r7}
10004860:	46b8      	mov	r8, r7
10004862:	bdf0      	pop	{r4, r5, r6, r7, pc}
10004864:	4643      	mov	r3, r8
10004866:	18e0      	adds	r0, r4, r3
10004868:	19a4      	adds	r4, r4, r6
1000486a:	1af1      	subs	r1, r6, r3
1000486c:	3c01      	subs	r4, #1
1000486e:	683b      	ldr	r3, [r7, #0]
10004870:	4798      	blx	r3
10004872:	7823      	ldrb	r3, [r4, #0]
10004874:	3b0d      	subs	r3, #13
10004876:	425a      	negs	r2, r3
10004878:	4153      	adcs	r3, r2
1000487a:	753b      	strb	r3, [r7, #20]
1000487c:	e7ef      	b.n	1000485e <stdio_out_chars_crlf+0x46>
1000487e:	7d03      	ldrb	r3, [r0, #20]
10004880:	2b00      	cmp	r3, #0
10004882:	d1d7      	bne.n	10004834 <stdio_out_chars_crlf+0x1c>
10004884:	2102      	movs	r1, #2
10004886:	480f      	ldr	r0, [pc, #60]	@ (100048c4 <stdio_out_chars_crlf+0xac>)
10004888:	683b      	ldr	r3, [r7, #0]
1000488a:	4798      	blx	r3
1000488c:	2e01      	cmp	r6, #1
1000488e:	d0df      	beq.n	10004850 <stdio_out_chars_crlf+0x38>
10004890:	2301      	movs	r3, #1
10004892:	4698      	mov	r8, r3
10004894:	e7d2      	b.n	1000483c <stdio_out_chars_crlf+0x24>
10004896:	1e63      	subs	r3, r4, #1
10004898:	5c5b      	ldrb	r3, [r3, r1]
1000489a:	2b0d      	cmp	r3, #13
1000489c:	d0d4      	beq.n	10004848 <stdio_out_chars_crlf+0x30>
1000489e:	4588      	cmp	r8, r1
100048a0:	da04      	bge.n	100048ac <stdio_out_chars_crlf+0x94>
100048a2:	4643      	mov	r3, r8
100048a4:	1ac9      	subs	r1, r1, r3
100048a6:	18e0      	adds	r0, r4, r3
100048a8:	683b      	ldr	r3, [r7, #0]
100048aa:	4798      	blx	r3
100048ac:	2102      	movs	r1, #2
100048ae:	4805      	ldr	r0, [pc, #20]	@ (100048c4 <stdio_out_chars_crlf+0xac>)
100048b0:	683b      	ldr	r3, [r7, #0]
100048b2:	46a8      	mov	r8, r5
100048b4:	4798      	blx	r3
100048b6:	e7c7      	b.n	10004848 <stdio_out_chars_crlf+0x30>
100048b8:	6803      	ldr	r3, [r0, #0]
100048ba:	0011      	movs	r1, r2
100048bc:	0020      	movs	r0, r4
100048be:	4798      	blx	r3
100048c0:	e7cd      	b.n	1000485e <stdio_out_chars_crlf+0x46>
100048c2:	46c0      	nop			@ (mov r8, r8)
100048c4:	10009010 	.word	0x10009010

100048c8 <stdio_buffered_printer>:
100048c8:	b5f0      	push	{r4, r5, r6, r7, lr}
100048ca:	46c6      	mov	lr, r8
100048cc:	680b      	ldr	r3, [r1, #0]
100048ce:	0006      	movs	r6, r0
100048d0:	000c      	movs	r4, r1
100048d2:	b500      	push	{lr}
100048d4:	2b80      	cmp	r3, #128	@ 0x80
100048d6:	d006      	beq.n	100048e6 <stdio_buffered_printer+0x1e>
100048d8:	1c5a      	adds	r2, r3, #1
100048da:	6022      	str	r2, [r4, #0]
100048dc:	18e4      	adds	r4, r4, r3
100048de:	7126      	strb	r6, [r4, #4]
100048e0:	bc80      	pop	{r7}
100048e2:	46b8      	mov	r8, r7
100048e4:	bdf0      	pop	{r4, r5, r6, r7, pc}
100048e6:	4b0f      	ldr	r3, [pc, #60]	@ (10004924 <stdio_buffered_printer+0x5c>)
100048e8:	681d      	ldr	r5, [r3, #0]
100048ea:	2d00      	cmp	r5, #0
100048ec:	d016      	beq.n	1000491c <stdio_buffered_printer+0x54>
100048ee:	1d0b      	adds	r3, r1, #4
100048f0:	4698      	mov	r8, r3
100048f2:	4f0d      	ldr	r7, [pc, #52]	@ (10004928 <stdio_buffered_printer+0x60>)
100048f4:	e002      	b.n	100048fc <stdio_buffered_printer+0x34>
100048f6:	692d      	ldr	r5, [r5, #16]
100048f8:	2d00      	cmp	r5, #0
100048fa:	d00f      	beq.n	1000491c <stdio_buffered_printer+0x54>
100048fc:	682b      	ldr	r3, [r5, #0]
100048fe:	2b00      	cmp	r3, #0
10004900:	d0f9      	beq.n	100048f6 <stdio_buffered_printer+0x2e>
10004902:	683b      	ldr	r3, [r7, #0]
10004904:	2b00      	cmp	r3, #0
10004906:	d001      	beq.n	1000490c <stdio_buffered_printer+0x44>
10004908:	42ab      	cmp	r3, r5
1000490a:	d1f4      	bne.n	100048f6 <stdio_buffered_printer+0x2e>
1000490c:	0028      	movs	r0, r5
1000490e:	4641      	mov	r1, r8
10004910:	6822      	ldr	r2, [r4, #0]
10004912:	f7ff ff81 	bl	10004818 <stdio_out_chars_crlf>
10004916:	692d      	ldr	r5, [r5, #16]
10004918:	2d00      	cmp	r5, #0
1000491a:	d1ef      	bne.n	100048fc <stdio_buffered_printer+0x34>
1000491c:	2201      	movs	r2, #1
1000491e:	2300      	movs	r3, #0
10004920:	e7db      	b.n	100048da <stdio_buffered_printer+0x12>
10004922:	46c0      	nop			@ (mov r8, r8)
10004924:	20004480 	.word	0x20004480
10004928:	20004488 	.word	0x20004488

1000492c <stdio_put_string>:
1000492c:	b5f0      	push	{r4, r5, r6, r7, lr}
1000492e:	4645      	mov	r5, r8
10004930:	46de      	mov	lr, fp
10004932:	464e      	mov	r6, r9
10004934:	4657      	mov	r7, sl
10004936:	b5e0      	push	{r5, r6, r7, lr}
10004938:	b083      	sub	sp, #12
1000493a:	4691      	mov	r9, r2
1000493c:	001c      	movs	r4, r3
1000493e:	4680      	mov	r8, r0
10004940:	000d      	movs	r5, r1
10004942:	f7fc ff6b 	bl	1000181c <time_us_64>
10004946:	2300      	movs	r3, #0
10004948:	4a30      	ldr	r2, [pc, #192]	@ (10004a0c <stdio_put_string+0xe0>)
1000494a:	1812      	adds	r2, r2, r0
1000494c:	414b      	adcs	r3, r1
1000494e:	2b00      	cmp	r3, #0
10004950:	da02      	bge.n	10004958 <stdio_put_string+0x2c>
10004952:	2201      	movs	r2, #1
10004954:	4b2e      	ldr	r3, [pc, #184]	@ (10004a10 <stdio_put_string+0xe4>)
10004956:	4252      	negs	r2, r2
10004958:	492e      	ldr	r1, [pc, #184]	@ (10004a14 <stdio_put_string+0xe8>)
1000495a:	0008      	movs	r0, r1
1000495c:	468a      	mov	sl, r1
1000495e:	f004 f923 	bl	10008ba8 <__mutex_try_enter_block_until_veneer>
10004962:	0007      	movs	r7, r0
10004964:	1c6b      	adds	r3, r5, #1
10004966:	d103      	bne.n	10004970 <stdio_put_string+0x44>
10004968:	4640      	mov	r0, r8
1000496a:	f003 ff51 	bl	10008810 <strlen>
1000496e:	0005      	movs	r5, r0
10004970:	2c00      	cmp	r4, #0
10004972:	d027      	beq.n	100049c4 <stdio_put_string+0x98>
10004974:	4e28      	ldr	r6, [pc, #160]	@ (10004a18 <stdio_put_string+0xec>)
10004976:	4b29      	ldr	r3, [pc, #164]	@ (10004a1c <stdio_put_string+0xf0>)
10004978:	681c      	ldr	r4, [r3, #0]
1000497a:	2c00      	cmp	r4, #0
1000497c:	d018      	beq.n	100049b0 <stdio_put_string+0x84>
1000497e:	464b      	mov	r3, r9
10004980:	2b00      	cmp	r3, #0
10004982:	d121      	bne.n	100049c8 <stdio_put_string+0x9c>
10004984:	4b26      	ldr	r3, [pc, #152]	@ (10004a20 <stdio_put_string+0xf4>)
10004986:	4699      	mov	r9, r3
10004988:	e002      	b.n	10004990 <stdio_put_string+0x64>
1000498a:	6924      	ldr	r4, [r4, #16]
1000498c:	2c00      	cmp	r4, #0
1000498e:	d00f      	beq.n	100049b0 <stdio_put_string+0x84>
10004990:	6823      	ldr	r3, [r4, #0]
10004992:	2b00      	cmp	r3, #0
10004994:	d0f9      	beq.n	1000498a <stdio_put_string+0x5e>
10004996:	464b      	mov	r3, r9
10004998:	681b      	ldr	r3, [r3, #0]
1000499a:	2b00      	cmp	r3, #0
1000499c:	d001      	beq.n	100049a2 <stdio_put_string+0x76>
1000499e:	429c      	cmp	r4, r3
100049a0:	d1f3      	bne.n	1000498a <stdio_put_string+0x5e>
100049a2:	0020      	movs	r0, r4
100049a4:	002a      	movs	r2, r5
100049a6:	4641      	mov	r1, r8
100049a8:	47b0      	blx	r6
100049aa:	6924      	ldr	r4, [r4, #16]
100049ac:	2c00      	cmp	r4, #0
100049ae:	d1ef      	bne.n	10004990 <stdio_put_string+0x64>
100049b0:	2f00      	cmp	r7, #0
100049b2:	d126      	bne.n	10004a02 <stdio_put_string+0xd6>
100049b4:	0028      	movs	r0, r5
100049b6:	b003      	add	sp, #12
100049b8:	bcf0      	pop	{r4, r5, r6, r7}
100049ba:	46bb      	mov	fp, r7
100049bc:	46b2      	mov	sl, r6
100049be:	46a9      	mov	r9, r5
100049c0:	46a0      	mov	r8, r4
100049c2:	bdf0      	pop	{r4, r5, r6, r7, pc}
100049c4:	4e17      	ldr	r6, [pc, #92]	@ (10004a24 <stdio_put_string+0xf8>)
100049c6:	e7d6      	b.n	10004976 <stdio_put_string+0x4a>
100049c8:	4b15      	ldr	r3, [pc, #84]	@ (10004a20 <stdio_put_string+0xf4>)
100049ca:	4699      	mov	r9, r3
100049cc:	230a      	movs	r3, #10
100049ce:	469b      	mov	fp, r3
100049d0:	e002      	b.n	100049d8 <stdio_put_string+0xac>
100049d2:	6924      	ldr	r4, [r4, #16]
100049d4:	2c00      	cmp	r4, #0
100049d6:	d0eb      	beq.n	100049b0 <stdio_put_string+0x84>
100049d8:	6823      	ldr	r3, [r4, #0]
100049da:	2b00      	cmp	r3, #0
100049dc:	d0f9      	beq.n	100049d2 <stdio_put_string+0xa6>
100049de:	464b      	mov	r3, r9
100049e0:	681b      	ldr	r3, [r3, #0]
100049e2:	2b00      	cmp	r3, #0
100049e4:	d001      	beq.n	100049ea <stdio_put_string+0xbe>
100049e6:	42a3      	cmp	r3, r4
100049e8:	d1f3      	bne.n	100049d2 <stdio_put_string+0xa6>
100049ea:	002a      	movs	r2, r5
100049ec:	4641      	mov	r1, r8
100049ee:	0020      	movs	r0, r4
100049f0:	47b0      	blx	r6
100049f2:	466b      	mov	r3, sp
100049f4:	465a      	mov	r2, fp
100049f6:	0020      	movs	r0, r4
100049f8:	71da      	strb	r2, [r3, #7]
100049fa:	1dd9      	adds	r1, r3, #7
100049fc:	2201      	movs	r2, #1
100049fe:	47b0      	blx	r6
10004a00:	e7e7      	b.n	100049d2 <stdio_put_string+0xa6>
10004a02:	4650      	mov	r0, sl
10004a04:	f004 f890 	bl	10008b28 <__mutex_exit_veneer>
10004a08:	e7d4      	b.n	100049b4 <stdio_put_string+0x88>
10004a0a:	46c0      	nop			@ (mov r8, r8)
10004a0c:	000f4240 	.word	0x000f4240
10004a10:	7fffffff 	.word	0x7fffffff
10004a14:	200038d0 	.word	0x200038d0
10004a18:	10004819 	.word	0x10004819
10004a1c:	20004480 	.word	0x20004480
10004a20:	20004488 	.word	0x20004488
10004a24:	10004809 	.word	0x10004809

10004a28 <stdio_set_driver_enabled>:
10004a28:	4a0a      	ldr	r2, [pc, #40]	@ (10004a54 <stdio_set_driver_enabled+0x2c>)
10004a2a:	6813      	ldr	r3, [r2, #0]
10004a2c:	2b00      	cmp	r3, #0
10004a2e:	d105      	bne.n	10004a3c <stdio_set_driver_enabled+0x14>
10004a30:	e00c      	b.n	10004a4c <stdio_set_driver_enabled+0x24>
10004a32:	001a      	movs	r2, r3
10004a34:	691b      	ldr	r3, [r3, #16]
10004a36:	3210      	adds	r2, #16
10004a38:	2b00      	cmp	r3, #0
10004a3a:	d007      	beq.n	10004a4c <stdio_set_driver_enabled+0x24>
10004a3c:	4283      	cmp	r3, r0
10004a3e:	d1f8      	bne.n	10004a32 <stdio_set_driver_enabled+0xa>
10004a40:	2900      	cmp	r1, #0
10004a42:	d102      	bne.n	10004a4a <stdio_set_driver_enabled+0x22>
10004a44:	6918      	ldr	r0, [r3, #16]
10004a46:	6010      	str	r0, [r2, #0]
10004a48:	6119      	str	r1, [r3, #16]
10004a4a:	4770      	bx	lr
10004a4c:	2900      	cmp	r1, #0
10004a4e:	d0fc      	beq.n	10004a4a <stdio_set_driver_enabled+0x22>
10004a50:	6010      	str	r0, [r2, #0]
10004a52:	e7fa      	b.n	10004a4a <stdio_set_driver_enabled+0x22>
10004a54:	20004480 	.word	0x20004480

10004a58 <stdio_init_all>:
10004a58:	b510      	push	{r4, lr}
10004a5a:	f000 f9ab 	bl	10004db4 <stdio_uart_init>
10004a5e:	2001      	movs	r0, #1
10004a60:	bd10      	pop	{r4, pc}
10004a62:	46c0      	nop			@ (mov r8, r8)

10004a64 <__wrap_putchar>:
10004a64:	b5f0      	push	{r4, r5, r6, r7, lr}
10004a66:	46ce      	mov	lr, r9
10004a68:	4647      	mov	r7, r8
10004a6a:	b580      	push	{r7, lr}
10004a6c:	b083      	sub	sp, #12
10004a6e:	466b      	mov	r3, sp
10004a70:	0006      	movs	r6, r0
10004a72:	1ddd      	adds	r5, r3, #7
10004a74:	7028      	strb	r0, [r5, #0]
10004a76:	f7fc fed1 	bl	1000181c <time_us_64>
10004a7a:	2300      	movs	r3, #0
10004a7c:	4a19      	ldr	r2, [pc, #100]	@ (10004ae4 <__wrap_putchar+0x80>)
10004a7e:	1812      	adds	r2, r2, r0
10004a80:	414b      	adcs	r3, r1
10004a82:	2b00      	cmp	r3, #0
10004a84:	da02      	bge.n	10004a8c <__wrap_putchar+0x28>
10004a86:	2201      	movs	r2, #1
10004a88:	4b17      	ldr	r3, [pc, #92]	@ (10004ae8 <__wrap_putchar+0x84>)
10004a8a:	4252      	negs	r2, r2
10004a8c:	4917      	ldr	r1, [pc, #92]	@ (10004aec <__wrap_putchar+0x88>)
10004a8e:	0008      	movs	r0, r1
10004a90:	4688      	mov	r8, r1
10004a92:	f004 f889 	bl	10008ba8 <__mutex_try_enter_block_until_veneer>
10004a96:	4b16      	ldr	r3, [pc, #88]	@ (10004af0 <__wrap_putchar+0x8c>)
10004a98:	4681      	mov	r9, r0
10004a9a:	681c      	ldr	r4, [r3, #0]
10004a9c:	2c00      	cmp	r4, #0
10004a9e:	d014      	beq.n	10004aca <__wrap_putchar+0x66>
10004aa0:	4f14      	ldr	r7, [pc, #80]	@ (10004af4 <__wrap_putchar+0x90>)
10004aa2:	e002      	b.n	10004aaa <__wrap_putchar+0x46>
10004aa4:	6924      	ldr	r4, [r4, #16]
10004aa6:	2c00      	cmp	r4, #0
10004aa8:	d00f      	beq.n	10004aca <__wrap_putchar+0x66>
10004aaa:	6823      	ldr	r3, [r4, #0]
10004aac:	2b00      	cmp	r3, #0
10004aae:	d0f9      	beq.n	10004aa4 <__wrap_putchar+0x40>
10004ab0:	683b      	ldr	r3, [r7, #0]
10004ab2:	2b00      	cmp	r3, #0
10004ab4:	d001      	beq.n	10004aba <__wrap_putchar+0x56>
10004ab6:	429c      	cmp	r4, r3
10004ab8:	d1f4      	bne.n	10004aa4 <__wrap_putchar+0x40>
10004aba:	0020      	movs	r0, r4
10004abc:	2201      	movs	r2, #1
10004abe:	0029      	movs	r1, r5
10004ac0:	f7ff feaa 	bl	10004818 <stdio_out_chars_crlf>
10004ac4:	6924      	ldr	r4, [r4, #16]
10004ac6:	2c00      	cmp	r4, #0
10004ac8:	d1ef      	bne.n	10004aaa <__wrap_putchar+0x46>
10004aca:	464b      	mov	r3, r9
10004acc:	2b00      	cmp	r3, #0
10004ace:	d105      	bne.n	10004adc <__wrap_putchar+0x78>
10004ad0:	0030      	movs	r0, r6
10004ad2:	b003      	add	sp, #12
10004ad4:	bcc0      	pop	{r6, r7}
10004ad6:	46b9      	mov	r9, r7
10004ad8:	46b0      	mov	r8, r6
10004ada:	bdf0      	pop	{r4, r5, r6, r7, pc}
10004adc:	4640      	mov	r0, r8
10004ade:	f004 f823 	bl	10008b28 <__mutex_exit_veneer>
10004ae2:	e7f5      	b.n	10004ad0 <__wrap_putchar+0x6c>
10004ae4:	000f4240 	.word	0x000f4240
10004ae8:	7fffffff 	.word	0x7fffffff
10004aec:	200038d0 	.word	0x200038d0
10004af0:	20004480 	.word	0x20004480
10004af4:	20004488 	.word	0x20004488

10004af8 <__wrap_puts>:
10004af8:	b570      	push	{r4, r5, r6, lr}
10004afa:	0004      	movs	r4, r0
10004afc:	f003 fe88 	bl	10008810 <strlen>
10004b00:	2301      	movs	r3, #1
10004b02:	0001      	movs	r1, r0
10004b04:	0005      	movs	r5, r0
10004b06:	2201      	movs	r2, #1
10004b08:	0020      	movs	r0, r4
10004b0a:	f7ff ff0f 	bl	1000492c <stdio_put_string>
10004b0e:	4b08      	ldr	r3, [pc, #32]	@ (10004b30 <__wrap_puts+0x38>)
10004b10:	681c      	ldr	r4, [r3, #0]
10004b12:	2c00      	cmp	r4, #0
10004b14:	d006      	beq.n	10004b24 <__wrap_puts+0x2c>
10004b16:	6863      	ldr	r3, [r4, #4]
10004b18:	2b00      	cmp	r3, #0
10004b1a:	d005      	beq.n	10004b28 <__wrap_puts+0x30>
10004b1c:	4798      	blx	r3
10004b1e:	6924      	ldr	r4, [r4, #16]
10004b20:	2c00      	cmp	r4, #0
10004b22:	d1f8      	bne.n	10004b16 <__wrap_puts+0x1e>
10004b24:	0028      	movs	r0, r5
10004b26:	bd70      	pop	{r4, r5, r6, pc}
10004b28:	6924      	ldr	r4, [r4, #16]
10004b2a:	2c00      	cmp	r4, #0
10004b2c:	d1f3      	bne.n	10004b16 <__wrap_puts+0x1e>
10004b2e:	e7f9      	b.n	10004b24 <__wrap_puts+0x2c>
10004b30:	20004480 	.word	0x20004480

10004b34 <__wrap_vprintf>:
10004b34:	b5f0      	push	{r4, r5, r6, r7, lr}
10004b36:	46ce      	mov	lr, r9
10004b38:	4647      	mov	r7, r8
10004b3a:	b580      	push	{r7, lr}
10004b3c:	b0a3      	sub	sp, #140	@ 0x8c
10004b3e:	0004      	movs	r4, r0
10004b40:	000d      	movs	r5, r1
10004b42:	f7fc fe6b 	bl	1000181c <time_us_64>
10004b46:	2300      	movs	r3, #0
10004b48:	4a27      	ldr	r2, [pc, #156]	@ (10004be8 <__wrap_vprintf+0xb4>)
10004b4a:	1812      	adds	r2, r2, r0
10004b4c:	414b      	adcs	r3, r1
10004b4e:	2b00      	cmp	r3, #0
10004b50:	da02      	bge.n	10004b58 <__wrap_vprintf+0x24>
10004b52:	2201      	movs	r2, #1
10004b54:	4b25      	ldr	r3, [pc, #148]	@ (10004bec <__wrap_vprintf+0xb8>)
10004b56:	4252      	negs	r2, r2
10004b58:	4e25      	ldr	r6, [pc, #148]	@ (10004bf0 <__wrap_vprintf+0xbc>)
10004b5a:	0030      	movs	r0, r6
10004b5c:	f004 f824 	bl	10008ba8 <__mutex_try_enter_block_until_veneer>
10004b60:	2300      	movs	r3, #0
10004b62:	0022      	movs	r2, r4
10004b64:	9301      	str	r3, [sp, #4]
10004b66:	0007      	movs	r7, r0
10004b68:	002b      	movs	r3, r5
10004b6a:	4822      	ldr	r0, [pc, #136]	@ (10004bf4 <__wrap_vprintf+0xc0>)
10004b6c:	a901      	add	r1, sp, #4
10004b6e:	f7ff fdeb 	bl	10004748 <vfctprintf>
10004b72:	4b21      	ldr	r3, [pc, #132]	@ (10004bf8 <__wrap_vprintf+0xc4>)
10004b74:	4680      	mov	r8, r0
10004b76:	4699      	mov	r9, r3
10004b78:	681c      	ldr	r4, [r3, #0]
10004b7a:	9b01      	ldr	r3, [sp, #4]
10004b7c:	2b00      	cmp	r3, #0
10004b7e:	d01a      	beq.n	10004bb6 <__wrap_vprintf+0x82>
10004b80:	2c00      	cmp	r4, #0
10004b82:	d02f      	beq.n	10004be4 <__wrap_vprintf+0xb0>
10004b84:	4d1d      	ldr	r5, [pc, #116]	@ (10004bfc <__wrap_vprintf+0xc8>)
10004b86:	e002      	b.n	10004b8e <__wrap_vprintf+0x5a>
10004b88:	6924      	ldr	r4, [r4, #16]
10004b8a:	2c00      	cmp	r4, #0
10004b8c:	d00f      	beq.n	10004bae <__wrap_vprintf+0x7a>
10004b8e:	6823      	ldr	r3, [r4, #0]
10004b90:	2b00      	cmp	r3, #0
10004b92:	d0f9      	beq.n	10004b88 <__wrap_vprintf+0x54>
10004b94:	682b      	ldr	r3, [r5, #0]
10004b96:	2b00      	cmp	r3, #0
10004b98:	d001      	beq.n	10004b9e <__wrap_vprintf+0x6a>
10004b9a:	42a3      	cmp	r3, r4
10004b9c:	d1f4      	bne.n	10004b88 <__wrap_vprintf+0x54>
10004b9e:	0020      	movs	r0, r4
10004ba0:	9a01      	ldr	r2, [sp, #4]
10004ba2:	a902      	add	r1, sp, #8
10004ba4:	f7ff fe38 	bl	10004818 <stdio_out_chars_crlf>
10004ba8:	6924      	ldr	r4, [r4, #16]
10004baa:	2c00      	cmp	r4, #0
10004bac:	d1ef      	bne.n	10004b8e <__wrap_vprintf+0x5a>
10004bae:	464b      	mov	r3, r9
10004bb0:	681c      	ldr	r4, [r3, #0]
10004bb2:	2300      	movs	r3, #0
10004bb4:	9301      	str	r3, [sp, #4]
10004bb6:	2c00      	cmp	r4, #0
10004bb8:	d006      	beq.n	10004bc8 <__wrap_vprintf+0x94>
10004bba:	6863      	ldr	r3, [r4, #4]
10004bbc:	2b00      	cmp	r3, #0
10004bbe:	d00b      	beq.n	10004bd8 <__wrap_vprintf+0xa4>
10004bc0:	4798      	blx	r3
10004bc2:	6924      	ldr	r4, [r4, #16]
10004bc4:	2c00      	cmp	r4, #0
10004bc6:	d1f8      	bne.n	10004bba <__wrap_vprintf+0x86>
10004bc8:	2f00      	cmp	r7, #0
10004bca:	d107      	bne.n	10004bdc <__wrap_vprintf+0xa8>
10004bcc:	4640      	mov	r0, r8
10004bce:	b023      	add	sp, #140	@ 0x8c
10004bd0:	bcc0      	pop	{r6, r7}
10004bd2:	46b9      	mov	r9, r7
10004bd4:	46b0      	mov	r8, r6
10004bd6:	bdf0      	pop	{r4, r5, r6, r7, pc}
10004bd8:	6924      	ldr	r4, [r4, #16]
10004bda:	e7ec      	b.n	10004bb6 <__wrap_vprintf+0x82>
10004bdc:	0030      	movs	r0, r6
10004bde:	f003 ffa3 	bl	10008b28 <__mutex_exit_veneer>
10004be2:	e7f3      	b.n	10004bcc <__wrap_vprintf+0x98>
10004be4:	9401      	str	r4, [sp, #4]
10004be6:	e7ef      	b.n	10004bc8 <__wrap_vprintf+0x94>
10004be8:	000f4240 	.word	0x000f4240
10004bec:	7fffffff 	.word	0x7fffffff
10004bf0:	200038d0 	.word	0x200038d0
10004bf4:	100048c9 	.word	0x100048c9
10004bf8:	20004480 	.word	0x20004480
10004bfc:	20004488 	.word	0x20004488

10004c00 <__wrap_printf>:
10004c00:	b40f      	push	{r0, r1, r2, r3}
10004c02:	b500      	push	{lr}
10004c04:	b083      	sub	sp, #12
10004c06:	a904      	add	r1, sp, #16
10004c08:	c901      	ldmia	r1!, {r0}
10004c0a:	9101      	str	r1, [sp, #4]
10004c0c:	f7ff ff92 	bl	10004b34 <__wrap_vprintf>
10004c10:	b003      	add	sp, #12
10004c12:	bc08      	pop	{r3}
10004c14:	b004      	add	sp, #16
10004c16:	4718      	bx	r3

10004c18 <stdio_uart_out_chars>:
10004c18:	b5f0      	push	{r4, r5, r6, r7, lr}
10004c1a:	2900      	cmp	r1, #0
10004c1c:	dd15      	ble.n	10004c4a <stdio_uart_out_chars+0x32>
10004c1e:	4b0e      	ldr	r3, [pc, #56]	@ (10004c58 <stdio_uart_out_chars+0x40>)
10004c20:	270d      	movs	r7, #13
10004c22:	681a      	ldr	r2, [r3, #0]
10004c24:	4b0d      	ldr	r3, [pc, #52]	@ (10004c5c <stdio_uart_out_chars+0x44>)
10004c26:	4c0e      	ldr	r4, [pc, #56]	@ (10004c60 <stdio_uart_out_chars+0x48>)
10004c28:	18d3      	adds	r3, r2, r3
10004c2a:	425d      	negs	r5, r3
10004c2c:	416b      	adcs	r3, r5
10004c2e:	1845      	adds	r5, r0, r1
10004c30:	2120      	movs	r1, #32
10004c32:	005b      	lsls	r3, r3, #1
10004c34:	5f1e      	ldrsh	r6, [r3, r4]
10004c36:	7804      	ldrb	r4, [r0, #0]
10004c38:	42a6      	cmp	r6, r4
10004c3a:	d007      	beq.n	10004c4c <stdio_uart_out_chars+0x34>
10004c3c:	6993      	ldr	r3, [r2, #24]
10004c3e:	4219      	tst	r1, r3
10004c40:	d1fc      	bne.n	10004c3c <stdio_uart_out_chars+0x24>
10004c42:	3001      	adds	r0, #1
10004c44:	6014      	str	r4, [r2, #0]
10004c46:	42a8      	cmp	r0, r5
10004c48:	d1f5      	bne.n	10004c36 <stdio_uart_out_chars+0x1e>
10004c4a:	bdf0      	pop	{r4, r5, r6, r7, pc}
10004c4c:	6993      	ldr	r3, [r2, #24]
10004c4e:	4219      	tst	r1, r3
10004c50:	d1fc      	bne.n	10004c4c <stdio_uart_out_chars+0x34>
10004c52:	6017      	str	r7, [r2, #0]
10004c54:	e7f2      	b.n	10004c3c <stdio_uart_out_chars+0x24>
10004c56:	46c0      	nop			@ (mov r8, r8)
10004c58:	20006128 	.word	0x20006128
10004c5c:	bffc8000 	.word	0xbffc8000
10004c60:	20006124 	.word	0x20006124

10004c64 <stdio_uart_in_chars>:
10004c64:	4b20      	ldr	r3, [pc, #128]	@ (10004ce8 <stdio_uart_in_chars+0x84>)
10004c66:	b570      	push	{r4, r5, r6, lr}
10004c68:	0004      	movs	r4, r0
10004c6a:	1e0d      	subs	r5, r1, #0
10004c6c:	681e      	ldr	r6, [r3, #0]
10004c6e:	dd2a      	ble.n	10004cc6 <stdio_uart_in_chars+0x62>
10004c70:	2000      	movs	r0, #0
10004c72:	2110      	movs	r1, #16
10004c74:	4b1d      	ldr	r3, [pc, #116]	@ (10004cec <stdio_uart_in_chars+0x88>)
10004c76:	3c01      	subs	r4, #1
10004c78:	681a      	ldr	r2, [r3, #0]
10004c7a:	6993      	ldr	r3, [r2, #24]
10004c7c:	4219      	tst	r1, r3
10004c7e:	d114      	bne.n	10004caa <stdio_uart_in_chars+0x46>
10004c80:	3001      	adds	r0, #1
10004c82:	6993      	ldr	r3, [r2, #24]
10004c84:	4219      	tst	r1, r3
10004c86:	d1fc      	bne.n	10004c82 <stdio_uart_in_chars+0x1e>
10004c88:	6813      	ldr	r3, [r2, #0]
10004c8a:	5423      	strb	r3, [r4, r0]
10004c8c:	4285      	cmp	r5, r0
10004c8e:	d1f4      	bne.n	10004c7a <stdio_uart_in_chars+0x16>
10004c90:	2e00      	cmp	r6, #0
10004c92:	d008      	beq.n	10004ca6 <stdio_uart_in_chars+0x42>
10004c94:	2350      	movs	r3, #80	@ 0x50
10004c96:	6393      	str	r3, [r2, #56]	@ 0x38
10004c98:	6b51      	ldr	r1, [r2, #52]	@ 0x34
10004c9a:	3b18      	subs	r3, #24
10004c9c:	400b      	ands	r3, r1
10004c9e:	4914      	ldr	r1, [pc, #80]	@ (10004cf0 <stdio_uart_in_chars+0x8c>)
10004ca0:	468c      	mov	ip, r1
10004ca2:	4462      	add	r2, ip
10004ca4:	6013      	str	r3, [r2, #0]
10004ca6:	0028      	movs	r0, r5
10004ca8:	bd70      	pop	{r4, r5, r6, pc}
10004caa:	2e00      	cmp	r6, #0
10004cac:	d008      	beq.n	10004cc0 <stdio_uart_in_chars+0x5c>
10004cae:	2350      	movs	r3, #80	@ 0x50
10004cb0:	6393      	str	r3, [r2, #56]	@ 0x38
10004cb2:	6b51      	ldr	r1, [r2, #52]	@ 0x34
10004cb4:	3b18      	subs	r3, #24
10004cb6:	400b      	ands	r3, r1
10004cb8:	490d      	ldr	r1, [pc, #52]	@ (10004cf0 <stdio_uart_in_chars+0x8c>)
10004cba:	468c      	mov	ip, r1
10004cbc:	4462      	add	r2, ip
10004cbe:	6013      	str	r3, [r2, #0]
10004cc0:	2800      	cmp	r0, #0
10004cc2:	d1f1      	bne.n	10004ca8 <stdio_uart_in_chars+0x44>
10004cc4:	e00c      	b.n	10004ce0 <stdio_uart_in_chars+0x7c>
10004cc6:	2e00      	cmp	r6, #0
10004cc8:	d00a      	beq.n	10004ce0 <stdio_uart_in_chars+0x7c>
10004cca:	2250      	movs	r2, #80	@ 0x50
10004ccc:	4b07      	ldr	r3, [pc, #28]	@ (10004cec <stdio_uart_in_chars+0x88>)
10004cce:	681b      	ldr	r3, [r3, #0]
10004cd0:	639a      	str	r2, [r3, #56]	@ 0x38
10004cd2:	6b59      	ldr	r1, [r3, #52]	@ 0x34
10004cd4:	3a18      	subs	r2, #24
10004cd6:	400a      	ands	r2, r1
10004cd8:	4905      	ldr	r1, [pc, #20]	@ (10004cf0 <stdio_uart_in_chars+0x8c>)
10004cda:	468c      	mov	ip, r1
10004cdc:	4463      	add	r3, ip
10004cde:	601a      	str	r2, [r3, #0]
10004ce0:	2003      	movs	r0, #3
10004ce2:	4240      	negs	r0, r0
10004ce4:	e7e0      	b.n	10004ca8 <stdio_uart_in_chars+0x44>
10004ce6:	46c0      	nop			@ (mov r8, r8)
10004ce8:	20004444 	.word	0x20004444
10004cec:	20006128 	.word	0x20006128
10004cf0:	00001034 	.word	0x00001034

10004cf4 <on_uart_rx>:
10004cf4:	4b06      	ldr	r3, [pc, #24]	@ (10004d10 <on_uart_rx+0x1c>)
10004cf6:	b510      	push	{r4, lr}
10004cf8:	681b      	ldr	r3, [r3, #0]
10004cfa:	2b00      	cmp	r3, #0
10004cfc:	d006      	beq.n	10004d0c <on_uart_rx+0x18>
10004cfe:	2100      	movs	r1, #0
10004d00:	4a04      	ldr	r2, [pc, #16]	@ (10004d14 <on_uart_rx+0x20>)
10004d02:	6812      	ldr	r2, [r2, #0]
10004d04:	6391      	str	r1, [r2, #56]	@ 0x38
10004d06:	4a04      	ldr	r2, [pc, #16]	@ (10004d18 <on_uart_rx+0x24>)
10004d08:	6810      	ldr	r0, [r2, #0]
10004d0a:	4798      	blx	r3
10004d0c:	bd10      	pop	{r4, pc}
10004d0e:	46c0      	nop			@ (mov r8, r8)
10004d10:	20004444 	.word	0x20004444
10004d14:	20006128 	.word	0x20006128
10004d18:	20004448 	.word	0x20004448

10004d1c <stdio_uart_out_flush>:
10004d1c:	2208      	movs	r2, #8
10004d1e:	4b03      	ldr	r3, [pc, #12]	@ (10004d2c <stdio_uart_out_flush+0x10>)
10004d20:	6819      	ldr	r1, [r3, #0]
10004d22:	698b      	ldr	r3, [r1, #24]
10004d24:	421a      	tst	r2, r3
10004d26:	d1fc      	bne.n	10004d22 <stdio_uart_out_flush+0x6>
10004d28:	4770      	bx	lr
10004d2a:	46c0      	nop			@ (mov r8, r8)
10004d2c:	20006128 	.word	0x20006128

10004d30 <stdio_uart_set_chars_available_callback>:
10004d30:	b5f8      	push	{r3, r4, r5, r6, r7, lr}
10004d32:	4f1a      	ldr	r7, [pc, #104]	@ (10004d9c <stdio_uart_set_chars_available_callback+0x6c>)
10004d34:	4b1a      	ldr	r3, [pc, #104]	@ (10004da0 <stdio_uart_set_chars_available_callback+0x70>)
10004d36:	683a      	ldr	r2, [r7, #0]
10004d38:	0005      	movs	r5, r0
10004d3a:	18d3      	adds	r3, r2, r3
10004d3c:	4258      	negs	r0, r3
10004d3e:	4143      	adcs	r3, r0
10004d40:	4e18      	ldr	r6, [pc, #96]	@ (10004da4 <stdio_uart_set_chars_available_callback+0x74>)
10004d42:	3314      	adds	r3, #20
10004d44:	001c      	movs	r4, r3
10004d46:	6833      	ldr	r3, [r6, #0]
10004d48:	2d00      	cmp	r5, #0
10004d4a:	d002      	beq.n	10004d52 <stdio_uart_set_chars_available_callback+0x22>
10004d4c:	2b00      	cmp	r3, #0
10004d4e:	d00f      	beq.n	10004d70 <stdio_uart_set_chars_available_callback+0x40>
10004d50:	bdf8      	pop	{r3, r4, r5, r6, r7, pc}
10004d52:	2b00      	cmp	r3, #0
10004d54:	d0fc      	beq.n	10004d50 <stdio_uart_set_chars_available_callback+0x20>
10004d56:	2100      	movs	r1, #0
10004d58:	0020      	movs	r0, r4
10004d5a:	6395      	str	r5, [r2, #56]	@ 0x38
10004d5c:	f7fb fef4 	bl	10000b48 <irq_set_enabled>
10004d60:	0020      	movs	r0, r4
10004d62:	4911      	ldr	r1, [pc, #68]	@ (10004da8 <stdio_uart_set_chars_available_callback+0x78>)
10004d64:	f7fb ff2c 	bl	10000bc0 <irq_remove_handler>
10004d68:	4b10      	ldr	r3, [pc, #64]	@ (10004dac <stdio_uart_set_chars_available_callback+0x7c>)
10004d6a:	6035      	str	r5, [r6, #0]
10004d6c:	601d      	str	r5, [r3, #0]
10004d6e:	e7ef      	b.n	10004d50 <stdio_uart_set_chars_available_callback+0x20>
10004d70:	4b0e      	ldr	r3, [pc, #56]	@ (10004dac <stdio_uart_set_chars_available_callback+0x7c>)
10004d72:	0020      	movs	r0, r4
10004d74:	6019      	str	r1, [r3, #0]
10004d76:	490c      	ldr	r1, [pc, #48]	@ (10004da8 <stdio_uart_set_chars_available_callback+0x78>)
10004d78:	6035      	str	r5, [r6, #0]
10004d7a:	f7fb fef7 	bl	10000b6c <irq_set_exclusive_handler>
10004d7e:	2101      	movs	r1, #1
10004d80:	0020      	movs	r0, r4
10004d82:	f7fb fee1 	bl	10000b48 <irq_set_enabled>
10004d86:	2250      	movs	r2, #80	@ 0x50
10004d88:	683b      	ldr	r3, [r7, #0]
10004d8a:	639a      	str	r2, [r3, #56]	@ 0x38
10004d8c:	6b59      	ldr	r1, [r3, #52]	@ 0x34
10004d8e:	3a18      	subs	r2, #24
10004d90:	400a      	ands	r2, r1
10004d92:	4907      	ldr	r1, [pc, #28]	@ (10004db0 <stdio_uart_set_chars_available_callback+0x80>)
10004d94:	468c      	mov	ip, r1
10004d96:	4463      	add	r3, ip
10004d98:	601a      	str	r2, [r3, #0]
10004d9a:	e7d9      	b.n	10004d50 <stdio_uart_set_chars_available_callback+0x20>
10004d9c:	20006128 	.word	0x20006128
10004da0:	bffc8000 	.word	0xbffc8000
10004da4:	20004444 	.word	0x20004444
10004da8:	10004cf5 	.word	0x10004cf5
10004dac:	20004448 	.word	0x20004448
10004db0:	00001034 	.word	0x00001034

10004db4 <stdio_uart_init>:
10004db4:	4b0d      	ldr	r3, [pc, #52]	@ (10004dec <stdio_uart_init+0x38>)
10004db6:	b510      	push	{r4, lr}
10004db8:	781b      	ldrb	r3, [r3, #0]
10004dba:	4b0d      	ldr	r3, [pc, #52]	@ (10004df0 <stdio_uart_init+0x3c>)
10004dbc:	4c0d      	ldr	r4, [pc, #52]	@ (10004df4 <stdio_uart_init+0x40>)
10004dbe:	781b      	ldrb	r3, [r3, #0]
10004dc0:	4b0d      	ldr	r3, [pc, #52]	@ (10004df8 <stdio_uart_init+0x44>)
10004dc2:	2102      	movs	r1, #2
10004dc4:	781b      	ldrb	r3, [r3, #0]
10004dc6:	4b0d      	ldr	r3, [pc, #52]	@ (10004dfc <stdio_uart_init+0x48>)
10004dc8:	2000      	movs	r0, #0
10004dca:	6023      	str	r3, [r4, #0]
10004dcc:	f7fb fd64 	bl	10000898 <gpio_set_function>
10004dd0:	2102      	movs	r1, #2
10004dd2:	2001      	movs	r0, #1
10004dd4:	f7fb fd60 	bl	10000898 <gpio_set_function>
10004dd8:	21e1      	movs	r1, #225	@ 0xe1
10004dda:	6820      	ldr	r0, [r4, #0]
10004ddc:	0249      	lsls	r1, r1, #9
10004dde:	f7fc fdb9 	bl	10001954 <uart_init>
10004de2:	2101      	movs	r1, #1
10004de4:	4806      	ldr	r0, [pc, #24]	@ (10004e00 <stdio_uart_init+0x4c>)
10004de6:	f7ff fe1f 	bl	10004a28 <stdio_set_driver_enabled>
10004dea:	bd10      	pop	{r4, pc}
10004dec:	10009174 	.word	0x10009174
10004df0:	10009170 	.word	0x10009170
10004df4:	20006128 	.word	0x20006128
10004df8:	1000916c 	.word	0x1000916c
10004dfc:	40034000 	.word	0x40034000
10004e00:	20003320 	.word	0x20003320

10004e04 <pio_sm_claim>:
10004e04:	4b07      	ldr	r3, [pc, #28]	@ (10004e24 <pio_sm_claim+0x20>)
10004e06:	b510      	push	{r4, lr}
10004e08:	469c      	mov	ip, r3
10004e0a:	4460      	add	r0, ip
10004e0c:	0d00      	lsrs	r0, r0, #20
10004e0e:	2801      	cmp	r0, #1
10004e10:	d006      	beq.n	10004e20 <pio_sm_claim+0x1c>
10004e12:	4a05      	ldr	r2, [pc, #20]	@ (10004e28 <pio_sm_claim+0x24>)
10004e14:	0080      	lsls	r0, r0, #2
10004e16:	1841      	adds	r1, r0, r1
10004e18:	4804      	ldr	r0, [pc, #16]	@ (10004e2c <pio_sm_claim+0x28>)
10004e1a:	f7fb fdf1 	bl	10000a00 <hw_claim_or_assert>
10004e1e:	bd10      	pop	{r4, pc}
10004e20:	4a03      	ldr	r2, [pc, #12]	@ (10004e30 <pio_sm_claim+0x2c>)
10004e22:	e7f7      	b.n	10004e14 <pio_sm_claim+0x10>
10004e24:	afe00000 	.word	0xafe00000
10004e28:	10008d58 	.word	0x10008d58
10004e2c:	20004454 	.word	0x20004454
10004e30:	10008d34 	.word	0x10008d34

10004e34 <pio_add_program>:
10004e34:	b5f0      	push	{r4, r5, r6, r7, lr}
10004e36:	4657      	mov	r7, sl
10004e38:	4645      	mov	r5, r8
10004e3a:	46de      	mov	lr, fp
10004e3c:	464e      	mov	r6, r9
10004e3e:	4688      	mov	r8, r1
10004e40:	b5e0      	push	{r5, r6, r7, lr}
10004e42:	b083      	sub	sp, #12
10004e44:	0006      	movs	r6, r0
10004e46:	2505      	movs	r5, #5
10004e48:	f7fb fdc4 	bl	100009d4 <hw_claim_lock>
10004e4c:	4643      	mov	r3, r8
10004e4e:	4684      	mov	ip, r0
10004e50:	575d      	ldrsb	r5, [r3, r5]
10004e52:	7918      	ldrb	r0, [r3, #4]
10004e54:	4b33      	ldr	r3, [pc, #204]	@ (10004f24 <pio_add_program+0xf0>)
10004e56:	4a34      	ldr	r2, [pc, #208]	@ (10004f28 <pio_add_program+0xf4>)
10004e58:	18f3      	adds	r3, r6, r3
10004e5a:	0d1b      	lsrs	r3, r3, #20
10004e5c:	009b      	lsls	r3, r3, #2
10004e5e:	4692      	mov	sl, r2
10004e60:	58d7      	ldr	r7, [r2, r3]
10004e62:	2201      	movs	r2, #1
10004e64:	2420      	movs	r4, #32
10004e66:	4082      	lsls	r2, r0
10004e68:	1a24      	subs	r4, r4, r0
10004e6a:	3a01      	subs	r2, #1
10004e6c:	2d00      	cmp	r5, #0
10004e6e:	db41      	blt.n	10004ef4 <pio_add_program+0xc0>
10004e70:	42a5      	cmp	r5, r4
10004e72:	dc32      	bgt.n	10004eda <pio_add_program+0xa6>
10004e74:	0011      	movs	r1, r2
10004e76:	40a9      	lsls	r1, r5
10004e78:	420f      	tst	r7, r1
10004e7a:	d12e      	bne.n	10004eda <pio_add_program+0xa6>
10004e7c:	4641      	mov	r1, r8
10004e7e:	6809      	ldr	r1, [r1, #0]
10004e80:	4689      	mov	r9, r1
10004e82:	4641      	mov	r1, r8
10004e84:	7989      	ldrb	r1, [r1, #6]
10004e86:	2900      	cmp	r1, #0
10004e88:	d145      	bne.n	10004f16 <pio_add_program+0xe2>
10004e8a:	002c      	movs	r4, r5
10004e8c:	40aa      	lsls	r2, r5
10004e8e:	4693      	mov	fp, r2
10004e90:	4659      	mov	r1, fp
10004e92:	403a      	ands	r2, r7
10004e94:	4239      	tst	r1, r7
10004e96:	d141      	bne.n	10004f1c <pio_add_program+0xe8>
10004e98:	2180      	movs	r1, #128	@ 0x80
10004e9a:	0189      	lsls	r1, r1, #6
10004e9c:	4688      	mov	r8, r1
10004e9e:	2800      	cmp	r0, #0
10004ea0:	d016      	beq.n	10004ed0 <pio_add_program+0x9c>
10004ea2:	4661      	mov	r1, ip
10004ea4:	46a4      	mov	ip, r4
10004ea6:	0034      	movs	r4, r6
10004ea8:	464e      	mov	r6, r9
10004eaa:	4699      	mov	r9, r3
10004eac:	0003      	movs	r3, r0
10004eae:	9101      	str	r1, [sp, #4]
10004eb0:	0051      	lsls	r1, r2, #1
10004eb2:	5a70      	ldrh	r0, [r6, r1]
10004eb4:	4540      	cmp	r0, r8
10004eb6:	d200      	bcs.n	10004eba <pio_add_program+0x86>
10004eb8:	1940      	adds	r0, r0, r5
10004eba:	18a9      	adds	r1, r5, r2
10004ebc:	3112      	adds	r1, #18
10004ebe:	0089      	lsls	r1, r1, #2
10004ec0:	3201      	adds	r2, #1
10004ec2:	5108      	str	r0, [r1, r4]
10004ec4:	429a      	cmp	r2, r3
10004ec6:	d3f3      	bcc.n	10004eb0 <pio_add_program+0x7c>
10004ec8:	9b01      	ldr	r3, [sp, #4]
10004eca:	4664      	mov	r4, ip
10004ecc:	469c      	mov	ip, r3
10004ece:	464b      	mov	r3, r9
10004ed0:	465a      	mov	r2, fp
10004ed2:	4317      	orrs	r7, r2
10004ed4:	4652      	mov	r2, sl
10004ed6:	50d7      	str	r7, [r2, r3]
10004ed8:	e001      	b.n	10004ede <pio_add_program+0xaa>
10004eda:	2401      	movs	r4, #1
10004edc:	4264      	negs	r4, r4
10004ede:	4660      	mov	r0, ip
10004ee0:	f7fb fd84 	bl	100009ec <hw_claim_unlock>
10004ee4:	0020      	movs	r0, r4
10004ee6:	b003      	add	sp, #12
10004ee8:	bcf0      	pop	{r4, r5, r6, r7}
10004eea:	46bb      	mov	fp, r7
10004eec:	46b2      	mov	sl, r6
10004eee:	46a9      	mov	r9, r5
10004ef0:	46a0      	mov	r8, r4
10004ef2:	bdf0      	pop	{r4, r5, r6, r7, pc}
10004ef4:	2c00      	cmp	r4, #0
10004ef6:	da02      	bge.n	10004efe <pio_add_program+0xca>
10004ef8:	e010      	b.n	10004f1c <pio_add_program+0xe8>
10004efa:	3c01      	subs	r4, #1
10004efc:	d30e      	bcc.n	10004f1c <pio_add_program+0xe8>
10004efe:	0011      	movs	r1, r2
10004f00:	40a1      	lsls	r1, r4
10004f02:	0025      	movs	r5, r4
10004f04:	420f      	tst	r7, r1
10004f06:	d1f8      	bne.n	10004efa <pio_add_program+0xc6>
10004f08:	4641      	mov	r1, r8
10004f0a:	6809      	ldr	r1, [r1, #0]
10004f0c:	4689      	mov	r9, r1
10004f0e:	4641      	mov	r1, r8
10004f10:	7989      	ldrb	r1, [r1, #6]
10004f12:	2900      	cmp	r1, #0
10004f14:	d0ba      	beq.n	10004e8c <pio_add_program+0x58>
10004f16:	2414      	movs	r4, #20
10004f18:	4264      	negs	r4, r4
10004f1a:	e7e0      	b.n	10004ede <pio_add_program+0xaa>
10004f1c:	2409      	movs	r4, #9
10004f1e:	4264      	negs	r4, r4
10004f20:	e7dd      	b.n	10004ede <pio_add_program+0xaa>
10004f22:	46c0      	nop			@ (mov r8, r8)
10004f24:	afe00000 	.word	0xafe00000
10004f28:	20004334 	.word	0x20004334

10004f2c <pio_add_program_at_offset>:
10004f2c:	b5f8      	push	{r3, r4, r5, r6, r7, lr}
10004f2e:	46de      	mov	lr, fp
10004f30:	4657      	mov	r7, sl
10004f32:	464e      	mov	r6, r9
10004f34:	4645      	mov	r5, r8
10004f36:	000c      	movs	r4, r1
10004f38:	b5e0      	push	{r5, r6, r7, lr}
10004f3a:	0015      	movs	r5, r2
10004f3c:	0006      	movs	r6, r0
10004f3e:	f7fb fd49 	bl	100009d4 <hw_claim_lock>
10004f42:	2305      	movs	r3, #5
10004f44:	79a1      	ldrb	r1, [r4, #6]
10004f46:	4682      	mov	sl, r0
10004f48:	7922      	ldrb	r2, [r4, #4]
10004f4a:	6820      	ldr	r0, [r4, #0]
10004f4c:	56e3      	ldrsb	r3, [r4, r3]
10004f4e:	2900      	cmp	r1, #0
10004f50:	d13d      	bne.n	10004fce <pio_add_program_at_offset+0xa2>
10004f52:	2b00      	cmp	r3, #0
10004f54:	db01      	blt.n	10004f5a <pio_add_program_at_offset+0x2e>
10004f56:	429d      	cmp	r5, r3
10004f58:	d136      	bne.n	10004fc8 <pio_add_program_at_offset+0x9c>
10004f5a:	4b1e      	ldr	r3, [pc, #120]	@ (10004fd4 <pio_add_program_at_offset+0xa8>)
10004f5c:	2701      	movs	r7, #1
10004f5e:	18f3      	adds	r3, r6, r3
10004f60:	0d1b      	lsrs	r3, r3, #20
10004f62:	009b      	lsls	r3, r3, #2
10004f64:	4698      	mov	r8, r3
10004f66:	491c      	ldr	r1, [pc, #112]	@ (10004fd8 <pio_add_program_at_offset+0xac>)
10004f68:	4097      	lsls	r7, r2
10004f6a:	000b      	movs	r3, r1
10004f6c:	468b      	mov	fp, r1
10004f6e:	4641      	mov	r1, r8
10004f70:	585b      	ldr	r3, [r3, r1]
10004f72:	3f01      	subs	r7, #1
10004f74:	40af      	lsls	r7, r5
10004f76:	0019      	movs	r1, r3
10004f78:	4699      	mov	r9, r3
10004f7a:	4039      	ands	r1, r7
10004f7c:	421f      	tst	r7, r3
10004f7e:	d120      	bne.n	10004fc2 <pio_add_program_at_offset+0x96>
10004f80:	2380      	movs	r3, #128	@ 0x80
10004f82:	019b      	lsls	r3, r3, #6
10004f84:	469c      	mov	ip, r3
10004f86:	2a00      	cmp	r2, #0
10004f88:	d00b      	beq.n	10004fa2 <pio_add_program_at_offset+0x76>
10004f8a:	004b      	lsls	r3, r1, #1
10004f8c:	5ac4      	ldrh	r4, [r0, r3]
10004f8e:	4564      	cmp	r4, ip
10004f90:	d200      	bcs.n	10004f94 <pio_add_program_at_offset+0x68>
10004f92:	1964      	adds	r4, r4, r5
10004f94:	186b      	adds	r3, r5, r1
10004f96:	3312      	adds	r3, #18
10004f98:	009b      	lsls	r3, r3, #2
10004f9a:	3101      	adds	r1, #1
10004f9c:	519c      	str	r4, [r3, r6]
10004f9e:	428a      	cmp	r2, r1
10004fa0:	d8f3      	bhi.n	10004f8a <pio_add_program_at_offset+0x5e>
10004fa2:	464b      	mov	r3, r9
10004fa4:	433b      	orrs	r3, r7
10004fa6:	001f      	movs	r7, r3
10004fa8:	4642      	mov	r2, r8
10004faa:	465b      	mov	r3, fp
10004fac:	509f      	str	r7, [r3, r2]
10004fae:	4650      	mov	r0, sl
10004fb0:	f7fb fd1c 	bl	100009ec <hw_claim_unlock>
10004fb4:	0028      	movs	r0, r5
10004fb6:	bcf0      	pop	{r4, r5, r6, r7}
10004fb8:	46bb      	mov	fp, r7
10004fba:	46b2      	mov	sl, r6
10004fbc:	46a9      	mov	r9, r5
10004fbe:	46a0      	mov	r8, r4
10004fc0:	bdf8      	pop	{r3, r4, r5, r6, r7, pc}
10004fc2:	2509      	movs	r5, #9
10004fc4:	426d      	negs	r5, r5
10004fc6:	e7f2      	b.n	10004fae <pio_add_program_at_offset+0x82>
10004fc8:	250b      	movs	r5, #11
10004fca:	426d      	negs	r5, r5
10004fcc:	e7ef      	b.n	10004fae <pio_add_program_at_offset+0x82>
10004fce:	2514      	movs	r5, #20
10004fd0:	426d      	negs	r5, r5
10004fd2:	e7ec      	b.n	10004fae <pio_add_program_at_offset+0x82>
10004fd4:	afe00000 	.word	0xafe00000
10004fd8:	20004334 	.word	0x20004334

10004fdc <pio_sm_set_pins_with_mask64>:
10004fdc:	b5f0      	push	{r4, r5, r6, r7, lr}
10004fde:	46de      	mov	lr, fp
10004fe0:	4657      	mov	r7, sl
10004fe2:	464e      	mov	r6, r9
10004fe4:	4645      	mov	r5, r8
10004fe6:	b5e0      	push	{r5, r6, r7, lr}
10004fe8:	0016      	movs	r6, r2
10004fea:	22dc      	movs	r2, #220	@ 0xdc
10004fec:	4692      	mov	sl, r2
10004fee:	b085      	sub	sp, #20
10004ff0:	004b      	lsls	r3, r1, #1
10004ff2:	9302      	str	r3, [sp, #8]
10004ff4:	185b      	adds	r3, r3, r1
10004ff6:	00db      	lsls	r3, r3, #3
10004ff8:	18c5      	adds	r5, r0, r3
10004ffa:	44aa      	add	sl, r5
10004ffc:	4652      	mov	r2, sl
10004ffe:	4683      	mov	fp, r0
10005000:	0028      	movs	r0, r5
10005002:	6812      	ldr	r2, [r2, #0]
10005004:	30cc      	adds	r0, #204	@ 0xcc
10005006:	9200      	str	r2, [sp, #0]
10005008:	6802      	ldr	r2, [r0, #0]
1000500a:	002b      	movs	r3, r5
1000500c:	9201      	str	r2, [sp, #4]
1000500e:	4a1c      	ldr	r2, [pc, #112]	@ (10005080 <pio_sm_set_pins_with_mask64+0xa4>)
10005010:	2080      	movs	r0, #128	@ 0x80
10005012:	4694      	mov	ip, r2
10005014:	9c0e      	ldr	r4, [sp, #56]	@ 0x38
10005016:	4463      	add	r3, ip
10005018:	0280      	lsls	r0, r0, #10
1000501a:	6018      	str	r0, [r3, #0]
1000501c:	2c00      	cmp	r4, #0
1000501e:	d01d      	beq.n	1000505c <pio_sm_set_pins_with_mask64+0x80>
10005020:	2380      	movs	r3, #128	@ 0x80
10005022:	04db      	lsls	r3, r3, #19
10005024:	4699      	mov	r9, r3
10005026:	2301      	movs	r3, #1
10005028:	4698      	mov	r8, r3
1000502a:	0033      	movs	r3, r6
1000502c:	35d8      	adds	r5, #216	@ 0xd8
1000502e:	27e0      	movs	r7, #224	@ 0xe0
10005030:	002e      	movs	r6, r5
10005032:	4655      	mov	r5, sl
10005034:	469a      	mov	sl, r3
10005036:	023f      	lsls	r7, r7, #8
10005038:	9103      	str	r1, [sp, #12]
1000503a:	0020      	movs	r0, r4
1000503c:	f7fc ffda 	bl	10001ff4 <__wrap___ctzsi2>
10005040:	464a      	mov	r2, r9
10005042:	0143      	lsls	r3, r0, #5
10005044:	4313      	orrs	r3, r2
10005046:	602b      	str	r3, [r5, #0]
10005048:	4653      	mov	r3, sl
1000504a:	4642      	mov	r2, r8
1000504c:	40c3      	lsrs	r3, r0
1000504e:	4013      	ands	r3, r2
10005050:	433b      	orrs	r3, r7
10005052:	6033      	str	r3, [r6, #0]
10005054:	1e63      	subs	r3, r4, #1
10005056:	401c      	ands	r4, r3
10005058:	d1ef      	bne.n	1000503a <pio_sm_set_pins_with_mask64+0x5e>
1000505a:	9903      	ldr	r1, [sp, #12]
1000505c:	9b02      	ldr	r3, [sp, #8]
1000505e:	185b      	adds	r3, r3, r1
10005060:	00db      	lsls	r3, r3, #3
10005062:	445b      	add	r3, fp
10005064:	001a      	movs	r2, r3
10005066:	9900      	ldr	r1, [sp, #0]
10005068:	32dc      	adds	r2, #220	@ 0xdc
1000506a:	6011      	str	r1, [r2, #0]
1000506c:	9a01      	ldr	r2, [sp, #4]
1000506e:	33cc      	adds	r3, #204	@ 0xcc
10005070:	601a      	str	r2, [r3, #0]
10005072:	b005      	add	sp, #20
10005074:	bcf0      	pop	{r4, r5, r6, r7}
10005076:	46bb      	mov	fp, r7
10005078:	46b2      	mov	sl, r6
1000507a:	46a9      	mov	r9, r5
1000507c:	46a0      	mov	r8, r4
1000507e:	bdf0      	pop	{r4, r5, r6, r7, pc}
10005080:	000030cc 	.word	0x000030cc

10005084 <pio_sm_set_pindirs_with_mask64>:
10005084:	b5f0      	push	{r4, r5, r6, r7, lr}
10005086:	46de      	mov	lr, fp
10005088:	4657      	mov	r7, sl
1000508a:	464e      	mov	r6, r9
1000508c:	4645      	mov	r5, r8
1000508e:	b5e0      	push	{r5, r6, r7, lr}
10005090:	0016      	movs	r6, r2
10005092:	22dc      	movs	r2, #220	@ 0xdc
10005094:	4692      	mov	sl, r2
10005096:	b085      	sub	sp, #20
10005098:	004b      	lsls	r3, r1, #1
1000509a:	9302      	str	r3, [sp, #8]
1000509c:	185b      	adds	r3, r3, r1
1000509e:	00db      	lsls	r3, r3, #3
100050a0:	18c5      	adds	r5, r0, r3
100050a2:	44aa      	add	sl, r5
100050a4:	4652      	mov	r2, sl
100050a6:	4683      	mov	fp, r0
100050a8:	0028      	movs	r0, r5
100050aa:	6812      	ldr	r2, [r2, #0]
100050ac:	30cc      	adds	r0, #204	@ 0xcc
100050ae:	9200      	str	r2, [sp, #0]
100050b0:	6802      	ldr	r2, [r0, #0]
100050b2:	002b      	movs	r3, r5
100050b4:	9201      	str	r2, [sp, #4]
100050b6:	4a1c      	ldr	r2, [pc, #112]	@ (10005128 <pio_sm_set_pindirs_with_mask64+0xa4>)
100050b8:	2080      	movs	r0, #128	@ 0x80
100050ba:	4694      	mov	ip, r2
100050bc:	9c0e      	ldr	r4, [sp, #56]	@ 0x38
100050be:	4463      	add	r3, ip
100050c0:	0280      	lsls	r0, r0, #10
100050c2:	6018      	str	r0, [r3, #0]
100050c4:	2c00      	cmp	r4, #0
100050c6:	d01c      	beq.n	10005102 <pio_sm_set_pindirs_with_mask64+0x7e>
100050c8:	2380      	movs	r3, #128	@ 0x80
100050ca:	04db      	lsls	r3, r3, #19
100050cc:	4699      	mov	r9, r3
100050ce:	2301      	movs	r3, #1
100050d0:	4698      	mov	r8, r3
100050d2:	0033      	movs	r3, r6
100050d4:	35d8      	adds	r5, #216	@ 0xd8
100050d6:	002e      	movs	r6, r5
100050d8:	4655      	mov	r5, sl
100050da:	469a      	mov	sl, r3
100050dc:	4f13      	ldr	r7, [pc, #76]	@ (1000512c <pio_sm_set_pindirs_with_mask64+0xa8>)
100050de:	9103      	str	r1, [sp, #12]
100050e0:	0020      	movs	r0, r4
100050e2:	f7fc ff87 	bl	10001ff4 <__wrap___ctzsi2>
100050e6:	464a      	mov	r2, r9
100050e8:	0143      	lsls	r3, r0, #5
100050ea:	4313      	orrs	r3, r2
100050ec:	602b      	str	r3, [r5, #0]
100050ee:	4653      	mov	r3, sl
100050f0:	4642      	mov	r2, r8
100050f2:	40c3      	lsrs	r3, r0
100050f4:	4013      	ands	r3, r2
100050f6:	433b      	orrs	r3, r7
100050f8:	6033      	str	r3, [r6, #0]
100050fa:	1e63      	subs	r3, r4, #1
100050fc:	401c      	ands	r4, r3
100050fe:	d1ef      	bne.n	100050e0 <pio_sm_set_pindirs_with_mask64+0x5c>
10005100:	9903      	ldr	r1, [sp, #12]
10005102:	9b02      	ldr	r3, [sp, #8]
10005104:	185b      	adds	r3, r3, r1
10005106:	00db      	lsls	r3, r3, #3
10005108:	445b      	add	r3, fp
1000510a:	001a      	movs	r2, r3
1000510c:	9900      	ldr	r1, [sp, #0]
1000510e:	32dc      	adds	r2, #220	@ 0xdc
10005110:	6011      	str	r1, [r2, #0]
10005112:	9a01      	ldr	r2, [sp, #4]
10005114:	33cc      	adds	r3, #204	@ 0xcc
10005116:	601a      	str	r2, [r3, #0]
10005118:	b005      	add	sp, #20
1000511a:	bcf0      	pop	{r4, r5, r6, r7}
1000511c:	46bb      	mov	fp, r7
1000511e:	46b2      	mov	sl, r6
10005120:	46a9      	mov	r9, r5
10005122:	46a0      	mov	r8, r4
10005124:	bdf0      	pop	{r4, r5, r6, r7, pc}
10005126:	46c0      	nop			@ (mov r8, r8)
10005128:	000030cc 	.word	0x000030cc
1000512c:	0000e080 	.word	0x0000e080

10005130 <pio_sm_set_consecutive_pindirs>:
10005130:	b5f0      	push	{r4, r5, r6, r7, lr}
10005132:	464e      	mov	r6, r9
10005134:	4645      	mov	r5, r8
10005136:	46de      	mov	lr, fp
10005138:	4657      	mov	r7, sl
1000513a:	b5e0      	push	{r5, r6, r7, lr}
1000513c:	b083      	sub	sp, #12
1000513e:	4689      	mov	r9, r1
10005140:	a90c      	add	r1, sp, #48	@ 0x30
10005142:	4684      	mov	ip, r0
10005144:	780d      	ldrb	r5, [r1, #0]
10005146:	2a1f      	cmp	r2, #31
10005148:	d845      	bhi.n	100051d6 <pio_sm_set_consecutive_pindirs+0xa6>
1000514a:	4649      	mov	r1, r9
1000514c:	0049      	lsls	r1, r1, #1
1000514e:	4688      	mov	r8, r1
10005150:	4449      	add	r1, r9
10005152:	00c9      	lsls	r1, r1, #3
10005154:	1846      	adds	r6, r0, r1
10005156:	0037      	movs	r7, r6
10005158:	0034      	movs	r4, r6
1000515a:	37dc      	adds	r7, #220	@ 0xdc
1000515c:	6838      	ldr	r0, [r7, #0]
1000515e:	34cc      	adds	r4, #204	@ 0xcc
10005160:	4683      	mov	fp, r0
10005162:	6820      	ldr	r0, [r4, #0]
10005164:	0031      	movs	r1, r6
10005166:	9001      	str	r0, [sp, #4]
10005168:	481c      	ldr	r0, [pc, #112]	@ (100051dc <pio_sm_set_consecutive_pindirs+0xac>)
1000516a:	2480      	movs	r4, #128	@ 0x80
1000516c:	4682      	mov	sl, r0
1000516e:	02a4      	lsls	r4, r4, #10
10005170:	4451      	add	r1, sl
10005172:	600c      	str	r4, [r1, #0]
10005174:	4269      	negs	r1, r5
10005176:	414d      	adcs	r5, r1
10005178:	211e      	movs	r1, #30
1000517a:	426d      	negs	r5, r5
1000517c:	438d      	bics	r5, r1
1000517e:	4918      	ldr	r1, [pc, #96]	@ (100051e0 <pio_sm_set_consecutive_pindirs+0xb0>)
10005180:	468a      	mov	sl, r1
10005182:	4455      	add	r5, sl
10005184:	2b05      	cmp	r3, #5
10005186:	d90c      	bls.n	100051a2 <pio_sm_set_consecutive_pindirs+0x72>
10005188:	20a0      	movs	r0, #160	@ 0xa0
1000518a:	211f      	movs	r1, #31
1000518c:	0540      	lsls	r0, r0, #21
1000518e:	36d8      	adds	r6, #216	@ 0xd8
10005190:	0154      	lsls	r4, r2, #5
10005192:	4304      	orrs	r4, r0
10005194:	3205      	adds	r2, #5
10005196:	3b05      	subs	r3, #5
10005198:	603c      	str	r4, [r7, #0]
1000519a:	400a      	ands	r2, r1
1000519c:	6035      	str	r5, [r6, #0]
1000519e:	2b05      	cmp	r3, #5
100051a0:	d8f6      	bhi.n	10005190 <pio_sm_set_consecutive_pindirs+0x60>
100051a2:	0152      	lsls	r2, r2, #5
100051a4:	069b      	lsls	r3, r3, #26
100051a6:	4313      	orrs	r3, r2
100051a8:	4642      	mov	r2, r8
100051aa:	444a      	add	r2, r9
100051ac:	00d2      	lsls	r2, r2, #3
100051ae:	4462      	add	r2, ip
100051b0:	0010      	movs	r0, r2
100051b2:	32dc      	adds	r2, #220	@ 0xdc
100051b4:	6013      	str	r3, [r2, #0]
100051b6:	0003      	movs	r3, r0
100051b8:	33d8      	adds	r3, #216	@ 0xd8
100051ba:	601d      	str	r5, [r3, #0]
100051bc:	465b      	mov	r3, fp
100051be:	6013      	str	r3, [r2, #0]
100051c0:	9b01      	ldr	r3, [sp, #4]
100051c2:	30cc      	adds	r0, #204	@ 0xcc
100051c4:	6003      	str	r3, [r0, #0]
100051c6:	2000      	movs	r0, #0
100051c8:	b003      	add	sp, #12
100051ca:	bcf0      	pop	{r4, r5, r6, r7}
100051cc:	46bb      	mov	fp, r7
100051ce:	46b2      	mov	sl, r6
100051d0:	46a9      	mov	r9, r5
100051d2:	46a0      	mov	r8, r4
100051d4:	bdf0      	pop	{r4, r5, r6, r7, pc}
100051d6:	2005      	movs	r0, #5
100051d8:	4240      	negs	r0, r0
100051da:	e7f5      	b.n	100051c8 <pio_sm_set_consecutive_pindirs+0x98>
100051dc:	000030cc 	.word	0x000030cc
100051e0:	0000e09f 	.word	0x0000e09f

100051e4 <pio_sm_init>:
100051e4:	b5f0      	push	{r4, r5, r6, r7, lr}
100051e6:	2501      	movs	r5, #1
100051e8:	408d      	lsls	r5, r1
100051ea:	6804      	ldr	r4, [r0, #0]
100051ec:	43ac      	bics	r4, r5
100051ee:	6004      	str	r4, [r0, #0]
100051f0:	2b00      	cmp	r3, #0
100051f2:	d02e      	beq.n	10005252 <pio_sm_init+0x6e>
100051f4:	004d      	lsls	r5, r1, #1
100051f6:	186c      	adds	r4, r5, r1
100051f8:	00e4      	lsls	r4, r4, #3
100051fa:	1904      	adds	r4, r0, r4
100051fc:	0026      	movs	r6, r4
100051fe:	681f      	ldr	r7, [r3, #0]
10005200:	36c8      	adds	r6, #200	@ 0xc8
10005202:	6037      	str	r7, [r6, #0]
10005204:	689f      	ldr	r7, [r3, #8]
10005206:	3604      	adds	r6, #4
10005208:	6077      	str	r7, [r6, #4]
1000520a:	685f      	ldr	r7, [r3, #4]
1000520c:	68db      	ldr	r3, [r3, #12]
1000520e:	34dc      	adds	r4, #220	@ 0xdc
10005210:	6037      	str	r7, [r6, #0]
10005212:	6023      	str	r3, [r4, #0]
10005214:	186b      	adds	r3, r5, r1
10005216:	4d18      	ldr	r5, [pc, #96]	@ (10005278 <pio_sm_init+0x94>)
10005218:	00db      	lsls	r3, r3, #3
1000521a:	46ac      	mov	ip, r5
1000521c:	2580      	movs	r5, #128	@ 0x80
1000521e:	18c4      	adds	r4, r0, r3
10005220:	4464      	add	r4, ip
10005222:	062d      	lsls	r5, r5, #24
10005224:	6025      	str	r5, [r4, #0]
10005226:	6025      	str	r5, [r4, #0]
10005228:	4c14      	ldr	r4, [pc, #80]	@ (1000527c <pio_sm_init+0x98>)
1000522a:	1d0d      	adds	r5, r1, #4
1000522c:	408c      	lsls	r4, r1
1000522e:	6084      	str	r4, [r0, #8]
10005230:	2401      	movs	r4, #1
10005232:	0026      	movs	r6, r4
10005234:	40ae      	lsls	r6, r5
10005236:	2580      	movs	r5, #128	@ 0x80
10005238:	3108      	adds	r1, #8
1000523a:	408c      	lsls	r4, r1
1000523c:	211f      	movs	r1, #31
1000523e:	01ad      	lsls	r5, r5, #6
10005240:	1945      	adds	r5, r0, r5
10005242:	18c0      	adds	r0, r0, r3
10005244:	400a      	ands	r2, r1
10005246:	30d8      	adds	r0, #216	@ 0xd8
10005248:	602e      	str	r6, [r5, #0]
1000524a:	602c      	str	r4, [r5, #0]
1000524c:	6002      	str	r2, [r0, #0]
1000524e:	2000      	movs	r0, #0
10005250:	bdf0      	pop	{r4, r5, r6, r7, pc}
10005252:	004d      	lsls	r5, r1, #1
10005254:	186c      	adds	r4, r5, r1
10005256:	00e4      	lsls	r4, r4, #3
10005258:	1904      	adds	r4, r0, r4
1000525a:	0026      	movs	r6, r4
1000525c:	2780      	movs	r7, #128	@ 0x80
1000525e:	36c8      	adds	r6, #200	@ 0xc8
10005260:	027f      	lsls	r7, r7, #9
10005262:	6037      	str	r7, [r6, #0]
10005264:	27c0      	movs	r7, #192	@ 0xc0
10005266:	033f      	lsls	r7, r7, #12
10005268:	60b7      	str	r7, [r6, #8]
1000526a:	27f8      	movs	r7, #248	@ 0xf8
1000526c:	3604      	adds	r6, #4
1000526e:	027f      	lsls	r7, r7, #9
10005270:	34dc      	adds	r4, #220	@ 0xdc
10005272:	6037      	str	r7, [r6, #0]
10005274:	6023      	str	r3, [r4, #0]
10005276:	e7cd      	b.n	10005214 <pio_sm_init+0x30>
10005278:	000010d0 	.word	0x000010d0
1000527c:	01010101 	.word	0x01010101

10005280 <_control_blocking_complete_cb>:
10005280:	78c2      	ldrb	r2, [r0, #3]
10005282:	6943      	ldr	r3, [r0, #20]
10005284:	701a      	strb	r2, [r3, #0]
10005286:	4770      	bx	lr

10005288 <process_removing_device>:
10005288:	b5f0      	push	{r4, r5, r6, r7, lr}
1000528a:	46de      	mov	lr, fp
1000528c:	464e      	mov	r6, r9
1000528e:	4645      	mov	r5, r8
10005290:	4657      	mov	r7, sl
10005292:	4b4e      	ldr	r3, [pc, #312]	@ (100053cc <process_removing_device+0x144>)
10005294:	b5e0      	push	{r5, r6, r7, lr}
10005296:	4699      	mov	r9, r3
10005298:	4b4d      	ldr	r3, [pc, #308]	@ (100053d0 <process_removing_device+0x148>)
1000529a:	b087      	sub	sp, #28
1000529c:	9305      	str	r3, [sp, #20]
1000529e:	4b4d      	ldr	r3, [pc, #308]	@ (100053d4 <process_removing_device+0x14c>)
100052a0:	4688      	mov	r8, r1
100052a2:	9304      	str	r3, [sp, #16]
100052a4:	4b4c      	ldr	r3, [pc, #304]	@ (100053d8 <process_removing_device+0x150>)
100052a6:	9000      	str	r0, [sp, #0]
100052a8:	469b      	mov	fp, r3
100052aa:	464b      	mov	r3, r9
100052ac:	9202      	str	r2, [sp, #8]
100052ae:	9301      	str	r3, [sp, #4]
100052b0:	2300      	movs	r3, #0
100052b2:	2600      	movs	r6, #0
100052b4:	2400      	movs	r4, #0
100052b6:	9d01      	ldr	r5, [sp, #4]
100052b8:	9303      	str	r3, [sp, #12]
100052ba:	e003      	b.n	100052c4 <process_removing_device+0x3c>
100052bc:	3601      	adds	r6, #1
100052be:	3536      	adds	r5, #54	@ 0x36
100052c0:	2c05      	cmp	r4, #5
100052c2:	d045      	beq.n	10005350 <process_removing_device+0xc8>
100052c4:	782b      	ldrb	r3, [r5, #0]
100052c6:	9a00      	ldr	r2, [sp, #0]
100052c8:	3401      	adds	r4, #1
100052ca:	b2e4      	uxtb	r4, r4
100052cc:	4293      	cmp	r3, r2
100052ce:	d1f5      	bne.n	100052bc <process_removing_device+0x34>
100052d0:	2336      	movs	r3, #54	@ 0x36
100052d2:	9a01      	ldr	r2, [sp, #4]
100052d4:	4373      	muls	r3, r6
100052d6:	4694      	mov	ip, r2
100052d8:	4463      	add	r3, ip
100052da:	791b      	ldrb	r3, [r3, #4]
100052dc:	07db      	lsls	r3, r3, #31
100052de:	d5ed      	bpl.n	100052bc <process_removing_device+0x34>
100052e0:	4643      	mov	r3, r8
100052e2:	2b00      	cmp	r3, #0
100052e4:	d002      	beq.n	100052ec <process_removing_device+0x64>
100052e6:	786b      	ldrb	r3, [r5, #1]
100052e8:	4543      	cmp	r3, r8
100052ea:	d1e7      	bne.n	100052bc <process_removing_device+0x34>
100052ec:	9a02      	ldr	r2, [sp, #8]
100052ee:	2a00      	cmp	r2, #0
100052f0:	d002      	beq.n	100052f8 <process_removing_device+0x70>
100052f2:	78ab      	ldrb	r3, [r5, #2]
100052f4:	4293      	cmp	r3, r2
100052f6:	d1e1      	bne.n	100052bc <process_removing_device+0x34>
100052f8:	2c05      	cmp	r4, #5
100052fa:	d064      	beq.n	100053c6 <process_removing_device+0x13e>
100052fc:	4b37      	ldr	r3, [pc, #220]	@ (100053dc <process_removing_device+0x154>)
100052fe:	2b00      	cmp	r3, #0
10005300:	d002      	beq.n	10005308 <process_removing_device+0x80>
10005302:	0020      	movs	r0, r4
10005304:	e000      	b.n	10005308 <process_removing_device+0x80>
10005306:	bf00      	nop
10005308:	9905      	ldr	r1, [sp, #20]
1000530a:	46a9      	mov	r9, r5
1000530c:	46b2      	mov	sl, r6
1000530e:	2700      	movs	r7, #0
10005310:	2300      	movs	r3, #0
10005312:	000d      	movs	r5, r1
10005314:	465e      	mov	r6, fp
10005316:	780a      	ldrb	r2, [r1, #0]
10005318:	e010      	b.n	1000533c <process_removing_device+0xb4>
1000531a:	00f9      	lsls	r1, r7, #3
1000531c:	6833      	ldr	r3, [r6, #0]
1000531e:	1bc9      	subs	r1, r1, r7
10005320:	0089      	lsls	r1, r1, #2
10005322:	185b      	adds	r3, r3, r1
10005324:	2b00      	cmp	r3, #0
10005326:	d003      	beq.n	10005330 <process_removing_device+0xa8>
10005328:	0020      	movs	r0, r4
1000532a:	699b      	ldr	r3, [r3, #24]
1000532c:	4798      	blx	r3
1000532e:	782a      	ldrb	r2, [r5, #0]
10005330:	3701      	adds	r7, #1
10005332:	b2ff      	uxtb	r7, r7
10005334:	1c51      	adds	r1, r2, #1
10005336:	003b      	movs	r3, r7
10005338:	42b9      	cmp	r1, r7
1000533a:	db11      	blt.n	10005360 <process_removing_device+0xd8>
1000533c:	42ba      	cmp	r2, r7
1000533e:	d8ec      	bhi.n	1000531a <process_removing_device+0x92>
10005340:	1a9a      	subs	r2, r3, r2
10005342:	00d3      	lsls	r3, r2, #3
10005344:	1a9b      	subs	r3, r3, r2
10005346:	9a04      	ldr	r2, [sp, #16]
10005348:	009b      	lsls	r3, r3, #2
1000534a:	4694      	mov	ip, r2
1000534c:	4463      	add	r3, ip
1000534e:	e7eb      	b.n	10005328 <process_removing_device+0xa0>
10005350:	2300      	movs	r3, #0
10005352:	9302      	str	r3, [sp, #8]
10005354:	9b03      	ldr	r3, [sp, #12]
10005356:	2b00      	cmp	r3, #0
10005358:	d02e      	beq.n	100053b8 <process_removing_device+0x130>
1000535a:	2305      	movs	r3, #5
1000535c:	4698      	mov	r8, r3
1000535e:	e7a7      	b.n	100052b0 <process_removing_device+0x28>
10005360:	464d      	mov	r5, r9
10005362:	0021      	movs	r1, r4
10005364:	9800      	ldr	r0, [sp, #0]
10005366:	f002 f941 	bl	100075ec <hcd_device_close>
1000536a:	2236      	movs	r2, #54	@ 0x36
1000536c:	2100      	movs	r1, #0
1000536e:	0028      	movs	r0, r5
10005370:	f7fd fd8e 	bl	10002e90 <__wrap_memset>
10005374:	0028      	movs	r0, r5
10005376:	2208      	movs	r2, #8
10005378:	21ff      	movs	r1, #255	@ 0xff
1000537a:	300d      	adds	r0, #13
1000537c:	f7fd fd88 	bl	10002e90 <__wrap_memset>
10005380:	0028      	movs	r0, r5
10005382:	2210      	movs	r2, #16
10005384:	21ff      	movs	r1, #255	@ 0xff
10005386:	3015      	adds	r0, #21
10005388:	f7fd fd82 	bl	10002e90 <__wrap_memset>
1000538c:	4b14      	ldr	r3, [pc, #80]	@ (100053e0 <process_removing_device+0x158>)
1000538e:	46b3      	mov	fp, r6
10005390:	4699      	mov	r9, r3
10005392:	7b1b      	ldrb	r3, [r3, #12]
10005394:	4656      	mov	r6, sl
10005396:	42a3      	cmp	r3, r4
10005398:	d190      	bne.n	100052bc <process_removing_device+0x34>
1000539a:	2101      	movs	r1, #1
1000539c:	4b11      	ldr	r3, [pc, #68]	@ (100053e4 <process_removing_device+0x15c>)
1000539e:	4249      	negs	r1, r1
100053a0:	6818      	ldr	r0, [r3, #0]
100053a2:	469a      	mov	sl, r3
100053a4:	f003 fbe8 	bl	10008b78 <__mutex_enter_timeout_ms_veneer>
100053a8:	2300      	movs	r3, #0
100053aa:	464a      	mov	r2, r9
100053ac:	7353      	strb	r3, [r2, #13]
100053ae:	4653      	mov	r3, sl
100053b0:	6818      	ldr	r0, [r3, #0]
100053b2:	f003 fbb9 	bl	10008b28 <__mutex_exit_veneer>
100053b6:	e781      	b.n	100052bc <process_removing_device+0x34>
100053b8:	b007      	add	sp, #28
100053ba:	bcf0      	pop	{r4, r5, r6, r7}
100053bc:	46bb      	mov	fp, r7
100053be:	46b2      	mov	sl, r6
100053c0:	46a9      	mov	r9, r5
100053c2:	46a0      	mov	r8, r4
100053c4:	bdf0      	pop	{r4, r5, r6, r7, pc}
100053c6:	2301      	movs	r3, #1
100053c8:	9303      	str	r3, [sp, #12]
100053ca:	e79d      	b.n	10005308 <process_removing_device+0x80>
100053cc:	2000404c 	.word	0x2000404c
100053d0:	2000612e 	.word	0x2000612e
100053d4:	10009064 	.word	0x10009064
100053d8:	20003e24 	.word	0x20003e24
100053dc:	00000000 	.word	0x00000000
100053e0:	20003e28 	.word	0x20003e28
100053e4:	20004264 	.word	0x20004264

100053e8 <usbh_control_xfer_cb.isra.0>:
100053e8:	b5f0      	push	{r4, r5, r6, r7, lr}
100053ea:	464e      	mov	r6, r9
100053ec:	4645      	mov	r5, r8
100053ee:	46de      	mov	lr, fp
100053f0:	4657      	mov	r7, sl
100053f2:	b5e0      	push	{r5, r6, r7, lr}
100053f4:	1e45      	subs	r5, r0, #1
100053f6:	0004      	movs	r4, r0
100053f8:	b2e8      	uxtb	r0, r5
100053fa:	000e      	movs	r6, r1
100053fc:	b08d      	sub	sp, #52	@ 0x34
100053fe:	2804      	cmp	r0, #4
10005400:	d900      	bls.n	10005404 <usbh_control_xfer_cb.isra.0+0x1c>
10005402:	e08f      	b.n	10005524 <usbh_control_xfer_cb.isra.0+0x13c>
10005404:	2136      	movs	r1, #54	@ 0x36
10005406:	4369      	muls	r1, r5
10005408:	4b49      	ldr	r3, [pc, #292]	@ (10005530 <usbh_control_xfer_cb.isra.0+0x148>)
1000540a:	5ccb      	ldrb	r3, [r1, r3]
1000540c:	4698      	mov	r8, r3
1000540e:	2e00      	cmp	r6, #0
10005410:	d12e      	bne.n	10005470 <usbh_control_xfer_cb.isra.0+0x88>
10005412:	4e48      	ldr	r6, [pc, #288]	@ (10005534 <usbh_control_xfer_cb.isra.0+0x14c>)
10005414:	7b73      	ldrb	r3, [r6, #13]
10005416:	b2d9      	uxtb	r1, r3
10005418:	2b02      	cmp	r3, #2
1000541a:	d100      	bne.n	1000541e <usbh_control_xfer_cb.isra.0+0x36>
1000541c:	e086      	b.n	1000552c <usbh_control_xfer_cb.isra.0+0x144>
1000541e:	2903      	cmp	r1, #3
10005420:	d051      	beq.n	100054c6 <usbh_control_xfer_cb.isra.0+0xde>
10005422:	2901      	cmp	r1, #1
10005424:	d11d      	bne.n	10005462 <usbh_control_xfer_cb.isra.0+0x7a>
10005426:	4f44      	ldr	r7, [pc, #272]	@ (10005538 <usbh_control_xfer_cb.isra.0+0x150>)
10005428:	88fb      	ldrh	r3, [r7, #6]
1000542a:	2b00      	cmp	r3, #0
1000542c:	d000      	beq.n	10005430 <usbh_control_xfer_cb.isra.0+0x48>
1000542e:	e245      	b.n	100058bc <usbh_control_xfer_cb.isra.0+0x4d4>
10005430:	2101      	movs	r1, #1
10005432:	4d42      	ldr	r5, [pc, #264]	@ (1000553c <usbh_control_xfer_cb.isra.0+0x154>)
10005434:	b292      	uxth	r2, r2
10005436:	4249      	negs	r1, r1
10005438:	6828      	ldr	r0, [r5, #0]
1000543a:	81f2      	strh	r2, [r6, #14]
1000543c:	f003 fb9c 	bl	10008b78 <__mutex_enter_timeout_ms_veneer>
10005440:	2303      	movs	r3, #3
10005442:	6828      	ldr	r0, [r5, #0]
10005444:	7373      	strb	r3, [r6, #13]
10005446:	f003 fb6f 	bl	10008b28 <__mutex_exit_veneer>
1000544a:	2301      	movs	r3, #1
1000544c:	783a      	ldrb	r2, [r7, #0]
1000544e:	0021      	movs	r1, r4
10005450:	09d2      	lsrs	r2, r2, #7
10005452:	405a      	eors	r2, r3
10005454:	2300      	movs	r3, #0
10005456:	01d2      	lsls	r2, r2, #7
10005458:	4640      	mov	r0, r8
1000545a:	b2d2      	uxtb	r2, r2
1000545c:	9300      	str	r3, [sp, #0]
1000545e:	f002 f8e9 	bl	10007634 <hcd_edpt_xfer>
10005462:	b00d      	add	sp, #52	@ 0x34
10005464:	bcf0      	pop	{r4, r5, r6, r7}
10005466:	46bb      	mov	fp, r7
10005468:	46b2      	mov	sl, r6
1000546a:	46a9      	mov	r9, r5
1000546c:	46a0      	mov	r8, r4
1000546e:	bdf0      	pop	{r4, r5, r6, r7, pc}
10005470:	af04      	add	r7, sp, #16
10005472:	003a      	movs	r2, r7
10005474:	4b30      	ldr	r3, [pc, #192]	@ (10005538 <usbh_control_xfer_cb.isra.0+0x150>)
10005476:	cb03      	ldmia	r3!, {r0, r1}
10005478:	c203      	stmia	r2!, {r0, r1}
1000547a:	ab02      	add	r3, sp, #8
1000547c:	469c      	mov	ip, r3
1000547e:	2011      	movs	r0, #17
10005480:	0015      	movs	r5, r2
10005482:	4460      	add	r0, ip
10005484:	2202      	movs	r2, #2
10005486:	2100      	movs	r1, #0
10005488:	f7fd fd02 	bl	10002e90 <__wrap_memset>
1000548c:	2101      	movs	r1, #1
1000548e:	702c      	strb	r4, [r5, #0]
10005490:	4c28      	ldr	r4, [pc, #160]	@ (10005534 <usbh_control_xfer_cb.isra.0+0x14c>)
10005492:	70ee      	strb	r6, [r5, #3]
10005494:	89e3      	ldrh	r3, [r4, #14]
10005496:	4e29      	ldr	r6, [pc, #164]	@ (1000553c <usbh_control_xfer_cb.isra.0+0x154>)
10005498:	606b      	str	r3, [r5, #4]
1000549a:	6823      	ldr	r3, [r4, #0]
1000549c:	4249      	negs	r1, r1
1000549e:	60eb      	str	r3, [r5, #12]
100054a0:	6863      	ldr	r3, [r4, #4]
100054a2:	6830      	ldr	r0, [r6, #0]
100054a4:	612b      	str	r3, [r5, #16]
100054a6:	68a3      	ldr	r3, [r4, #8]
100054a8:	60af      	str	r7, [r5, #8]
100054aa:	616b      	str	r3, [r5, #20]
100054ac:	f003 fb64 	bl	10008b78 <__mutex_enter_timeout_ms_veneer>
100054b0:	2300      	movs	r3, #0
100054b2:	6830      	ldr	r0, [r6, #0]
100054b4:	7363      	strb	r3, [r4, #13]
100054b6:	f003 fb37 	bl	10008b28 <__mutex_exit_veneer>
100054ba:	692b      	ldr	r3, [r5, #16]
100054bc:	2b00      	cmp	r3, #0
100054be:	d0d0      	beq.n	10005462 <usbh_control_xfer_cb.isra.0+0x7a>
100054c0:	0028      	movs	r0, r5
100054c2:	4798      	blx	r3
100054c4:	e7cd      	b.n	10005462 <usbh_control_xfer_cb.isra.0+0x7a>
100054c6:	4f1c      	ldr	r7, [pc, #112]	@ (10005538 <usbh_control_xfer_cb.isra.0+0x150>)
100054c8:	787b      	ldrb	r3, [r7, #1]
100054ca:	2b09      	cmp	r3, #9
100054cc:	d03a      	beq.n	10005544 <usbh_control_xfer_cb.isra.0+0x15c>
100054ce:	4b1b      	ldr	r3, [pc, #108]	@ (1000553c <usbh_control_xfer_cb.isra.0+0x154>)
100054d0:	4698      	mov	r8, r3
100054d2:	ab04      	add	r3, sp, #16
100054d4:	4699      	mov	r9, r3
100054d6:	cf06      	ldmia	r7!, {r1, r2}
100054d8:	c306      	stmia	r3!, {r1, r2}
100054da:	001d      	movs	r5, r3
100054dc:	ab02      	add	r3, sp, #8
100054de:	469c      	mov	ip, r3
100054e0:	2011      	movs	r0, #17
100054e2:	2202      	movs	r2, #2
100054e4:	4460      	add	r0, ip
100054e6:	2100      	movs	r1, #0
100054e8:	f7fd fcd2 	bl	10002e90 <__wrap_memset>
100054ec:	702c      	strb	r4, [r5, #0]
100054ee:	2400      	movs	r4, #0
100054f0:	70ec      	strb	r4, [r5, #3]
100054f2:	89f3      	ldrh	r3, [r6, #14]
100054f4:	2101      	movs	r1, #1
100054f6:	606b      	str	r3, [r5, #4]
100054f8:	464b      	mov	r3, r9
100054fa:	60ab      	str	r3, [r5, #8]
100054fc:	6833      	ldr	r3, [r6, #0]
100054fe:	4249      	negs	r1, r1
10005500:	60eb      	str	r3, [r5, #12]
10005502:	6873      	ldr	r3, [r6, #4]
10005504:	612b      	str	r3, [r5, #16]
10005506:	68b3      	ldr	r3, [r6, #8]
10005508:	616b      	str	r3, [r5, #20]
1000550a:	4643      	mov	r3, r8
1000550c:	6818      	ldr	r0, [r3, #0]
1000550e:	f003 fb33 	bl	10008b78 <__mutex_enter_timeout_ms_veneer>
10005512:	4643      	mov	r3, r8
10005514:	6818      	ldr	r0, [r3, #0]
10005516:	7374      	strb	r4, [r6, #13]
10005518:	f003 fb06 	bl	10008b28 <__mutex_exit_veneer>
1000551c:	692b      	ldr	r3, [r5, #16]
1000551e:	2b00      	cmp	r3, #0
10005520:	d1ce      	bne.n	100054c0 <usbh_control_xfer_cb.isra.0+0xd8>
10005522:	e79e      	b.n	10005462 <usbh_control_xfer_cb.isra.0+0x7a>
10005524:	4b06      	ldr	r3, [pc, #24]	@ (10005540 <usbh_control_xfer_cb.isra.0+0x158>)
10005526:	781b      	ldrb	r3, [r3, #0]
10005528:	4698      	mov	r8, r3
1000552a:	e770      	b.n	1000540e <usbh_control_xfer_cb.isra.0+0x26>
1000552c:	4f02      	ldr	r7, [pc, #8]	@ (10005538 <usbh_control_xfer_cb.isra.0+0x150>)
1000552e:	e77f      	b.n	10005430 <usbh_control_xfer_cb.isra.0+0x48>
10005530:	2000404c 	.word	0x2000404c
10005534:	20003e28 	.word	0x20003e28
10005538:	2000415c 	.word	0x2000415c
1000553c:	20004264 	.word	0x20004264
10005540:	20003e38 	.word	0x20003e38
10005544:	783b      	ldrb	r3, [r7, #0]
10005546:	2b00      	cmp	r3, #0
10005548:	d1c1      	bne.n	100054ce <usbh_control_xfer_cb.isra.0+0xe6>
1000554a:	2804      	cmp	r0, #4
1000554c:	d8bf      	bhi.n	100054ce <usbh_control_xfer_cb.isra.0+0xe6>
1000554e:	2036      	movs	r0, #54	@ 0x36
10005550:	2222      	movs	r2, #34	@ 0x22
10005552:	4368      	muls	r0, r5
10005554:	4682      	mov	sl, r0
10005556:	4690      	mov	r8, r2
10005558:	4be4      	ldr	r3, [pc, #912]	@ (100058ec <usbh_control_xfer_cb.isra.0+0x504>)
1000555a:	4699      	mov	r9, r3
1000555c:	4453      	add	r3, sl
1000555e:	4498      	add	r8, r3
10005560:	4643      	mov	r3, r8
10005562:	795b      	ldrb	r3, [r3, #5]
10005564:	07db      	lsls	r3, r3, #31
10005566:	d400      	bmi.n	1000556a <usbh_control_xfer_cb.isra.0+0x182>
10005568:	e1bd      	b.n	100058e6 <usbh_control_xfer_cb.isra.0+0x4fe>
1000556a:	464b      	mov	r3, r9
1000556c:	2201      	movs	r2, #1
1000556e:	0021      	movs	r1, r4
10005570:	5c18      	ldrb	r0, [r3, r0]
10005572:	f002 f86b 	bl	1000764c <hcd_edpt_abort_xfer>
10005576:	4643      	mov	r3, r8
10005578:	2201      	movs	r2, #1
1000557a:	795b      	ldrb	r3, [r3, #5]
1000557c:	4650      	mov	r0, sl
1000557e:	4393      	bics	r3, r2
10005580:	4642      	mov	r2, r8
10005582:	7153      	strb	r3, [r2, #5]
10005584:	4bda      	ldr	r3, [pc, #872]	@ (100058f0 <usbh_control_xfer_cb.isra.0+0x508>)
10005586:	3027      	adds	r0, #39	@ 0x27
10005588:	6819      	ldr	r1, [r3, #0]
1000558a:	4448      	add	r0, r9
1000558c:	4698      	mov	r8, r3
1000558e:	f002 f8bb 	bl	10007708 <tu_edpt_release>
10005592:	2123      	movs	r1, #35	@ 0x23
10005594:	006b      	lsls	r3, r5, #1
10005596:	195b      	adds	r3, r3, r5
10005598:	00da      	lsls	r2, r3, #3
1000559a:	189b      	adds	r3, r3, r2
1000559c:	9303      	str	r3, [sp, #12]
1000559e:	2336      	movs	r3, #54	@ 0x36
100055a0:	464a      	mov	r2, r9
100055a2:	468a      	mov	sl, r1
100055a4:	436b      	muls	r3, r5
100055a6:	18d2      	adds	r2, r2, r3
100055a8:	4492      	add	sl, r2
100055aa:	4652      	mov	r2, sl
100055ac:	7952      	ldrb	r2, [r2, #5]
100055ae:	07d2      	lsls	r2, r2, #31
100055b0:	d513      	bpl.n	100055da <usbh_control_xfer_cb.isra.0+0x1f2>
100055b2:	464a      	mov	r2, r9
100055b4:	0021      	movs	r1, r4
100055b6:	5cd0      	ldrb	r0, [r2, r3]
100055b8:	2281      	movs	r2, #129	@ 0x81
100055ba:	f002 f847 	bl	1000764c <hcd_edpt_abort_xfer>
100055be:	4652      	mov	r2, sl
100055c0:	7953      	ldrb	r3, [r2, #5]
100055c2:	2201      	movs	r2, #1
100055c4:	4393      	bics	r3, r2
100055c6:	4652      	mov	r2, sl
100055c8:	7153      	strb	r3, [r2, #5]
100055ca:	4642      	mov	r2, r8
100055cc:	9803      	ldr	r0, [sp, #12]
100055ce:	6811      	ldr	r1, [r2, #0]
100055d0:	3014      	adds	r0, #20
100055d2:	0040      	lsls	r0, r0, #1
100055d4:	4448      	add	r0, r9
100055d6:	f002 f897 	bl	10007708 <tu_edpt_release>
100055da:	2036      	movs	r0, #54	@ 0x36
100055dc:	2224      	movs	r2, #36	@ 0x24
100055de:	4368      	muls	r0, r5
100055e0:	464b      	mov	r3, r9
100055e2:	4682      	mov	sl, r0
100055e4:	4693      	mov	fp, r2
100055e6:	4453      	add	r3, sl
100055e8:	449b      	add	fp, r3
100055ea:	465b      	mov	r3, fp
100055ec:	795b      	ldrb	r3, [r3, #5]
100055ee:	07db      	lsls	r3, r3, #31
100055f0:	d512      	bpl.n	10005618 <usbh_control_xfer_cb.isra.0+0x230>
100055f2:	464b      	mov	r3, r9
100055f4:	2202      	movs	r2, #2
100055f6:	0021      	movs	r1, r4
100055f8:	5c18      	ldrb	r0, [r3, r0]
100055fa:	f002 f827 	bl	1000764c <hcd_edpt_abort_xfer>
100055fe:	465b      	mov	r3, fp
10005600:	2201      	movs	r2, #1
10005602:	795b      	ldrb	r3, [r3, #5]
10005604:	4650      	mov	r0, sl
10005606:	4393      	bics	r3, r2
10005608:	465a      	mov	r2, fp
1000560a:	7153      	strb	r3, [r2, #5]
1000560c:	4643      	mov	r3, r8
1000560e:	3029      	adds	r0, #41	@ 0x29
10005610:	6819      	ldr	r1, [r3, #0]
10005612:	4448      	add	r0, r9
10005614:	f002 f878 	bl	10007708 <tu_edpt_release>
10005618:	2125      	movs	r1, #37	@ 0x25
1000561a:	2336      	movs	r3, #54	@ 0x36
1000561c:	464a      	mov	r2, r9
1000561e:	468a      	mov	sl, r1
10005620:	436b      	muls	r3, r5
10005622:	18d2      	adds	r2, r2, r3
10005624:	4492      	add	sl, r2
10005626:	4652      	mov	r2, sl
10005628:	7952      	ldrb	r2, [r2, #5]
1000562a:	07d2      	lsls	r2, r2, #31
1000562c:	d513      	bpl.n	10005656 <usbh_control_xfer_cb.isra.0+0x26e>
1000562e:	464a      	mov	r2, r9
10005630:	0021      	movs	r1, r4
10005632:	5cd0      	ldrb	r0, [r2, r3]
10005634:	2282      	movs	r2, #130	@ 0x82
10005636:	f002 f809 	bl	1000764c <hcd_edpt_abort_xfer>
1000563a:	4653      	mov	r3, sl
1000563c:	2201      	movs	r2, #1
1000563e:	795b      	ldrb	r3, [r3, #5]
10005640:	9803      	ldr	r0, [sp, #12]
10005642:	4393      	bics	r3, r2
10005644:	4652      	mov	r2, sl
10005646:	7153      	strb	r3, [r2, #5]
10005648:	4643      	mov	r3, r8
1000564a:	3015      	adds	r0, #21
1000564c:	0040      	lsls	r0, r0, #1
1000564e:	6819      	ldr	r1, [r3, #0]
10005650:	4448      	add	r0, r9
10005652:	f002 f859 	bl	10007708 <tu_edpt_release>
10005656:	2036      	movs	r0, #54	@ 0x36
10005658:	2226      	movs	r2, #38	@ 0x26
1000565a:	4368      	muls	r0, r5
1000565c:	464b      	mov	r3, r9
1000565e:	4682      	mov	sl, r0
10005660:	4693      	mov	fp, r2
10005662:	4453      	add	r3, sl
10005664:	449b      	add	fp, r3
10005666:	465b      	mov	r3, fp
10005668:	795b      	ldrb	r3, [r3, #5]
1000566a:	07db      	lsls	r3, r3, #31
1000566c:	d512      	bpl.n	10005694 <usbh_control_xfer_cb.isra.0+0x2ac>
1000566e:	464b      	mov	r3, r9
10005670:	2203      	movs	r2, #3
10005672:	0021      	movs	r1, r4
10005674:	5c18      	ldrb	r0, [r3, r0]
10005676:	f001 ffe9 	bl	1000764c <hcd_edpt_abort_xfer>
1000567a:	465b      	mov	r3, fp
1000567c:	2201      	movs	r2, #1
1000567e:	795b      	ldrb	r3, [r3, #5]
10005680:	4650      	mov	r0, sl
10005682:	4393      	bics	r3, r2
10005684:	465a      	mov	r2, fp
10005686:	7153      	strb	r3, [r2, #5]
10005688:	4643      	mov	r3, r8
1000568a:	302b      	adds	r0, #43	@ 0x2b
1000568c:	6819      	ldr	r1, [r3, #0]
1000568e:	4448      	add	r0, r9
10005690:	f002 f83a 	bl	10007708 <tu_edpt_release>
10005694:	2127      	movs	r1, #39	@ 0x27
10005696:	2336      	movs	r3, #54	@ 0x36
10005698:	464a      	mov	r2, r9
1000569a:	468a      	mov	sl, r1
1000569c:	436b      	muls	r3, r5
1000569e:	18d2      	adds	r2, r2, r3
100056a0:	4492      	add	sl, r2
100056a2:	4652      	mov	r2, sl
100056a4:	7952      	ldrb	r2, [r2, #5]
100056a6:	07d2      	lsls	r2, r2, #31
100056a8:	d513      	bpl.n	100056d2 <usbh_control_xfer_cb.isra.0+0x2ea>
100056aa:	464a      	mov	r2, r9
100056ac:	0021      	movs	r1, r4
100056ae:	5cd0      	ldrb	r0, [r2, r3]
100056b0:	2283      	movs	r2, #131	@ 0x83
100056b2:	f001 ffcb 	bl	1000764c <hcd_edpt_abort_xfer>
100056b6:	4653      	mov	r3, sl
100056b8:	2201      	movs	r2, #1
100056ba:	795b      	ldrb	r3, [r3, #5]
100056bc:	9803      	ldr	r0, [sp, #12]
100056be:	4393      	bics	r3, r2
100056c0:	4652      	mov	r2, sl
100056c2:	7153      	strb	r3, [r2, #5]
100056c4:	4643      	mov	r3, r8
100056c6:	3016      	adds	r0, #22
100056c8:	0040      	lsls	r0, r0, #1
100056ca:	6819      	ldr	r1, [r3, #0]
100056cc:	4448      	add	r0, r9
100056ce:	f002 f81b 	bl	10007708 <tu_edpt_release>
100056d2:	2036      	movs	r0, #54	@ 0x36
100056d4:	2228      	movs	r2, #40	@ 0x28
100056d6:	4368      	muls	r0, r5
100056d8:	464b      	mov	r3, r9
100056da:	4682      	mov	sl, r0
100056dc:	4693      	mov	fp, r2
100056de:	4453      	add	r3, sl
100056e0:	449b      	add	fp, r3
100056e2:	465b      	mov	r3, fp
100056e4:	795b      	ldrb	r3, [r3, #5]
100056e6:	07db      	lsls	r3, r3, #31
100056e8:	d512      	bpl.n	10005710 <usbh_control_xfer_cb.isra.0+0x328>
100056ea:	464b      	mov	r3, r9
100056ec:	2204      	movs	r2, #4
100056ee:	0021      	movs	r1, r4
100056f0:	5c18      	ldrb	r0, [r3, r0]
100056f2:	f001 ffab 	bl	1000764c <hcd_edpt_abort_xfer>
100056f6:	465b      	mov	r3, fp
100056f8:	2201      	movs	r2, #1
100056fa:	795b      	ldrb	r3, [r3, #5]
100056fc:	4650      	mov	r0, sl
100056fe:	4393      	bics	r3, r2
10005700:	465a      	mov	r2, fp
10005702:	7153      	strb	r3, [r2, #5]
10005704:	4643      	mov	r3, r8
10005706:	302d      	adds	r0, #45	@ 0x2d
10005708:	6819      	ldr	r1, [r3, #0]
1000570a:	4448      	add	r0, r9
1000570c:	f001 fffc 	bl	10007708 <tu_edpt_release>
10005710:	2129      	movs	r1, #41	@ 0x29
10005712:	2336      	movs	r3, #54	@ 0x36
10005714:	464a      	mov	r2, r9
10005716:	468a      	mov	sl, r1
10005718:	436b      	muls	r3, r5
1000571a:	18d2      	adds	r2, r2, r3
1000571c:	4492      	add	sl, r2
1000571e:	4652      	mov	r2, sl
10005720:	7952      	ldrb	r2, [r2, #5]
10005722:	07d2      	lsls	r2, r2, #31
10005724:	d513      	bpl.n	1000574e <usbh_control_xfer_cb.isra.0+0x366>
10005726:	464a      	mov	r2, r9
10005728:	0021      	movs	r1, r4
1000572a:	5cd0      	ldrb	r0, [r2, r3]
1000572c:	2284      	movs	r2, #132	@ 0x84
1000572e:	f001 ff8d 	bl	1000764c <hcd_edpt_abort_xfer>
10005732:	4653      	mov	r3, sl
10005734:	2201      	movs	r2, #1
10005736:	795b      	ldrb	r3, [r3, #5]
10005738:	9803      	ldr	r0, [sp, #12]
1000573a:	4393      	bics	r3, r2
1000573c:	4652      	mov	r2, sl
1000573e:	7153      	strb	r3, [r2, #5]
10005740:	4643      	mov	r3, r8
10005742:	3017      	adds	r0, #23
10005744:	0040      	lsls	r0, r0, #1
10005746:	6819      	ldr	r1, [r3, #0]
10005748:	4448      	add	r0, r9
1000574a:	f001 ffdd 	bl	10007708 <tu_edpt_release>
1000574e:	2036      	movs	r0, #54	@ 0x36
10005750:	222a      	movs	r2, #42	@ 0x2a
10005752:	4368      	muls	r0, r5
10005754:	464b      	mov	r3, r9
10005756:	4682      	mov	sl, r0
10005758:	4693      	mov	fp, r2
1000575a:	4453      	add	r3, sl
1000575c:	449b      	add	fp, r3
1000575e:	465b      	mov	r3, fp
10005760:	795b      	ldrb	r3, [r3, #5]
10005762:	07db      	lsls	r3, r3, #31
10005764:	d512      	bpl.n	1000578c <usbh_control_xfer_cb.isra.0+0x3a4>
10005766:	464b      	mov	r3, r9
10005768:	2205      	movs	r2, #5
1000576a:	0021      	movs	r1, r4
1000576c:	5c18      	ldrb	r0, [r3, r0]
1000576e:	f001 ff6d 	bl	1000764c <hcd_edpt_abort_xfer>
10005772:	465b      	mov	r3, fp
10005774:	2201      	movs	r2, #1
10005776:	795b      	ldrb	r3, [r3, #5]
10005778:	4650      	mov	r0, sl
1000577a:	4393      	bics	r3, r2
1000577c:	465a      	mov	r2, fp
1000577e:	7153      	strb	r3, [r2, #5]
10005780:	4643      	mov	r3, r8
10005782:	302f      	adds	r0, #47	@ 0x2f
10005784:	6819      	ldr	r1, [r3, #0]
10005786:	4448      	add	r0, r9
10005788:	f001 ffbe 	bl	10007708 <tu_edpt_release>
1000578c:	212b      	movs	r1, #43	@ 0x2b
1000578e:	2336      	movs	r3, #54	@ 0x36
10005790:	464a      	mov	r2, r9
10005792:	468a      	mov	sl, r1
10005794:	436b      	muls	r3, r5
10005796:	18d2      	adds	r2, r2, r3
10005798:	4492      	add	sl, r2
1000579a:	4652      	mov	r2, sl
1000579c:	7952      	ldrb	r2, [r2, #5]
1000579e:	07d2      	lsls	r2, r2, #31
100057a0:	d513      	bpl.n	100057ca <usbh_control_xfer_cb.isra.0+0x3e2>
100057a2:	464a      	mov	r2, r9
100057a4:	0021      	movs	r1, r4
100057a6:	5cd0      	ldrb	r0, [r2, r3]
100057a8:	2285      	movs	r2, #133	@ 0x85
100057aa:	f001 ff4f 	bl	1000764c <hcd_edpt_abort_xfer>
100057ae:	4653      	mov	r3, sl
100057b0:	2201      	movs	r2, #1
100057b2:	795b      	ldrb	r3, [r3, #5]
100057b4:	9803      	ldr	r0, [sp, #12]
100057b6:	4393      	bics	r3, r2
100057b8:	4652      	mov	r2, sl
100057ba:	7153      	strb	r3, [r2, #5]
100057bc:	4643      	mov	r3, r8
100057be:	3018      	adds	r0, #24
100057c0:	0040      	lsls	r0, r0, #1
100057c2:	6819      	ldr	r1, [r3, #0]
100057c4:	4448      	add	r0, r9
100057c6:	f001 ff9f 	bl	10007708 <tu_edpt_release>
100057ca:	2036      	movs	r0, #54	@ 0x36
100057cc:	222c      	movs	r2, #44	@ 0x2c
100057ce:	4368      	muls	r0, r5
100057d0:	464b      	mov	r3, r9
100057d2:	4682      	mov	sl, r0
100057d4:	4693      	mov	fp, r2
100057d6:	4453      	add	r3, sl
100057d8:	449b      	add	fp, r3
100057da:	465b      	mov	r3, fp
100057dc:	795b      	ldrb	r3, [r3, #5]
100057de:	07db      	lsls	r3, r3, #31
100057e0:	d512      	bpl.n	10005808 <usbh_control_xfer_cb.isra.0+0x420>
100057e2:	464b      	mov	r3, r9
100057e4:	2206      	movs	r2, #6
100057e6:	0021      	movs	r1, r4
100057e8:	5c18      	ldrb	r0, [r3, r0]
100057ea:	f001 ff2f 	bl	1000764c <hcd_edpt_abort_xfer>
100057ee:	465b      	mov	r3, fp
100057f0:	2201      	movs	r2, #1
100057f2:	795b      	ldrb	r3, [r3, #5]
100057f4:	4650      	mov	r0, sl
100057f6:	4393      	bics	r3, r2
100057f8:	465a      	mov	r2, fp
100057fa:	7153      	strb	r3, [r2, #5]
100057fc:	4643      	mov	r3, r8
100057fe:	3031      	adds	r0, #49	@ 0x31
10005800:	6819      	ldr	r1, [r3, #0]
10005802:	4448      	add	r0, r9
10005804:	f001 ff80 	bl	10007708 <tu_edpt_release>
10005808:	212d      	movs	r1, #45	@ 0x2d
1000580a:	2336      	movs	r3, #54	@ 0x36
1000580c:	464a      	mov	r2, r9
1000580e:	468a      	mov	sl, r1
10005810:	436b      	muls	r3, r5
10005812:	18d2      	adds	r2, r2, r3
10005814:	4492      	add	sl, r2
10005816:	4652      	mov	r2, sl
10005818:	7952      	ldrb	r2, [r2, #5]
1000581a:	07d2      	lsls	r2, r2, #31
1000581c:	d513      	bpl.n	10005846 <usbh_control_xfer_cb.isra.0+0x45e>
1000581e:	464a      	mov	r2, r9
10005820:	0021      	movs	r1, r4
10005822:	5cd0      	ldrb	r0, [r2, r3]
10005824:	2286      	movs	r2, #134	@ 0x86
10005826:	f001 ff11 	bl	1000764c <hcd_edpt_abort_xfer>
1000582a:	4653      	mov	r3, sl
1000582c:	2201      	movs	r2, #1
1000582e:	795b      	ldrb	r3, [r3, #5]
10005830:	9803      	ldr	r0, [sp, #12]
10005832:	4393      	bics	r3, r2
10005834:	4652      	mov	r2, sl
10005836:	7153      	strb	r3, [r2, #5]
10005838:	4643      	mov	r3, r8
1000583a:	3019      	adds	r0, #25
1000583c:	0040      	lsls	r0, r0, #1
1000583e:	6819      	ldr	r1, [r3, #0]
10005840:	4448      	add	r0, r9
10005842:	f001 ff61 	bl	10007708 <tu_edpt_release>
10005846:	2036      	movs	r0, #54	@ 0x36
10005848:	222e      	movs	r2, #46	@ 0x2e
1000584a:	4368      	muls	r0, r5
1000584c:	464b      	mov	r3, r9
1000584e:	4682      	mov	sl, r0
10005850:	4693      	mov	fp, r2
10005852:	4453      	add	r3, sl
10005854:	449b      	add	fp, r3
10005856:	465b      	mov	r3, fp
10005858:	795b      	ldrb	r3, [r3, #5]
1000585a:	07db      	lsls	r3, r3, #31
1000585c:	d512      	bpl.n	10005884 <usbh_control_xfer_cb.isra.0+0x49c>
1000585e:	464b      	mov	r3, r9
10005860:	2207      	movs	r2, #7
10005862:	0021      	movs	r1, r4
10005864:	5c18      	ldrb	r0, [r3, r0]
10005866:	f001 fef1 	bl	1000764c <hcd_edpt_abort_xfer>
1000586a:	465b      	mov	r3, fp
1000586c:	2201      	movs	r2, #1
1000586e:	795b      	ldrb	r3, [r3, #5]
10005870:	4650      	mov	r0, sl
10005872:	4393      	bics	r3, r2
10005874:	465a      	mov	r2, fp
10005876:	7153      	strb	r3, [r2, #5]
10005878:	4643      	mov	r3, r8
1000587a:	3033      	adds	r0, #51	@ 0x33
1000587c:	6819      	ldr	r1, [r3, #0]
1000587e:	4448      	add	r0, r9
10005880:	f001 ff42 	bl	10007708 <tu_edpt_release>
10005884:	2336      	movs	r3, #54	@ 0x36
10005886:	464a      	mov	r2, r9
10005888:	436b      	muls	r3, r5
1000588a:	18d5      	adds	r5, r2, r3
1000588c:	352f      	adds	r5, #47	@ 0x2f
1000588e:	796a      	ldrb	r2, [r5, #5]
10005890:	07d2      	lsls	r2, r2, #31
10005892:	d400      	bmi.n	10005896 <usbh_control_xfer_cb.isra.0+0x4ae>
10005894:	e61d      	b.n	100054d2 <usbh_control_xfer_cb.isra.0+0xea>
10005896:	464a      	mov	r2, r9
10005898:	0021      	movs	r1, r4
1000589a:	5cd0      	ldrb	r0, [r2, r3]
1000589c:	2287      	movs	r2, #135	@ 0x87
1000589e:	f001 fed5 	bl	1000764c <hcd_edpt_abort_xfer>
100058a2:	2201      	movs	r2, #1
100058a4:	796b      	ldrb	r3, [r5, #5]
100058a6:	9803      	ldr	r0, [sp, #12]
100058a8:	4393      	bics	r3, r2
100058aa:	716b      	strb	r3, [r5, #5]
100058ac:	4643      	mov	r3, r8
100058ae:	301a      	adds	r0, #26
100058b0:	0040      	lsls	r0, r0, #1
100058b2:	6819      	ldr	r1, [r3, #0]
100058b4:	4448      	add	r0, r9
100058b6:	f001 ff27 	bl	10007708 <tu_edpt_release>
100058ba:	e60a      	b.n	100054d2 <usbh_control_xfer_cb.isra.0+0xea>
100058bc:	4d0c      	ldr	r5, [pc, #48]	@ (100058f0 <usbh_control_xfer_cb.isra.0+0x508>)
100058be:	3902      	subs	r1, #2
100058c0:	6828      	ldr	r0, [r5, #0]
100058c2:	f003 f959 	bl	10008b78 <__mutex_enter_timeout_ms_veneer>
100058c6:	2302      	movs	r3, #2
100058c8:	6828      	ldr	r0, [r5, #0]
100058ca:	7373      	strb	r3, [r6, #13]
100058cc:	f003 f92c 	bl	10008b28 <__mutex_exit_veneer>
100058d0:	2180      	movs	r1, #128	@ 0x80
100058d2:	783a      	ldrb	r2, [r7, #0]
100058d4:	6833      	ldr	r3, [r6, #0]
100058d6:	400a      	ands	r2, r1
100058d8:	88f9      	ldrh	r1, [r7, #6]
100058da:	4640      	mov	r0, r8
100058dc:	9100      	str	r1, [sp, #0]
100058de:	0021      	movs	r1, r4
100058e0:	f001 fea8 	bl	10007634 <hcd_edpt_xfer>
100058e4:	e5bd      	b.n	10005462 <usbh_control_xfer_cb.isra.0+0x7a>
100058e6:	4b02      	ldr	r3, [pc, #8]	@ (100058f0 <usbh_control_xfer_cb.isra.0+0x508>)
100058e8:	4698      	mov	r8, r3
100058ea:	e652      	b.n	10005592 <usbh_control_xfer_cb.isra.0+0x1aa>
100058ec:	2000404c 	.word	0x2000404c
100058f0:	20004264 	.word	0x20004264

100058f4 <tuh_event_hook_cb>:
100058f4:	4770      	bx	lr
100058f6:	46c0      	nop			@ (mov r8, r8)

100058f8 <tuh_rhport_init>:
100058f8:	b5f0      	push	{r4, r5, r6, r7, lr}
100058fa:	464f      	mov	r7, r9
100058fc:	4646      	mov	r6, r8
100058fe:	46d6      	mov	lr, sl
10005900:	b5c0      	push	{r6, r7, lr}
10005902:	4f40      	ldr	r7, [pc, #256]	@ (10005a04 <tuh_rhport_init+0x10c>)
10005904:	0005      	movs	r5, r0
10005906:	783b      	ldrb	r3, [r7, #0]
10005908:	000e      	movs	r6, r1
1000590a:	4298      	cmp	r0, r3
1000590c:	d010      	beq.n	10005930 <tuh_rhport_init+0x38>
1000590e:	2bff      	cmp	r3, #255	@ 0xff
10005910:	d010      	beq.n	10005934 <tuh_rhport_init+0x3c>
10005912:	0031      	movs	r1, r6
10005914:	0028      	movs	r0, r5
10005916:	703d      	strb	r5, [r7, #0]
10005918:	f001 fe26 	bl	10007568 <hcd_init>
1000591c:	2800      	cmp	r0, #0
1000591e:	d104      	bne.n	1000592a <tuh_rhport_init+0x32>
10005920:	bce0      	pop	{r5, r6, r7}
10005922:	46ba      	mov	sl, r7
10005924:	46b1      	mov	r9, r6
10005926:	46a8      	mov	r8, r5
10005928:	bdf0      	pop	{r4, r5, r6, r7, pc}
1000592a:	0028      	movs	r0, r5
1000592c:	f001 fe64 	bl	100075f8 <hcd_int_enable>
10005930:	2001      	movs	r0, #1
10005932:	e7f5      	b.n	10005920 <tuh_rhport_init+0x28>
10005934:	4c34      	ldr	r4, [pc, #208]	@ (10005a08 <tuh_rhport_init+0x110>)
10005936:	0020      	movs	r0, r4
10005938:	3c14      	subs	r4, #20
1000593a:	f7fb fac3 	bl	10000ec4 <critical_section_init>
1000593e:	0020      	movs	r0, r4
10005940:	f002 f826 	bl	10007990 <tu_fifo_clear>
10005944:	4b31      	ldr	r3, [pc, #196]	@ (10005a0c <tuh_rhport_init+0x114>)
10005946:	601c      	str	r4, [r3, #0]
10005948:	4c31      	ldr	r4, [pc, #196]	@ (10005a10 <tuh_rhport_init+0x118>)
1000594a:	0020      	movs	r0, r4
1000594c:	f7fb faac 	bl	10000ea8 <mutex_init>
10005950:	4b30      	ldr	r3, [pc, #192]	@ (10005a14 <tuh_rhport_init+0x11c>)
10005952:	601c      	str	r4, [r3, #0]
10005954:	4b30      	ldr	r3, [pc, #192]	@ (10005a18 <tuh_rhport_init+0x120>)
10005956:	2b00      	cmp	r3, #0
10005958:	d050      	beq.n	100059fc <tuh_rhport_init+0x104>
1000595a:	4b30      	ldr	r3, [pc, #192]	@ (10005a1c <tuh_rhport_init+0x124>)
1000595c:	0018      	movs	r0, r3
1000595e:	4698      	mov	r8, r3
10005960:	e000      	b.n	10005964 <tuh_rhport_init+0x6c>
10005962:	bf00      	nop
10005964:	4b2e      	ldr	r3, [pc, #184]	@ (10005a20 <tuh_rhport_init+0x128>)
10005966:	6018      	str	r0, [r3, #0]
10005968:	2200      	movs	r2, #0
1000596a:	4b2e      	ldr	r3, [pc, #184]	@ (10005a24 <tuh_rhport_init+0x12c>)
1000596c:	4c2e      	ldr	r4, [pc, #184]	@ (10005a28 <tuh_rhport_init+0x130>)
1000596e:	601a      	str	r2, [r3, #0]
10005970:	320f      	adds	r2, #15
10005972:	2100      	movs	r1, #0
10005974:	32ff      	adds	r2, #255	@ 0xff
10005976:	0020      	movs	r0, r4
10005978:	f7fd fa8a 	bl	10002e90 <__wrap_memset>
1000597c:	2210      	movs	r2, #16
1000597e:	2100      	movs	r1, #0
10005980:	482a      	ldr	r0, [pc, #168]	@ (10005a2c <tuh_rhport_init+0x134>)
10005982:	f7fd fa85 	bl	10002e90 <__wrap_memset>
10005986:	2387      	movs	r3, #135	@ 0x87
10005988:	005b      	lsls	r3, r3, #1
1000598a:	4699      	mov	r9, r3
1000598c:	44a1      	add	r9, r4
1000598e:	2236      	movs	r2, #54	@ 0x36
10005990:	2100      	movs	r1, #0
10005992:	0020      	movs	r0, r4
10005994:	f7fd fa7c 	bl	10002e90 <__wrap_memset>
10005998:	0020      	movs	r0, r4
1000599a:	2208      	movs	r2, #8
1000599c:	21ff      	movs	r1, #255	@ 0xff
1000599e:	300d      	adds	r0, #13
100059a0:	f7fd fa76 	bl	10002e90 <__wrap_memset>
100059a4:	0020      	movs	r0, r4
100059a6:	2210      	movs	r2, #16
100059a8:	21ff      	movs	r1, #255	@ 0xff
100059aa:	3015      	adds	r0, #21
100059ac:	3436      	adds	r4, #54	@ 0x36
100059ae:	f7fd fa6f 	bl	10002e90 <__wrap_memset>
100059b2:	45a1      	cmp	r9, r4
100059b4:	d1eb      	bne.n	1000598e <tuh_rhport_init+0x96>
100059b6:	4643      	mov	r3, r8
100059b8:	491d      	ldr	r1, [pc, #116]	@ (10005a30 <tuh_rhport_init+0x138>)
100059ba:	781a      	ldrb	r2, [r3, #0]
100059bc:	468a      	mov	sl, r1
100059be:	4918      	ldr	r1, [pc, #96]	@ (10005a20 <tuh_rhport_init+0x128>)
100059c0:	2400      	movs	r4, #0
100059c2:	2300      	movs	r3, #0
100059c4:	4689      	mov	r9, r1
100059c6:	e011      	b.n	100059ec <tuh_rhport_init+0xf4>
100059c8:	464b      	mov	r3, r9
100059ca:	00e1      	lsls	r1, r4, #3
100059cc:	681b      	ldr	r3, [r3, #0]
100059ce:	1b09      	subs	r1, r1, r4
100059d0:	0089      	lsls	r1, r1, #2
100059d2:	185b      	adds	r3, r3, r1
100059d4:	2b00      	cmp	r3, #0
100059d6:	d003      	beq.n	100059e0 <tuh_rhport_init+0xe8>
100059d8:	685b      	ldr	r3, [r3, #4]
100059da:	4798      	blx	r3
100059dc:	4643      	mov	r3, r8
100059de:	781a      	ldrb	r2, [r3, #0]
100059e0:	3401      	adds	r4, #1
100059e2:	b2e4      	uxtb	r4, r4
100059e4:	1c51      	adds	r1, r2, #1
100059e6:	0023      	movs	r3, r4
100059e8:	42a1      	cmp	r1, r4
100059ea:	db92      	blt.n	10005912 <tuh_rhport_init+0x1a>
100059ec:	42a2      	cmp	r2, r4
100059ee:	d8eb      	bhi.n	100059c8 <tuh_rhport_init+0xd0>
100059f0:	1a9a      	subs	r2, r3, r2
100059f2:	00d3      	lsls	r3, r2, #3
100059f4:	1a9b      	subs	r3, r3, r2
100059f6:	009b      	lsls	r3, r3, #2
100059f8:	4453      	add	r3, sl
100059fa:	e7ed      	b.n	100059d8 <tuh_rhport_init+0xe0>
100059fc:	4b07      	ldr	r3, [pc, #28]	@ (10005a1c <tuh_rhport_init+0x124>)
100059fe:	4698      	mov	r8, r3
10005a00:	e7b2      	b.n	10005968 <tuh_rhport_init+0x70>
10005a02:	46c0      	nop			@ (mov r8, r8)
10005a04:	20003354 	.word	0x20003354
10005a08:	2000334c 	.word	0x2000334c
10005a0c:	20004270 	.word	0x20004270
10005a10:	20004268 	.word	0x20004268
10005a14:	20004264 	.word	0x20004264
10005a18:	00000000 	.word	0x00000000
10005a1c:	2000612e 	.word	0x2000612e
10005a20:	20003e24 	.word	0x20003e24
10005a24:	20003e38 	.word	0x20003e38
10005a28:	2000404c 	.word	0x2000404c
10005a2c:	20003e28 	.word	0x20003e28
10005a30:	10009064 	.word	0x10009064

10005a34 <tuh_control_xfer>:
10005a34:	b5f0      	push	{r4, r5, r6, r7, lr}
10005a36:	46ce      	mov	lr, r9
10005a38:	4647      	mov	r7, r8
10005a3a:	b580      	push	{r7, lr}
10005a3c:	7843      	ldrb	r3, [r0, #1]
10005a3e:	0004      	movs	r4, r0
10005a40:	b083      	sub	sp, #12
10005a42:	2b00      	cmp	r3, #0
10005a44:	d114      	bne.n	10005a70 <tuh_control_xfer+0x3c>
10005a46:	6883      	ldr	r3, [r0, #8]
10005a48:	2b00      	cmp	r3, #0
10005a4a:	d011      	beq.n	10005a70 <tuh_control_xfer+0x3c>
10005a4c:	7805      	ldrb	r5, [r0, #0]
10005a4e:	2d00      	cmp	r5, #0
10005a50:	d015      	beq.n	10005a7e <tuh_control_xfer+0x4a>
10005a52:	1e69      	subs	r1, r5, #1
10005a54:	b2cb      	uxtb	r3, r1
10005a56:	2b04      	cmp	r3, #4
10005a58:	d80a      	bhi.n	10005a70 <tuh_control_xfer+0x3c>
10005a5a:	2236      	movs	r2, #54	@ 0x36
10005a5c:	434a      	muls	r2, r1
10005a5e:	4b3f      	ldr	r3, [pc, #252]	@ (10005b5c <tuh_control_xfer+0x128>)
10005a60:	189b      	adds	r3, r3, r2
10005a62:	791b      	ldrb	r3, [r3, #4]
10005a64:	07db      	lsls	r3, r3, #31
10005a66:	d503      	bpl.n	10005a70 <tuh_control_xfer+0x3c>
10005a68:	4e3d      	ldr	r6, [pc, #244]	@ (10005b60 <tuh_control_xfer+0x12c>)
10005a6a:	7b73      	ldrb	r3, [r6, #13]
10005a6c:	2b00      	cmp	r3, #0
10005a6e:	d00e      	beq.n	10005a8e <tuh_control_xfer+0x5a>
10005a70:	2500      	movs	r5, #0
10005a72:	0028      	movs	r0, r5
10005a74:	b003      	add	sp, #12
10005a76:	bcc0      	pop	{r6, r7}
10005a78:	46b9      	mov	r9, r7
10005a7a:	46b0      	mov	r8, r6
10005a7c:	bdf0      	pop	{r4, r5, r6, r7, pc}
10005a7e:	4b39      	ldr	r3, [pc, #228]	@ (10005b64 <tuh_control_xfer+0x130>)
10005a80:	78db      	ldrb	r3, [r3, #3]
10005a82:	06db      	lsls	r3, r3, #27
10005a84:	d5f4      	bpl.n	10005a70 <tuh_control_xfer+0x3c>
10005a86:	4e36      	ldr	r6, [pc, #216]	@ (10005b60 <tuh_control_xfer+0x12c>)
10005a88:	7b73      	ldrb	r3, [r6, #13]
10005a8a:	2b00      	cmp	r3, #0
10005a8c:	d1f0      	bne.n	10005a70 <tuh_control_xfer+0x3c>
10005a8e:	2101      	movs	r1, #1
10005a90:	4f35      	ldr	r7, [pc, #212]	@ (10005b68 <tuh_control_xfer+0x134>)
10005a92:	4249      	negs	r1, r1
10005a94:	6838      	ldr	r0, [r7, #0]
10005a96:	f003 f86f 	bl	10008b78 <__mutex_enter_timeout_ms_veneer>
10005a9a:	7b73      	ldrb	r3, [r6, #13]
10005a9c:	683f      	ldr	r7, [r7, #0]
10005a9e:	b2da      	uxtb	r2, r3
10005aa0:	2b00      	cmp	r3, #0
10005aa2:	d003      	beq.n	10005aac <tuh_control_xfer+0x78>
10005aa4:	0038      	movs	r0, r7
10005aa6:	f003 f83f 	bl	10008b28 <__mutex_exit_veneer>
10005aaa:	e7e1      	b.n	10005a70 <tuh_control_xfer+0x3c>
10005aac:	2301      	movs	r3, #1
10005aae:	7335      	strb	r5, [r6, #12]
10005ab0:	7373      	strb	r3, [r6, #13]
10005ab2:	68e3      	ldr	r3, [r4, #12]
10005ab4:	68a1      	ldr	r1, [r4, #8]
10005ab6:	6033      	str	r3, [r6, #0]
10005ab8:	6923      	ldr	r3, [r4, #16]
10005aba:	81f2      	strh	r2, [r6, #14]
10005abc:	6073      	str	r3, [r6, #4]
10005abe:	6963      	ldr	r3, [r4, #20]
10005ac0:	2208      	movs	r2, #8
10005ac2:	60b3      	str	r3, [r6, #8]
10005ac4:	4b29      	ldr	r3, [pc, #164]	@ (10005b6c <tuh_control_xfer+0x138>)
10005ac6:	0018      	movs	r0, r3
10005ac8:	4698      	mov	r8, r3
10005aca:	f7fd f9e7 	bl	10002e9c <__wrap___aeabi_memcpy>
10005ace:	0038      	movs	r0, r7
10005ad0:	f003 f82a 	bl	10008b28 <__mutex_exit_veneer>
10005ad4:	1e69      	subs	r1, r5, #1
10005ad6:	b2cb      	uxtb	r3, r1
10005ad8:	2b04      	cmp	r3, #4
10005ada:	d83b      	bhi.n	10005b54 <tuh_control_xfer+0x120>
10005adc:	2236      	movs	r2, #54	@ 0x36
10005ade:	434a      	muls	r2, r1
10005ae0:	4b1e      	ldr	r3, [pc, #120]	@ (10005b5c <tuh_control_xfer+0x128>)
10005ae2:	5cd0      	ldrb	r0, [r2, r3]
10005ae4:	6923      	ldr	r3, [r4, #16]
10005ae6:	2b00      	cmp	r3, #0
10005ae8:	d005      	beq.n	10005af6 <tuh_control_xfer+0xc2>
10005aea:	0029      	movs	r1, r5
10005aec:	4642      	mov	r2, r8
10005aee:	f001 fdb3 	bl	10007658 <hcd_setup_send>
10005af2:	0005      	movs	r5, r0
10005af4:	e7bd      	b.n	10005a72 <tuh_control_xfer+0x3e>
10005af6:	466b      	mov	r3, sp
10005af8:	1ddf      	adds	r7, r3, #7
10005afa:	2304      	movs	r3, #4
10005afc:	703b      	strb	r3, [r7, #0]
10005afe:	4b1c      	ldr	r3, [pc, #112]	@ (10005b70 <tuh_control_xfer+0x13c>)
10005b00:	0029      	movs	r1, r5
10005b02:	4642      	mov	r2, r8
10005b04:	60b7      	str	r7, [r6, #8]
10005b06:	6073      	str	r3, [r6, #4]
10005b08:	f001 fda6 	bl	10007658 <hcd_setup_send>
10005b0c:	1e05      	subs	r5, r0, #0
10005b0e:	d0af      	beq.n	10005a70 <tuh_control_xfer+0x3c>
10005b10:	4b18      	ldr	r3, [pc, #96]	@ (10005b74 <tuh_control_xfer+0x140>)
10005b12:	4698      	mov	r8, r3
10005b14:	4b18      	ldr	r3, [pc, #96]	@ (10005b78 <tuh_control_xfer+0x144>)
10005b16:	4699      	mov	r9, r3
10005b18:	783b      	ldrb	r3, [r7, #0]
10005b1a:	2b04      	cmp	r3, #4
10005b1c:	d110      	bne.n	10005b40 <tuh_control_xfer+0x10c>
10005b1e:	4643      	mov	r3, r8
10005b20:	781b      	ldrb	r3, [r3, #0]
10005b22:	2bff      	cmp	r3, #255	@ 0xff
10005b24:	d0f8      	beq.n	10005b18 <tuh_control_xfer+0xe4>
10005b26:	464b      	mov	r3, r9
10005b28:	6818      	ldr	r0, [r3, #0]
10005b2a:	f001 fe89 	bl	10007840 <tu_fifo_empty>
10005b2e:	2800      	cmp	r0, #0
10005b30:	d1f2      	bne.n	10005b18 <tuh_control_xfer+0xe4>
10005b32:	4643      	mov	r3, r8
10005b34:	781b      	ldrb	r3, [r3, #0]
10005b36:	2bff      	cmp	r3, #255	@ 0xff
10005b38:	d0ee      	beq.n	10005b18 <tuh_control_xfer+0xe4>
10005b3a:	f000 f891 	bl	10005c60 <tuh_task_ext.part.0>
10005b3e:	e7eb      	b.n	10005b18 <tuh_control_xfer+0xe4>
10005b40:	6963      	ldr	r3, [r4, #20]
10005b42:	2b00      	cmp	r3, #0
10005b44:	d001      	beq.n	10005b4a <tuh_control_xfer+0x116>
10005b46:	783a      	ldrb	r2, [r7, #0]
10005b48:	701a      	strb	r2, [r3, #0]
10005b4a:	783b      	ldrb	r3, [r7, #0]
10005b4c:	70e3      	strb	r3, [r4, #3]
10005b4e:	89f3      	ldrh	r3, [r6, #14]
10005b50:	6063      	str	r3, [r4, #4]
10005b52:	e78e      	b.n	10005a72 <tuh_control_xfer+0x3e>
10005b54:	4b03      	ldr	r3, [pc, #12]	@ (10005b64 <tuh_control_xfer+0x130>)
10005b56:	7818      	ldrb	r0, [r3, #0]
10005b58:	e7c4      	b.n	10005ae4 <tuh_control_xfer+0xb0>
10005b5a:	46c0      	nop			@ (mov r8, r8)
10005b5c:	2000404c 	.word	0x2000404c
10005b60:	20003e28 	.word	0x20003e28
10005b64:	20003e38 	.word	0x20003e38
10005b68:	20004264 	.word	0x20004264
10005b6c:	2000415c 	.word	0x2000415c
10005b70:	10005281 	.word	0x10005281
10005b74:	20003354 	.word	0x20003354
10005b78:	20004270 	.word	0x20004270

10005b7c <enum_new_device.isra.0>:
10005b7c:	b530      	push	{r4, r5, lr}
10005b7e:	4c32      	ldr	r4, [pc, #200]	@ (10005c48 <enum_new_device.isra.0+0xcc>)
10005b80:	b08b      	sub	sp, #44	@ 0x2c
10005b82:	1e0d      	subs	r5, r1, #0
10005b84:	7020      	strb	r0, [r4, #0]
10005b86:	7061      	strb	r1, [r4, #1]
10005b88:	70a2      	strb	r2, [r4, #2]
10005b8a:	d11a      	bne.n	10005bc2 <enum_new_device.isra.0+0x46>
10005b8c:	f001 fcf4 	bl	10007578 <hcd_port_reset>
10005b90:	2032      	movs	r0, #50	@ 0x32
10005b92:	f001 fd67 	bl	10007664 <tusb_time_delay_ms_api>
10005b96:	7820      	ldrb	r0, [r4, #0]
10005b98:	f001 fcf4 	bl	10007584 <hcd_port_reset_end>
10005b9c:	20e1      	movs	r0, #225	@ 0xe1
10005b9e:	0040      	lsls	r0, r0, #1
10005ba0:	f001 fd60 	bl	10007664 <tusb_time_delay_ms_api>
10005ba4:	7820      	ldrb	r0, [r4, #0]
10005ba6:	f001 fcf3 	bl	10007590 <hcd_port_connect_status>
10005baa:	2800      	cmp	r0, #0
10005bac:	d117      	bne.n	10005bde <enum_new_device.isra.0+0x62>
10005bae:	2210      	movs	r2, #16
10005bb0:	78e3      	ldrb	r3, [r4, #3]
10005bb2:	7860      	ldrb	r0, [r4, #1]
10005bb4:	4393      	bics	r3, r2
10005bb6:	70e3      	strb	r3, [r4, #3]
10005bb8:	2800      	cmp	r0, #0
10005bba:	d00e      	beq.n	10005bda <enum_new_device.isra.0+0x5e>
10005bbc:	f001 f95a 	bl	10006e74 <hub_edpt_status_xfer>
10005bc0:	e00b      	b.n	10005bda <enum_new_device.isra.0+0x5e>
10005bc2:	20e1      	movs	r0, #225	@ 0xe1
10005bc4:	0040      	lsls	r0, r0, #1
10005bc6:	f001 fd4d 	bl	10007664 <tusb_time_delay_ms_api>
10005bca:	78a1      	ldrb	r1, [r4, #2]
10005bcc:	7860      	ldrb	r0, [r4, #1]
10005bce:	2402      	movs	r4, #2
10005bd0:	4b1e      	ldr	r3, [pc, #120]	@ (10005c4c <enum_new_device.isra.0+0xd0>)
10005bd2:	4a1f      	ldr	r2, [pc, #124]	@ (10005c50 <enum_new_device.isra.0+0xd4>)
10005bd4:	9400      	str	r4, [sp, #0]
10005bd6:	f001 f8db 	bl	10006d90 <hub_port_get_status>
10005bda:	b00b      	add	sp, #44	@ 0x2c
10005bdc:	bd30      	pop	{r4, r5, pc}
10005bde:	7820      	ldrb	r0, [r4, #0]
10005be0:	f001 fcf6 	bl	100075d0 <hcd_port_speed_get>
10005be4:	220f      	movs	r2, #15
10005be6:	0003      	movs	r3, r0
10005be8:	78e0      	ldrb	r0, [r4, #3]
10005bea:	4013      	ands	r3, r2
10005bec:	4390      	bics	r0, r2
10005bee:	4318      	orrs	r0, r3
10005bf0:	70e0      	strb	r0, [r4, #3]
10005bf2:	2012      	movs	r0, #18
10005bf4:	4b17      	ldr	r3, [pc, #92]	@ (10005c54 <enum_new_device.isra.0+0xd8>)
10005bf6:	2100      	movs	r1, #0
10005bf8:	3a0a      	subs	r2, #10
10005bfa:	4468      	add	r0, sp
10005bfc:	701d      	strb	r5, [r3, #0]
10005bfe:	f7fd f947 	bl	10002e90 <__wrap_memset>
10005c02:	466a      	mov	r2, sp
10005c04:	4b14      	ldr	r3, [pc, #80]	@ (10005c58 <enum_new_device.isra.0+0xdc>)
10005c06:	2100      	movs	r1, #0
10005c08:	8213      	strh	r3, [r2, #16]
10005c0a:	2308      	movs	r3, #8
10005c0c:	7820      	ldrb	r0, [r4, #0]
10005c0e:	8293      	strh	r3, [r2, #20]
10005c10:	aa04      	add	r2, sp, #16
10005c12:	f001 fcf3 	bl	100075fc <hcd_edpt_open>
10005c16:	2800      	cmp	r0, #0
10005c18:	d0df      	beq.n	10005bda <enum_new_device.isra.0+0x5e>
10005c1a:	4b10      	ldr	r3, [pc, #64]	@ (10005c5c <enum_new_device.isra.0+0xe0>)
10005c1c:	2208      	movs	r2, #8
10005c1e:	9302      	str	r3, [sp, #8]
10005c20:	2380      	movs	r3, #128	@ 0x80
10005c22:	2100      	movs	r1, #0
10005c24:	031b      	lsls	r3, r3, #12
10005c26:	a804      	add	r0, sp, #16
10005c28:	9303      	str	r3, [sp, #12]
10005c2a:	f7fd f931 	bl	10002e90 <__wrap_memset>
10005c2e:	ab02      	add	r3, sp, #8
10005c30:	9306      	str	r3, [sp, #24]
10005c32:	4b07      	ldr	r3, [pc, #28]	@ (10005c50 <enum_new_device.isra.0+0xd4>)
10005c34:	a804      	add	r0, sp, #16
10005c36:	9307      	str	r3, [sp, #28]
10005c38:	4b04      	ldr	r3, [pc, #16]	@ (10005c4c <enum_new_device.isra.0+0xd0>)
10005c3a:	9308      	str	r3, [sp, #32]
10005c3c:	2307      	movs	r3, #7
10005c3e:	9309      	str	r3, [sp, #36]	@ 0x24
10005c40:	f7ff fef8 	bl	10005a34 <tuh_control_xfer>
10005c44:	e7c9      	b.n	10005bda <enum_new_device.isra.0+0x5e>
10005c46:	46c0      	nop			@ (mov r8, r8)
10005c48:	20003e38 	.word	0x20003e38
10005c4c:	10005ea1 	.word	0x10005ea1
10005c50:	20004164 	.word	0x20004164
10005c54:	20006131 	.word	0x20006131
10005c58:	00000507 	.word	0x00000507
10005c5c:	01000680 	.word	0x01000680

10005c60 <tuh_task_ext.part.0>:
10005c60:	b5f0      	push	{r4, r5, r6, r7, lr}
10005c62:	4657      	mov	r7, sl
10005c64:	464e      	mov	r6, r9
10005c66:	4645      	mov	r5, r8
10005c68:	46de      	mov	lr, fp
10005c6a:	4b7f      	ldr	r3, [pc, #508]	@ (10005e68 <tuh_task_ext.part.0+0x208>)
10005c6c:	4681      	mov	r9, r0
10005c6e:	4698      	mov	r8, r3
10005c70:	4b7e      	ldr	r3, [pc, #504]	@ (10005e6c <tuh_task_ext.part.0+0x20c>)
10005c72:	b5e0      	push	{r5, r6, r7, lr}
10005c74:	469a      	mov	sl, r3
10005c76:	b087      	sub	sp, #28
10005c78:	4e7d      	ldr	r6, [pc, #500]	@ (10005e70 <tuh_task_ext.part.0+0x210>)
10005c7a:	4f7e      	ldr	r7, [pc, #504]	@ (10005e74 <tuh_task_ext.part.0+0x214>)
10005c7c:	ad03      	add	r5, sp, #12
10005c7e:	6834      	ldr	r4, [r6, #0]
10005c80:	6962      	ldr	r2, [r4, #20]
10005c82:	f3ef 8110 	mrs	r1, PRIMASK
10005c86:	b672      	cpsid	i
10005c88:	6813      	ldr	r3, [r2, #0]
10005c8a:	2b00      	cmp	r3, #0
10005c8c:	d0fc      	beq.n	10005c88 <tuh_task_ext.part.0+0x28>
10005c8e:	f3bf 8f5f 	dmb	sy
10005c92:	61a1      	str	r1, [r4, #24]
10005c94:	0020      	movs	r0, r4
10005c96:	0029      	movs	r1, r5
10005c98:	f001 fdda 	bl	10007850 <tu_fifo_read>
10005c9c:	6962      	ldr	r2, [r4, #20]
10005c9e:	69a3      	ldr	r3, [r4, #24]
10005ca0:	f3bf 8f5f 	dmb	sy
10005ca4:	2100      	movs	r1, #0
10005ca6:	6011      	str	r1, [r2, #0]
10005ca8:	f383 8810 	msr	PRIMASK, r3
10005cac:	2800      	cmp	r0, #0
10005cae:	d052      	beq.n	10005d56 <tuh_task_ext.part.0+0xf6>
10005cb0:	786b      	ldrb	r3, [r5, #1]
10005cb2:	2b02      	cmp	r3, #2
10005cb4:	d056      	beq.n	10005d64 <tuh_task_ext.part.0+0x104>
10005cb6:	d80f      	bhi.n	10005cd8 <tuh_task_ext.part.0+0x78>
10005cb8:	2b00      	cmp	r3, #0
10005cba:	d015      	beq.n	10005ce8 <tuh_task_ext.part.0+0x88>
10005cbc:	7828      	ldrb	r0, [r5, #0]
10005cbe:	796a      	ldrb	r2, [r5, #5]
10005cc0:	7929      	ldrb	r1, [r5, #4]
10005cc2:	f7ff fae1 	bl	10005288 <process_removing_device>
10005cc6:	7928      	ldrb	r0, [r5, #4]
10005cc8:	2800      	cmp	r0, #0
10005cca:	d0d8      	beq.n	10005c7e <tuh_task_ext.part.0+0x1e>
10005ccc:	796b      	ldrb	r3, [r5, #5]
10005cce:	2b00      	cmp	r3, #0
10005cd0:	d0d5      	beq.n	10005c7e <tuh_task_ext.part.0+0x1e>
10005cd2:	f001 f8cf 	bl	10006e74 <hub_edpt_status_xfer>
10005cd6:	e7d2      	b.n	10005c7e <tuh_task_ext.part.0+0x1e>
10005cd8:	2b03      	cmp	r3, #3
10005cda:	d1d0      	bne.n	10005c7e <tuh_task_ext.part.0+0x1e>
10005cdc:	686b      	ldr	r3, [r5, #4]
10005cde:	2b00      	cmp	r3, #0
10005ce0:	d0cd      	beq.n	10005c7e <tuh_task_ext.part.0+0x1e>
10005ce2:	68a8      	ldr	r0, [r5, #8]
10005ce4:	4798      	blx	r3
10005ce6:	e7ca      	b.n	10005c7e <tuh_task_ext.part.0+0x1e>
10005ce8:	78fb      	ldrb	r3, [r7, #3]
10005cea:	06db      	lsls	r3, r3, #27
10005cec:	d400      	bmi.n	10005cf0 <tuh_task_ext.part.0+0x90>
10005cee:	e082      	b.n	10005df6 <tuh_task_ext.part.0+0x196>
10005cf0:	7828      	ldrb	r0, [r5, #0]
10005cf2:	783b      	ldrb	r3, [r7, #0]
10005cf4:	4298      	cmp	r0, r3
10005cf6:	d109      	bne.n	10005d0c <tuh_task_ext.part.0+0xac>
10005cf8:	7929      	ldrb	r1, [r5, #4]
10005cfa:	787a      	ldrb	r2, [r7, #1]
10005cfc:	428a      	cmp	r2, r1
10005cfe:	d105      	bne.n	10005d0c <tuh_task_ext.part.0+0xac>
10005d00:	796a      	ldrb	r2, [r5, #5]
10005d02:	78bc      	ldrb	r4, [r7, #2]
10005d04:	4693      	mov	fp, r2
10005d06:	4294      	cmp	r4, r2
10005d08:	d100      	bne.n	10005d0c <tuh_task_ext.part.0+0xac>
10005d0a:	e088      	b.n	10005e1e <tuh_task_ext.part.0+0x1be>
10005d0c:	6830      	ldr	r0, [r6, #0]
10005d0e:	f001 fd97 	bl	10007840 <tu_fifo_empty>
10005d12:	6834      	ldr	r4, [r6, #0]
10005d14:	4683      	mov	fp, r0
10005d16:	6962      	ldr	r2, [r4, #20]
10005d18:	f3ef 8110 	mrs	r1, PRIMASK
10005d1c:	b672      	cpsid	i
10005d1e:	6813      	ldr	r3, [r2, #0]
10005d20:	2b00      	cmp	r3, #0
10005d22:	d0fc      	beq.n	10005d1e <tuh_task_ext.part.0+0xbe>
10005d24:	f3bf 8f5f 	dmb	sy
10005d28:	61a1      	str	r1, [r4, #24]
10005d2a:	0020      	movs	r0, r4
10005d2c:	0029      	movs	r1, r5
10005d2e:	f001 fddd 	bl	100078ec <tu_fifo_write>
10005d32:	6962      	ldr	r2, [r4, #20]
10005d34:	69a3      	ldr	r3, [r4, #24]
10005d36:	f3bf 8f5f 	dmb	sy
10005d3a:	2100      	movs	r1, #0
10005d3c:	6011      	str	r1, [r2, #0]
10005d3e:	f383 8810 	msr	PRIMASK, r3
10005d42:	2800      	cmp	r0, #0
10005d44:	d004      	beq.n	10005d50 <tuh_task_ext.part.0+0xf0>
10005d46:	464a      	mov	r2, r9
10005d48:	7869      	ldrb	r1, [r5, #1]
10005d4a:	7828      	ldrb	r0, [r5, #0]
10005d4c:	f7ff fdd2 	bl	100058f4 <tuh_event_hook_cb>
10005d50:	465b      	mov	r3, fp
10005d52:	2b00      	cmp	r3, #0
10005d54:	d093      	beq.n	10005c7e <tuh_task_ext.part.0+0x1e>
10005d56:	b007      	add	sp, #28
10005d58:	bcf0      	pop	{r4, r5, r6, r7}
10005d5a:	46bb      	mov	fp, r7
10005d5c:	46b2      	mov	sl, r6
10005d5e:	46a9      	mov	r9, r5
10005d60:	46a0      	mov	r8, r4
10005d62:	bdf0      	pop	{r4, r5, r6, r7, pc}
10005d64:	237f      	movs	r3, #127	@ 0x7f
10005d66:	7929      	ldrb	r1, [r5, #4]
10005d68:	78a8      	ldrb	r0, [r5, #2]
10005d6a:	400b      	ands	r3, r1
10005d6c:	2800      	cmp	r0, #0
10005d6e:	d106      	bne.n	10005d7e <tuh_task_ext.part.0+0x11e>
10005d70:	2b00      	cmp	r3, #0
10005d72:	d1f0      	bne.n	10005d56 <tuh_task_ext.part.0+0xf6>
10005d74:	68aa      	ldr	r2, [r5, #8]
10005d76:	7969      	ldrb	r1, [r5, #5]
10005d78:	f7ff fb36 	bl	100053e8 <usbh_control_xfer_cb.isra.0>
10005d7c:	e77f      	b.n	10005c7e <tuh_task_ext.part.0+0x1e>
10005d7e:	1e42      	subs	r2, r0, #1
10005d80:	b2d4      	uxtb	r4, r2
10005d82:	2c04      	cmp	r4, #4
10005d84:	d8e7      	bhi.n	10005d56 <tuh_task_ext.part.0+0xf6>
10005d86:	2436      	movs	r4, #54	@ 0x36
10005d88:	4354      	muls	r4, r2
10005d8a:	4642      	mov	r2, r8
10005d8c:	46a4      	mov	ip, r4
10005d8e:	4462      	add	r2, ip
10005d90:	7912      	ldrb	r2, [r2, #4]
10005d92:	07d2      	lsls	r2, r2, #31
10005d94:	d5df      	bpl.n	10005d56 <tuh_task_ext.part.0+0xf6>
10005d96:	005a      	lsls	r2, r3, #1
10005d98:	4462      	add	r2, ip
10005d9a:	09cc      	lsrs	r4, r1, #7
10005d9c:	4442      	add	r2, r8
10005d9e:	1912      	adds	r2, r2, r4
10005da0:	0014      	movs	r4, r2
10005da2:	3420      	adds	r4, #32
10005da4:	9201      	str	r2, [sp, #4]
10005da6:	7962      	ldrb	r2, [r4, #5]
10005da8:	9400      	str	r4, [sp, #0]
10005daa:	4694      	mov	ip, r2
10005dac:	2201      	movs	r2, #1
10005dae:	4693      	mov	fp, r2
10005db0:	4662      	mov	r2, ip
10005db2:	465c      	mov	r4, fp
10005db4:	43a2      	bics	r2, r4
10005db6:	9c00      	ldr	r4, [sp, #0]
10005db8:	7162      	strb	r2, [r4, #5]
10005dba:	7962      	ldrb	r2, [r4, #5]
10005dbc:	4694      	mov	ip, r2
10005dbe:	2204      	movs	r2, #4
10005dc0:	4693      	mov	fp, r2
10005dc2:	4662      	mov	r2, ip
10005dc4:	465c      	mov	r4, fp
10005dc6:	43a2      	bics	r2, r4
10005dc8:	9c00      	ldr	r4, [sp, #0]
10005dca:	7162      	strb	r2, [r4, #5]
10005dcc:	2b00      	cmp	r3, #0
10005dce:	d0d1      	beq.n	10005d74 <tuh_task_ext.part.0+0x114>
10005dd0:	4652      	mov	r2, sl
10005dd2:	9b01      	ldr	r3, [sp, #4]
10005dd4:	7812      	ldrb	r2, [r2, #0]
10005dd6:	7d5b      	ldrb	r3, [r3, #21]
10005dd8:	4293      	cmp	r3, r2
10005dda:	d216      	bcs.n	10005e0a <tuh_task_ext.part.0+0x1aa>
10005ddc:	4a26      	ldr	r2, [pc, #152]	@ (10005e78 <tuh_task_ext.part.0+0x218>)
10005dde:	00dc      	lsls	r4, r3, #3
10005de0:	1ae3      	subs	r3, r4, r3
10005de2:	6814      	ldr	r4, [r2, #0]
10005de4:	009b      	lsls	r3, r3, #2
10005de6:	18e4      	adds	r4, r4, r3
10005de8:	2c00      	cmp	r4, #0
10005dea:	d0b4      	beq.n	10005d56 <tuh_task_ext.part.0+0xf6>
10005dec:	68ab      	ldr	r3, [r5, #8]
10005dee:	796a      	ldrb	r2, [r5, #5]
10005df0:	6964      	ldr	r4, [r4, #20]
10005df2:	47a0      	blx	r4
10005df4:	e743      	b.n	10005c7e <tuh_task_ext.part.0+0x1e>
10005df6:	2210      	movs	r2, #16
10005df8:	78fb      	ldrb	r3, [r7, #3]
10005dfa:	7929      	ldrb	r1, [r5, #4]
10005dfc:	4313      	orrs	r3, r2
10005dfe:	70fb      	strb	r3, [r7, #3]
10005e00:	796a      	ldrb	r2, [r5, #5]
10005e02:	7828      	ldrb	r0, [r5, #0]
10005e04:	f7ff feba 	bl	10005b7c <enum_new_device.isra.0>
10005e08:	e739      	b.n	10005c7e <tuh_task_ext.part.0+0x1e>
10005e0a:	1c54      	adds	r4, r2, #1
10005e0c:	429c      	cmp	r4, r3
10005e0e:	dba2      	blt.n	10005d56 <tuh_task_ext.part.0+0xf6>
10005e10:	1a9b      	subs	r3, r3, r2
10005e12:	00dc      	lsls	r4, r3, #3
10005e14:	1ae4      	subs	r4, r4, r3
10005e16:	4b19      	ldr	r3, [pc, #100]	@ (10005e7c <tuh_task_ext.part.0+0x21c>)
10005e18:	00a4      	lsls	r4, r4, #2
10005e1a:	18e4      	adds	r4, r4, r3
10005e1c:	e7e6      	b.n	10005dec <tuh_task_ext.part.0+0x18c>
10005e1e:	4c18      	ldr	r4, [pc, #96]	@ (10005e80 <tuh_task_ext.part.0+0x220>)
10005e20:	7b22      	ldrb	r2, [r4, #12]
10005e22:	2a00      	cmp	r2, #0
10005e24:	d102      	bne.n	10005e2c <tuh_task_ext.part.0+0x1cc>
10005e26:	7b62      	ldrb	r2, [r4, #13]
10005e28:	2a00      	cmp	r2, #0
10005e2a:	d103      	bne.n	10005e34 <tuh_task_ext.part.0+0x1d4>
10005e2c:	465a      	mov	r2, fp
10005e2e:	f7ff fea5 	bl	10005b7c <enum_new_device.isra.0>
10005e32:	e724      	b.n	10005c7e <tuh_task_ext.part.0+0x1e>
10005e34:	2200      	movs	r2, #0
10005e36:	2100      	movs	r1, #0
10005e38:	0018      	movs	r0, r3
10005e3a:	f001 fc07 	bl	1000764c <hcd_edpt_abort_xfer>
10005e3e:	2101      	movs	r1, #1
10005e40:	4b10      	ldr	r3, [pc, #64]	@ (10005e84 <tuh_task_ext.part.0+0x224>)
10005e42:	4249      	negs	r1, r1
10005e44:	6818      	ldr	r0, [r3, #0]
10005e46:	469b      	mov	fp, r3
10005e48:	f002 fe96 	bl	10008b78 <__mutex_enter_timeout_ms_veneer>
10005e4c:	2300      	movs	r3, #0
10005e4e:	7363      	strb	r3, [r4, #13]
10005e50:	465b      	mov	r3, fp
10005e52:	6818      	ldr	r0, [r3, #0]
10005e54:	f002 fe68 	bl	10008b28 <__mutex_exit_veneer>
10005e58:	796b      	ldrb	r3, [r5, #5]
10005e5a:	7828      	ldrb	r0, [r5, #0]
10005e5c:	469b      	mov	fp, r3
10005e5e:	7929      	ldrb	r1, [r5, #4]
10005e60:	465a      	mov	r2, fp
10005e62:	f7ff fe8b 	bl	10005b7c <enum_new_device.isra.0>
10005e66:	e70a      	b.n	10005c7e <tuh_task_ext.part.0+0x1e>
10005e68:	2000404c 	.word	0x2000404c
10005e6c:	2000612e 	.word	0x2000612e
10005e70:	20004270 	.word	0x20004270
10005e74:	20003e38 	.word	0x20003e38
10005e78:	20003e24 	.word	0x20003e24
10005e7c:	10009064 	.word	0x10009064
10005e80:	20003e28 	.word	0x20003e28
10005e84:	20004264 	.word	0x20004264

10005e88 <tuh_task_ext>:
10005e88:	b510      	push	{r4, lr}
10005e8a:	4b04      	ldr	r3, [pc, #16]	@ (10005e9c <tuh_task_ext+0x14>)
10005e8c:	0008      	movs	r0, r1
10005e8e:	781b      	ldrb	r3, [r3, #0]
10005e90:	2bff      	cmp	r3, #255	@ 0xff
10005e92:	d001      	beq.n	10005e98 <tuh_task_ext+0x10>
10005e94:	f7ff fee4 	bl	10005c60 <tuh_task_ext.part.0>
10005e98:	bd10      	pop	{r4, pc}
10005e9a:	46c0      	nop			@ (mov r8, r8)
10005e9c:	20003354 	.word	0x20003354

10005ea0 <process_enumeration>:
10005ea0:	b5f0      	push	{r4, r5, r6, r7, lr}
10005ea2:	464e      	mov	r6, r9
10005ea4:	46de      	mov	lr, fp
10005ea6:	4657      	mov	r7, sl
10005ea8:	4645      	mov	r5, r8
10005eaa:	b5e0      	push	{r5, r6, r7, lr}
10005eac:	78c6      	ldrb	r6, [r0, #3]
10005eae:	0004      	movs	r4, r0
10005eb0:	b093      	sub	sp, #76	@ 0x4c
10005eb2:	2e00      	cmp	r6, #0
10005eb4:	d10a      	bne.n	10005ecc <process_enumeration+0x2c>
10005eb6:	4bbd      	ldr	r3, [pc, #756]	@ (100061ac <process_enumeration+0x30c>)
10005eb8:	7807      	ldrb	r7, [r0, #0]
10005eba:	701e      	strb	r6, [r3, #0]
10005ebc:	6943      	ldr	r3, [r0, #20]
10005ebe:	2b0c      	cmp	r3, #12
10005ec0:	d900      	bls.n	10005ec4 <process_enumeration+0x24>
10005ec2:	e1f2      	b.n	100062aa <process_enumeration+0x40a>
10005ec4:	4aba      	ldr	r2, [pc, #744]	@ (100061b0 <process_enumeration+0x310>)
10005ec6:	009b      	lsls	r3, r3, #2
10005ec8:	58d3      	ldr	r3, [r2, r3]
10005eca:	469f      	mov	pc, r3
10005ecc:	4db9      	ldr	r5, [pc, #740]	@ (100061b4 <process_enumeration+0x314>)
10005ece:	78eb      	ldrb	r3, [r5, #3]
10005ed0:	06db      	lsls	r3, r3, #27
10005ed2:	d50d      	bpl.n	10005ef0 <process_enumeration+0x50>
10005ed4:	4ab5      	ldr	r2, [pc, #724]	@ (100061ac <process_enumeration+0x30c>)
10005ed6:	7813      	ldrb	r3, [r2, #0]
10005ed8:	2b02      	cmp	r3, #2
10005eda:	d809      	bhi.n	10005ef0 <process_enumeration+0x50>
10005edc:	2064      	movs	r0, #100	@ 0x64
10005ede:	3301      	adds	r3, #1
10005ee0:	7013      	strb	r3, [r2, #0]
10005ee2:	f001 fbbf 	bl	10007664 <tusb_time_delay_ms_api>
10005ee6:	0020      	movs	r0, r4
10005ee8:	f7ff fda4 	bl	10005a34 <tuh_control_xfer>
10005eec:	2800      	cmp	r0, #0
10005eee:	d107      	bne.n	10005f00 <process_enumeration+0x60>
10005ef0:	2210      	movs	r2, #16
10005ef2:	78eb      	ldrb	r3, [r5, #3]
10005ef4:	7868      	ldrb	r0, [r5, #1]
10005ef6:	4393      	bics	r3, r2
10005ef8:	70eb      	strb	r3, [r5, #3]
10005efa:	2800      	cmp	r0, #0
10005efc:	d000      	beq.n	10005f00 <process_enumeration+0x60>
10005efe:	e1dd      	b.n	100062bc <process_enumeration+0x41c>
10005f00:	b013      	add	sp, #76	@ 0x4c
10005f02:	bcf0      	pop	{r4, r5, r6, r7}
10005f04:	46bb      	mov	fp, r7
10005f06:	46b2      	mov	sl, r6
10005f08:	46a9      	mov	r9, r5
10005f0a:	46a0      	mov	r8, r4
10005f0c:	bdf0      	pop	{r4, r5, r6, r7, pc}
10005f0e:	2201      	movs	r2, #1
10005f10:	4ba9      	ldr	r3, [pc, #676]	@ (100061b8 <process_enumeration+0x318>)
10005f12:	7a19      	ldrb	r1, [r3, #8]
10005f14:	420a      	tst	r2, r1
10005f16:	d100      	bne.n	10005f1a <process_enumeration+0x7a>
10005f18:	e1c7      	b.n	100062aa <process_enumeration+0x40a>
10005f1a:	7a58      	ldrb	r0, [r3, #9]
10005f1c:	2102      	movs	r1, #2
10005f1e:	0744      	lsls	r4, r0, #29
10005f20:	d401      	bmi.n	10005f26 <process_enumeration+0x86>
10005f22:	0841      	lsrs	r1, r0, #1
10005f24:	4011      	ands	r1, r2
10005f26:	240f      	movs	r4, #15
10005f28:	4aa2      	ldr	r2, [pc, #648]	@ (100061b4 <process_enumeration+0x314>)
10005f2a:	7a98      	ldrb	r0, [r3, #10]
10005f2c:	78d3      	ldrb	r3, [r2, #3]
10005f2e:	43a3      	bics	r3, r4
10005f30:	430b      	orrs	r3, r1
10005f32:	70d3      	strb	r3, [r2, #3]
10005f34:	06c0      	lsls	r0, r0, #27
10005f36:	d5e3      	bpl.n	10005f00 <process_enumeration+0x60>
10005f38:	7891      	ldrb	r1, [r2, #2]
10005f3a:	7850      	ldrb	r0, [r2, #1]
10005f3c:	2203      	movs	r2, #3
10005f3e:	4b9f      	ldr	r3, [pc, #636]	@ (100061bc <process_enumeration+0x31c>)
10005f40:	9200      	str	r2, [sp, #0]
10005f42:	3211      	adds	r2, #17
10005f44:	f000 ff00 	bl	10006d48 <hub_port_clear_feature>
10005f48:	e7da      	b.n	10005f00 <process_enumeration+0x60>
10005f4a:	ab08      	add	r3, sp, #32
10005f4c:	469c      	mov	ip, r3
10005f4e:	2012      	movs	r0, #18
10005f50:	2205      	movs	r2, #5
10005f52:	2100      	movs	r1, #0
10005f54:	4460      	add	r0, ip
10005f56:	f7fc ff9b 	bl	10002e90 <__wrap_memset>
10005f5a:	466a      	mov	r2, sp
10005f5c:	4b98      	ldr	r3, [pc, #608]	@ (100061c0 <process_enumeration+0x320>)
10005f5e:	2100      	movs	r1, #0
10005f60:	8613      	strh	r3, [r2, #48]	@ 0x30
10005f62:	2308      	movs	r3, #8
10005f64:	8693      	strh	r3, [r2, #52]	@ 0x34
10005f66:	4b93      	ldr	r3, [pc, #588]	@ (100061b4 <process_enumeration+0x314>)
10005f68:	aa0c      	add	r2, sp, #48	@ 0x30
10005f6a:	7818      	ldrb	r0, [r3, #0]
10005f6c:	f001 fb46 	bl	100075fc <hcd_edpt_open>
10005f70:	2800      	cmp	r0, #0
10005f72:	d0c5      	beq.n	10005f00 <process_enumeration+0x60>
10005f74:	4b93      	ldr	r3, [pc, #588]	@ (100061c4 <process_enumeration+0x324>)
10005f76:	2208      	movs	r2, #8
10005f78:	930a      	str	r3, [sp, #40]	@ 0x28
10005f7a:	2380      	movs	r3, #128	@ 0x80
10005f7c:	2100      	movs	r1, #0
10005f7e:	031b      	lsls	r3, r3, #12
10005f80:	a80c      	add	r0, sp, #48	@ 0x30
10005f82:	930b      	str	r3, [sp, #44]	@ 0x2c
10005f84:	f7fc ff84 	bl	10002e90 <__wrap_memset>
10005f88:	ab0a      	add	r3, sp, #40	@ 0x28
10005f8a:	930e      	str	r3, [sp, #56]	@ 0x38
10005f8c:	4b8e      	ldr	r3, [pc, #568]	@ (100061c8 <process_enumeration+0x328>)
10005f8e:	a80c      	add	r0, sp, #48	@ 0x30
10005f90:	930f      	str	r3, [sp, #60]	@ 0x3c
10005f92:	4b8a      	ldr	r3, [pc, #552]	@ (100061bc <process_enumeration+0x31c>)
10005f94:	9310      	str	r3, [sp, #64]	@ 0x40
10005f96:	2307      	movs	r3, #7
10005f98:	9311      	str	r3, [sp, #68]	@ 0x44
10005f9a:	f7ff fd4b 	bl	10005a34 <tuh_control_xfer>
10005f9e:	e7af      	b.n	10005f00 <process_enumeration+0x60>
10005fa0:	2406      	movs	r4, #6
10005fa2:	2032      	movs	r0, #50	@ 0x32
10005fa4:	f001 fb5e 	bl	10007664 <tusb_time_delay_ms_api>
10005fa8:	4882      	ldr	r0, [pc, #520]	@ (100061b4 <process_enumeration+0x314>)
10005faa:	4b84      	ldr	r3, [pc, #528]	@ (100061bc <process_enumeration+0x31c>)
10005fac:	7881      	ldrb	r1, [r0, #2]
10005fae:	4a86      	ldr	r2, [pc, #536]	@ (100061c8 <process_enumeration+0x328>)
10005fb0:	7840      	ldrb	r0, [r0, #1]
10005fb2:	9400      	str	r4, [sp, #0]
10005fb4:	f000 feec 	bl	10006d90 <hub_port_get_status>
10005fb8:	e7a2      	b.n	10005f00 <process_enumeration+0x60>
10005fba:	4b7f      	ldr	r3, [pc, #508]	@ (100061b8 <process_enumeration+0x318>)
10005fbc:	7a9b      	ldrb	r3, [r3, #10]
10005fbe:	06db      	lsls	r3, r3, #27
10005fc0:	d59e      	bpl.n	10005f00 <process_enumeration+0x60>
10005fc2:	4a7c      	ldr	r2, [pc, #496]	@ (100061b4 <process_enumeration+0x314>)
10005fc4:	4b7d      	ldr	r3, [pc, #500]	@ (100061bc <process_enumeration+0x31c>)
10005fc6:	7891      	ldrb	r1, [r2, #2]
10005fc8:	7850      	ldrb	r0, [r2, #1]
10005fca:	2207      	movs	r2, #7
10005fcc:	9200      	str	r2, [sp, #0]
10005fce:	320d      	adds	r2, #13
10005fd0:	f000 feba 	bl	10006d48 <hub_port_clear_feature>
10005fd4:	e794      	b.n	10005f00 <process_enumeration+0x60>
10005fd6:	4b78      	ldr	r3, [pc, #480]	@ (100061b8 <process_enumeration+0x318>)
10005fd8:	7b1a      	ldrb	r2, [r3, #12]
10005fda:	2a09      	cmp	r2, #9
10005fdc:	d100      	bne.n	10005fe0 <process_enumeration+0x140>
10005fde:	e170      	b.n	100062c2 <process_enumeration+0x422>
10005fe0:	4a7a      	ldr	r2, [pc, #488]	@ (100061cc <process_enumeration+0x32c>)
10005fe2:	2001      	movs	r0, #1
10005fe4:	9206      	str	r2, [sp, #24]
10005fe6:	7912      	ldrb	r2, [r2, #4]
10005fe8:	07d2      	lsls	r2, r2, #31
10005fea:	d510      	bpl.n	1000600e <process_enumeration+0x16e>
10005fec:	223a      	movs	r2, #58	@ 0x3a
10005fee:	9906      	ldr	r1, [sp, #24]
10005ff0:	5c8a      	ldrb	r2, [r1, r2]
10005ff2:	07d2      	lsls	r2, r2, #31
10005ff4:	d400      	bmi.n	10005ff8 <process_enumeration+0x158>
10005ff6:	e246      	b.n	10006486 <process_enumeration+0x5e6>
10005ff8:	2270      	movs	r2, #112	@ 0x70
10005ffa:	5c8a      	ldrb	r2, [r1, r2]
10005ffc:	07d2      	lsls	r2, r2, #31
10005ffe:	d400      	bmi.n	10006002 <process_enumeration+0x162>
10006000:	e237      	b.n	10006472 <process_enumeration+0x5d2>
10006002:	22a6      	movs	r2, #166	@ 0xa6
10006004:	5c8a      	ldrb	r2, [r1, r2]
10006006:	2004      	movs	r0, #4
10006008:	07d2      	lsls	r2, r2, #31
1000600a:	d500      	bpl.n	1000600e <process_enumeration+0x16e>
1000600c:	e778      	b.n	10005f00 <process_enumeration+0x60>
1000600e:	2236      	movs	r2, #54	@ 0x36
10006010:	1e45      	subs	r5, r0, #1
10006012:	436a      	muls	r2, r5
10006014:	9d06      	ldr	r5, [sp, #24]
10006016:	4967      	ldr	r1, [pc, #412]	@ (100061b4 <process_enumeration+0x314>)
10006018:	46ac      	mov	ip, r5
1000601a:	880c      	ldrh	r4, [r1, #0]
1000601c:	4462      	add	r2, ip
1000601e:	8014      	strh	r4, [r2, #0]
10006020:	788c      	ldrb	r4, [r1, #2]
10006022:	78c9      	ldrb	r1, [r1, #3]
10006024:	7094      	strb	r4, [r2, #2]
10006026:	2401      	movs	r4, #1
10006028:	0709      	lsls	r1, r1, #28
1000602a:	0f09      	lsrs	r1, r1, #28
1000602c:	70d1      	strb	r1, [r2, #3]
1000602e:	7911      	ldrb	r1, [r2, #4]
10006030:	ad0a      	add	r5, sp, #40	@ 0x28
10006032:	4321      	orrs	r1, r4
10006034:	7111      	strb	r1, [r2, #4]
10006036:	7bdb      	ldrb	r3, [r3, #15]
10006038:	ac0c      	add	r4, sp, #48	@ 0x30
1000603a:	7153      	strb	r3, [r2, #5]
1000603c:	23a0      	movs	r3, #160	@ 0xa0
1000603e:	00db      	lsls	r3, r3, #3
10006040:	802b      	strh	r3, [r5, #0]
10006042:	2300      	movs	r3, #0
10006044:	8068      	strh	r0, [r5, #2]
10006046:	2210      	movs	r2, #16
10006048:	2100      	movs	r1, #0
1000604a:	0020      	movs	r0, r4
1000604c:	930b      	str	r3, [sp, #44]	@ 0x2c
1000604e:	f7fc ff1f 	bl	10002e90 <__wrap_memset>
10006052:	4b5a      	ldr	r3, [pc, #360]	@ (100061bc <process_enumeration+0x31c>)
10006054:	0020      	movs	r0, r4
10006056:	9310      	str	r3, [sp, #64]	@ 0x40
10006058:	2308      	movs	r3, #8
1000605a:	950e      	str	r5, [sp, #56]	@ 0x38
1000605c:	9311      	str	r3, [sp, #68]	@ 0x44
1000605e:	f7ff fce9 	bl	10005a34 <tuh_control_xfer>
10006062:	e74d      	b.n	10005f00 <process_enumeration+0x60>
10006064:	2002      	movs	r0, #2
10006066:	f001 fafd 	bl	10007664 <tusb_time_delay_ms_api>
1000606a:	68a3      	ldr	r3, [r4, #8]
1000606c:	789f      	ldrb	r7, [r3, #2]
1000606e:	1e7b      	subs	r3, r7, #1
10006070:	b2da      	uxtb	r2, r3
10006072:	2a04      	cmp	r2, #4
10006074:	d900      	bls.n	10006078 <process_enumeration+0x1d8>
10006076:	e743      	b.n	10005f00 <process_enumeration+0x60>
10006078:	2636      	movs	r6, #54	@ 0x36
1000607a:	2202      	movs	r2, #2
1000607c:	435e      	muls	r6, r3
1000607e:	4d53      	ldr	r5, [pc, #332]	@ (100061cc <process_enumeration+0x32c>)
10006080:	2100      	movs	r1, #0
10006082:	19ac      	adds	r4, r5, r6
10006084:	7923      	ldrb	r3, [r4, #4]
10006086:	4313      	orrs	r3, r2
10006088:	7123      	strb	r3, [r4, #4]
1000608a:	4b4a      	ldr	r3, [pc, #296]	@ (100061b4 <process_enumeration+0x314>)
1000608c:	7818      	ldrb	r0, [r3, #0]
1000608e:	f001 faad 	bl	100075ec <hcd_device_close>
10006092:	7963      	ldrb	r3, [r4, #5]
10006094:	2012      	movs	r0, #18
10006096:	4698      	mov	r8, r3
10006098:	ab08      	add	r3, sp, #32
1000609a:	469c      	mov	ip, r3
1000609c:	2205      	movs	r2, #5
1000609e:	2100      	movs	r1, #0
100060a0:	4460      	add	r0, ip
100060a2:	f7fc fef5 	bl	10002e90 <__wrap_memset>
100060a6:	4b46      	ldr	r3, [pc, #280]	@ (100061c0 <process_enumeration+0x320>)
100060a8:	ac0c      	add	r4, sp, #48	@ 0x30
100060aa:	8023      	strh	r3, [r4, #0]
100060ac:	4643      	mov	r3, r8
100060ae:	0022      	movs	r2, r4
100060b0:	0039      	movs	r1, r7
100060b2:	5d70      	ldrb	r0, [r6, r5]
100060b4:	80a3      	strh	r3, [r4, #4]
100060b6:	f001 faa1 	bl	100075fc <hcd_edpt_open>
100060ba:	2800      	cmp	r0, #0
100060bc:	d100      	bne.n	100060c0 <process_enumeration+0x220>
100060be:	e71f      	b.n	10005f00 <process_enumeration+0x60>
100060c0:	4b40      	ldr	r3, [pc, #256]	@ (100061c4 <process_enumeration+0x324>)
100060c2:	2208      	movs	r2, #8
100060c4:	930a      	str	r3, [sp, #40]	@ 0x28
100060c6:	2390      	movs	r3, #144	@ 0x90
100060c8:	2100      	movs	r1, #0
100060ca:	035b      	lsls	r3, r3, #13
100060cc:	0020      	movs	r0, r4
100060ce:	930b      	str	r3, [sp, #44]	@ 0x2c
100060d0:	f7fc fede 	bl	10002e90 <__wrap_memset>
100060d4:	ab0a      	add	r3, sp, #40	@ 0x28
100060d6:	7027      	strb	r7, [r4, #0]
100060d8:	930e      	str	r3, [sp, #56]	@ 0x38
100060da:	4b3b      	ldr	r3, [pc, #236]	@ (100061c8 <process_enumeration+0x328>)
100060dc:	0020      	movs	r0, r4
100060de:	930f      	str	r3, [sp, #60]	@ 0x3c
100060e0:	4b36      	ldr	r3, [pc, #216]	@ (100061bc <process_enumeration+0x31c>)
100060e2:	9310      	str	r3, [sp, #64]	@ 0x40
100060e4:	2309      	movs	r3, #9
100060e6:	9311      	str	r3, [sp, #68]	@ 0x44
100060e8:	f7ff fca4 	bl	10005a34 <tuh_control_xfer>
100060ec:	e708      	b.n	10005f00 <process_enumeration+0x60>
100060ee:	1e79      	subs	r1, r7, #1
100060f0:	b2cb      	uxtb	r3, r1
100060f2:	2b04      	cmp	r3, #4
100060f4:	d900      	bls.n	100060f8 <process_enumeration+0x258>
100060f6:	e703      	b.n	10005f00 <process_enumeration+0x60>
100060f8:	2236      	movs	r2, #54	@ 0x36
100060fa:	434a      	muls	r2, r1
100060fc:	4d2e      	ldr	r5, [pc, #184]	@ (100061b8 <process_enumeration+0x318>)
100060fe:	4b33      	ldr	r3, [pc, #204]	@ (100061cc <process_enumeration+0x32c>)
10006100:	8a28      	ldrh	r0, [r5, #16]
10006102:	1899      	adds	r1, r3, r2
10006104:	80c8      	strh	r0, [r1, #6]
10006106:	8a68      	ldrh	r0, [r5, #18]
10006108:	ac0c      	add	r4, sp, #48	@ 0x30
1000610a:	8108      	strh	r0, [r1, #8]
1000610c:	8ae8      	ldrh	r0, [r5, #22]
1000610e:	2208      	movs	r2, #8
10006110:	8148      	strh	r0, [r1, #10]
10006112:	7e2b      	ldrb	r3, [r5, #24]
10006114:	0020      	movs	r0, r4
10006116:	730b      	strb	r3, [r1, #12]
10006118:	4b2d      	ldr	r3, [pc, #180]	@ (100061d0 <process_enumeration+0x330>)
1000611a:	2100      	movs	r1, #0
1000611c:	930a      	str	r3, [sp, #40]	@ 0x28
1000611e:	2390      	movs	r3, #144	@ 0x90
10006120:	031b      	lsls	r3, r3, #12
10006122:	930b      	str	r3, [sp, #44]	@ 0x2c
10006124:	f7fc feb4 	bl	10002e90 <__wrap_memset>
10006128:	ab0a      	add	r3, sp, #40	@ 0x28
1000612a:	7027      	strb	r7, [r4, #0]
1000612c:	930e      	str	r3, [sp, #56]	@ 0x38
1000612e:	4b23      	ldr	r3, [pc, #140]	@ (100061bc <process_enumeration+0x31c>)
10006130:	3508      	adds	r5, #8
10006132:	9310      	str	r3, [sp, #64]	@ 0x40
10006134:	230a      	movs	r3, #10
10006136:	0020      	movs	r0, r4
10006138:	950f      	str	r5, [sp, #60]	@ 0x3c
1000613a:	9311      	str	r3, [sp, #68]	@ 0x44
1000613c:	f7ff fc7a 	bl	10005a34 <tuh_control_xfer>
10006140:	e6de      	b.n	10005f00 <process_enumeration+0x60>
10006142:	2280      	movs	r2, #128	@ 0x80
10006144:	4d1c      	ldr	r5, [pc, #112]	@ (100061b8 <process_enumeration+0x318>)
10006146:	0052      	lsls	r2, r2, #1
10006148:	896b      	ldrh	r3, [r5, #10]
1000614a:	4293      	cmp	r3, r2
1000614c:	d900      	bls.n	10006150 <process_enumeration+0x2b0>
1000614e:	e6d7      	b.n	10005f00 <process_enumeration+0x60>
10006150:	4a1f      	ldr	r2, [pc, #124]	@ (100061d0 <process_enumeration+0x330>)
10006152:	ae0a      	add	r6, sp, #40	@ 0x28
10006154:	920a      	str	r2, [sp, #40]	@ 0x28
10006156:	2200      	movs	r2, #0
10006158:	ac0c      	add	r4, sp, #48	@ 0x30
1000615a:	80b2      	strh	r2, [r6, #4]
1000615c:	80f3      	strh	r3, [r6, #6]
1000615e:	2100      	movs	r1, #0
10006160:	0020      	movs	r0, r4
10006162:	3208      	adds	r2, #8
10006164:	f7fc fe94 	bl	10002e90 <__wrap_memset>
10006168:	4b14      	ldr	r3, [pc, #80]	@ (100061bc <process_enumeration+0x31c>)
1000616a:	7027      	strb	r7, [r4, #0]
1000616c:	9310      	str	r3, [sp, #64]	@ 0x40
1000616e:	230b      	movs	r3, #11
10006170:	3508      	adds	r5, #8
10006172:	0020      	movs	r0, r4
10006174:	960e      	str	r6, [sp, #56]	@ 0x38
10006176:	950f      	str	r5, [sp, #60]	@ 0x3c
10006178:	9311      	str	r3, [sp, #68]	@ 0x44
1000617a:	f7ff fc5b 	bl	10005a34 <tuh_control_xfer>
1000617e:	e6bf      	b.n	10005f00 <process_enumeration+0x60>
10006180:	4b14      	ldr	r3, [pc, #80]	@ (100061d4 <process_enumeration+0x334>)
10006182:	ac0c      	add	r4, sp, #48	@ 0x30
10006184:	930a      	str	r3, [sp, #40]	@ 0x28
10006186:	2300      	movs	r3, #0
10006188:	2210      	movs	r2, #16
1000618a:	2100      	movs	r1, #0
1000618c:	0020      	movs	r0, r4
1000618e:	930b      	str	r3, [sp, #44]	@ 0x2c
10006190:	f7fc fe7e 	bl	10002e90 <__wrap_memset>
10006194:	ab0a      	add	r3, sp, #40	@ 0x28
10006196:	7027      	strb	r7, [r4, #0]
10006198:	930e      	str	r3, [sp, #56]	@ 0x38
1000619a:	4b08      	ldr	r3, [pc, #32]	@ (100061bc <process_enumeration+0x31c>)
1000619c:	0020      	movs	r0, r4
1000619e:	9310      	str	r3, [sp, #64]	@ 0x40
100061a0:	230c      	movs	r3, #12
100061a2:	9311      	str	r3, [sp, #68]	@ 0x44
100061a4:	f7ff fc46 	bl	10005a34 <tuh_control_xfer>
100061a8:	e6aa      	b.n	10005f00 <process_enumeration+0x60>
100061aa:	46c0      	nop			@ (mov r8, r8)
100061ac:	20006131 	.word	0x20006131
100061b0:	10009030 	.word	0x10009030
100061b4:	20003e38 	.word	0x20003e38
100061b8:	2000415c 	.word	0x2000415c
100061bc:	10005ea1 	.word	0x10005ea1
100061c0:	00000507 	.word	0x00000507
100061c4:	01000680 	.word	0x01000680
100061c8:	20004164 	.word	0x20004164
100061cc:	2000404c 	.word	0x2000404c
100061d0:	02000680 	.word	0x02000680
100061d4:	00010900 	.word	0x00010900
100061d8:	1e7c      	subs	r4, r7, #1
100061da:	b2e3      	uxtb	r3, r4
100061dc:	2b04      	cmp	r3, #4
100061de:	d900      	bls.n	100061e2 <process_enumeration+0x342>
100061e0:	e68e      	b.n	10005f00 <process_enumeration+0x60>
100061e2:	2336      	movs	r3, #54	@ 0x36
100061e4:	4363      	muls	r3, r4
100061e6:	49b3      	ldr	r1, [pc, #716]	@ (100064b4 <process_enumeration+0x614>)
100061e8:	469b      	mov	fp, r3
100061ea:	000a      	movs	r2, r1
100061ec:	2004      	movs	r0, #4
100061ee:	445a      	add	r2, fp
100061f0:	7913      	ldrb	r3, [r2, #4]
100061f2:	9106      	str	r1, [sp, #24]
100061f4:	4303      	orrs	r3, r0
100061f6:	7113      	strb	r3, [r2, #4]
100061f8:	4baf      	ldr	r3, [pc, #700]	@ (100064b8 <process_enumeration+0x618>)
100061fa:	001a      	movs	r2, r3
100061fc:	8958      	ldrh	r0, [r3, #10]
100061fe:	7a1d      	ldrb	r5, [r3, #8]
10006200:	3208      	adds	r2, #8
10006202:	1880      	adds	r0, r0, r2
10006204:	18ad      	adds	r5, r5, r2
10006206:	4bad      	ldr	r3, [pc, #692]	@ (100064bc <process_enumeration+0x61c>)
10006208:	9004      	str	r0, [sp, #16]
1000620a:	42a8      	cmp	r0, r5
1000620c:	d800      	bhi.n	10006210 <process_enumeration+0x370>
1000620e:	e13c      	b.n	1000648a <process_enumeration+0x5ea>
10006210:	4688      	mov	r8, r1
10006212:	46b9      	mov	r9, r7
10006214:	469a      	mov	sl, r3
10006216:	4baa      	ldr	r3, [pc, #680]	@ (100064c0 <process_enumeration+0x620>)
10006218:	9608      	str	r6, [sp, #32]
1000621a:	9409      	str	r4, [sp, #36]	@ 0x24
1000621c:	9303      	str	r3, [sp, #12]
1000621e:	782a      	ldrb	r2, [r5, #0]
10006220:	2a00      	cmp	r2, #0
10006222:	d100      	bne.n	10006226 <process_enumeration+0x386>
10006224:	e114      	b.n	10006450 <process_enumeration+0x5b0>
10006226:	786b      	ldrb	r3, [r5, #1]
10006228:	2601      	movs	r6, #1
1000622a:	2b0b      	cmp	r3, #11
1000622c:	d102      	bne.n	10006234 <process_enumeration+0x394>
1000622e:	78ee      	ldrb	r6, [r5, #3]
10006230:	18ad      	adds	r5, r5, r2
10006232:	786b      	ldrb	r3, [r5, #1]
10006234:	2b04      	cmp	r3, #4
10006236:	d000      	beq.n	1000623a <process_enumeration+0x39a>
10006238:	e662      	b.n	10005f00 <process_enumeration+0x60>
1000623a:	9b04      	ldr	r3, [sp, #16]
1000623c:	0031      	movs	r1, r6
1000623e:	1b5a      	subs	r2, r3, r5
10006240:	0028      	movs	r0, r5
10006242:	b292      	uxth	r2, r2
10006244:	f001 fad4 	bl	100077f0 <tu_desc_get_interface_total_len>
10006248:	2808      	cmp	r0, #8
1000624a:	d800      	bhi.n	1000624e <process_enumeration+0x3ae>
1000624c:	e658      	b.n	10005f00 <process_enumeration+0x60>
1000624e:	4653      	mov	r3, sl
10006250:	002f      	movs	r7, r5
10006252:	781a      	ldrb	r2, [r3, #0]
10006254:	464d      	mov	r5, r9
10006256:	9307      	str	r3, [sp, #28]
10006258:	2400      	movs	r4, #0
1000625a:	2300      	movs	r3, #0
1000625c:	4681      	mov	r9, r0
1000625e:	9605      	str	r6, [sp, #20]
10006260:	e019      	b.n	10006296 <process_enumeration+0x3f6>
10006262:	4b98      	ldr	r3, [pc, #608]	@ (100064c4 <process_enumeration+0x624>)
10006264:	00e1      	lsls	r1, r4, #3
10006266:	681b      	ldr	r3, [r3, #0]
10006268:	1b09      	subs	r1, r1, r4
1000626a:	0089      	lsls	r1, r1, #2
1000626c:	185b      	adds	r3, r3, r1
1000626e:	2b00      	cmp	r3, #0
10006270:	d00b      	beq.n	1000628a <process_enumeration+0x3ea>
10006272:	4642      	mov	r2, r8
10006274:	4659      	mov	r1, fp
10006276:	68de      	ldr	r6, [r3, #12]
10006278:	5c50      	ldrb	r0, [r2, r1]
1000627a:	464b      	mov	r3, r9
1000627c:	003a      	movs	r2, r7
1000627e:	0029      	movs	r1, r5
10006280:	47b0      	blx	r6
10006282:	2800      	cmp	r0, #0
10006284:	d14c      	bne.n	10006320 <process_enumeration+0x480>
10006286:	4653      	mov	r3, sl
10006288:	781a      	ldrb	r2, [r3, #0]
1000628a:	3401      	adds	r4, #1
1000628c:	b2e4      	uxtb	r4, r4
1000628e:	1c51      	adds	r1, r2, #1
10006290:	0023      	movs	r3, r4
10006292:	428c      	cmp	r4, r1
10006294:	dc1f      	bgt.n	100062d6 <process_enumeration+0x436>
10006296:	4294      	cmp	r4, r2
10006298:	d3e3      	bcc.n	10006262 <process_enumeration+0x3c2>
1000629a:	1a9a      	subs	r2, r3, r2
1000629c:	00d3      	lsls	r3, r2, #3
1000629e:	1a9b      	subs	r3, r3, r2
100062a0:	9a03      	ldr	r2, [sp, #12]
100062a2:	009b      	lsls	r3, r3, #2
100062a4:	4694      	mov	ip, r2
100062a6:	4463      	add	r3, ip
100062a8:	e7e3      	b.n	10006272 <process_enumeration+0x3d2>
100062aa:	2110      	movs	r1, #16
100062ac:	4b86      	ldr	r3, [pc, #536]	@ (100064c8 <process_enumeration+0x628>)
100062ae:	78da      	ldrb	r2, [r3, #3]
100062b0:	7858      	ldrb	r0, [r3, #1]
100062b2:	438a      	bics	r2, r1
100062b4:	70da      	strb	r2, [r3, #3]
100062b6:	2800      	cmp	r0, #0
100062b8:	d100      	bne.n	100062bc <process_enumeration+0x41c>
100062ba:	e621      	b.n	10005f00 <process_enumeration+0x60>
100062bc:	f000 fdda 	bl	10006e74 <hub_edpt_status_xfer>
100062c0:	e61e      	b.n	10005f00 <process_enumeration+0x60>
100062c2:	4a7c      	ldr	r2, [pc, #496]	@ (100064b4 <process_enumeration+0x614>)
100062c4:	2005      	movs	r0, #5
100062c6:	0011      	movs	r1, r2
100062c8:	9206      	str	r2, [sp, #24]
100062ca:	22dc      	movs	r2, #220	@ 0xdc
100062cc:	5c8a      	ldrb	r2, [r1, r2]
100062ce:	07d2      	lsls	r2, r2, #31
100062d0:	d500      	bpl.n	100062d4 <process_enumeration+0x434>
100062d2:	e615      	b.n	10005f00 <process_enumeration+0x60>
100062d4:	e69b      	b.n	1000600e <process_enumeration+0x16e>
100062d6:	464b      	mov	r3, r9
100062d8:	46a9      	mov	r9, r5
100062da:	003d      	movs	r5, r7
100062dc:	001f      	movs	r7, r3
100062de:	9b04      	ldr	r3, [sp, #16]
100062e0:	19ed      	adds	r5, r5, r7
100062e2:	42ab      	cmp	r3, r5
100062e4:	d89b      	bhi.n	1000621e <process_enumeration+0x37e>
100062e6:	464f      	mov	r7, r9
100062e8:	9e08      	ldr	r6, [sp, #32]
100062ea:	9c09      	ldr	r4, [sp, #36]	@ 0x24
100062ec:	9b07      	ldr	r3, [sp, #28]
100062ee:	9d06      	ldr	r5, [sp, #24]
100062f0:	781a      	ldrb	r2, [r3, #0]
100062f2:	4b74      	ldr	r3, [pc, #464]	@ (100064c4 <process_enumeration+0x624>)
100062f4:	46ac      	mov	ip, r5
100062f6:	6819      	ldr	r1, [r3, #0]
100062f8:	2336      	movs	r3, #54	@ 0x36
100062fa:	4363      	muls	r3, r4
100062fc:	4463      	add	r3, ip
100062fe:	7b5d      	ldrb	r5, [r3, #13]
10006300:	1c50      	adds	r0, r2, #1
10006302:	4295      	cmp	r5, r2
10006304:	d32b      	bcc.n	1000635e <process_enumeration+0x4be>
10006306:	4285      	cmp	r5, r0
10006308:	dc2f      	bgt.n	1000636a <process_enumeration+0x4ca>
1000630a:	1aad      	subs	r5, r5, r2
1000630c:	00eb      	lsls	r3, r5, #3
1000630e:	4a6c      	ldr	r2, [pc, #432]	@ (100064c0 <process_enumeration+0x620>)
10006310:	1b5b      	subs	r3, r3, r5
10006312:	009b      	lsls	r3, r3, #2
10006314:	189b      	adds	r3, r3, r2
10006316:	0031      	movs	r1, r6
10006318:	0038      	movs	r0, r7
1000631a:	691b      	ldr	r3, [r3, #16]
1000631c:	4798      	blx	r3
1000631e:	e5ef      	b.n	10005f00 <process_enumeration+0x60>
10006320:	464b      	mov	r3, r9
10006322:	9e05      	ldr	r6, [sp, #20]
10006324:	46a9      	mov	r9, r5
10006326:	003d      	movs	r5, r7
10006328:	001f      	movs	r7, r3
1000632a:	2e00      	cmp	r6, #0
1000632c:	d00e      	beq.n	1000634c <process_enumeration+0x4ac>
1000632e:	4640      	mov	r0, r8
10006330:	78ab      	ldrb	r3, [r5, #2]
10006332:	4458      	add	r0, fp
10006334:	18f6      	adds	r6, r6, r3
10006336:	b2f6      	uxtb	r6, r6
10006338:	18c2      	adds	r2, r0, r3
1000633a:	7b51      	ldrb	r1, [r2, #13]
1000633c:	29ff      	cmp	r1, #255	@ 0xff
1000633e:	d000      	beq.n	10006342 <process_enumeration+0x4a2>
10006340:	e5de      	b.n	10005f00 <process_enumeration+0x60>
10006342:	3301      	adds	r3, #1
10006344:	b2db      	uxtb	r3, r3
10006346:	7354      	strb	r4, [r2, #13]
10006348:	42b3      	cmp	r3, r6
1000634a:	d1f5      	bne.n	10006338 <process_enumeration+0x498>
1000634c:	4658      	mov	r0, fp
1000634e:	3015      	adds	r0, #21
10006350:	0023      	movs	r3, r4
10006352:	003a      	movs	r2, r7
10006354:	0029      	movs	r1, r5
10006356:	4440      	add	r0, r8
10006358:	f001 fa30 	bl	100077bc <tu_edpt_bind_driver>
1000635c:	e7bf      	b.n	100062de <process_enumeration+0x43e>
1000635e:	00eb      	lsls	r3, r5, #3
10006360:	1b5b      	subs	r3, r3, r5
10006362:	009b      	lsls	r3, r3, #2
10006364:	18cb      	adds	r3, r1, r3
10006366:	2b00      	cmp	r3, #0
10006368:	d1d5      	bne.n	10006316 <process_enumeration+0x476>
1000636a:	2336      	movs	r3, #54	@ 0x36
1000636c:	9d06      	ldr	r5, [sp, #24]
1000636e:	4363      	muls	r3, r4
10006370:	46ac      	mov	ip, r5
10006372:	4463      	add	r3, ip
10006374:	7b9d      	ldrb	r5, [r3, #14]
10006376:	4295      	cmp	r5, r2
10006378:	d35a      	bcc.n	10006430 <process_enumeration+0x590>
1000637a:	2601      	movs	r6, #1
1000637c:	4285      	cmp	r5, r0
1000637e:	ddc4      	ble.n	1000630a <process_enumeration+0x46a>
10006380:	2336      	movs	r3, #54	@ 0x36
10006382:	9d06      	ldr	r5, [sp, #24]
10006384:	4363      	muls	r3, r4
10006386:	46ac      	mov	ip, r5
10006388:	4463      	add	r3, ip
1000638a:	7bdd      	ldrb	r5, [r3, #15]
1000638c:	4295      	cmp	r5, r2
1000638e:	d357      	bcc.n	10006440 <process_enumeration+0x5a0>
10006390:	2602      	movs	r6, #2
10006392:	4285      	cmp	r5, r0
10006394:	ddb9      	ble.n	1000630a <process_enumeration+0x46a>
10006396:	2336      	movs	r3, #54	@ 0x36
10006398:	9d06      	ldr	r5, [sp, #24]
1000639a:	4363      	muls	r3, r4
1000639c:	46ac      	mov	ip, r5
1000639e:	4463      	add	r3, ip
100063a0:	7c1d      	ldrb	r5, [r3, #16]
100063a2:	4295      	cmp	r5, r2
100063a4:	d35a      	bcc.n	1000645c <process_enumeration+0x5bc>
100063a6:	2603      	movs	r6, #3
100063a8:	4285      	cmp	r5, r0
100063aa:	ddae      	ble.n	1000630a <process_enumeration+0x46a>
100063ac:	2336      	movs	r3, #54	@ 0x36
100063ae:	9d06      	ldr	r5, [sp, #24]
100063b0:	4363      	muls	r3, r4
100063b2:	46ac      	mov	ip, r5
100063b4:	4463      	add	r3, ip
100063b6:	7c5d      	ldrb	r5, [r3, #17]
100063b8:	4295      	cmp	r5, r2
100063ba:	d35c      	bcc.n	10006476 <process_enumeration+0x5d6>
100063bc:	2604      	movs	r6, #4
100063be:	42a8      	cmp	r0, r5
100063c0:	daa3      	bge.n	1000630a <process_enumeration+0x46a>
100063c2:	2336      	movs	r3, #54	@ 0x36
100063c4:	9d06      	ldr	r5, [sp, #24]
100063c6:	4363      	muls	r3, r4
100063c8:	46ac      	mov	ip, r5
100063ca:	4463      	add	r3, ip
100063cc:	7c9d      	ldrb	r5, [r3, #18]
100063ce:	42aa      	cmp	r2, r5
100063d0:	d85d      	bhi.n	1000648e <process_enumeration+0x5ee>
100063d2:	2605      	movs	r6, #5
100063d4:	42a8      	cmp	r0, r5
100063d6:	da98      	bge.n	1000630a <process_enumeration+0x46a>
100063d8:	2336      	movs	r3, #54	@ 0x36
100063da:	9d06      	ldr	r5, [sp, #24]
100063dc:	4363      	muls	r3, r4
100063de:	46ac      	mov	ip, r5
100063e0:	4463      	add	r3, ip
100063e2:	7cdd      	ldrb	r5, [r3, #19]
100063e4:	42aa      	cmp	r2, r5
100063e6:	d85a      	bhi.n	1000649e <process_enumeration+0x5fe>
100063e8:	2606      	movs	r6, #6
100063ea:	42a8      	cmp	r0, r5
100063ec:	da8d      	bge.n	1000630a <process_enumeration+0x46a>
100063ee:	2336      	movs	r3, #54	@ 0x36
100063f0:	4363      	muls	r3, r4
100063f2:	9c06      	ldr	r4, [sp, #24]
100063f4:	46a4      	mov	ip, r4
100063f6:	4463      	add	r3, ip
100063f8:	7d1d      	ldrb	r5, [r3, #20]
100063fa:	4295      	cmp	r5, r2
100063fc:	d256      	bcs.n	100064ac <process_enumeration+0x60c>
100063fe:	231c      	movs	r3, #28
10006400:	436b      	muls	r3, r5
10006402:	18cb      	adds	r3, r1, r3
10006404:	2607      	movs	r6, #7
10006406:	2b00      	cmp	r3, #0
10006408:	d185      	bne.n	10006316 <process_enumeration+0x476>
1000640a:	2110      	movs	r1, #16
1000640c:	4b2e      	ldr	r3, [pc, #184]	@ (100064c8 <process_enumeration+0x628>)
1000640e:	78da      	ldrb	r2, [r3, #3]
10006410:	7858      	ldrb	r0, [r3, #1]
10006412:	438a      	bics	r2, r1
10006414:	70da      	strb	r2, [r3, #3]
10006416:	2800      	cmp	r0, #0
10006418:	d128      	bne.n	1000646c <process_enumeration+0x5cc>
1000641a:	2f05      	cmp	r7, #5
1000641c:	d100      	bne.n	10006420 <process_enumeration+0x580>
1000641e:	e56f      	b.n	10005f00 <process_enumeration+0x60>
10006420:	4b2a      	ldr	r3, [pc, #168]	@ (100064cc <process_enumeration+0x62c>)
10006422:	2b00      	cmp	r3, #0
10006424:	d100      	bne.n	10006428 <process_enumeration+0x588>
10006426:	e56b      	b.n	10005f00 <process_enumeration+0x60>
10006428:	0038      	movs	r0, r7
1000642a:	e000      	b.n	1000642e <process_enumeration+0x58e>
1000642c:	bf00      	nop
1000642e:	e567      	b.n	10005f00 <process_enumeration+0x60>
10006430:	00eb      	lsls	r3, r5, #3
10006432:	1b5b      	subs	r3, r3, r5
10006434:	009b      	lsls	r3, r3, #2
10006436:	18cb      	adds	r3, r1, r3
10006438:	2b00      	cmp	r3, #0
1000643a:	d0a1      	beq.n	10006380 <process_enumeration+0x4e0>
1000643c:	2601      	movs	r6, #1
1000643e:	e76a      	b.n	10006316 <process_enumeration+0x476>
10006440:	00eb      	lsls	r3, r5, #3
10006442:	1b5b      	subs	r3, r3, r5
10006444:	009b      	lsls	r3, r3, #2
10006446:	18cb      	adds	r3, r1, r3
10006448:	2b00      	cmp	r3, #0
1000644a:	d0a4      	beq.n	10006396 <process_enumeration+0x4f6>
1000644c:	2602      	movs	r6, #2
1000644e:	e762      	b.n	10006316 <process_enumeration+0x476>
10006450:	4b1a      	ldr	r3, [pc, #104]	@ (100064bc <process_enumeration+0x61c>)
10006452:	464f      	mov	r7, r9
10006454:	9e08      	ldr	r6, [sp, #32]
10006456:	9c09      	ldr	r4, [sp, #36]	@ 0x24
10006458:	9307      	str	r3, [sp, #28]
1000645a:	e747      	b.n	100062ec <process_enumeration+0x44c>
1000645c:	00eb      	lsls	r3, r5, #3
1000645e:	1b5b      	subs	r3, r3, r5
10006460:	009b      	lsls	r3, r3, #2
10006462:	18cb      	adds	r3, r1, r3
10006464:	2b00      	cmp	r3, #0
10006466:	d0a1      	beq.n	100063ac <process_enumeration+0x50c>
10006468:	2603      	movs	r6, #3
1000646a:	e754      	b.n	10006316 <process_enumeration+0x476>
1000646c:	f000 fd02 	bl	10006e74 <hub_edpt_status_xfer>
10006470:	e7d3      	b.n	1000641a <process_enumeration+0x57a>
10006472:	2003      	movs	r0, #3
10006474:	e5cb      	b.n	1000600e <process_enumeration+0x16e>
10006476:	00eb      	lsls	r3, r5, #3
10006478:	1b5b      	subs	r3, r3, r5
1000647a:	009b      	lsls	r3, r3, #2
1000647c:	18cb      	adds	r3, r1, r3
1000647e:	2b00      	cmp	r3, #0
10006480:	d09f      	beq.n	100063c2 <process_enumeration+0x522>
10006482:	2604      	movs	r6, #4
10006484:	e747      	b.n	10006316 <process_enumeration+0x476>
10006486:	2002      	movs	r0, #2
10006488:	e5c1      	b.n	1000600e <process_enumeration+0x16e>
1000648a:	9307      	str	r3, [sp, #28]
1000648c:	e72e      	b.n	100062ec <process_enumeration+0x44c>
1000648e:	00eb      	lsls	r3, r5, #3
10006490:	1b5b      	subs	r3, r3, r5
10006492:	009b      	lsls	r3, r3, #2
10006494:	18cb      	adds	r3, r1, r3
10006496:	2b00      	cmp	r3, #0
10006498:	d09e      	beq.n	100063d8 <process_enumeration+0x538>
1000649a:	2605      	movs	r6, #5
1000649c:	e73b      	b.n	10006316 <process_enumeration+0x476>
1000649e:	231c      	movs	r3, #28
100064a0:	436b      	muls	r3, r5
100064a2:	18cb      	adds	r3, r1, r3
100064a4:	2b00      	cmp	r3, #0
100064a6:	d0a2      	beq.n	100063ee <process_enumeration+0x54e>
100064a8:	2606      	movs	r6, #6
100064aa:	e734      	b.n	10006316 <process_enumeration+0x476>
100064ac:	42a8      	cmp	r0, r5
100064ae:	dbac      	blt.n	1000640a <process_enumeration+0x56a>
100064b0:	2607      	movs	r6, #7
100064b2:	e72a      	b.n	1000630a <process_enumeration+0x46a>
100064b4:	2000404c 	.word	0x2000404c
100064b8:	2000415c 	.word	0x2000415c
100064bc:	2000612e 	.word	0x2000612e
100064c0:	10009064 	.word	0x10009064
100064c4:	20003e24 	.word	0x20003e24
100064c8:	20003e38 	.word	0x20003e38
100064cc:	00000000 	.word	0x00000000

100064d0 <usbh_get_rhport>:
100064d0:	3801      	subs	r0, #1
100064d2:	b2c3      	uxtb	r3, r0
100064d4:	2b04      	cmp	r3, #4
100064d6:	d804      	bhi.n	100064e2 <usbh_get_rhport+0x12>
100064d8:	2236      	movs	r2, #54	@ 0x36
100064da:	4342      	muls	r2, r0
100064dc:	4b02      	ldr	r3, [pc, #8]	@ (100064e8 <usbh_get_rhport+0x18>)
100064de:	5cd0      	ldrb	r0, [r2, r3]
100064e0:	4770      	bx	lr
100064e2:	4b02      	ldr	r3, [pc, #8]	@ (100064ec <usbh_get_rhport+0x1c>)
100064e4:	7818      	ldrb	r0, [r3, #0]
100064e6:	e7fb      	b.n	100064e0 <usbh_get_rhport+0x10>
100064e8:	2000404c 	.word	0x2000404c
100064ec:	20003e38 	.word	0x20003e38

100064f0 <usbh_get_enum_buf>:
100064f0:	4800      	ldr	r0, [pc, #0]	@ (100064f4 <usbh_get_enum_buf+0x4>)
100064f2:	4770      	bx	lr
100064f4:	20004164 	.word	0x20004164

100064f8 <usbh_edpt_claim>:
100064f8:	3801      	subs	r0, #1
100064fa:	b2c2      	uxtb	r2, r0
100064fc:	b570      	push	{r4, r5, r6, lr}
100064fe:	2a04      	cmp	r2, #4
10006500:	d817      	bhi.n	10006532 <usbh_edpt_claim+0x3a>
10006502:	2236      	movs	r2, #54	@ 0x36
10006504:	4342      	muls	r2, r0
10006506:	4c0c      	ldr	r4, [pc, #48]	@ (10006538 <usbh_edpt_claim+0x40>)
10006508:	18a3      	adds	r3, r4, r2
1000650a:	791b      	ldrb	r3, [r3, #4]
1000650c:	07db      	lsls	r3, r3, #31
1000650e:	0fd8      	lsrs	r0, r3, #31
10006510:	2b00      	cmp	r3, #0
10006512:	d100      	bne.n	10006516 <usbh_edpt_claim+0x1e>
10006514:	bd70      	pop	{r4, r5, r6, pc}
10006516:	207f      	movs	r0, #127	@ 0x7f
10006518:	4b08      	ldr	r3, [pc, #32]	@ (1000653c <usbh_edpt_claim+0x44>)
1000651a:	4008      	ands	r0, r1
1000651c:	681d      	ldr	r5, [r3, #0]
1000651e:	09cb      	lsrs	r3, r1, #7
10006520:	3325      	adds	r3, #37	@ 0x25
10006522:	0040      	lsls	r0, r0, #1
10006524:	18c0      	adds	r0, r0, r3
10006526:	1880      	adds	r0, r0, r2
10006528:	0029      	movs	r1, r5
1000652a:	1900      	adds	r0, r0, r4
1000652c:	f001 f8c4 	bl	100076b8 <tu_edpt_claim>
10006530:	e7f0      	b.n	10006514 <usbh_edpt_claim+0x1c>
10006532:	2000      	movs	r0, #0
10006534:	e7ee      	b.n	10006514 <usbh_edpt_claim+0x1c>
10006536:	46c0      	nop			@ (mov r8, r8)
10006538:	2000404c 	.word	0x2000404c
1000653c:	20004264 	.word	0x20004264

10006540 <usbh_edpt_release>:
10006540:	3801      	subs	r0, #1
10006542:	b2c2      	uxtb	r2, r0
10006544:	b570      	push	{r4, r5, r6, lr}
10006546:	2a04      	cmp	r2, #4
10006548:	d817      	bhi.n	1000657a <usbh_edpt_release+0x3a>
1000654a:	2236      	movs	r2, #54	@ 0x36
1000654c:	4342      	muls	r2, r0
1000654e:	4c0c      	ldr	r4, [pc, #48]	@ (10006580 <usbh_edpt_release+0x40>)
10006550:	18a3      	adds	r3, r4, r2
10006552:	791b      	ldrb	r3, [r3, #4]
10006554:	07db      	lsls	r3, r3, #31
10006556:	0fd8      	lsrs	r0, r3, #31
10006558:	2b00      	cmp	r3, #0
1000655a:	d100      	bne.n	1000655e <usbh_edpt_release+0x1e>
1000655c:	bd70      	pop	{r4, r5, r6, pc}
1000655e:	207f      	movs	r0, #127	@ 0x7f
10006560:	4b08      	ldr	r3, [pc, #32]	@ (10006584 <usbh_edpt_release+0x44>)
10006562:	4008      	ands	r0, r1
10006564:	681d      	ldr	r5, [r3, #0]
10006566:	09cb      	lsrs	r3, r1, #7
10006568:	3325      	adds	r3, #37	@ 0x25
1000656a:	0040      	lsls	r0, r0, #1
1000656c:	18c0      	adds	r0, r0, r3
1000656e:	1880      	adds	r0, r0, r2
10006570:	0029      	movs	r1, r5
10006572:	1900      	adds	r0, r0, r4
10006574:	f001 f8c8 	bl	10007708 <tu_edpt_release>
10006578:	e7f0      	b.n	1000655c <usbh_edpt_release+0x1c>
1000657a:	2000      	movs	r0, #0
1000657c:	e7ee      	b.n	1000655c <usbh_edpt_release+0x1c>
1000657e:	46c0      	nop			@ (mov r8, r8)
10006580:	2000404c 	.word	0x2000404c
10006584:	20004264 	.word	0x20004264

10006588 <usbh_edpt_xfer_with_callback>:
10006588:	b5f0      	push	{r4, r5, r6, r7, lr}
1000658a:	46c6      	mov	lr, r8
1000658c:	b500      	push	{lr}
1000658e:	0005      	movs	r5, r0
10006590:	3801      	subs	r0, #1
10006592:	b2c4      	uxtb	r4, r0
10006594:	4698      	mov	r8, r3
10006596:	b082      	sub	sp, #8
10006598:	2c04      	cmp	r4, #4
1000659a:	d80d      	bhi.n	100065b8 <usbh_edpt_xfer_with_callback+0x30>
1000659c:	2336      	movs	r3, #54	@ 0x36
1000659e:	247f      	movs	r4, #127	@ 0x7f
100065a0:	4358      	muls	r0, r3
100065a2:	400c      	ands	r4, r1
100065a4:	4f13      	ldr	r7, [pc, #76]	@ (100065f4 <usbh_edpt_xfer_with_callback+0x6c>)
100065a6:	0064      	lsls	r4, r4, #1
100065a8:	1824      	adds	r4, r4, r0
100065aa:	09ce      	lsrs	r6, r1, #7
100065ac:	193c      	adds	r4, r7, r4
100065ae:	19a4      	adds	r4, r4, r6
100065b0:	3420      	adds	r4, #32
100065b2:	7966      	ldrb	r6, [r4, #5]
100065b4:	07f6      	lsls	r6, r6, #31
100065b6:	d504      	bpl.n	100065c2 <usbh_edpt_xfer_with_callback+0x3a>
100065b8:	2000      	movs	r0, #0
100065ba:	b002      	add	sp, #8
100065bc:	bc80      	pop	{r7}
100065be:	46b8      	mov	r8, r7
100065c0:	bdf0      	pop	{r4, r5, r6, r7, pc}
100065c2:	2301      	movs	r3, #1
100065c4:	469c      	mov	ip, r3
100065c6:	4663      	mov	r3, ip
100065c8:	7966      	ldrb	r6, [r4, #5]
100065ca:	431e      	orrs	r6, r3
100065cc:	4643      	mov	r3, r8
100065ce:	7166      	strb	r6, [r4, #5]
100065d0:	5dc0      	ldrb	r0, [r0, r7]
100065d2:	9300      	str	r3, [sp, #0]
100065d4:	0013      	movs	r3, r2
100065d6:	000a      	movs	r2, r1
100065d8:	0029      	movs	r1, r5
100065da:	f001 f82b 	bl	10007634 <hcd_edpt_xfer>
100065de:	2800      	cmp	r0, #0
100065e0:	d1eb      	bne.n	100065ba <usbh_edpt_xfer_with_callback+0x32>
100065e2:	2201      	movs	r2, #1
100065e4:	7963      	ldrb	r3, [r4, #5]
100065e6:	4393      	bics	r3, r2
100065e8:	7163      	strb	r3, [r4, #5]
100065ea:	7963      	ldrb	r3, [r4, #5]
100065ec:	3203      	adds	r2, #3
100065ee:	4393      	bics	r3, r2
100065f0:	7163      	strb	r3, [r4, #5]
100065f2:	e7e1      	b.n	100065b8 <usbh_edpt_xfer_with_callback+0x30>
100065f4:	2000404c 	.word	0x2000404c

100065f8 <tuh_edpt_open>:
100065f8:	b5f8      	push	{r3, r4, r5, r6, r7, lr}
100065fa:	1e43      	subs	r3, r0, #1
100065fc:	b2da      	uxtb	r2, r3
100065fe:	0004      	movs	r4, r0
10006600:	000d      	movs	r5, r1
10006602:	2a04      	cmp	r2, #4
10006604:	d811      	bhi.n	1000662a <tuh_edpt_open+0x32>
10006606:	2636      	movs	r6, #54	@ 0x36
10006608:	435e      	muls	r6, r3
1000660a:	4f0d      	ldr	r7, [pc, #52]	@ (10006640 <tuh_edpt_open+0x48>)
1000660c:	0028      	movs	r0, r5
1000660e:	19bb      	adds	r3, r7, r6
10006610:	78d9      	ldrb	r1, [r3, #3]
10006612:	f001 f895 	bl	10007740 <tu_edpt_validate>
10006616:	2800      	cmp	r0, #0
10006618:	d005      	beq.n	10006626 <tuh_edpt_open+0x2e>
1000661a:	5df0      	ldrb	r0, [r6, r7]
1000661c:	002a      	movs	r2, r5
1000661e:	0021      	movs	r1, r4
10006620:	f000 ffec 	bl	100075fc <hcd_edpt_open>
10006624:	bdf8      	pop	{r3, r4, r5, r6, r7, pc}
10006626:	2000      	movs	r0, #0
10006628:	e7fc      	b.n	10006624 <tuh_edpt_open+0x2c>
1000662a:	4e06      	ldr	r6, [pc, #24]	@ (10006644 <tuh_edpt_open+0x4c>)
1000662c:	0028      	movs	r0, r5
1000662e:	78f1      	ldrb	r1, [r6, #3]
10006630:	0709      	lsls	r1, r1, #28
10006632:	0f09      	lsrs	r1, r1, #28
10006634:	f001 f884 	bl	10007740 <tu_edpt_validate>
10006638:	2800      	cmp	r0, #0
1000663a:	d0f4      	beq.n	10006626 <tuh_edpt_open+0x2e>
1000663c:	7830      	ldrb	r0, [r6, #0]
1000663e:	e7ed      	b.n	1000661c <tuh_edpt_open+0x24>
10006640:	2000404c 	.word	0x2000404c
10006644:	20003e38 	.word	0x20003e38

10006648 <hcd_devtree_get_info>:
10006648:	1e43      	subs	r3, r0, #1
1000664a:	b2da      	uxtb	r2, r3
1000664c:	2a04      	cmp	r2, #4
1000664e:	d80c      	bhi.n	1000666a <hcd_devtree_get_info+0x22>
10006650:	2236      	movs	r2, #54	@ 0x36
10006652:	4353      	muls	r3, r2
10006654:	480a      	ldr	r0, [pc, #40]	@ (10006680 <hcd_devtree_get_info+0x38>)
10006656:	5c1a      	ldrb	r2, [r3, r0]
10006658:	18c0      	adds	r0, r0, r3
1000665a:	700a      	strb	r2, [r1, #0]
1000665c:	7843      	ldrb	r3, [r0, #1]
1000665e:	704b      	strb	r3, [r1, #1]
10006660:	7883      	ldrb	r3, [r0, #2]
10006662:	708b      	strb	r3, [r1, #2]
10006664:	78c3      	ldrb	r3, [r0, #3]
10006666:	70cb      	strb	r3, [r1, #3]
10006668:	4770      	bx	lr
1000666a:	4b06      	ldr	r3, [pc, #24]	@ (10006684 <hcd_devtree_get_info+0x3c>)
1000666c:	781a      	ldrb	r2, [r3, #0]
1000666e:	700a      	strb	r2, [r1, #0]
10006670:	785a      	ldrb	r2, [r3, #1]
10006672:	704a      	strb	r2, [r1, #1]
10006674:	789a      	ldrb	r2, [r3, #2]
10006676:	708a      	strb	r2, [r1, #2]
10006678:	78db      	ldrb	r3, [r3, #3]
1000667a:	071b      	lsls	r3, r3, #28
1000667c:	0f1b      	lsrs	r3, r3, #28
1000667e:	e7f2      	b.n	10006666 <hcd_devtree_get_info+0x1e>
10006680:	2000404c 	.word	0x2000404c
10006684:	20003e38 	.word	0x20003e38

10006688 <tuh_descriptor_get_hid_report>:
10006688:	b5f0      	push	{r4, r5, r6, r7, lr}
1000668a:	4657      	mov	r7, sl
1000668c:	464e      	mov	r6, r9
1000668e:	4645      	mov	r5, r8
10006690:	46de      	mov	lr, fp
10006692:	b5e0      	push	{r5, r6, r7, lr}
10006694:	b083      	sub	sp, #12
10006696:	0004      	movs	r4, r0
10006698:	a80c      	add	r0, sp, #48	@ 0x30
1000669a:	001d      	movs	r5, r3
1000669c:	c808      	ldmia	r0!, {r3}
1000669e:	000f      	movs	r7, r1
100066a0:	469a      	mov	sl, r3
100066a2:	8803      	ldrh	r3, [r0, #0]
100066a4:	0016      	movs	r6, r2
100066a6:	4699      	mov	r9, r3
100066a8:	2c00      	cmp	r4, #0
100066aa:	d111      	bne.n	100066d0 <tuh_descriptor_get_hid_report+0x48>
100066ac:	4b45      	ldr	r3, [pc, #276]	@ (100067c4 <tuh_descriptor_get_hid_report+0x13c>)
100066ae:	78db      	ldrb	r3, [r3, #3]
100066b0:	06db      	lsls	r3, r3, #27
100066b2:	d504      	bpl.n	100066be <tuh_descriptor_get_hid_report+0x36>
100066b4:	4b44      	ldr	r3, [pc, #272]	@ (100067c8 <tuh_descriptor_get_hid_report+0x140>)
100066b6:	4698      	mov	r8, r3
100066b8:	7b5b      	ldrb	r3, [r3, #13]
100066ba:	2b00      	cmp	r3, #0
100066bc:	d018      	beq.n	100066f0 <tuh_descriptor_get_hid_report+0x68>
100066be:	2400      	movs	r4, #0
100066c0:	0020      	movs	r0, r4
100066c2:	b003      	add	sp, #12
100066c4:	bcf0      	pop	{r4, r5, r6, r7}
100066c6:	46bb      	mov	fp, r7
100066c8:	46b2      	mov	sl, r6
100066ca:	46a9      	mov	r9, r5
100066cc:	46a0      	mov	r8, r4
100066ce:	bdf0      	pop	{r4, r5, r6, r7, pc}
100066d0:	1e61      	subs	r1, r4, #1
100066d2:	b2cb      	uxtb	r3, r1
100066d4:	2b04      	cmp	r3, #4
100066d6:	d8f2      	bhi.n	100066be <tuh_descriptor_get_hid_report+0x36>
100066d8:	2236      	movs	r2, #54	@ 0x36
100066da:	434a      	muls	r2, r1
100066dc:	4b3b      	ldr	r3, [pc, #236]	@ (100067cc <tuh_descriptor_get_hid_report+0x144>)
100066de:	189b      	adds	r3, r3, r2
100066e0:	791b      	ldrb	r3, [r3, #4]
100066e2:	07db      	lsls	r3, r3, #31
100066e4:	d5eb      	bpl.n	100066be <tuh_descriptor_get_hid_report+0x36>
100066e6:	4b38      	ldr	r3, [pc, #224]	@ (100067c8 <tuh_descriptor_get_hid_report+0x140>)
100066e8:	4698      	mov	r8, r3
100066ea:	7b5b      	ldrb	r3, [r3, #13]
100066ec:	2b00      	cmp	r3, #0
100066ee:	d1e6      	bne.n	100066be <tuh_descriptor_get_hid_report+0x36>
100066f0:	2101      	movs	r1, #1
100066f2:	4b37      	ldr	r3, [pc, #220]	@ (100067d0 <tuh_descriptor_get_hid_report+0x148>)
100066f4:	4249      	negs	r1, r1
100066f6:	469b      	mov	fp, r3
100066f8:	6818      	ldr	r0, [r3, #0]
100066fa:	f002 fa3d 	bl	10008b78 <__mutex_enter_timeout_ms_veneer>
100066fe:	4643      	mov	r3, r8
10006700:	4659      	mov	r1, fp
10006702:	7b5b      	ldrb	r3, [r3, #13]
10006704:	6808      	ldr	r0, [r1, #0]
10006706:	b2da      	uxtb	r2, r3
10006708:	2b00      	cmp	r3, #0
1000670a:	d002      	beq.n	10006712 <tuh_descriptor_get_hid_report+0x8a>
1000670c:	f002 fa0c 	bl	10008b28 <__mutex_exit_veneer>
10006710:	e7d5      	b.n	100066be <tuh_descriptor_get_hid_report+0x36>
10006712:	4641      	mov	r1, r8
10006714:	2301      	movs	r3, #1
10006716:	734b      	strb	r3, [r1, #13]
10006718:	81ca      	strh	r2, [r1, #14]
1000671a:	4652      	mov	r2, sl
1000671c:	4b2d      	ldr	r3, [pc, #180]	@ (100067d4 <tuh_descriptor_get_hid_report+0x14c>)
1000671e:	600a      	str	r2, [r1, #0]
10006720:	469a      	mov	sl, r3
10006722:	9a0e      	ldr	r2, [sp, #56]	@ 0x38
10006724:	4b2c      	ldr	r3, [pc, #176]	@ (100067d8 <tuh_descriptor_get_hid_report+0x150>)
10006726:	604a      	str	r2, [r1, #4]
10006728:	9a0f      	ldr	r2, [sp, #60]	@ 0x3c
1000672a:	730c      	strb	r4, [r1, #12]
1000672c:	608a      	str	r2, [r1, #8]
1000672e:	4652      	mov	r2, sl
10006730:	8013      	strh	r3, [r2, #0]
10006732:	4653      	mov	r3, sl
10006734:	0232      	lsls	r2, r6, #8
10006736:	432a      	orrs	r2, r5
10006738:	805a      	strh	r2, [r3, #2]
1000673a:	464a      	mov	r2, r9
1000673c:	809f      	strh	r7, [r3, #4]
1000673e:	80da      	strh	r2, [r3, #6]
10006740:	f002 f9f2 	bl	10008b28 <__mutex_exit_veneer>
10006744:	1e61      	subs	r1, r4, #1
10006746:	b2cb      	uxtb	r3, r1
10006748:	2b04      	cmp	r3, #4
1000674a:	d838      	bhi.n	100067be <tuh_descriptor_get_hid_report+0x136>
1000674c:	2236      	movs	r2, #54	@ 0x36
1000674e:	434a      	muls	r2, r1
10006750:	4b1e      	ldr	r3, [pc, #120]	@ (100067cc <tuh_descriptor_get_hid_report+0x144>)
10006752:	5cd0      	ldrb	r0, [r2, r3]
10006754:	9b0e      	ldr	r3, [sp, #56]	@ 0x38
10006756:	2b00      	cmp	r3, #0
10006758:	d005      	beq.n	10006766 <tuh_descriptor_get_hid_report+0xde>
1000675a:	0021      	movs	r1, r4
1000675c:	4652      	mov	r2, sl
1000675e:	f000 ff7b 	bl	10007658 <hcd_setup_send>
10006762:	0004      	movs	r4, r0
10006764:	e7ac      	b.n	100066c0 <tuh_descriptor_get_hid_report+0x38>
10006766:	466b      	mov	r3, sp
10006768:	1ddd      	adds	r5, r3, #7
1000676a:	2304      	movs	r3, #4
1000676c:	702b      	strb	r3, [r5, #0]
1000676e:	4643      	mov	r3, r8
10006770:	4642      	mov	r2, r8
10006772:	609d      	str	r5, [r3, #8]
10006774:	4b19      	ldr	r3, [pc, #100]	@ (100067dc <tuh_descriptor_get_hid_report+0x154>)
10006776:	0021      	movs	r1, r4
10006778:	6053      	str	r3, [r2, #4]
1000677a:	4652      	mov	r2, sl
1000677c:	f000 ff6c 	bl	10007658 <hcd_setup_send>
10006780:	1e04      	subs	r4, r0, #0
10006782:	d09c      	beq.n	100066be <tuh_descriptor_get_hid_report+0x36>
10006784:	4e16      	ldr	r6, [pc, #88]	@ (100067e0 <tuh_descriptor_get_hid_report+0x158>)
10006786:	4f17      	ldr	r7, [pc, #92]	@ (100067e4 <tuh_descriptor_get_hid_report+0x15c>)
10006788:	782b      	ldrb	r3, [r5, #0]
1000678a:	2b04      	cmp	r3, #4
1000678c:	d10d      	bne.n	100067aa <tuh_descriptor_get_hid_report+0x122>
1000678e:	7833      	ldrb	r3, [r6, #0]
10006790:	2bff      	cmp	r3, #255	@ 0xff
10006792:	d0f9      	beq.n	10006788 <tuh_descriptor_get_hid_report+0x100>
10006794:	6838      	ldr	r0, [r7, #0]
10006796:	f001 f853 	bl	10007840 <tu_fifo_empty>
1000679a:	2800      	cmp	r0, #0
1000679c:	d1f4      	bne.n	10006788 <tuh_descriptor_get_hid_report+0x100>
1000679e:	7833      	ldrb	r3, [r6, #0]
100067a0:	2bff      	cmp	r3, #255	@ 0xff
100067a2:	d0f1      	beq.n	10006788 <tuh_descriptor_get_hid_report+0x100>
100067a4:	f7ff fa5c 	bl	10005c60 <tuh_task_ext.part.0>
100067a8:	e7ee      	b.n	10006788 <tuh_descriptor_get_hid_report+0x100>
100067aa:	9b0f      	ldr	r3, [sp, #60]	@ 0x3c
100067ac:	2b00      	cmp	r3, #0
100067ae:	d002      	beq.n	100067b6 <tuh_descriptor_get_hid_report+0x12e>
100067b0:	001a      	movs	r2, r3
100067b2:	782b      	ldrb	r3, [r5, #0]
100067b4:	7013      	strb	r3, [r2, #0]
100067b6:	782b      	ldrb	r3, [r5, #0]
100067b8:	4643      	mov	r3, r8
100067ba:	89db      	ldrh	r3, [r3, #14]
100067bc:	e780      	b.n	100066c0 <tuh_descriptor_get_hid_report+0x38>
100067be:	4b01      	ldr	r3, [pc, #4]	@ (100067c4 <tuh_descriptor_get_hid_report+0x13c>)
100067c0:	7818      	ldrb	r0, [r3, #0]
100067c2:	e7c7      	b.n	10006754 <tuh_descriptor_get_hid_report+0xcc>
100067c4:	20003e38 	.word	0x20003e38
100067c8:	20003e28 	.word	0x20003e28
100067cc:	2000404c 	.word	0x2000404c
100067d0:	20004264 	.word	0x20004264
100067d4:	2000415c 	.word	0x2000415c
100067d8:	00000681 	.word	0x00000681
100067dc:	10005281 	.word	0x10005281
100067e0:	20003354 	.word	0x20003354
100067e4:	20004270 	.word	0x20004270

100067e8 <usbh_driver_set_config_complete>:
100067e8:	b5f0      	push	{r4, r5, r6, r7, lr}
100067ea:	0004      	movs	r4, r0
100067ec:	46c6      	mov	lr, r8
100067ee:	1e63      	subs	r3, r4, #1
100067f0:	b2da      	uxtb	r2, r3
100067f2:	0008      	movs	r0, r1
100067f4:	b500      	push	{lr}
100067f6:	2a04      	cmp	r2, #4
100067f8:	d900      	bls.n	100067fc <usbh_driver_set_config_complete+0x14>
100067fa:	e08d      	b.n	10006918 <usbh_driver_set_config_complete+0x130>
100067fc:	2236      	movs	r2, #54	@ 0x36
100067fe:	435a      	muls	r2, r3
10006800:	4b5a      	ldr	r3, [pc, #360]	@ (1000696c <usbh_driver_set_config_complete+0x184>)
10006802:	18d2      	adds	r2, r2, r3
10006804:	1c41      	adds	r1, r0, #1
10006806:	b2c9      	uxtb	r1, r1
10006808:	2907      	cmp	r1, #7
1000680a:	d900      	bls.n	1000680e <usbh_driver_set_config_complete+0x26>
1000680c:	e09e      	b.n	1000694c <usbh_driver_set_config_complete+0x164>
1000680e:	4b58      	ldr	r3, [pc, #352]	@ (10006970 <usbh_driver_set_config_complete+0x188>)
10006810:	781d      	ldrb	r5, [r3, #0]
10006812:	1c6b      	adds	r3, r5, #1
10006814:	4698      	mov	r8, r3
10006816:	4b57      	ldr	r3, [pc, #348]	@ (10006974 <usbh_driver_set_config_complete+0x18c>)
10006818:	681f      	ldr	r7, [r3, #0]
1000681a:	1853      	adds	r3, r2, r1
1000681c:	7b5b      	ldrb	r3, [r3, #13]
1000681e:	429d      	cmp	r5, r3
10006820:	d95e      	bls.n	100068e0 <usbh_driver_set_config_complete+0xf8>
10006822:	00de      	lsls	r6, r3, #3
10006824:	1af3      	subs	r3, r6, r3
10006826:	009b      	lsls	r3, r3, #2
10006828:	18fb      	adds	r3, r7, r3
1000682a:	2b00      	cmp	r3, #0
1000682c:	d160      	bne.n	100068f0 <usbh_driver_set_config_complete+0x108>
1000682e:	1c81      	adds	r1, r0, #2
10006830:	b2c9      	uxtb	r1, r1
10006832:	2908      	cmp	r1, #8
10006834:	d043      	beq.n	100068be <usbh_driver_set_config_complete+0xd6>
10006836:	1853      	adds	r3, r2, r1
10006838:	7b5b      	ldrb	r3, [r3, #13]
1000683a:	429d      	cmp	r5, r3
1000683c:	d85e      	bhi.n	100068fc <usbh_driver_set_config_complete+0x114>
1000683e:	4598      	cmp	r8, r3
10006840:	da50      	bge.n	100068e4 <usbh_driver_set_config_complete+0xfc>
10006842:	1cc1      	adds	r1, r0, #3
10006844:	b2c9      	uxtb	r1, r1
10006846:	2908      	cmp	r1, #8
10006848:	d039      	beq.n	100068be <usbh_driver_set_config_complete+0xd6>
1000684a:	1853      	adds	r3, r2, r1
1000684c:	7b5b      	ldrb	r3, [r3, #13]
1000684e:	429d      	cmp	r5, r3
10006850:	d85b      	bhi.n	1000690a <usbh_driver_set_config_complete+0x122>
10006852:	4598      	cmp	r8, r3
10006854:	da46      	bge.n	100068e4 <usbh_driver_set_config_complete+0xfc>
10006856:	1d01      	adds	r1, r0, #4
10006858:	b2c9      	uxtb	r1, r1
1000685a:	2908      	cmp	r1, #8
1000685c:	d02f      	beq.n	100068be <usbh_driver_set_config_complete+0xd6>
1000685e:	1853      	adds	r3, r2, r1
10006860:	7b5b      	ldrb	r3, [r3, #13]
10006862:	429d      	cmp	r5, r3
10006864:	d85d      	bhi.n	10006922 <usbh_driver_set_config_complete+0x13a>
10006866:	4598      	cmp	r8, r3
10006868:	da3c      	bge.n	100068e4 <usbh_driver_set_config_complete+0xfc>
1000686a:	1d41      	adds	r1, r0, #5
1000686c:	b2c9      	uxtb	r1, r1
1000686e:	2908      	cmp	r1, #8
10006870:	d025      	beq.n	100068be <usbh_driver_set_config_complete+0xd6>
10006872:	1853      	adds	r3, r2, r1
10006874:	7b5b      	ldrb	r3, [r3, #13]
10006876:	429d      	cmp	r5, r3
10006878:	d85a      	bhi.n	10006930 <usbh_driver_set_config_complete+0x148>
1000687a:	4598      	cmp	r8, r3
1000687c:	da32      	bge.n	100068e4 <usbh_driver_set_config_complete+0xfc>
1000687e:	1d81      	adds	r1, r0, #6
10006880:	b2c9      	uxtb	r1, r1
10006882:	2908      	cmp	r1, #8
10006884:	d01b      	beq.n	100068be <usbh_driver_set_config_complete+0xd6>
10006886:	1853      	adds	r3, r2, r1
10006888:	7b5b      	ldrb	r3, [r3, #13]
1000688a:	429d      	cmp	r5, r3
1000688c:	d857      	bhi.n	1000693e <usbh_driver_set_config_complete+0x156>
1000688e:	4598      	cmp	r8, r3
10006890:	da28      	bge.n	100068e4 <usbh_driver_set_config_complete+0xfc>
10006892:	1dc1      	adds	r1, r0, #7
10006894:	b2c9      	uxtb	r1, r1
10006896:	2908      	cmp	r1, #8
10006898:	d011      	beq.n	100068be <usbh_driver_set_config_complete+0xd6>
1000689a:	1853      	adds	r3, r2, r1
1000689c:	7b5b      	ldrb	r3, [r3, #13]
1000689e:	429d      	cmp	r5, r3
100068a0:	d857      	bhi.n	10006952 <usbh_driver_set_config_complete+0x16a>
100068a2:	4598      	cmp	r8, r3
100068a4:	da1e      	bge.n	100068e4 <usbh_driver_set_config_complete+0xfc>
100068a6:	28ff      	cmp	r0, #255	@ 0xff
100068a8:	d109      	bne.n	100068be <usbh_driver_set_config_complete+0xd6>
100068aa:	7d12      	ldrb	r2, [r2, #20]
100068ac:	42aa      	cmp	r2, r5
100068ae:	d257      	bcs.n	10006960 <usbh_driver_set_config_complete+0x178>
100068b0:	00d3      	lsls	r3, r2, #3
100068b2:	1a9b      	subs	r3, r3, r2
100068b4:	009b      	lsls	r3, r3, #2
100068b6:	18fb      	adds	r3, r7, r3
100068b8:	2107      	movs	r1, #7
100068ba:	2b00      	cmp	r3, #0
100068bc:	d118      	bne.n	100068f0 <usbh_driver_set_config_complete+0x108>
100068be:	2110      	movs	r1, #16
100068c0:	4b2d      	ldr	r3, [pc, #180]	@ (10006978 <usbh_driver_set_config_complete+0x190>)
100068c2:	78da      	ldrb	r2, [r3, #3]
100068c4:	7858      	ldrb	r0, [r3, #1]
100068c6:	438a      	bics	r2, r1
100068c8:	70da      	strb	r2, [r3, #3]
100068ca:	2800      	cmp	r0, #0
100068cc:	d126      	bne.n	1000691c <usbh_driver_set_config_complete+0x134>
100068ce:	2c04      	cmp	r4, #4
100068d0:	d811      	bhi.n	100068f6 <usbh_driver_set_config_complete+0x10e>
100068d2:	4b2a      	ldr	r3, [pc, #168]	@ (1000697c <usbh_driver_set_config_complete+0x194>)
100068d4:	2b00      	cmp	r3, #0
100068d6:	d00e      	beq.n	100068f6 <usbh_driver_set_config_complete+0x10e>
100068d8:	0020      	movs	r0, r4
100068da:	e000      	b.n	100068de <usbh_driver_set_config_complete+0xf6>
100068dc:	bf00      	nop
100068de:	e00a      	b.n	100068f6 <usbh_driver_set_config_complete+0x10e>
100068e0:	4598      	cmp	r8, r3
100068e2:	dba4      	blt.n	1000682e <usbh_driver_set_config_complete+0x46>
100068e4:	1b5d      	subs	r5, r3, r5
100068e6:	00eb      	lsls	r3, r5, #3
100068e8:	4a25      	ldr	r2, [pc, #148]	@ (10006980 <usbh_driver_set_config_complete+0x198>)
100068ea:	1b5b      	subs	r3, r3, r5
100068ec:	009b      	lsls	r3, r3, #2
100068ee:	189b      	adds	r3, r3, r2
100068f0:	0020      	movs	r0, r4
100068f2:	691b      	ldr	r3, [r3, #16]
100068f4:	4798      	blx	r3
100068f6:	bc80      	pop	{r7}
100068f8:	46b8      	mov	r8, r7
100068fa:	bdf0      	pop	{r4, r5, r6, r7, pc}
100068fc:	00de      	lsls	r6, r3, #3
100068fe:	1af3      	subs	r3, r6, r3
10006900:	009b      	lsls	r3, r3, #2
10006902:	18fb      	adds	r3, r7, r3
10006904:	2b00      	cmp	r3, #0
10006906:	d09c      	beq.n	10006842 <usbh_driver_set_config_complete+0x5a>
10006908:	e7f2      	b.n	100068f0 <usbh_driver_set_config_complete+0x108>
1000690a:	00de      	lsls	r6, r3, #3
1000690c:	1af3      	subs	r3, r6, r3
1000690e:	009b      	lsls	r3, r3, #2
10006910:	18fb      	adds	r3, r7, r3
10006912:	2b00      	cmp	r3, #0
10006914:	d09f      	beq.n	10006856 <usbh_driver_set_config_complete+0x6e>
10006916:	e7eb      	b.n	100068f0 <usbh_driver_set_config_complete+0x108>
10006918:	2200      	movs	r2, #0
1000691a:	e773      	b.n	10006804 <usbh_driver_set_config_complete+0x1c>
1000691c:	f000 faaa 	bl	10006e74 <hub_edpt_status_xfer>
10006920:	e7d5      	b.n	100068ce <usbh_driver_set_config_complete+0xe6>
10006922:	00de      	lsls	r6, r3, #3
10006924:	1af3      	subs	r3, r6, r3
10006926:	009b      	lsls	r3, r3, #2
10006928:	18fb      	adds	r3, r7, r3
1000692a:	2b00      	cmp	r3, #0
1000692c:	d09d      	beq.n	1000686a <usbh_driver_set_config_complete+0x82>
1000692e:	e7df      	b.n	100068f0 <usbh_driver_set_config_complete+0x108>
10006930:	00de      	lsls	r6, r3, #3
10006932:	1af3      	subs	r3, r6, r3
10006934:	009b      	lsls	r3, r3, #2
10006936:	18fb      	adds	r3, r7, r3
10006938:	2b00      	cmp	r3, #0
1000693a:	d0a0      	beq.n	1000687e <usbh_driver_set_config_complete+0x96>
1000693c:	e7d8      	b.n	100068f0 <usbh_driver_set_config_complete+0x108>
1000693e:	00de      	lsls	r6, r3, #3
10006940:	1af3      	subs	r3, r6, r3
10006942:	009b      	lsls	r3, r3, #2
10006944:	18fb      	adds	r3, r7, r3
10006946:	2b00      	cmp	r3, #0
10006948:	d0a3      	beq.n	10006892 <usbh_driver_set_config_complete+0xaa>
1000694a:	e7d1      	b.n	100068f0 <usbh_driver_set_config_complete+0x108>
1000694c:	2908      	cmp	r1, #8
1000694e:	d1d2      	bne.n	100068f6 <usbh_driver_set_config_complete+0x10e>
10006950:	e7b5      	b.n	100068be <usbh_driver_set_config_complete+0xd6>
10006952:	00de      	lsls	r6, r3, #3
10006954:	1af3      	subs	r3, r6, r3
10006956:	009b      	lsls	r3, r3, #2
10006958:	18fb      	adds	r3, r7, r3
1000695a:	2b00      	cmp	r3, #0
1000695c:	d0a3      	beq.n	100068a6 <usbh_driver_set_config_complete+0xbe>
1000695e:	e7c7      	b.n	100068f0 <usbh_driver_set_config_complete+0x108>
10006960:	0013      	movs	r3, r2
10006962:	4590      	cmp	r8, r2
10006964:	dbab      	blt.n	100068be <usbh_driver_set_config_complete+0xd6>
10006966:	2107      	movs	r1, #7
10006968:	e7bc      	b.n	100068e4 <usbh_driver_set_config_complete+0xfc>
1000696a:	46c0      	nop			@ (mov r8, r8)
1000696c:	2000404c 	.word	0x2000404c
10006970:	2000612e 	.word	0x2000612e
10006974:	20003e24 	.word	0x20003e24
10006978:	20003e38 	.word	0x20003e38
1000697c:	00000000 	.word	0x00000000
10006980:	10009064 	.word	0x10009064

10006984 <connection_port_reset_complete>:
10006984:	b570      	push	{r4, r5, r6, lr}
10006986:	78c3      	ldrb	r3, [r0, #3]
10006988:	b084      	sub	sp, #16
1000698a:	2b00      	cmp	r3, #0
1000698c:	d112      	bne.n	100069b4 <connection_port_reset_complete+0x30>
1000698e:	ac01      	add	r4, sp, #4
10006990:	7805      	ldrb	r5, [r0, #0]
10006992:	6883      	ldr	r3, [r0, #8]
10006994:	2100      	movs	r1, #0
10006996:	220c      	movs	r2, #12
10006998:	0020      	movs	r0, r4
1000699a:	791e      	ldrb	r6, [r3, #4]
1000699c:	f7fc fa78 	bl	10002e90 <__wrap_memset>
100069a0:	0028      	movs	r0, r5
100069a2:	f7ff fd95 	bl	100064d0 <usbh_get_rhport>
100069a6:	2100      	movs	r1, #0
100069a8:	7020      	strb	r0, [r4, #0]
100069aa:	0020      	movs	r0, r4
100069ac:	7125      	strb	r5, [r4, #4]
100069ae:	7166      	strb	r6, [r4, #5]
100069b0:	f002 f902 	bl	10008bb8 <__hcd_event_handler_veneer>
100069b4:	b004      	add	sp, #16
100069b6:	bd70      	pop	{r4, r5, r6, pc}

100069b8 <hub_clear_feature_complete_stub>:
100069b8:	b510      	push	{r4, lr}
100069ba:	78c3      	ldrb	r3, [r0, #3]
100069bc:	b082      	sub	sp, #8
100069be:	2b00      	cmp	r3, #0
100069c0:	d10c      	bne.n	100069dc <hub_clear_feature_complete_stub+0x24>
100069c2:	7800      	ldrb	r0, [r0, #0]
100069c4:	4906      	ldr	r1, [pc, #24]	@ (100069e0 <hub_clear_feature_complete_stub+0x28>)
100069c6:	1f44      	subs	r4, r0, #5
100069c8:	0124      	lsls	r4, r4, #4
100069ca:	1d22      	adds	r2, r4, #4
100069cc:	1852      	adds	r2, r2, r1
100069ce:	1909      	adds	r1, r1, r4
100069d0:	7849      	ldrb	r1, [r1, #1]
100069d2:	9301      	str	r3, [sp, #4]
100069d4:	9300      	str	r3, [sp, #0]
100069d6:	3301      	adds	r3, #1
100069d8:	f7ff fdd6 	bl	10006588 <usbh_edpt_xfer_with_callback>
100069dc:	b002      	add	sp, #8
100069de:	bd10      	pop	{r4, pc}
100069e0:	200046c0 	.word	0x200046c0

100069e4 <config_set_port_power>:
100069e4:	b570      	push	{r4, r5, r6, lr}
100069e6:	78c5      	ldrb	r5, [r0, #3]
100069e8:	b088      	sub	sp, #32
100069ea:	2d00      	cmp	r5, #0
100069ec:	d11a      	bne.n	10006a24 <config_set_port_power+0x40>
100069ee:	7806      	ldrb	r6, [r0, #0]
100069f0:	4b0d      	ldr	r3, [pc, #52]	@ (10006a28 <config_set_port_power+0x44>)
100069f2:	1f72      	subs	r2, r6, #5
100069f4:	0112      	lsls	r2, r2, #4
100069f6:	189b      	adds	r3, r3, r2
100069f8:	4a0c      	ldr	r2, [pc, #48]	@ (10006a2c <config_set_port_power+0x48>)
100069fa:	ac02      	add	r4, sp, #8
100069fc:	7892      	ldrb	r2, [r2, #2]
100069fe:	2100      	movs	r1, #0
10006a00:	709a      	strb	r2, [r3, #2]
10006a02:	4b0b      	ldr	r3, [pc, #44]	@ (10006a30 <config_set_port_power+0x4c>)
10006a04:	2210      	movs	r2, #16
10006a06:	9300      	str	r3, [sp, #0]
10006a08:	2301      	movs	r3, #1
10006a0a:	0020      	movs	r0, r4
10006a0c:	9301      	str	r3, [sp, #4]
10006a0e:	f7fc fa3f 	bl	10002e90 <__wrap_memset>
10006a12:	466b      	mov	r3, sp
10006a14:	9304      	str	r3, [sp, #16]
10006a16:	4b07      	ldr	r3, [pc, #28]	@ (10006a34 <config_set_port_power+0x50>)
10006a18:	0020      	movs	r0, r4
10006a1a:	7026      	strb	r6, [r4, #0]
10006a1c:	9306      	str	r3, [sp, #24]
10006a1e:	9507      	str	r5, [sp, #28]
10006a20:	f7ff f808 	bl	10005a34 <tuh_control_xfer>
10006a24:	b008      	add	sp, #32
10006a26:	bd70      	pop	{r4, r5, r6, pc}
10006a28:	200046c0 	.word	0x200046c0
10006a2c:	2000403c 	.word	0x2000403c
10006a30:	00080323 	.word	0x00080323
10006a34:	10006a39 	.word	0x10006a39

10006a38 <config_port_power_complete>:
10006a38:	b5f0      	push	{r4, r5, r6, r7, lr}
10006a3a:	78c4      	ldrb	r4, [r0, #3]
10006a3c:	b08b      	sub	sp, #44	@ 0x2c
10006a3e:	2c00      	cmp	r4, #0
10006a40:	d128      	bne.n	10006a94 <config_port_power_complete+0x5c>
10006a42:	6883      	ldr	r3, [r0, #8]
10006a44:	7805      	ldrb	r5, [r0, #0]
10006a46:	791a      	ldrb	r2, [r3, #4]
10006a48:	4f1b      	ldr	r7, [pc, #108]	@ (10006ab8 <config_port_power_complete+0x80>)
10006a4a:	795b      	ldrb	r3, [r3, #5]
10006a4c:	1f6e      	subs	r6, r5, #5
10006a4e:	0136      	lsls	r6, r6, #4
10006a50:	021b      	lsls	r3, r3, #8
10006a52:	19b9      	adds	r1, r7, r6
10006a54:	4313      	orrs	r3, r2
10006a56:	788a      	ldrb	r2, [r1, #2]
10006a58:	429a      	cmp	r2, r3
10006a5a:	d01d      	beq.n	10006a98 <config_port_power_complete+0x60>
10006a5c:	3301      	adds	r3, #1
10006a5e:	b2db      	uxtb	r3, r3
10006a60:	001a      	movs	r2, r3
10006a62:	1e51      	subs	r1, r2, #1
10006a64:	418a      	sbcs	r2, r1
10006a66:	2103      	movs	r1, #3
10006a68:	4252      	negs	r2, r2
10006a6a:	4011      	ands	r1, r2
10006a6c:	4a13      	ldr	r2, [pc, #76]	@ (10006abc <config_port_power_complete+0x84>)
10006a6e:	ae04      	add	r6, sp, #16
10006a70:	430a      	orrs	r2, r1
10006a72:	af02      	add	r7, sp, #8
10006a74:	9202      	str	r2, [sp, #8]
10006a76:	2100      	movs	r1, #0
10006a78:	2210      	movs	r2, #16
10006a7a:	0030      	movs	r0, r6
10006a7c:	80bb      	strh	r3, [r7, #4]
10006a7e:	80fc      	strh	r4, [r7, #6]
10006a80:	f7fc fa06 	bl	10002e90 <__wrap_memset>
10006a84:	4b0e      	ldr	r3, [pc, #56]	@ (10006ac0 <config_port_power_complete+0x88>)
10006a86:	0030      	movs	r0, r6
10006a88:	7035      	strb	r5, [r6, #0]
10006a8a:	9706      	str	r7, [sp, #24]
10006a8c:	9308      	str	r3, [sp, #32]
10006a8e:	9409      	str	r4, [sp, #36]	@ 0x24
10006a90:	f7fe ffd0 	bl	10005a34 <tuh_control_xfer>
10006a94:	b00b      	add	sp, #44	@ 0x2c
10006a96:	bdf0      	pop	{r4, r5, r6, r7, pc}
10006a98:	1d32      	adds	r2, r6, #4
10006a9a:	7849      	ldrb	r1, [r1, #1]
10006a9c:	2301      	movs	r3, #1
10006a9e:	0028      	movs	r0, r5
10006aa0:	19d2      	adds	r2, r2, r7
10006aa2:	9401      	str	r4, [sp, #4]
10006aa4:	9400      	str	r4, [sp, #0]
10006aa6:	f7ff fd6f 	bl	10006588 <usbh_edpt_xfer_with_callback>
10006aaa:	2800      	cmp	r0, #0
10006aac:	d0f2      	beq.n	10006a94 <config_port_power_complete+0x5c>
10006aae:	0028      	movs	r0, r5
10006ab0:	5df1      	ldrb	r1, [r6, r7]
10006ab2:	f7ff fe99 	bl	100067e8 <usbh_driver_set_config_complete>
10006ab6:	e7ed      	b.n	10006a94 <config_port_power_complete+0x5c>
10006ab8:	200046c0 	.word	0x200046c0
10006abc:	00080320 	.word	0x00080320
10006ac0:	10006a39 	.word	0x10006a39

10006ac4 <connection_clear_conn_change_complete>:
10006ac4:	b5f0      	push	{r4, r5, r6, r7, lr}
10006ac6:	78c5      	ldrb	r5, [r0, #3]
10006ac8:	b089      	sub	sp, #36	@ 0x24
10006aca:	2d00      	cmp	r5, #0
10006acc:	d128      	bne.n	10006b20 <connection_clear_conn_change_complete+0x5c>
10006ace:	2701      	movs	r7, #1
10006ad0:	6883      	ldr	r3, [r0, #8]
10006ad2:	7806      	ldrb	r6, [r0, #0]
10006ad4:	791c      	ldrb	r4, [r3, #4]
10006ad6:	7959      	ldrb	r1, [r3, #5]
10006ad8:	1f72      	subs	r2, r6, #5
10006ada:	4b1b      	ldr	r3, [pc, #108]	@ (10006b48 <connection_clear_conn_change_complete+0x84>)
10006adc:	0112      	lsls	r2, r2, #4
10006ade:	189b      	adds	r3, r3, r2
10006ae0:	7a1b      	ldrb	r3, [r3, #8]
10006ae2:	0209      	lsls	r1, r1, #8
10006ae4:	4321      	orrs	r1, r4
10006ae6:	421f      	tst	r7, r3
10006ae8:	d01c      	beq.n	10006b24 <connection_clear_conn_change_complete+0x60>
10006aea:	1e63      	subs	r3, r4, #1
10006aec:	419c      	sbcs	r4, r3
10006aee:	2303      	movs	r3, #3
10006af0:	4264      	negs	r4, r4
10006af2:	4023      	ands	r3, r4
10006af4:	4c15      	ldr	r4, [pc, #84]	@ (10006b4c <connection_clear_conn_change_complete+0x88>)
10006af6:	466f      	mov	r7, sp
10006af8:	431c      	orrs	r4, r3
10006afa:	23ff      	movs	r3, #255	@ 0xff
10006afc:	9400      	str	r4, [sp, #0]
10006afe:	ac02      	add	r4, sp, #8
10006b00:	400b      	ands	r3, r1
10006b02:	2210      	movs	r2, #16
10006b04:	2100      	movs	r1, #0
10006b06:	0020      	movs	r0, r4
10006b08:	80bb      	strh	r3, [r7, #4]
10006b0a:	80fd      	strh	r5, [r7, #6]
10006b0c:	f7fc f9c0 	bl	10002e90 <__wrap_memset>
10006b10:	4b0f      	ldr	r3, [pc, #60]	@ (10006b50 <connection_clear_conn_change_complete+0x8c>)
10006b12:	7026      	strb	r6, [r4, #0]
10006b14:	0020      	movs	r0, r4
10006b16:	9704      	str	r7, [sp, #16]
10006b18:	9306      	str	r3, [sp, #24]
10006b1a:	9507      	str	r5, [sp, #28]
10006b1c:	f7fe ff8a 	bl	10005a34 <tuh_control_xfer>
10006b20:	b009      	add	sp, #36	@ 0x24
10006b22:	bdf0      	pop	{r4, r5, r6, r7, pc}
10006b24:	ad02      	add	r5, sp, #8
10006b26:	220c      	movs	r2, #12
10006b28:	2100      	movs	r1, #0
10006b2a:	0028      	movs	r0, r5
10006b2c:	f7fc f9b0 	bl	10002e90 <__wrap_memset>
10006b30:	0030      	movs	r0, r6
10006b32:	f7ff fccd 	bl	100064d0 <usbh_get_rhport>
10006b36:	2100      	movs	r1, #0
10006b38:	7028      	strb	r0, [r5, #0]
10006b3a:	706f      	strb	r7, [r5, #1]
10006b3c:	0028      	movs	r0, r5
10006b3e:	712e      	strb	r6, [r5, #4]
10006b40:	716c      	strb	r4, [r5, #5]
10006b42:	f002 f839 	bl	10008bb8 <__hcd_event_handler_veneer>
10006b46:	e7eb      	b.n	10006b20 <connection_clear_conn_change_complete+0x5c>
10006b48:	200046c0 	.word	0x200046c0
10006b4c:	00040320 	.word	0x00040320
10006b50:	10006985 	.word	0x10006985

10006b54 <hub_get_status_complete>:
10006b54:	b570      	push	{r4, r5, r6, lr}
10006b56:	78c3      	ldrb	r3, [r0, #3]
10006b58:	b088      	sub	sp, #32
10006b5a:	2b00      	cmp	r3, #0
10006b5c:	d110      	bne.n	10006b80 <hub_get_status_complete+0x2c>
10006b5e:	6883      	ldr	r3, [r0, #8]
10006b60:	791c      	ldrb	r4, [r3, #4]
10006b62:	2c00      	cmp	r4, #0
10006b64:	d10c      	bne.n	10006b80 <hub_get_status_complete+0x2c>
10006b66:	7805      	ldrb	r5, [r0, #0]
10006b68:	4a1a      	ldr	r2, [pc, #104]	@ (10006bd4 <hub_get_status_complete+0x80>)
10006b6a:	1f6b      	subs	r3, r5, #5
10006b6c:	011b      	lsls	r3, r3, #4
10006b6e:	189b      	adds	r3, r3, r2
10006b70:	2201      	movs	r2, #1
10006b72:	0016      	movs	r6, r2
10006b74:	799b      	ldrb	r3, [r3, #6]
10006b76:	401e      	ands	r6, r3
10006b78:	421a      	tst	r2, r3
10006b7a:	d116      	bne.n	10006baa <hub_get_status_complete+0x56>
10006b7c:	079b      	lsls	r3, r3, #30
10006b7e:	d401      	bmi.n	10006b84 <hub_get_status_complete+0x30>
10006b80:	b008      	add	sp, #32
10006b82:	bd70      	pop	{r4, r5, r6, pc}
10006b84:	ac02      	add	r4, sp, #8
10006b86:	4b14      	ldr	r3, [pc, #80]	@ (10006bd8 <hub_get_status_complete+0x84>)
10006b88:	2210      	movs	r2, #16
10006b8a:	2100      	movs	r1, #0
10006b8c:	0020      	movs	r0, r4
10006b8e:	9300      	str	r3, [sp, #0]
10006b90:	9601      	str	r6, [sp, #4]
10006b92:	f7fc f97d 	bl	10002e90 <__wrap_memset>
10006b96:	466b      	mov	r3, sp
10006b98:	7025      	strb	r5, [r4, #0]
10006b9a:	9304      	str	r3, [sp, #16]
10006b9c:	4b0f      	ldr	r3, [pc, #60]	@ (10006bdc <hub_get_status_complete+0x88>)
10006b9e:	0020      	movs	r0, r4
10006ba0:	9306      	str	r3, [sp, #24]
10006ba2:	9607      	str	r6, [sp, #28]
10006ba4:	f7fe ff46 	bl	10005a34 <tuh_control_xfer>
10006ba8:	e7ea      	b.n	10006b80 <hub_get_status_complete+0x2c>
10006baa:	2390      	movs	r3, #144	@ 0x90
10006bac:	ae02      	add	r6, sp, #8
10006bae:	005b      	lsls	r3, r3, #1
10006bb0:	2100      	movs	r1, #0
10006bb2:	0030      	movs	r0, r6
10006bb4:	320f      	adds	r2, #15
10006bb6:	9300      	str	r3, [sp, #0]
10006bb8:	9401      	str	r4, [sp, #4]
10006bba:	f7fc f969 	bl	10002e90 <__wrap_memset>
10006bbe:	466b      	mov	r3, sp
10006bc0:	7035      	strb	r5, [r6, #0]
10006bc2:	9304      	str	r3, [sp, #16]
10006bc4:	4b05      	ldr	r3, [pc, #20]	@ (10006bdc <hub_get_status_complete+0x88>)
10006bc6:	0030      	movs	r0, r6
10006bc8:	9306      	str	r3, [sp, #24]
10006bca:	9407      	str	r4, [sp, #28]
10006bcc:	f7fe ff32 	bl	10005a34 <tuh_control_xfer>
10006bd0:	e7d6      	b.n	10006b80 <hub_get_status_complete+0x2c>
10006bd2:	46c0      	nop			@ (mov r8, r8)
10006bd4:	200046c8 	.word	0x200046c8
10006bd8:	00010120 	.word	0x00010120
10006bdc:	100069b9 	.word	0x100069b9

10006be0 <hub_port_get_status_complete>:
10006be0:	b5f0      	push	{r4, r5, r6, r7, lr}
10006be2:	46c6      	mov	lr, r8
10006be4:	b500      	push	{lr}
10006be6:	78c4      	ldrb	r4, [r0, #3]
10006be8:	b08a      	sub	sp, #40	@ 0x28
10006bea:	2c00      	cmp	r4, #0
10006bec:	d142      	bne.n	10006c74 <hub_port_get_status_complete+0x94>
10006bee:	6883      	ldr	r3, [r0, #8]
10006bf0:	7805      	ldrb	r5, [r0, #0]
10006bf2:	795e      	ldrb	r6, [r3, #5]
10006bf4:	7918      	ldrb	r0, [r3, #4]
10006bf6:	1f6a      	subs	r2, r5, #5
10006bf8:	4b4b      	ldr	r3, [pc, #300]	@ (10006d28 <hub_port_get_status_complete+0x148>)
10006bfa:	0112      	lsls	r2, r2, #4
10006bfc:	4698      	mov	r8, r3
10006bfe:	4694      	mov	ip, r2
10006c00:	2101      	movs	r1, #1
10006c02:	44c4      	add	ip, r8
10006c04:	4663      	mov	r3, ip
10006c06:	000f      	movs	r7, r1
10006c08:	7a9b      	ldrb	r3, [r3, #10]
10006c0a:	0236      	lsls	r6, r6, #8
10006c0c:	4306      	orrs	r6, r0
10006c0e:	401f      	ands	r7, r3
10006c10:	4219      	tst	r1, r3
10006c12:	d133      	bne.n	10006c7c <hub_port_get_status_complete+0x9c>
10006c14:	2102      	movs	r1, #2
10006c16:	000c      	movs	r4, r1
10006c18:	401c      	ands	r4, r3
10006c1a:	4219      	tst	r1, r3
10006c1c:	d152      	bne.n	10006cc4 <hub_port_get_status_complete+0xe4>
10006c1e:	2104      	movs	r1, #4
10006c20:	000f      	movs	r7, r1
10006c22:	401f      	ands	r7, r3
10006c24:	4219      	tst	r1, r3
10006c26:	d145      	bne.n	10006cb4 <hub_port_get_status_complete+0xd4>
10006c28:	2108      	movs	r1, #8
10006c2a:	000c      	movs	r4, r1
10006c2c:	401c      	ands	r4, r3
10006c2e:	4219      	tst	r1, r3
10006c30:	d000      	beq.n	10006c34 <hub_port_get_status_complete+0x54>
10006c32:	e071      	b.n	10006d18 <hub_port_get_status_complete+0x138>
10006c34:	2110      	movs	r1, #16
10006c36:	000f      	movs	r7, r1
10006c38:	401f      	ands	r7, r3
10006c3a:	4219      	tst	r1, r3
10006c3c:	d061      	beq.n	10006d02 <hub_port_get_status_complete+0x122>
10006c3e:	1e43      	subs	r3, r0, #1
10006c40:	4198      	sbcs	r0, r3
10006c42:	2203      	movs	r2, #3
10006c44:	4b39      	ldr	r3, [pc, #228]	@ (10006d2c <hub_port_get_status_complete+0x14c>)
10006c46:	4241      	negs	r1, r0
10006c48:	400a      	ands	r2, r1
10006c4a:	4313      	orrs	r3, r2
10006c4c:	9302      	str	r3, [sp, #8]
10006c4e:	23ff      	movs	r3, #255	@ 0xff
10006c50:	af02      	add	r7, sp, #8
10006c52:	4033      	ands	r3, r6
10006c54:	ae04      	add	r6, sp, #16
10006c56:	80bb      	strh	r3, [r7, #4]
10006c58:	2210      	movs	r2, #16
10006c5a:	2100      	movs	r1, #0
10006c5c:	0030      	movs	r0, r6
10006c5e:	80fc      	strh	r4, [r7, #6]
10006c60:	f7fc f916 	bl	10002e90 <__wrap_memset>
10006c64:	4b32      	ldr	r3, [pc, #200]	@ (10006d30 <hub_port_get_status_complete+0x150>)
10006c66:	7035      	strb	r5, [r6, #0]
10006c68:	0030      	movs	r0, r6
10006c6a:	9706      	str	r7, [sp, #24]
10006c6c:	9308      	str	r3, [sp, #32]
10006c6e:	9409      	str	r4, [sp, #36]	@ 0x24
10006c70:	f7fe fee0 	bl	10005a34 <tuh_control_xfer>
10006c74:	b00a      	add	sp, #40	@ 0x28
10006c76:	bc80      	pop	{r7}
10006c78:	46b8      	mov	r8, r7
10006c7a:	bdf0      	pop	{r4, r5, r6, r7, pc}
10006c7c:	1e43      	subs	r3, r0, #1
10006c7e:	4198      	sbcs	r0, r3
10006c80:	4241      	negs	r1, r0
10006c82:	2003      	movs	r0, #3
10006c84:	23ff      	movs	r3, #255	@ 0xff
10006c86:	4008      	ands	r0, r1
10006c88:	492a      	ldr	r1, [pc, #168]	@ (10006d34 <hub_port_get_status_complete+0x154>)
10006c8a:	af02      	add	r7, sp, #8
10006c8c:	4033      	ands	r3, r6
10006c8e:	4301      	orrs	r1, r0
10006c90:	ae04      	add	r6, sp, #16
10006c92:	9102      	str	r1, [sp, #8]
10006c94:	2210      	movs	r2, #16
10006c96:	80bb      	strh	r3, [r7, #4]
10006c98:	2100      	movs	r1, #0
10006c9a:	0030      	movs	r0, r6
10006c9c:	80fc      	strh	r4, [r7, #6]
10006c9e:	f7fc f8f7 	bl	10002e90 <__wrap_memset>
10006ca2:	4b25      	ldr	r3, [pc, #148]	@ (10006d38 <hub_port_get_status_complete+0x158>)
10006ca4:	7035      	strb	r5, [r6, #0]
10006ca6:	0030      	movs	r0, r6
10006ca8:	9706      	str	r7, [sp, #24]
10006caa:	9308      	str	r3, [sp, #32]
10006cac:	9409      	str	r4, [sp, #36]	@ 0x24
10006cae:	f7fe fec1 	bl	10005a34 <tuh_control_xfer>
10006cb2:	e7df      	b.n	10006c74 <hub_port_get_status_complete+0x94>
10006cb4:	1e43      	subs	r3, r0, #1
10006cb6:	4198      	sbcs	r0, r3
10006cb8:	3901      	subs	r1, #1
10006cba:	4b20      	ldr	r3, [pc, #128]	@ (10006d3c <hub_port_get_status_complete+0x15c>)
10006cbc:	4240      	negs	r0, r0
10006cbe:	4001      	ands	r1, r0
10006cc0:	430b      	orrs	r3, r1
10006cc2:	e7c3      	b.n	10006c4c <hub_port_get_status_complete+0x6c>
10006cc4:	1e43      	subs	r3, r0, #1
10006cc6:	4198      	sbcs	r0, r3
10006cc8:	3101      	adds	r1, #1
10006cca:	4240      	negs	r0, r0
10006ccc:	4b1c      	ldr	r3, [pc, #112]	@ (10006d40 <hub_port_get_status_complete+0x160>)
10006cce:	4001      	ands	r1, r0
10006cd0:	430b      	orrs	r3, r1
10006cd2:	9302      	str	r3, [sp, #8]
10006cd4:	ab02      	add	r3, sp, #8
10006cd6:	4698      	mov	r8, r3
10006cd8:	23ff      	movs	r3, #255	@ 0xff
10006cda:	4642      	mov	r2, r8
10006cdc:	4033      	ands	r3, r6
10006cde:	ac04      	add	r4, sp, #16
10006ce0:	8093      	strh	r3, [r2, #4]
10006ce2:	80d7      	strh	r7, [r2, #6]
10006ce4:	2100      	movs	r1, #0
10006ce6:	2210      	movs	r2, #16
10006ce8:	0020      	movs	r0, r4
10006cea:	f7fc f8d1 	bl	10002e90 <__wrap_memset>
10006cee:	4643      	mov	r3, r8
10006cf0:	7025      	strb	r5, [r4, #0]
10006cf2:	9306      	str	r3, [sp, #24]
10006cf4:	4b0e      	ldr	r3, [pc, #56]	@ (10006d30 <hub_port_get_status_complete+0x150>)
10006cf6:	0020      	movs	r0, r4
10006cf8:	9308      	str	r3, [sp, #32]
10006cfa:	9709      	str	r7, [sp, #36]	@ 0x24
10006cfc:	f7fe fe9a 	bl	10005a34 <tuh_control_xfer>
10006d00:	e7b8      	b.n	10006c74 <hub_port_get_status_complete+0x94>
10006d02:	4663      	mov	r3, ip
10006d04:	3204      	adds	r2, #4
10006d06:	7859      	ldrb	r1, [r3, #1]
10006d08:	0028      	movs	r0, r5
10006d0a:	2301      	movs	r3, #1
10006d0c:	4442      	add	r2, r8
10006d0e:	9701      	str	r7, [sp, #4]
10006d10:	9700      	str	r7, [sp, #0]
10006d12:	f7ff fc39 	bl	10006588 <usbh_edpt_xfer_with_callback>
10006d16:	e7ad      	b.n	10006c74 <hub_port_get_status_complete+0x94>
10006d18:	1e43      	subs	r3, r0, #1
10006d1a:	4198      	sbcs	r0, r3
10006d1c:	3905      	subs	r1, #5
10006d1e:	4240      	negs	r0, r0
10006d20:	4b08      	ldr	r3, [pc, #32]	@ (10006d44 <hub_port_get_status_complete+0x164>)
10006d22:	4001      	ands	r1, r0
10006d24:	e7d4      	b.n	10006cd0 <hub_port_get_status_complete+0xf0>
10006d26:	46c0      	nop			@ (mov r8, r8)
10006d28:	200046c0 	.word	0x200046c0
10006d2c:	00140120 	.word	0x00140120
10006d30:	100069b9 	.word	0x100069b9
10006d34:	00100120 	.word	0x00100120
10006d38:	10006ac5 	.word	0x10006ac5
10006d3c:	00120120 	.word	0x00120120
10006d40:	00110120 	.word	0x00110120
10006d44:	00130120 	.word	0x00130120

10006d48 <hub_port_clear_feature>:
10006d48:	b5f0      	push	{r4, r5, r6, r7, lr}
10006d4a:	001e      	movs	r6, r3
10006d4c:	000b      	movs	r3, r1
10006d4e:	0007      	movs	r7, r0
10006d50:	1e58      	subs	r0, r3, #1
10006d52:	4183      	sbcs	r3, r0
10006d54:	2003      	movs	r0, #3
10006d56:	425b      	negs	r3, r3
10006d58:	4018      	ands	r0, r3
10006d5a:	2390      	movs	r3, #144	@ 0x90
10006d5c:	b089      	sub	sp, #36	@ 0x24
10006d5e:	466d      	mov	r5, sp
10006d60:	005b      	lsls	r3, r3, #1
10006d62:	4303      	orrs	r3, r0
10006d64:	802b      	strh	r3, [r5, #0]
10006d66:	2300      	movs	r3, #0
10006d68:	ac02      	add	r4, sp, #8
10006d6a:	806a      	strh	r2, [r5, #2]
10006d6c:	80a9      	strh	r1, [r5, #4]
10006d6e:	2210      	movs	r2, #16
10006d70:	2100      	movs	r1, #0
10006d72:	0020      	movs	r0, r4
10006d74:	80eb      	strh	r3, [r5, #6]
10006d76:	f7fc f88b 	bl	10002e90 <__wrap_memset>
10006d7a:	9b0e      	ldr	r3, [sp, #56]	@ 0x38
10006d7c:	0020      	movs	r0, r4
10006d7e:	7027      	strb	r7, [r4, #0]
10006d80:	9504      	str	r5, [sp, #16]
10006d82:	9606      	str	r6, [sp, #24]
10006d84:	9307      	str	r3, [sp, #28]
10006d86:	f7fe fe55 	bl	10005a34 <tuh_control_xfer>
10006d8a:	b009      	add	sp, #36	@ 0x24
10006d8c:	bdf0      	pop	{r4, r5, r6, r7, pc}
10006d8e:	46c0      	nop			@ (mov r8, r8)

10006d90 <hub_port_get_status>:
10006d90:	b5f0      	push	{r4, r5, r6, r7, lr}
10006d92:	001d      	movs	r5, r3
10006d94:	000b      	movs	r3, r1
10006d96:	0016      	movs	r6, r2
10006d98:	1e5a      	subs	r2, r3, #1
10006d9a:	4193      	sbcs	r3, r2
10006d9c:	2403      	movs	r4, #3
10006d9e:	46c6      	mov	lr, r8
10006da0:	425b      	negs	r3, r3
10006da2:	401c      	ands	r4, r3
10006da4:	23a0      	movs	r3, #160	@ 0xa0
10006da6:	b500      	push	{lr}
10006da8:	b088      	sub	sp, #32
10006daa:	431c      	orrs	r4, r3
10006dac:	466b      	mov	r3, sp
10006dae:	466a      	mov	r2, sp
10006db0:	8099      	strh	r1, [r3, #4]
10006db2:	2304      	movs	r3, #4
10006db4:	9400      	str	r4, [sp, #0]
10006db6:	ac02      	add	r4, sp, #8
10006db8:	0007      	movs	r7, r0
10006dba:	2100      	movs	r1, #0
10006dbc:	80d3      	strh	r3, [r2, #6]
10006dbe:	0020      	movs	r0, r4
10006dc0:	2208      	movs	r2, #8
10006dc2:	f7fc f865 	bl	10002e90 <__wrap_memset>
10006dc6:	466b      	mov	r3, sp
10006dc8:	9304      	str	r3, [sp, #16]
10006dca:	9b0e      	ldr	r3, [sp, #56]	@ 0x38
10006dcc:	0020      	movs	r0, r4
10006dce:	7027      	strb	r7, [r4, #0]
10006dd0:	9605      	str	r6, [sp, #20]
10006dd2:	9506      	str	r5, [sp, #24]
10006dd4:	9307      	str	r3, [sp, #28]
10006dd6:	f7fe fe2d 	bl	10005a34 <tuh_control_xfer>
10006dda:	b008      	add	sp, #32
10006ddc:	bc80      	pop	{r7}
10006dde:	46b8      	mov	r8, r7
10006de0:	bdf0      	pop	{r4, r5, r6, r7, pc}
10006de2:	46c0      	nop			@ (mov r8, r8)

10006de4 <hub_init>:
10006de4:	b510      	push	{r4, lr}
10006de6:	2210      	movs	r2, #16
10006de8:	2100      	movs	r1, #0
10006dea:	4802      	ldr	r0, [pc, #8]	@ (10006df4 <hub_init+0x10>)
10006dec:	f7fc f850 	bl	10002e90 <__wrap_memset>
10006df0:	2001      	movs	r0, #1
10006df2:	bd10      	pop	{r4, pc}
10006df4:	200046c0 	.word	0x200046c0

10006df8 <hub_deinit>:
10006df8:	2001      	movs	r0, #1
10006dfa:	4770      	bx	lr

10006dfc <hub_open>:
10006dfc:	b570      	push	{r4, r5, r6, lr}
10006dfe:	0014      	movs	r4, r2
10006e00:	7952      	ldrb	r2, [r2, #5]
10006e02:	000d      	movs	r5, r1
10006e04:	2a09      	cmp	r2, #9
10006e06:	d110      	bne.n	10006e2a <hub_open+0x2e>
10006e08:	79a2      	ldrb	r2, [r4, #6]
10006e0a:	2a00      	cmp	r2, #0
10006e0c:	d10d      	bne.n	10006e2a <hub_open+0x2e>
10006e0e:	79e2      	ldrb	r2, [r4, #7]
10006e10:	2a01      	cmp	r2, #1
10006e12:	d80a      	bhi.n	10006e2a <hub_open+0x2e>
10006e14:	2b0f      	cmp	r3, #15
10006e16:	d908      	bls.n	10006e2a <hub_open+0x2e>
10006e18:	7826      	ldrb	r6, [r4, #0]
10006e1a:	19a6      	adds	r6, r4, r6
10006e1c:	7873      	ldrb	r3, [r6, #1]
10006e1e:	2b05      	cmp	r3, #5
10006e20:	d103      	bne.n	10006e2a <hub_open+0x2e>
10006e22:	78f3      	ldrb	r3, [r6, #3]
10006e24:	43db      	mvns	r3, r3
10006e26:	079b      	lsls	r3, r3, #30
10006e28:	d001      	beq.n	10006e2e <hub_open+0x32>
10006e2a:	2000      	movs	r0, #0
10006e2c:	bd70      	pop	{r4, r5, r6, pc}
10006e2e:	0031      	movs	r1, r6
10006e30:	0028      	movs	r0, r5
10006e32:	f7ff fbe1 	bl	100065f8 <tuh_edpt_open>
10006e36:	2800      	cmp	r0, #0
10006e38:	d0f7      	beq.n	10006e2a <hub_open+0x2e>
10006e3a:	78a2      	ldrb	r2, [r4, #2]
10006e3c:	4b03      	ldr	r3, [pc, #12]	@ (10006e4c <hub_open+0x50>)
10006e3e:	3d05      	subs	r5, #5
10006e40:	0129      	lsls	r1, r5, #4
10006e42:	54ca      	strb	r2, [r1, r3]
10006e44:	78b2      	ldrb	r2, [r6, #2]
10006e46:	185b      	adds	r3, r3, r1
10006e48:	705a      	strb	r2, [r3, #1]
10006e4a:	e7ef      	b.n	10006e2c <hub_open+0x30>
10006e4c:	200046c0 	.word	0x200046c0

10006e50 <hub_close>:
10006e50:	b510      	push	{r4, lr}
10006e52:	2804      	cmp	r0, #4
10006e54:	d906      	bls.n	10006e64 <hub_close+0x14>
10006e56:	4a06      	ldr	r2, [pc, #24]	@ (10006e70 <hub_close+0x20>)
10006e58:	3805      	subs	r0, #5
10006e5a:	0100      	lsls	r0, r0, #4
10006e5c:	1810      	adds	r0, r2, r0
10006e5e:	7843      	ldrb	r3, [r0, #1]
10006e60:	2b00      	cmp	r3, #0
10006e62:	d100      	bne.n	10006e66 <hub_close+0x16>
10006e64:	bd10      	pop	{r4, pc}
10006e66:	2210      	movs	r2, #16
10006e68:	2100      	movs	r1, #0
10006e6a:	f7fc f811 	bl	10002e90 <__wrap_memset>
10006e6e:	e7f9      	b.n	10006e64 <hub_close+0x14>
10006e70:	200046c0 	.word	0x200046c0

10006e74 <hub_edpt_status_xfer>:
10006e74:	1f41      	subs	r1, r0, #5
10006e76:	4b08      	ldr	r3, [pc, #32]	@ (10006e98 <hub_edpt_status_xfer+0x24>)
10006e78:	0109      	lsls	r1, r1, #4
10006e7a:	1d0a      	adds	r2, r1, #4
10006e7c:	18d2      	adds	r2, r2, r3
10006e7e:	185b      	adds	r3, r3, r1
10006e80:	7859      	ldrb	r1, [r3, #1]
10006e82:	2300      	movs	r3, #0
10006e84:	b500      	push	{lr}
10006e86:	b083      	sub	sp, #12
10006e88:	9301      	str	r3, [sp, #4]
10006e8a:	9300      	str	r3, [sp, #0]
10006e8c:	3301      	adds	r3, #1
10006e8e:	f7ff fb7b 	bl	10006588 <usbh_edpt_xfer_with_callback>
10006e92:	b003      	add	sp, #12
10006e94:	bd00      	pop	{pc}
10006e96:	46c0      	nop			@ (mov r8, r8)
10006e98:	200046c0 	.word	0x200046c0

10006e9c <hub_set_config>:
10006e9c:	b570      	push	{r4, r5, r6, lr}
10006e9e:	1f42      	subs	r2, r0, #5
10006ea0:	4b0f      	ldr	r3, [pc, #60]	@ (10006ee0 <hub_set_config+0x44>)
10006ea2:	0112      	lsls	r2, r2, #4
10006ea4:	5cd3      	ldrb	r3, [r2, r3]
10006ea6:	0004      	movs	r4, r0
10006ea8:	b088      	sub	sp, #32
10006eaa:	2000      	movs	r0, #0
10006eac:	428b      	cmp	r3, r1
10006eae:	d001      	beq.n	10006eb4 <hub_set_config+0x18>
10006eb0:	b008      	add	sp, #32
10006eb2:	bd70      	pop	{r4, r5, r6, pc}
10006eb4:	466a      	mov	r2, sp
10006eb6:	4b0b      	ldr	r3, [pc, #44]	@ (10006ee4 <hub_set_config+0x48>)
10006eb8:	466e      	mov	r6, sp
10006eba:	cb03      	ldmia	r3!, {r0, r1}
10006ebc:	c203      	stmia	r2!, {r0, r1}
10006ebe:	0015      	movs	r5, r2
10006ec0:	2100      	movs	r1, #0
10006ec2:	2218      	movs	r2, #24
10006ec4:	0028      	movs	r0, r5
10006ec6:	f7fb ffe3 	bl	10002e90 <__wrap_memset>
10006eca:	4b07      	ldr	r3, [pc, #28]	@ (10006ee8 <hub_set_config+0x4c>)
10006ecc:	0028      	movs	r0, r5
10006ece:	60eb      	str	r3, [r5, #12]
10006ed0:	4b06      	ldr	r3, [pc, #24]	@ (10006eec <hub_set_config+0x50>)
10006ed2:	702c      	strb	r4, [r5, #0]
10006ed4:	60ae      	str	r6, [r5, #8]
10006ed6:	612b      	str	r3, [r5, #16]
10006ed8:	f7fe fdac 	bl	10005a34 <tuh_control_xfer>
10006edc:	e7e8      	b.n	10006eb0 <hub_set_config+0x14>
10006ede:	46c0      	nop			@ (mov r8, r8)
10006ee0:	200046c0 	.word	0x200046c0
10006ee4:	1000909c 	.word	0x1000909c
10006ee8:	2000403c 	.word	0x2000403c
10006eec:	100069e5 	.word	0x100069e5

10006ef0 <hub_xfer_cb>:
10006ef0:	b5f0      	push	{r4, r5, r6, r7, lr}
10006ef2:	4647      	mov	r7, r8
10006ef4:	46ce      	mov	lr, r9
10006ef6:	b580      	push	{r7, lr}
10006ef8:	0006      	movs	r6, r0
10006efa:	0017      	movs	r7, r2
10006efc:	b08b      	sub	sp, #44	@ 0x2c
10006efe:	2a00      	cmp	r2, #0
10006f00:	d000      	beq.n	10006f04 <hub_xfer_cb+0x14>
10006f02:	e06e      	b.n	10006fe2 <hub_xfer_cb+0xf2>
10006f04:	4b3d      	ldr	r3, [pc, #244]	@ (10006ffc <hub_xfer_cb+0x10c>)
10006f06:	1f44      	subs	r4, r0, #5
10006f08:	0124      	lsls	r4, r4, #4
10006f0a:	4698      	mov	r8, r3
10006f0c:	46a1      	mov	r9, r4
10006f0e:	44c1      	add	r9, r8
10006f10:	464b      	mov	r3, r9
10006f12:	791d      	ldrb	r5, [r3, #4]
10006f14:	2d00      	cmp	r5, #0
10006f16:	d066      	beq.n	10006fe6 <hub_xfer_cb+0xf6>
10006f18:	07eb      	lsls	r3, r5, #31
10006f1a:	d437      	bmi.n	10006f8c <hub_xfer_cb+0x9c>
10006f1c:	464b      	mov	r3, r9
10006f1e:	789a      	ldrb	r2, [r3, #2]
10006f20:	2001      	movs	r0, #1
10006f22:	2301      	movs	r3, #1
10006f24:	2a00      	cmp	r2, #0
10006f26:	d104      	bne.n	10006f32 <hub_xfer_cb+0x42>
10006f28:	e055      	b.n	10006fd6 <hub_xfer_cb+0xe6>
10006f2a:	3301      	adds	r3, #1
10006f2c:	b2db      	uxtb	r3, r3
10006f2e:	4293      	cmp	r3, r2
10006f30:	d851      	bhi.n	10006fd6 <hub_xfer_cb+0xe6>
10006f32:	0029      	movs	r1, r5
10006f34:	40d9      	lsrs	r1, r3
10006f36:	4208      	tst	r0, r1
10006f38:	d0f7      	beq.n	10006f2a <hub_xfer_cb+0x3a>
10006f3a:	0019      	movs	r1, r3
10006f3c:	1e4a      	subs	r2, r1, #1
10006f3e:	4191      	sbcs	r1, r2
10006f40:	2203      	movs	r2, #3
10006f42:	4249      	negs	r1, r1
10006f44:	400a      	ands	r2, r1
10006f46:	21a0      	movs	r1, #160	@ 0xa0
10006f48:	430a      	orrs	r2, r1
10006f4a:	9202      	str	r2, [sp, #8]
10006f4c:	aa02      	add	r2, sp, #8
10006f4e:	8093      	strh	r3, [r2, #4]
10006f50:	2304      	movs	r3, #4
10006f52:	4691      	mov	r9, r2
10006f54:	ad04      	add	r5, sp, #16
10006f56:	80d3      	strh	r3, [r2, #6]
10006f58:	2100      	movs	r1, #0
10006f5a:	2208      	movs	r2, #8
10006f5c:	0028      	movs	r0, r5
10006f5e:	f7fb ff97 	bl	10002e90 <__wrap_memset>
10006f62:	464b      	mov	r3, r9
10006f64:	702e      	strb	r6, [r5, #0]
10006f66:	0027      	movs	r7, r4
10006f68:	9306      	str	r3, [sp, #24]
10006f6a:	4b25      	ldr	r3, [pc, #148]	@ (10007000 <hub_xfer_cb+0x110>)
10006f6c:	3708      	adds	r7, #8
10006f6e:	9308      	str	r3, [sp, #32]
10006f70:	2300      	movs	r3, #0
10006f72:	4447      	add	r7, r8
10006f74:	0028      	movs	r0, r5
10006f76:	9707      	str	r7, [sp, #28]
10006f78:	9309      	str	r3, [sp, #36]	@ 0x24
10006f7a:	f7fe fd5b 	bl	10005a34 <tuh_control_xfer>
10006f7e:	2800      	cmp	r0, #0
10006f80:	d129      	bne.n	10006fd6 <hub_xfer_cb+0xe6>
10006f82:	1d22      	adds	r2, r4, #4
10006f84:	4444      	add	r4, r8
10006f86:	7861      	ldrb	r1, [r4, #1]
10006f88:	4442      	add	r2, r8
10006f8a:	e01e      	b.n	10006fca <hub_xfer_cb+0xda>
10006f8c:	23a0      	movs	r3, #160	@ 0xa0
10006f8e:	9302      	str	r3, [sp, #8]
10006f90:	2380      	movs	r3, #128	@ 0x80
10006f92:	ad04      	add	r5, sp, #16
10006f94:	02db      	lsls	r3, r3, #11
10006f96:	2208      	movs	r2, #8
10006f98:	2100      	movs	r1, #0
10006f9a:	0028      	movs	r0, r5
10006f9c:	9303      	str	r3, [sp, #12]
10006f9e:	f7fb ff77 	bl	10002e90 <__wrap_memset>
10006fa2:	ab02      	add	r3, sp, #8
10006fa4:	702e      	strb	r6, [r5, #0]
10006fa6:	9306      	str	r3, [sp, #24]
10006fa8:	0023      	movs	r3, r4
10006faa:	330c      	adds	r3, #12
10006fac:	4443      	add	r3, r8
10006fae:	9307      	str	r3, [sp, #28]
10006fb0:	4b14      	ldr	r3, [pc, #80]	@ (10007004 <hub_xfer_cb+0x114>)
10006fb2:	0028      	movs	r0, r5
10006fb4:	9308      	str	r3, [sp, #32]
10006fb6:	9709      	str	r7, [sp, #36]	@ 0x24
10006fb8:	f7fe fd3c 	bl	10005a34 <tuh_control_xfer>
10006fbc:	2800      	cmp	r0, #0
10006fbe:	d10a      	bne.n	10006fd6 <hub_xfer_cb+0xe6>
10006fc0:	464b      	mov	r3, r9
10006fc2:	3404      	adds	r4, #4
10006fc4:	0022      	movs	r2, r4
10006fc6:	7859      	ldrb	r1, [r3, #1]
10006fc8:	4442      	add	r2, r8
10006fca:	9001      	str	r0, [sp, #4]
10006fcc:	9000      	str	r0, [sp, #0]
10006fce:	2301      	movs	r3, #1
10006fd0:	0030      	movs	r0, r6
10006fd2:	f7ff fad9 	bl	10006588 <usbh_edpt_xfer_with_callback>
10006fd6:	2001      	movs	r0, #1
10006fd8:	b00b      	add	sp, #44	@ 0x2c
10006fda:	bcc0      	pop	{r6, r7}
10006fdc:	46b9      	mov	r9, r7
10006fde:	46b0      	mov	r8, r6
10006fe0:	bdf0      	pop	{r4, r5, r6, r7, pc}
10006fe2:	2000      	movs	r0, #0
10006fe4:	e7f8      	b.n	10006fd8 <hub_xfer_cb+0xe8>
10006fe6:	3404      	adds	r4, #4
10006fe8:	0022      	movs	r2, r4
10006fea:	7859      	ldrb	r1, [r3, #1]
10006fec:	4442      	add	r2, r8
10006fee:	2301      	movs	r3, #1
10006ff0:	9501      	str	r5, [sp, #4]
10006ff2:	9500      	str	r5, [sp, #0]
10006ff4:	f7ff fac8 	bl	10006588 <usbh_edpt_xfer_with_callback>
10006ff8:	e7ee      	b.n	10006fd8 <hub_xfer_cb+0xe8>
10006ffa:	46c0      	nop			@ (mov r8, r8)
10006ffc:	200046c0 	.word	0x200046c0
10007000:	10006be1 	.word	0x10006be1
10007004:	10006b55 	.word	0x10006b55

10007008 <process_set_config>:
10007008:	b5f0      	push	{r4, r5, r6, r7, lr}
1000700a:	46d6      	mov	lr, sl
1000700c:	464f      	mov	r7, r9
1000700e:	4646      	mov	r6, r8
10007010:	b5c0      	push	{r6, r7, lr}
10007012:	6882      	ldr	r2, [r0, #8]
10007014:	0004      	movs	r4, r0
10007016:	7853      	ldrb	r3, [r2, #1]
10007018:	b08c      	sub	sp, #48	@ 0x30
1000701a:	3b0a      	subs	r3, #10
1000701c:	2b01      	cmp	r3, #1
1000701e:	d902      	bls.n	10007026 <process_set_config+0x1e>
10007020:	78c3      	ldrb	r3, [r0, #3]
10007022:	2b00      	cmp	r3, #0
10007024:	d112      	bne.n	1000704c <process_set_config+0x44>
10007026:	4d66      	ldr	r5, [pc, #408]	@ (100071c0 <process_set_config+0x1b8>)
10007028:	7953      	ldrb	r3, [r2, #5]
1000702a:	7917      	ldrb	r7, [r2, #4]
1000702c:	7826      	ldrb	r6, [r4, #0]
1000702e:	782a      	ldrb	r2, [r5, #0]
10007030:	021b      	lsls	r3, r3, #8
10007032:	433b      	orrs	r3, r7
10007034:	42b2      	cmp	r2, r6
10007036:	d017      	beq.n	10007068 <process_set_config+0x60>
10007038:	7baa      	ldrb	r2, [r5, #14]
1000703a:	42b2      	cmp	r2, r6
1000703c:	d042      	beq.n	100070c4 <process_set_config+0xbc>
1000703e:	7f2a      	ldrb	r2, [r5, #28]
10007040:	42b2      	cmp	r2, r6
10007042:	d046      	beq.n	100070d2 <process_set_config+0xca>
10007044:	222a      	movs	r2, #42	@ 0x2a
10007046:	5caa      	ldrb	r2, [r5, r2]
10007048:	42b2      	cmp	r2, r6
1000704a:	d005      	beq.n	10007058 <process_set_config+0x50>
1000704c:	b00c      	add	sp, #48	@ 0x30
1000704e:	bce0      	pop	{r5, r6, r7}
10007050:	46ba      	mov	sl, r7
10007052:	46b1      	mov	r9, r6
10007054:	46a8      	mov	r8, r5
10007056:	bdf0      	pop	{r4, r5, r6, r7, pc}
10007058:	222b      	movs	r2, #43	@ 0x2b
1000705a:	5caa      	ldrb	r2, [r5, r2]
1000705c:	42ba      	cmp	r2, r7
1000705e:	d1f5      	bne.n	1000704c <process_set_config+0x44>
10007060:	2203      	movs	r2, #3
10007062:	4691      	mov	r9, r2
10007064:	4690      	mov	r8, r2
10007066:	e005      	b.n	10007074 <process_set_config+0x6c>
10007068:	786a      	ldrb	r2, [r5, #1]
1000706a:	42ba      	cmp	r2, r7
1000706c:	d1e4      	bne.n	10007038 <process_set_config+0x30>
1000706e:	2200      	movs	r2, #0
10007070:	4691      	mov	r9, r2
10007072:	4690      	mov	r8, r2
10007074:	2e00      	cmp	r6, #0
10007076:	d0e9      	beq.n	1000704c <process_set_config+0x44>
10007078:	6962      	ldr	r2, [r4, #20]
1000707a:	2a02      	cmp	r2, #2
1000707c:	d077      	beq.n	1000716e <process_set_config+0x166>
1000707e:	d82f      	bhi.n	100070e0 <process_set_config+0xd8>
10007080:	2a00      	cmp	r2, #0
10007082:	d054      	beq.n	1000712e <process_set_config+0x126>
10007084:	4643      	mov	r3, r8
10007086:	4642      	mov	r2, r8
10007088:	00db      	lsls	r3, r3, #3
1000708a:	1a9b      	subs	r3, r3, r2
1000708c:	005b      	lsls	r3, r3, #1
1000708e:	18eb      	adds	r3, r5, r3
10007090:	785b      	ldrb	r3, [r3, #1]
10007092:	ad04      	add	r5, sp, #16
10007094:	80ab      	strh	r3, [r5, #4]
10007096:	2300      	movs	r3, #0
10007098:	4a4a      	ldr	r2, [pc, #296]	@ (100071c4 <process_set_config+0x1bc>)
1000709a:	494b      	ldr	r1, [pc, #300]	@ (100071c8 <process_set_config+0x1c0>)
1000709c:	7812      	ldrb	r2, [r2, #0]
1000709e:	ac06      	add	r4, sp, #24
100070a0:	8029      	strh	r1, [r5, #0]
100070a2:	806a      	strh	r2, [r5, #2]
100070a4:	80eb      	strh	r3, [r5, #6]
100070a6:	2210      	movs	r2, #16
100070a8:	2100      	movs	r1, #0
100070aa:	0020      	movs	r0, r4
100070ac:	f7fb fef0 	bl	10002e90 <__wrap_memset>
100070b0:	4b46      	ldr	r3, [pc, #280]	@ (100071cc <process_set_config+0x1c4>)
100070b2:	7026      	strb	r6, [r4, #0]
100070b4:	930a      	str	r3, [sp, #40]	@ 0x28
100070b6:	2302      	movs	r3, #2
100070b8:	0020      	movs	r0, r4
100070ba:	9508      	str	r5, [sp, #32]
100070bc:	930b      	str	r3, [sp, #44]	@ 0x2c
100070be:	f7fe fcb9 	bl	10005a34 <tuh_control_xfer>
100070c2:	e7c3      	b.n	1000704c <process_set_config+0x44>
100070c4:	7bea      	ldrb	r2, [r5, #15]
100070c6:	42ba      	cmp	r2, r7
100070c8:	d1b9      	bne.n	1000703e <process_set_config+0x36>
100070ca:	2201      	movs	r2, #1
100070cc:	4691      	mov	r9, r2
100070ce:	4690      	mov	r8, r2
100070d0:	e7d0      	b.n	10007074 <process_set_config+0x6c>
100070d2:	7f6a      	ldrb	r2, [r5, #29]
100070d4:	42ba      	cmp	r2, r7
100070d6:	d1b5      	bne.n	10007044 <process_set_config+0x3c>
100070d8:	2202      	movs	r2, #2
100070da:	4691      	mov	r9, r2
100070dc:	4690      	mov	r8, r2
100070de:	e7c9      	b.n	10007074 <process_set_config+0x6c>
100070e0:	2a03      	cmp	r2, #3
100070e2:	d1b3      	bne.n	1000704c <process_set_config+0x44>
100070e4:	f7ff fa04 	bl	100064f0 <usbh_get_enum_buf>
100070e8:	4643      	mov	r3, r8
100070ea:	4641      	mov	r1, r8
100070ec:	00db      	lsls	r3, r3, #3
100070ee:	1a59      	subs	r1, r3, r1
100070f0:	0049      	lsls	r1, r1, #1
100070f2:	469a      	mov	sl, r3
100070f4:	5c6b      	ldrb	r3, [r5, r1]
100070f6:	0002      	movs	r2, r0
100070f8:	42b3      	cmp	r3, r6
100070fa:	d1a7      	bne.n	1000704c <process_set_config+0x44>
100070fc:	2001      	movs	r0, #1
100070fe:	68a3      	ldr	r3, [r4, #8]
10007100:	1869      	adds	r1, r5, r1
10007102:	799c      	ldrb	r4, [r3, #6]
10007104:	79db      	ldrb	r3, [r3, #7]
10007106:	7108      	strb	r0, [r1, #4]
10007108:	4931      	ldr	r1, [pc, #196]	@ (100071d0 <process_set_config+0x1c8>)
1000710a:	021b      	lsls	r3, r3, #8
1000710c:	4323      	orrs	r3, r4
1000710e:	2900      	cmp	r1, #0
10007110:	d003      	beq.n	1000711a <process_set_config+0x112>
10007112:	4649      	mov	r1, r9
10007114:	0030      	movs	r0, r6
10007116:	f7f9 fa89 	bl	1000062c <tuh_hid_mount_cb>
1000711a:	4653      	mov	r3, sl
1000711c:	4642      	mov	r2, r8
1000711e:	1a9b      	subs	r3, r3, r2
10007120:	005b      	lsls	r3, r3, #1
10007122:	18eb      	adds	r3, r5, r3
10007124:	0030      	movs	r0, r6
10007126:	7859      	ldrb	r1, [r3, #1]
10007128:	f7ff fb5e 	bl	100067e8 <usbh_driver_set_config_complete>
1000712c:	e78e      	b.n	1000704c <process_set_config+0x44>
1000712e:	4641      	mov	r1, r8
10007130:	4640      	mov	r0, r8
10007132:	00c9      	lsls	r1, r1, #3
10007134:	1a09      	subs	r1, r1, r0
10007136:	0049      	lsls	r1, r1, #1
10007138:	1869      	adds	r1, r5, r1
1000713a:	794d      	ldrb	r5, [r1, #5]
1000713c:	af04      	add	r7, sp, #16
1000713e:	4269      	negs	r1, r5
10007140:	414d      	adcs	r5, r1
10007142:	4924      	ldr	r1, [pc, #144]	@ (100071d4 <process_set_config+0x1cc>)
10007144:	ac06      	add	r4, sp, #24
10007146:	9104      	str	r1, [sp, #16]
10007148:	21ff      	movs	r1, #255	@ 0xff
1000714a:	400b      	ands	r3, r1
1000714c:	80bb      	strh	r3, [r7, #4]
1000714e:	80fa      	strh	r2, [r7, #6]
10007150:	2100      	movs	r1, #0
10007152:	2210      	movs	r2, #16
10007154:	0020      	movs	r0, r4
10007156:	f7fb fe9b 	bl	10002e90 <__wrap_memset>
1000715a:	4b1c      	ldr	r3, [pc, #112]	@ (100071cc <process_set_config+0x1c4>)
1000715c:	7026      	strb	r6, [r4, #0]
1000715e:	3501      	adds	r5, #1
10007160:	0020      	movs	r0, r4
10007162:	9708      	str	r7, [sp, #32]
10007164:	930a      	str	r3, [sp, #40]	@ 0x28
10007166:	950b      	str	r5, [sp, #44]	@ 0x2c
10007168:	f7fe fc64 	bl	10005a34 <tuh_control_xfer>
1000716c:	e76e      	b.n	1000704c <process_set_config+0x44>
1000716e:	4643      	mov	r3, r8
10007170:	4642      	mov	r2, r8
10007172:	00db      	lsls	r3, r3, #3
10007174:	1a9c      	subs	r4, r3, r2
10007176:	469a      	mov	sl, r3
10007178:	2380      	movs	r3, #128	@ 0x80
1000717a:	0064      	lsls	r4, r4, #1
1000717c:	192c      	adds	r4, r5, r4
1000717e:	8922      	ldrh	r2, [r4, #8]
10007180:	005b      	lsls	r3, r3, #1
10007182:	429a      	cmp	r2, r3
10007184:	d90b      	bls.n	1000719e <process_set_config+0x196>
10007186:	3bff      	subs	r3, #255	@ 0xff
10007188:	7123      	strb	r3, [r4, #4]
1000718a:	4b11      	ldr	r3, [pc, #68]	@ (100071d0 <process_set_config+0x1c8>)
1000718c:	2b00      	cmp	r3, #0
1000718e:	d0c4      	beq.n	1000711a <process_set_config+0x112>
10007190:	2300      	movs	r3, #0
10007192:	2200      	movs	r2, #0
10007194:	4649      	mov	r1, r9
10007196:	0030      	movs	r0, r6
10007198:	f7f9 fa48 	bl	1000062c <tuh_hid_mount_cb>
1000719c:	e7bd      	b.n	1000711a <process_set_config+0x112>
1000719e:	79e5      	ldrb	r5, [r4, #7]
100071a0:	f7ff f9a6 	bl	100064f0 <usbh_get_enum_buf>
100071a4:	2303      	movs	r3, #3
100071a6:	9303      	str	r3, [sp, #12]
100071a8:	4b08      	ldr	r3, [pc, #32]	@ (100071cc <process_set_config+0x1c4>)
100071aa:	002a      	movs	r2, r5
100071ac:	9302      	str	r3, [sp, #8]
100071ae:	8923      	ldrh	r3, [r4, #8]
100071b0:	0039      	movs	r1, r7
100071b2:	9301      	str	r3, [sp, #4]
100071b4:	9000      	str	r0, [sp, #0]
100071b6:	2300      	movs	r3, #0
100071b8:	0030      	movs	r0, r6
100071ba:	f7ff fa65 	bl	10006688 <tuh_descriptor_get_hid_report>
100071be:	e745      	b.n	1000704c <process_set_config+0x44>
100071c0:	200038d8 	.word	0x200038d8
100071c4:	2000612f 	.word	0x2000612f
100071c8:	00000b21 	.word	0x00000b21
100071cc:	10007009 	.word	0x10007009
100071d0:	1000062d 	.word	0x1000062d
100071d4:	00000a21 	.word	0x00000a21

100071d8 <tuh_hid_receive_report>:
100071d8:	b570      	push	{r4, r5, r6, lr}
100071da:	000c      	movs	r4, r1
100071dc:	b082      	sub	sp, #8
100071de:	2800      	cmp	r0, #0
100071e0:	d00f      	beq.n	10007202 <tuh_hid_receive_report+0x2a>
100071e2:	2903      	cmp	r1, #3
100071e4:	d80d      	bhi.n	10007202 <tuh_hid_receive_report+0x2a>
100071e6:	00cb      	lsls	r3, r1, #3
100071e8:	4e10      	ldr	r6, [pc, #64]	@ (1000722c <tuh_hid_receive_report+0x54>)
100071ea:	1a5b      	subs	r3, r3, r1
100071ec:	005b      	lsls	r3, r3, #1
100071ee:	5d9d      	ldrb	r5, [r3, r6]
100071f0:	4285      	cmp	r5, r0
100071f2:	d106      	bne.n	10007202 <tuh_hid_receive_report+0x2a>
100071f4:	18f6      	adds	r6, r6, r3
100071f6:	0028      	movs	r0, r5
100071f8:	78b1      	ldrb	r1, [r6, #2]
100071fa:	f7ff f97d 	bl	100064f8 <usbh_edpt_claim>
100071fe:	2800      	cmp	r0, #0
10007200:	d102      	bne.n	10007208 <tuh_hid_receive_report+0x30>
10007202:	2000      	movs	r0, #0
10007204:	b002      	add	sp, #8
10007206:	bd70      	pop	{r4, r5, r6, pc}
10007208:	2000      	movs	r0, #0
1000720a:	4909      	ldr	r1, [pc, #36]	@ (10007230 <tuh_hid_receive_report+0x58>)
1000720c:	01e2      	lsls	r2, r4, #7
1000720e:	8973      	ldrh	r3, [r6, #10]
10007210:	1852      	adds	r2, r2, r1
10007212:	78b1      	ldrb	r1, [r6, #2]
10007214:	9001      	str	r0, [sp, #4]
10007216:	9000      	str	r0, [sp, #0]
10007218:	0028      	movs	r0, r5
1000721a:	f7ff f9b5 	bl	10006588 <usbh_edpt_xfer_with_callback>
1000721e:	2800      	cmp	r0, #0
10007220:	d1f0      	bne.n	10007204 <tuh_hid_receive_report+0x2c>
10007222:	0028      	movs	r0, r5
10007224:	78b1      	ldrb	r1, [r6, #2]
10007226:	f7ff f98b 	bl	10006540 <usbh_edpt_release>
1000722a:	e7ea      	b.n	10007202 <tuh_hid_receive_report+0x2a>
1000722c:	200038d8 	.word	0x200038d8
10007230:	20003e3c 	.word	0x20003e3c

10007234 <hidh_init>:
10007234:	b510      	push	{r4, lr}
10007236:	2238      	movs	r2, #56	@ 0x38
10007238:	2100      	movs	r1, #0
1000723a:	4802      	ldr	r0, [pc, #8]	@ (10007244 <hidh_init+0x10>)
1000723c:	f7fb fe28 	bl	10002e90 <__wrap_memset>
10007240:	2001      	movs	r0, #1
10007242:	bd10      	pop	{r4, pc}
10007244:	200038d8 	.word	0x200038d8

10007248 <hidh_deinit>:
10007248:	2001      	movs	r0, #1
1000724a:	4770      	bx	lr

1000724c <hidh_xfer_cb>:
1000724c:	4a29      	ldr	r2, [pc, #164]	@ (100072f4 <hidh_xfer_cb+0xa8>)
1000724e:	b570      	push	{r4, r5, r6, lr}
10007250:	000d      	movs	r5, r1
10007252:	7811      	ldrb	r1, [r2, #0]
10007254:	0004      	movs	r4, r0
10007256:	4281      	cmp	r1, r0
10007258:	d00b      	beq.n	10007272 <hidh_xfer_cb+0x26>
1000725a:	7b91      	ldrb	r1, [r2, #14]
1000725c:	42a1      	cmp	r1, r4
1000725e:	d021      	beq.n	100072a4 <hidh_xfer_cb+0x58>
10007260:	7f11      	ldrb	r1, [r2, #28]
10007262:	42a1      	cmp	r1, r4
10007264:	d027      	beq.n	100072b6 <hidh_xfer_cb+0x6a>
10007266:	212a      	movs	r1, #42	@ 0x2a
10007268:	5c51      	ldrb	r1, [r2, r1]
1000726a:	2000      	movs	r0, #0
1000726c:	42a1      	cmp	r1, r4
1000726e:	d02b      	beq.n	100072c8 <hidh_xfer_cb+0x7c>
10007270:	bd70      	pop	{r4, r5, r6, pc}
10007272:	7891      	ldrb	r1, [r2, #2]
10007274:	42a9      	cmp	r1, r5
10007276:	d002      	beq.n	1000727e <hidh_xfer_cb+0x32>
10007278:	78d1      	ldrb	r1, [r2, #3]
1000727a:	42a9      	cmp	r1, r5
1000727c:	d1ed      	bne.n	1000725a <hidh_xfer_cb+0xe>
1000727e:	2100      	movs	r1, #0
10007280:	2200      	movs	r2, #0
10007282:	2c00      	cmp	r4, #0
10007284:	d034      	beq.n	100072f0 <hidh_xfer_cb+0xa4>
10007286:	09ed      	lsrs	r5, r5, #7
10007288:	2d01      	cmp	r5, #1
1000728a:	d028      	beq.n	100072de <hidh_xfer_cb+0x92>
1000728c:	481a      	ldr	r0, [pc, #104]	@ (100072f8 <hidh_xfer_cb+0xac>)
1000728e:	2800      	cmp	r0, #0
10007290:	d006      	beq.n	100072a0 <hidh_xfer_cb+0x54>
10007292:	481a      	ldr	r0, [pc, #104]	@ (100072fc <hidh_xfer_cb+0xb0>)
10007294:	01d2      	lsls	r2, r2, #7
10007296:	1812      	adds	r2, r2, r0
10007298:	b29b      	uxth	r3, r3
1000729a:	0020      	movs	r0, r4
1000729c:	e000      	b.n	100072a0 <hidh_xfer_cb+0x54>
1000729e:	bf00      	nop
100072a0:	2001      	movs	r0, #1
100072a2:	e7e5      	b.n	10007270 <hidh_xfer_cb+0x24>
100072a4:	7c11      	ldrb	r1, [r2, #16]
100072a6:	42a9      	cmp	r1, r5
100072a8:	d002      	beq.n	100072b0 <hidh_xfer_cb+0x64>
100072aa:	7c51      	ldrb	r1, [r2, #17]
100072ac:	42a9      	cmp	r1, r5
100072ae:	d1d7      	bne.n	10007260 <hidh_xfer_cb+0x14>
100072b0:	2101      	movs	r1, #1
100072b2:	2201      	movs	r2, #1
100072b4:	e7e5      	b.n	10007282 <hidh_xfer_cb+0x36>
100072b6:	7f91      	ldrb	r1, [r2, #30]
100072b8:	42a9      	cmp	r1, r5
100072ba:	d002      	beq.n	100072c2 <hidh_xfer_cb+0x76>
100072bc:	7fd1      	ldrb	r1, [r2, #31]
100072be:	42a9      	cmp	r1, r5
100072c0:	d1d1      	bne.n	10007266 <hidh_xfer_cb+0x1a>
100072c2:	2102      	movs	r1, #2
100072c4:	2202      	movs	r2, #2
100072c6:	e7dc      	b.n	10007282 <hidh_xfer_cb+0x36>
100072c8:	212c      	movs	r1, #44	@ 0x2c
100072ca:	5c51      	ldrb	r1, [r2, r1]
100072cc:	42a9      	cmp	r1, r5
100072ce:	d003      	beq.n	100072d8 <hidh_xfer_cb+0x8c>
100072d0:	212d      	movs	r1, #45	@ 0x2d
100072d2:	5c52      	ldrb	r2, [r2, r1]
100072d4:	42aa      	cmp	r2, r5
100072d6:	d1cb      	bne.n	10007270 <hidh_xfer_cb+0x24>
100072d8:	2103      	movs	r1, #3
100072da:	2203      	movs	r2, #3
100072dc:	e7d1      	b.n	10007282 <hidh_xfer_cb+0x36>
100072de:	4808      	ldr	r0, [pc, #32]	@ (10007300 <hidh_xfer_cb+0xb4>)
100072e0:	01d2      	lsls	r2, r2, #7
100072e2:	1812      	adds	r2, r2, r0
100072e4:	b29b      	uxth	r3, r3
100072e6:	0020      	movs	r0, r4
100072e8:	f7f9 fa30 	bl	1000074c <tuh_hid_report_received_cb>
100072ec:	2001      	movs	r0, #1
100072ee:	e7bf      	b.n	10007270 <hidh_xfer_cb+0x24>
100072f0:	2000      	movs	r0, #0
100072f2:	e7bd      	b.n	10007270 <hidh_xfer_cb+0x24>
100072f4:	200038d8 	.word	0x200038d8
100072f8:	00000000 	.word	0x00000000
100072fc:	20003e7c 	.word	0x20003e7c
10007300:	20003e3c 	.word	0x20003e3c

10007304 <hidh_close>:
10007304:	b570      	push	{r4, r5, r6, lr}
10007306:	4d25      	ldr	r5, [pc, #148]	@ (1000739c <hidh_close+0x98>)
10007308:	0004      	movs	r4, r0
1000730a:	782b      	ldrb	r3, [r5, #0]
1000730c:	4283      	cmp	r3, r0
1000730e:	d00a      	beq.n	10007326 <hidh_close+0x22>
10007310:	7bab      	ldrb	r3, [r5, #14]
10007312:	42a3      	cmp	r3, r4
10007314:	d015      	beq.n	10007342 <hidh_close+0x3e>
10007316:	7f2b      	ldrb	r3, [r5, #28]
10007318:	42a3      	cmp	r3, r4
1000731a:	d021      	beq.n	10007360 <hidh_close+0x5c>
1000731c:	232a      	movs	r3, #42	@ 0x2a
1000731e:	5ceb      	ldrb	r3, [r5, r3]
10007320:	42a3      	cmp	r3, r4
10007322:	d02d      	beq.n	10007380 <hidh_close+0x7c>
10007324:	bd70      	pop	{r4, r5, r6, pc}
10007326:	4b1e      	ldr	r3, [pc, #120]	@ (100073a0 <hidh_close+0x9c>)
10007328:	2b00      	cmp	r3, #0
1000732a:	d002      	beq.n	10007332 <hidh_close+0x2e>
1000732c:	2100      	movs	r1, #0
1000732e:	f7f9 f987 	bl	10000640 <tuh_hid_umount_cb>
10007332:	220e      	movs	r2, #14
10007334:	2100      	movs	r1, #0
10007336:	0028      	movs	r0, r5
10007338:	f7fb fdaa 	bl	10002e90 <__wrap_memset>
1000733c:	7bab      	ldrb	r3, [r5, #14]
1000733e:	42a3      	cmp	r3, r4
10007340:	d1e9      	bne.n	10007316 <hidh_close+0x12>
10007342:	4b17      	ldr	r3, [pc, #92]	@ (100073a0 <hidh_close+0x9c>)
10007344:	2b00      	cmp	r3, #0
10007346:	d003      	beq.n	10007350 <hidh_close+0x4c>
10007348:	2101      	movs	r1, #1
1000734a:	0020      	movs	r0, r4
1000734c:	f7f9 f978 	bl	10000640 <tuh_hid_umount_cb>
10007350:	220e      	movs	r2, #14
10007352:	2100      	movs	r1, #0
10007354:	4813      	ldr	r0, [pc, #76]	@ (100073a4 <hidh_close+0xa0>)
10007356:	f7fb fd9b 	bl	10002e90 <__wrap_memset>
1000735a:	7f2b      	ldrb	r3, [r5, #28]
1000735c:	42a3      	cmp	r3, r4
1000735e:	d1dd      	bne.n	1000731c <hidh_close+0x18>
10007360:	4b0f      	ldr	r3, [pc, #60]	@ (100073a0 <hidh_close+0x9c>)
10007362:	2b00      	cmp	r3, #0
10007364:	d003      	beq.n	1000736e <hidh_close+0x6a>
10007366:	2102      	movs	r1, #2
10007368:	0020      	movs	r0, r4
1000736a:	f7f9 f969 	bl	10000640 <tuh_hid_umount_cb>
1000736e:	220e      	movs	r2, #14
10007370:	2100      	movs	r1, #0
10007372:	480d      	ldr	r0, [pc, #52]	@ (100073a8 <hidh_close+0xa4>)
10007374:	f7fb fd8c 	bl	10002e90 <__wrap_memset>
10007378:	232a      	movs	r3, #42	@ 0x2a
1000737a:	5ceb      	ldrb	r3, [r5, r3]
1000737c:	42a3      	cmp	r3, r4
1000737e:	d1d1      	bne.n	10007324 <hidh_close+0x20>
10007380:	4b07      	ldr	r3, [pc, #28]	@ (100073a0 <hidh_close+0x9c>)
10007382:	2b00      	cmp	r3, #0
10007384:	d003      	beq.n	1000738e <hidh_close+0x8a>
10007386:	2103      	movs	r1, #3
10007388:	0020      	movs	r0, r4
1000738a:	f7f9 f959 	bl	10000640 <tuh_hid_umount_cb>
1000738e:	220e      	movs	r2, #14
10007390:	2100      	movs	r1, #0
10007392:	4806      	ldr	r0, [pc, #24]	@ (100073ac <hidh_close+0xa8>)
10007394:	f7fb fd7c 	bl	10002e90 <__wrap_memset>
10007398:	e7c4      	b.n	10007324 <hidh_close+0x20>
1000739a:	46c0      	nop			@ (mov r8, r8)
1000739c:	200038d8 	.word	0x200038d8
100073a0:	10000641 	.word	0x10000641
100073a4:	200038e6 	.word	0x200038e6
100073a8:	200038f4 	.word	0x200038f4
100073ac:	20003902 	.word	0x20003902

100073b0 <hidh_open>:
100073b0:	b5f0      	push	{r4, r5, r6, r7, lr}
100073b2:	4645      	mov	r5, r8
100073b4:	46de      	mov	lr, fp
100073b6:	4657      	mov	r7, sl
100073b8:	464e      	mov	r6, r9
100073ba:	b5e0      	push	{r5, r6, r7, lr}
100073bc:	0014      	movs	r4, r2
100073be:	7952      	ldrb	r2, [r2, #5]
100073c0:	000d      	movs	r5, r1
100073c2:	b083      	sub	sp, #12
100073c4:	2a03      	cmp	r2, #3
100073c6:	d11d      	bne.n	10007404 <hidh_open+0x54>
100073c8:	7921      	ldrb	r1, [r4, #4]
100073ca:	00ca      	lsls	r2, r1, #3
100073cc:	1a52      	subs	r2, r2, r1
100073ce:	3212      	adds	r2, #18
100073d0:	b292      	uxth	r2, r2
100073d2:	429a      	cmp	r2, r3
100073d4:	d816      	bhi.n	10007404 <hidh_open+0x54>
100073d6:	7827      	ldrb	r7, [r4, #0]
100073d8:	19e7      	adds	r7, r4, r7
100073da:	787b      	ldrb	r3, [r7, #1]
100073dc:	2b21      	cmp	r3, #33	@ 0x21
100073de:	d111      	bne.n	10007404 <hidh_open+0x54>
100073e0:	4b38      	ldr	r3, [pc, #224]	@ (100074c4 <hidh_open+0x114>)
100073e2:	4698      	mov	r8, r3
100073e4:	781b      	ldrb	r3, [r3, #0]
100073e6:	2b00      	cmp	r3, #0
100073e8:	d063      	beq.n	100074b2 <hidh_open+0x102>
100073ea:	4643      	mov	r3, r8
100073ec:	7b9b      	ldrb	r3, [r3, #14]
100073ee:	2b00      	cmp	r3, #0
100073f0:	d062      	beq.n	100074b8 <hidh_open+0x108>
100073f2:	4643      	mov	r3, r8
100073f4:	7f1b      	ldrb	r3, [r3, #28]
100073f6:	2b00      	cmp	r3, #0
100073f8:	d061      	beq.n	100074be <hidh_open+0x10e>
100073fa:	232a      	movs	r3, #42	@ 0x2a
100073fc:	4642      	mov	r2, r8
100073fe:	5cd3      	ldrb	r3, [r2, r3]
10007400:	2b00      	cmp	r3, #0
10007402:	d007      	beq.n	10007414 <hidh_open+0x64>
10007404:	2000      	movs	r0, #0
10007406:	b003      	add	sp, #12
10007408:	bcf0      	pop	{r4, r5, r6, r7}
1000740a:	46bb      	mov	fp, r7
1000740c:	46b2      	mov	sl, r6
1000740e:	46a9      	mov	r9, r5
10007410:	46a0      	mov	r8, r4
10007412:	bdf0      	pop	{r4, r5, r6, r7, pc}
10007414:	3303      	adds	r3, #3
10007416:	469b      	mov	fp, r3
10007418:	465b      	mov	r3, fp
1000741a:	465a      	mov	r2, fp
1000741c:	00db      	lsls	r3, r3, #3
1000741e:	9301      	str	r3, [sp, #4]
10007420:	1a9b      	subs	r3, r3, r2
10007422:	4642      	mov	r2, r8
10007424:	005b      	lsls	r3, r3, #1
10007426:	54d5      	strb	r5, [r2, r3]
10007428:	2200      	movs	r2, #0
1000742a:	783e      	ldrb	r6, [r7, #0]
1000742c:	4443      	add	r3, r8
1000742e:	4691      	mov	r9, r2
10007430:	469a      	mov	sl, r3
10007432:	19be      	adds	r6, r7, r6
10007434:	2900      	cmp	r1, #0
10007436:	d10b      	bne.n	10007450 <hidh_open+0xa0>
10007438:	e021      	b.n	1000747e <hidh_open+0xce>
1000743a:	4651      	mov	r1, sl
1000743c:	70ca      	strb	r2, [r1, #3]
1000743e:	818b      	strh	r3, [r1, #12]
10007440:	7833      	ldrb	r3, [r6, #0]
10007442:	18f6      	adds	r6, r6, r3
10007444:	2301      	movs	r3, #1
10007446:	469c      	mov	ip, r3
10007448:	7923      	ldrb	r3, [r4, #4]
1000744a:	44e1      	add	r9, ip
1000744c:	454b      	cmp	r3, r9
1000744e:	dd16      	ble.n	1000747e <hidh_open+0xce>
10007450:	7873      	ldrb	r3, [r6, #1]
10007452:	2b05      	cmp	r3, #5
10007454:	d1d6      	bne.n	10007404 <hidh_open+0x54>
10007456:	0031      	movs	r1, r6
10007458:	0028      	movs	r0, r5
1000745a:	f7ff f8cd 	bl	100065f8 <tuh_edpt_open>
1000745e:	2800      	cmp	r0, #0
10007460:	d0d0      	beq.n	10007404 <hidh_open+0x54>
10007462:	7973      	ldrb	r3, [r6, #5]
10007464:	7931      	ldrb	r1, [r6, #4]
10007466:	021b      	lsls	r3, r3, #8
10007468:	430b      	orrs	r3, r1
1000746a:	78b2      	ldrb	r2, [r6, #2]
1000746c:	055b      	lsls	r3, r3, #21
1000746e:	0d5b      	lsrs	r3, r3, #21
10007470:	09d1      	lsrs	r1, r2, #7
10007472:	2901      	cmp	r1, #1
10007474:	d1e1      	bne.n	1000743a <hidh_open+0x8a>
10007476:	4651      	mov	r1, sl
10007478:	708a      	strb	r2, [r1, #2]
1000747a:	814b      	strh	r3, [r1, #10]
1000747c:	e7e0      	b.n	10007440 <hidh_open+0x90>
1000747e:	465a      	mov	r2, fp
10007480:	9b01      	ldr	r3, [sp, #4]
10007482:	1a9b      	subs	r3, r3, r2
10007484:	005b      	lsls	r3, r3, #1
10007486:	78a2      	ldrb	r2, [r4, #2]
10007488:	4443      	add	r3, r8
1000748a:	705a      	strb	r2, [r3, #1]
1000748c:	79ba      	ldrb	r2, [r7, #6]
1000748e:	71da      	strb	r2, [r3, #7]
10007490:	7a3a      	ldrb	r2, [r7, #8]
10007492:	79f9      	ldrb	r1, [r7, #7]
10007494:	0212      	lsls	r2, r2, #8
10007496:	430a      	orrs	r2, r1
10007498:	811a      	strh	r2, [r3, #8]
1000749a:	4a0b      	ldr	r2, [pc, #44]	@ (100074c8 <hidh_open+0x118>)
1000749c:	7812      	ldrb	r2, [r2, #0]
1000749e:	719a      	strb	r2, [r3, #6]
100074a0:	79a2      	ldrb	r2, [r4, #6]
100074a2:	2a01      	cmp	r2, #1
100074a4:	d001      	beq.n	100074aa <hidh_open+0xfa>
100074a6:	2001      	movs	r0, #1
100074a8:	e7ad      	b.n	10007406 <hidh_open+0x56>
100074aa:	79e2      	ldrb	r2, [r4, #7]
100074ac:	2001      	movs	r0, #1
100074ae:	715a      	strb	r2, [r3, #5]
100074b0:	e7a9      	b.n	10007406 <hidh_open+0x56>
100074b2:	2300      	movs	r3, #0
100074b4:	469b      	mov	fp, r3
100074b6:	e7af      	b.n	10007418 <hidh_open+0x68>
100074b8:	2301      	movs	r3, #1
100074ba:	469b      	mov	fp, r3
100074bc:	e7ac      	b.n	10007418 <hidh_open+0x68>
100074be:	2302      	movs	r3, #2
100074c0:	469b      	mov	fp, r3
100074c2:	e7a9      	b.n	10007418 <hidh_open+0x68>
100074c4:	200038d8 	.word	0x200038d8
100074c8:	2000612f 	.word	0x2000612f

100074cc <hidh_set_config>:
100074cc:	b5f0      	push	{r4, r5, r6, r7, lr}
100074ce:	4b23      	ldr	r3, [pc, #140]	@ (1000755c <hidh_set_config+0x90>)
100074d0:	0004      	movs	r4, r0
100074d2:	781a      	ldrb	r2, [r3, #0]
100074d4:	b089      	sub	sp, #36	@ 0x24
100074d6:	4282      	cmp	r2, r0
100074d8:	d00c      	beq.n	100074f4 <hidh_set_config+0x28>
100074da:	7b9a      	ldrb	r2, [r3, #14]
100074dc:	42a2      	cmp	r2, r4
100074de:	d02c      	beq.n	1000753a <hidh_set_config+0x6e>
100074e0:	7f1a      	ldrb	r2, [r3, #28]
100074e2:	42a2      	cmp	r2, r4
100074e4:	d02e      	beq.n	10007544 <hidh_set_config+0x78>
100074e6:	222a      	movs	r2, #42	@ 0x2a
100074e8:	5c9a      	ldrb	r2, [r3, r2]
100074ea:	42a2      	cmp	r2, r4
100074ec:	d02f      	beq.n	1000754e <hidh_set_config+0x82>
100074ee:	2001      	movs	r0, #1
100074f0:	b009      	add	sp, #36	@ 0x24
100074f2:	bdf0      	pop	{r4, r5, r6, r7, pc}
100074f4:	785a      	ldrb	r2, [r3, #1]
100074f6:	428a      	cmp	r2, r1
100074f8:	d1ef      	bne.n	100074da <hidh_set_config+0xe>
100074fa:	2000      	movs	r0, #0
100074fc:	2c00      	cmp	r4, #0
100074fe:	d0f6      	beq.n	100074ee <hidh_set_config+0x22>
10007500:	00c2      	lsls	r2, r0, #3
10007502:	1a12      	subs	r2, r2, r0
10007504:	0052      	lsls	r2, r2, #1
10007506:	189b      	adds	r3, r3, r2
10007508:	795e      	ldrb	r6, [r3, #5]
1000750a:	466f      	mov	r7, sp
1000750c:	4273      	negs	r3, r6
1000750e:	415e      	adcs	r6, r3
10007510:	4b13      	ldr	r3, [pc, #76]	@ (10007560 <hidh_set_config+0x94>)
10007512:	ad02      	add	r5, sp, #8
10007514:	9300      	str	r3, [sp, #0]
10007516:	2300      	movs	r3, #0
10007518:	80b9      	strh	r1, [r7, #4]
1000751a:	2210      	movs	r2, #16
1000751c:	2100      	movs	r1, #0
1000751e:	0028      	movs	r0, r5
10007520:	80fb      	strh	r3, [r7, #6]
10007522:	f7fb fcb5 	bl	10002e90 <__wrap_memset>
10007526:	4b0f      	ldr	r3, [pc, #60]	@ (10007564 <hidh_set_config+0x98>)
10007528:	3601      	adds	r6, #1
1000752a:	0028      	movs	r0, r5
1000752c:	702c      	strb	r4, [r5, #0]
1000752e:	9704      	str	r7, [sp, #16]
10007530:	9306      	str	r3, [sp, #24]
10007532:	9607      	str	r6, [sp, #28]
10007534:	f7fe fa7e 	bl	10005a34 <tuh_control_xfer>
10007538:	e7d9      	b.n	100074ee <hidh_set_config+0x22>
1000753a:	7bda      	ldrb	r2, [r3, #15]
1000753c:	428a      	cmp	r2, r1
1000753e:	d1cf      	bne.n	100074e0 <hidh_set_config+0x14>
10007540:	2001      	movs	r0, #1
10007542:	e7db      	b.n	100074fc <hidh_set_config+0x30>
10007544:	7f5a      	ldrb	r2, [r3, #29]
10007546:	428a      	cmp	r2, r1
10007548:	d1cd      	bne.n	100074e6 <hidh_set_config+0x1a>
1000754a:	2002      	movs	r0, #2
1000754c:	e7d6      	b.n	100074fc <hidh_set_config+0x30>
1000754e:	222b      	movs	r2, #43	@ 0x2b
10007550:	5c9a      	ldrb	r2, [r3, r2]
10007552:	428a      	cmp	r2, r1
10007554:	d1cb      	bne.n	100074ee <hidh_set_config+0x22>
10007556:	2003      	movs	r0, #3
10007558:	e7d0      	b.n	100074fc <hidh_set_config+0x30>
1000755a:	46c0      	nop			@ (mov r8, r8)
1000755c:	200038d8 	.word	0x200038d8
10007560:	00000a21 	.word	0x00000a21
10007564:	10007009 	.word	0x10007009

10007568 <hcd_init>:
10007568:	b510      	push	{r4, lr}
1000756a:	4802      	ldr	r0, [pc, #8]	@ (10007574 <hcd_init+0xc>)
1000756c:	f000 fb22 	bl	10007bb4 <pio_usb_host_init>
10007570:	2001      	movs	r0, #1
10007572:	bd10      	pop	{r4, pc}
10007574:	20003358 	.word	0x20003358

10007578 <hcd_port_reset>:
10007578:	b510      	push	{r4, lr}
1000757a:	3801      	subs	r0, #1
1000757c:	b2c0      	uxtb	r0, r0
1000757e:	f000 fc0d 	bl	10007d9c <pio_usb_host_port_reset_start>
10007582:	bd10      	pop	{r4, pc}

10007584 <hcd_port_reset_end>:
10007584:	b510      	push	{r4, lr}
10007586:	3801      	subs	r0, #1
10007588:	b2c0      	uxtb	r0, r0
1000758a:	f000 fc27 	bl	10007ddc <pio_usb_host_port_reset_end>
1000758e:	bd10      	pop	{r4, pc}

10007590 <hcd_port_connect_status>:
10007590:	3801      	subs	r0, #1
10007592:	b2c0      	uxtb	r0, r0
10007594:	0043      	lsls	r3, r0, #1
10007596:	4a0d      	ldr	r2, [pc, #52]	@ (100075cc <hcd_port_connect_status+0x3c>)
10007598:	181b      	adds	r3, r3, r0
1000759a:	011b      	lsls	r3, r3, #4
1000759c:	189b      	adds	r3, r3, r2
1000759e:	22d0      	movs	r2, #208	@ 0xd0
100075a0:	b530      	push	{r4, r5, lr}
100075a2:	0612      	lsls	r2, r2, #24
100075a4:	7899      	ldrb	r1, [r3, #2]
100075a6:	6850      	ldr	r0, [r2, #4]
100075a8:	78dc      	ldrb	r4, [r3, #3]
100075aa:	6853      	ldr	r3, [r2, #4]
100075ac:	2201      	movs	r2, #1
100075ae:	0015      	movs	r5, r2
100075b0:	40a5      	lsls	r5, r4
100075b2:	408a      	lsls	r2, r1
100075b4:	402b      	ands	r3, r5
100075b6:	425c      	negs	r4, r3
100075b8:	4163      	adcs	r3, r4
100075ba:	4010      	ands	r0, r2
100075bc:	4242      	negs	r2, r0
100075be:	4150      	adcs	r0, r2
100075c0:	005b      	lsls	r3, r3, #1
100075c2:	4318      	orrs	r0, r3
100075c4:	1e43      	subs	r3, r0, #1
100075c6:	4198      	sbcs	r0, r3
100075c8:	b2c0      	uxtb	r0, r0
100075ca:	bd30      	pop	{r4, r5, pc}
100075cc:	20006084 	.word	0x20006084

100075d0 <hcd_port_speed_get>:
100075d0:	3801      	subs	r0, #1
100075d2:	b2c0      	uxtb	r0, r0
100075d4:	0043      	lsls	r3, r0, #1
100075d6:	4a04      	ldr	r2, [pc, #16]	@ (100075e8 <hcd_port_speed_get+0x18>)
100075d8:	181b      	adds	r3, r3, r0
100075da:	011b      	lsls	r3, r3, #4
100075dc:	189b      	adds	r3, r3, r2
100075de:	7b58      	ldrb	r0, [r3, #13]
100075e0:	2301      	movs	r3, #1
100075e2:	4058      	eors	r0, r3
100075e4:	4770      	bx	lr
100075e6:	46c0      	nop			@ (mov r8, r8)
100075e8:	20006084 	.word	0x20006084

100075ec <hcd_device_close>:
100075ec:	b510      	push	{r4, lr}
100075ee:	3801      	subs	r0, #1
100075f0:	b2c0      	uxtb	r0, r0
100075f2:	f000 fc17 	bl	10007e24 <pio_usb_host_close_device>
100075f6:	bd10      	pop	{r4, pc}

100075f8 <hcd_int_enable>:
100075f8:	4770      	bx	lr
100075fa:	46c0      	nop			@ (mov r8, r8)

100075fc <hcd_edpt_open>:
100075fc:	b5f0      	push	{r4, r5, r6, r7, lr}
100075fe:	000d      	movs	r5, r1
10007600:	b083      	sub	sp, #12
10007602:	af01      	add	r7, sp, #4
10007604:	0004      	movs	r4, r0
10007606:	0039      	movs	r1, r7
10007608:	0028      	movs	r0, r5
1000760a:	0016      	movs	r6, r2
1000760c:	f7ff f81c 	bl	10006648 <hcd_devtree_get_info>
10007610:	787a      	ldrb	r2, [r7, #1]
10007612:	2300      	movs	r3, #0
10007614:	2a00      	cmp	r2, #0
10007616:	d004      	beq.n	10007622 <hcd_edpt_open+0x26>
10007618:	78fb      	ldrb	r3, [r7, #3]
1000761a:	3b01      	subs	r3, #1
1000761c:	425a      	negs	r2, r3
1000761e:	4153      	adcs	r3, r2
10007620:	b2db      	uxtb	r3, r3
10007622:	3c01      	subs	r4, #1
10007624:	0032      	movs	r2, r6
10007626:	0029      	movs	r1, r5
10007628:	b2e0      	uxtb	r0, r4
1000762a:	f000 fc17 	bl	10007e5c <pio_usb_host_endpoint_open>
1000762e:	b003      	add	sp, #12
10007630:	bdf0      	pop	{r4, r5, r6, r7, pc}
10007632:	46c0      	nop			@ (mov r8, r8)

10007634 <hcd_edpt_xfer>:
10007634:	b510      	push	{r4, lr}
10007636:	b082      	sub	sp, #8
10007638:	466c      	mov	r4, sp
1000763a:	8a24      	ldrh	r4, [r4, #16]
1000763c:	3801      	subs	r0, #1
1000763e:	9400      	str	r4, [sp, #0]
10007640:	b2c0      	uxtb	r0, r0
10007642:	f000 fc97 	bl	10007f74 <pio_usb_host_endpoint_transfer>
10007646:	b002      	add	sp, #8
10007648:	bd10      	pop	{r4, pc}
1000764a:	46c0      	nop			@ (mov r8, r8)

1000764c <hcd_edpt_abort_xfer>:
1000764c:	b510      	push	{r4, lr}
1000764e:	3801      	subs	r0, #1
10007650:	b2c0      	uxtb	r0, r0
10007652:	f000 fcd7 	bl	10008004 <pio_usb_host_endpoint_abort_transfer>
10007656:	bd10      	pop	{r4, pc}

10007658 <hcd_setup_send>:
10007658:	b510      	push	{r4, lr}
1000765a:	3801      	subs	r0, #1
1000765c:	b2c0      	uxtb	r0, r0
1000765e:	f000 fc59 	bl	10007f14 <pio_usb_host_send_setup>
10007662:	bd10      	pop	{r4, pc}

10007664 <tusb_time_delay_ms_api>:
10007664:	b510      	push	{r4, lr}
10007666:	f7f9 ff2d 	bl	100014c4 <sleep_ms>
1000766a:	bd10      	pop	{r4, pc}

1000766c <tusb_rhport_init>:
1000766c:	b500      	push	{lr}
1000766e:	0003      	movs	r3, r0
10007670:	b083      	sub	sp, #12
10007672:	2900      	cmp	r1, #0
10007674:	d010      	beq.n	10007698 <tusb_rhport_init+0x2c>
10007676:	2000      	movs	r0, #0
10007678:	2b01      	cmp	r3, #1
1000767a:	d807      	bhi.n	1000768c <tusb_rhport_init+0x20>
1000767c:	780a      	ldrb	r2, [r1, #0]
1000767e:	2a00      	cmp	r2, #0
10007680:	d004      	beq.n	1000768c <tusb_rhport_init+0x20>
10007682:	480c      	ldr	r0, [pc, #48]	@ (100076b4 <tusb_rhport_init+0x48>)
10007684:	54c2      	strb	r2, [r0, r3]
10007686:	2001      	movs	r0, #1
10007688:	2a02      	cmp	r2, #2
1000768a:	d001      	beq.n	10007690 <tusb_rhport_init+0x24>
1000768c:	b003      	add	sp, #12
1000768e:	bd00      	pop	{pc}
10007690:	0018      	movs	r0, r3
10007692:	f7fe f931 	bl	100058f8 <tuh_rhport_init>
10007696:	e7f9      	b.n	1000768c <tusb_rhport_init+0x20>
10007698:	2302      	movs	r3, #2
1000769a:	466a      	mov	r2, sp
1000769c:	2000      	movs	r0, #0
1000769e:	a901      	add	r1, sp, #4
100076a0:	8093      	strh	r3, [r2, #4]
100076a2:	f7fe f929 	bl	100058f8 <tuh_rhport_init>
100076a6:	2800      	cmp	r0, #0
100076a8:	d0f0      	beq.n	1000768c <tusb_rhport_init+0x20>
100076aa:	2202      	movs	r2, #2
100076ac:	4b01      	ldr	r3, [pc, #4]	@ (100076b4 <tusb_rhport_init+0x48>)
100076ae:	701a      	strb	r2, [r3, #0]
100076b0:	e7ec      	b.n	1000768c <tusb_rhport_init+0x20>
100076b2:	46c0      	nop			@ (mov r8, r8)
100076b4:	20004048 	.word	0x20004048

100076b8 <tu_edpt_claim>:
100076b8:	7803      	ldrb	r3, [r0, #0]
100076ba:	b570      	push	{r4, r5, r6, lr}
100076bc:	07db      	lsls	r3, r3, #31
100076be:	0004      	movs	r4, r0
100076c0:	000e      	movs	r6, r1
100076c2:	0fdd      	lsrs	r5, r3, #31
100076c4:	2b00      	cmp	r3, #0
100076c6:	d117      	bne.n	100076f8 <tu_edpt_claim+0x40>
100076c8:	7803      	ldrb	r3, [r0, #0]
100076ca:	075b      	lsls	r3, r3, #29
100076cc:	d501      	bpl.n	100076d2 <tu_edpt_claim+0x1a>
100076ce:	0028      	movs	r0, r5
100076d0:	bd70      	pop	{r4, r5, r6, pc}
100076d2:	2101      	movs	r1, #1
100076d4:	0030      	movs	r0, r6
100076d6:	4249      	negs	r1, r1
100076d8:	f001 fa4e 	bl	10008b78 <__mutex_enter_timeout_ms_veneer>
100076dc:	7823      	ldrb	r3, [r4, #0]
100076de:	07db      	lsls	r3, r3, #31
100076e0:	0fdd      	lsrs	r5, r3, #31
100076e2:	2b00      	cmp	r3, #0
100076e4:	d10a      	bne.n	100076fc <tu_edpt_claim+0x44>
100076e6:	7823      	ldrb	r3, [r4, #0]
100076e8:	075b      	lsls	r3, r3, #29
100076ea:	d408      	bmi.n	100076fe <tu_edpt_claim+0x46>
100076ec:	2204      	movs	r2, #4
100076ee:	7823      	ldrb	r3, [r4, #0]
100076f0:	2501      	movs	r5, #1
100076f2:	4313      	orrs	r3, r2
100076f4:	7023      	strb	r3, [r4, #0]
100076f6:	e002      	b.n	100076fe <tu_edpt_claim+0x46>
100076f8:	2500      	movs	r5, #0
100076fa:	e7e8      	b.n	100076ce <tu_edpt_claim+0x16>
100076fc:	2500      	movs	r5, #0
100076fe:	0030      	movs	r0, r6
10007700:	f001 fa12 	bl	10008b28 <__mutex_exit_veneer>
10007704:	e7e3      	b.n	100076ce <tu_edpt_claim+0x16>
10007706:	46c0      	nop			@ (mov r8, r8)

10007708 <tu_edpt_release>:
10007708:	b570      	push	{r4, r5, r6, lr}
1000770a:	000c      	movs	r4, r1
1000770c:	2101      	movs	r1, #1
1000770e:	0006      	movs	r6, r0
10007710:	4249      	negs	r1, r1
10007712:	0020      	movs	r0, r4
10007714:	f001 fa30 	bl	10008b78 <__mutex_enter_timeout_ms_veneer>
10007718:	7833      	ldrb	r3, [r6, #0]
1000771a:	075b      	lsls	r3, r3, #29
1000771c:	0fdd      	lsrs	r5, r3, #31
1000771e:	2b00      	cmp	r3, #0
10007720:	db04      	blt.n	1000772c <tu_edpt_release+0x24>
10007722:	0020      	movs	r0, r4
10007724:	f001 fa00 	bl	10008b28 <__mutex_exit_veneer>
10007728:	0028      	movs	r0, r5
1000772a:	bd70      	pop	{r4, r5, r6, pc}
1000772c:	7833      	ldrb	r3, [r6, #0]
1000772e:	07db      	lsls	r3, r3, #31
10007730:	d404      	bmi.n	1000773c <tu_edpt_release+0x34>
10007732:	2204      	movs	r2, #4
10007734:	7833      	ldrb	r3, [r6, #0]
10007736:	4393      	bics	r3, r2
10007738:	7033      	strb	r3, [r6, #0]
1000773a:	e7f2      	b.n	10007722 <tu_edpt_release+0x1a>
1000773c:	2500      	movs	r5, #0
1000773e:	e7f0      	b.n	10007722 <tu_edpt_release+0x1a>

10007740 <tu_edpt_validate>:
10007740:	7943      	ldrb	r3, [r0, #5]
10007742:	7902      	ldrb	r2, [r0, #4]
10007744:	021b      	lsls	r3, r3, #8
10007746:	4313      	orrs	r3, r2
10007748:	78c2      	ldrb	r2, [r0, #3]
1000774a:	055b      	lsls	r3, r3, #21
1000774c:	0792      	lsls	r2, r2, #30
1000774e:	0d5b      	lsrs	r3, r3, #21
10007750:	0f92      	lsrs	r2, r2, #30
10007752:	2a02      	cmp	r2, #2
10007754:	d01d      	beq.n	10007792 <tu_edpt_validate+0x52>
10007756:	2a03      	cmp	r2, #3
10007758:	d00c      	beq.n	10007774 <tu_edpt_validate+0x34>
1000775a:	2000      	movs	r0, #0
1000775c:	2a01      	cmp	r2, #1
1000775e:	d108      	bne.n	10007772 <tu_edpt_validate+0x32>
10007760:	3902      	subs	r1, #2
10007762:	424a      	negs	r2, r1
10007764:	4151      	adcs	r1, r2
10007766:	4a12      	ldr	r2, [pc, #72]	@ (100077b0 <tu_edpt_validate+0x70>)
10007768:	4694      	mov	ip, r2
1000776a:	4461      	add	r1, ip
1000776c:	4299      	cmp	r1, r3
1000776e:	4140      	adcs	r0, r0
10007770:	b2c0      	uxtb	r0, r0
10007772:	4770      	bx	lr
10007774:	3902      	subs	r1, #2
10007776:	1e4a      	subs	r2, r1, #1
10007778:	4191      	sbcs	r1, r2
1000777a:	4a0e      	ldr	r2, [pc, #56]	@ (100077b4 <tu_edpt_validate+0x74>)
1000777c:	4249      	negs	r1, r1
1000777e:	4011      	ands	r1, r2
10007780:	2280      	movs	r2, #128	@ 0x80
10007782:	00d2      	lsls	r2, r2, #3
10007784:	4694      	mov	ip, r2
10007786:	2000      	movs	r0, #0
10007788:	4461      	add	r1, ip
1000778a:	4299      	cmp	r1, r3
1000778c:	4140      	adcs	r0, r0
1000778e:	b2c0      	uxtb	r0, r0
10007790:	e7ef      	b.n	10007772 <tu_edpt_validate+0x32>
10007792:	2902      	cmp	r1, #2
10007794:	d005      	beq.n	100077a2 <tu_edpt_validate+0x62>
10007796:	2000      	movs	r0, #0
10007798:	2240      	movs	r2, #64	@ 0x40
1000779a:	429a      	cmp	r2, r3
1000779c:	4140      	adcs	r0, r0
1000779e:	b2c0      	uxtb	r0, r0
100077a0:	e7e7      	b.n	10007772 <tu_edpt_validate+0x32>
100077a2:	4a05      	ldr	r2, [pc, #20]	@ (100077b8 <tu_edpt_validate+0x78>)
100077a4:	1898      	adds	r0, r3, r2
100077a6:	4243      	negs	r3, r0
100077a8:	4158      	adcs	r0, r3
100077aa:	b2c0      	uxtb	r0, r0
100077ac:	e7e1      	b.n	10007772 <tu_edpt_validate+0x32>
100077ae:	46c0      	nop			@ (mov r8, r8)
100077b0:	000003ff 	.word	0x000003ff
100077b4:	fffffc40 	.word	0xfffffc40
100077b8:	fffffe00 	.word	0xfffffe00

100077bc <tu_edpt_bind_driver>:
100077bc:	188a      	adds	r2, r1, r2
100077be:	b570      	push	{r4, r5, r6, lr}
100077c0:	4291      	cmp	r1, r2
100077c2:	d207      	bcs.n	100077d4 <tu_edpt_bind_driver+0x18>
100077c4:	267f      	movs	r6, #127	@ 0x7f
100077c6:	784c      	ldrb	r4, [r1, #1]
100077c8:	2c05      	cmp	r4, #5
100077ca:	d004      	beq.n	100077d6 <tu_edpt_bind_driver+0x1a>
100077cc:	780c      	ldrb	r4, [r1, #0]
100077ce:	1909      	adds	r1, r1, r4
100077d0:	428a      	cmp	r2, r1
100077d2:	d8f8      	bhi.n	100077c6 <tu_edpt_bind_driver+0xa>
100077d4:	bd70      	pop	{r4, r5, r6, pc}
100077d6:	0034      	movs	r4, r6
100077d8:	788d      	ldrb	r5, [r1, #2]
100077da:	402c      	ands	r4, r5
100077dc:	0064      	lsls	r4, r4, #1
100077de:	1904      	adds	r4, r0, r4
100077e0:	09ed      	lsrs	r5, r5, #7
100077e2:	5563      	strb	r3, [r4, r5]
100077e4:	780c      	ldrb	r4, [r1, #0]
100077e6:	1909      	adds	r1, r1, r4
100077e8:	428a      	cmp	r2, r1
100077ea:	d8ec      	bhi.n	100077c6 <tu_edpt_bind_driver+0xa>
100077ec:	e7f2      	b.n	100077d4 <tu_edpt_bind_driver+0x18>
100077ee:	46c0      	nop			@ (mov r8, r8)

100077f0 <tu_desc_get_interface_total_len>:
100077f0:	b570      	push	{r4, r5, r6, lr}
100077f2:	1e4d      	subs	r5, r1, #1
100077f4:	0003      	movs	r3, r0
100077f6:	b2ed      	uxtb	r5, r5
100077f8:	2900      	cmp	r1, #0
100077fa:	d01e      	beq.n	1000783a <tu_desc_get_interface_total_len+0x4a>
100077fc:	7801      	ldrb	r1, [r0, #0]
100077fe:	2000      	movs	r0, #0
10007800:	000e      	movs	r6, r1
10007802:	1830      	adds	r0, r6, r0
10007804:	b280      	uxth	r0, r0
10007806:	185b      	adds	r3, r3, r1
10007808:	4290      	cmp	r0, r2
1000780a:	d305      	bcc.n	10007818 <tu_desc_get_interface_total_len+0x28>
1000780c:	e00f      	b.n	1000782e <tu_desc_get_interface_total_len+0x3e>
1000780e:	1808      	adds	r0, r1, r0
10007810:	b280      	uxth	r0, r0
10007812:	185b      	adds	r3, r3, r1
10007814:	4282      	cmp	r2, r0
10007816:	d90a      	bls.n	1000782e <tu_desc_get_interface_total_len+0x3e>
10007818:	7819      	ldrb	r1, [r3, #0]
1000781a:	2900      	cmp	r1, #0
1000781c:	d007      	beq.n	1000782e <tu_desc_get_interface_total_len+0x3e>
1000781e:	785c      	ldrb	r4, [r3, #1]
10007820:	2c0b      	cmp	r4, #11
10007822:	d00b      	beq.n	1000783c <tu_desc_get_interface_total_len+0x4c>
10007824:	2c04      	cmp	r4, #4
10007826:	d1f2      	bne.n	1000780e <tu_desc_get_interface_total_len+0x1e>
10007828:	78dc      	ldrb	r4, [r3, #3]
1000782a:	2c00      	cmp	r4, #0
1000782c:	d1ef      	bne.n	1000780e <tu_desc_get_interface_total_len+0x1e>
1000782e:	3d01      	subs	r5, #1
10007830:	b2ed      	uxtb	r5, r5
10007832:	2dff      	cmp	r5, #255	@ 0xff
10007834:	d002      	beq.n	1000783c <tu_desc_get_interface_total_len+0x4c>
10007836:	7819      	ldrb	r1, [r3, #0]
10007838:	e7e3      	b.n	10007802 <tu_desc_get_interface_total_len+0x12>
1000783a:	2000      	movs	r0, #0
1000783c:	bd70      	pop	{r4, r5, r6, pc}
1000783e:	46c0      	nop			@ (mov r8, r8)

10007840 <tu_fifo_empty>:
10007840:	8903      	ldrh	r3, [r0, #8]
10007842:	8940      	ldrh	r0, [r0, #10]
10007844:	1a18      	subs	r0, r3, r0
10007846:	4243      	negs	r3, r0
10007848:	4158      	adcs	r0, r3
1000784a:	b2c0      	uxtb	r0, r0
1000784c:	4770      	bx	lr
1000784e:	46c0      	nop			@ (mov r8, r8)

10007850 <tu_fifo_read>:
10007850:	b570      	push	{r4, r5, r6, lr}
10007852:	0004      	movs	r4, r0
10007854:	6900      	ldr	r0, [r0, #16]
10007856:	000e      	movs	r6, r1
10007858:	2800      	cmp	r0, #0
1000785a:	d003      	beq.n	10007864 <tu_fifo_read+0x14>
1000785c:	2101      	movs	r1, #1
1000785e:	4249      	negs	r1, r1
10007860:	f001 f98a 	bl	10008b78 <__mutex_enter_timeout_ms_veneer>
10007864:	8925      	ldrh	r5, [r4, #8]
10007866:	8960      	ldrh	r0, [r4, #10]
10007868:	88a2      	ldrh	r2, [r4, #4]
1000786a:	b2a9      	uxth	r1, r5
1000786c:	b283      	uxth	r3, r0
1000786e:	4285      	cmp	r5, r0
10007870:	d332      	bcc.n	100078d8 <tu_fifo_read+0x88>
10007872:	1acd      	subs	r5, r1, r3
10007874:	b2ad      	uxth	r5, r5
10007876:	2d00      	cmp	r5, #0
10007878:	d028      	beq.n	100078cc <tu_fifo_read+0x7c>
1000787a:	42aa      	cmp	r2, r5
1000787c:	d208      	bcs.n	10007890 <tu_fifo_read+0x40>
1000787e:	4291      	cmp	r1, r2
10007880:	d32f      	bcc.n	100078e2 <tu_fifo_read+0x92>
10007882:	1a89      	subs	r1, r1, r2
10007884:	b28b      	uxth	r3, r1
10007886:	8163      	strh	r3, [r4, #10]
10007888:	429a      	cmp	r2, r3
1000788a:	d803      	bhi.n	10007894 <tu_fifo_read+0x44>
1000788c:	1a9b      	subs	r3, r3, r2
1000788e:	b29b      	uxth	r3, r3
10007890:	429a      	cmp	r2, r3
10007892:	d9fb      	bls.n	1000788c <tu_fifo_read+0x3c>
10007894:	88e2      	ldrh	r2, [r4, #6]
10007896:	6821      	ldr	r1, [r4, #0]
10007898:	0452      	lsls	r2, r2, #17
1000789a:	0c52      	lsrs	r2, r2, #17
1000789c:	4353      	muls	r3, r2
1000789e:	0030      	movs	r0, r6
100078a0:	18c9      	adds	r1, r1, r3
100078a2:	f7fb fafb 	bl	10002e9c <__wrap___aeabi_memcpy>
100078a6:	8963      	ldrh	r3, [r4, #10]
100078a8:	2501      	movs	r5, #1
100078aa:	1c59      	adds	r1, r3, #1
100078ac:	b289      	uxth	r1, r1
100078ae:	88a2      	ldrh	r2, [r4, #4]
100078b0:	428b      	cmp	r3, r1
100078b2:	d90d      	bls.n	100078d0 <tu_fifo_read+0x80>
100078b4:	2100      	movs	r1, #0
100078b6:	0052      	lsls	r2, r2, #1
100078b8:	1a89      	subs	r1, r1, r2
100078ba:	b289      	uxth	r1, r1
100078bc:	6920      	ldr	r0, [r4, #16]
100078be:	8161      	strh	r1, [r4, #10]
100078c0:	2800      	cmp	r0, #0
100078c2:	d001      	beq.n	100078c8 <tu_fifo_read+0x78>
100078c4:	f001 f930 	bl	10008b28 <__mutex_exit_veneer>
100078c8:	0028      	movs	r0, r5
100078ca:	bd70      	pop	{r4, r5, r6, pc}
100078cc:	8961      	ldrh	r1, [r4, #10]
100078ce:	b289      	uxth	r1, r1
100078d0:	0052      	lsls	r2, r2, #1
100078d2:	4291      	cmp	r1, r2
100078d4:	dbf2      	blt.n	100078bc <tu_fifo_read+0x6c>
100078d6:	e7ef      	b.n	100078b8 <tu_fifo_read+0x68>
100078d8:	0055      	lsls	r5, r2, #1
100078da:	1aed      	subs	r5, r5, r3
100078dc:	194d      	adds	r5, r1, r5
100078de:	b2ad      	uxth	r5, r5
100078e0:	e7c9      	b.n	10007876 <tu_fifo_read+0x26>
100078e2:	1889      	adds	r1, r1, r2
100078e4:	b28b      	uxth	r3, r1
100078e6:	8163      	strh	r3, [r4, #10]
100078e8:	e7ce      	b.n	10007888 <tu_fifo_read+0x38>
100078ea:	46c0      	nop			@ (mov r8, r8)

100078ec <tu_fifo_write>:
100078ec:	b5f8      	push	{r3, r4, r5, r6, r7, lr}
100078ee:	0004      	movs	r4, r0
100078f0:	68c0      	ldr	r0, [r0, #12]
100078f2:	000e      	movs	r6, r1
100078f4:	2800      	cmp	r0, #0
100078f6:	d003      	beq.n	10007900 <tu_fifo_write+0x14>
100078f8:	2101      	movs	r1, #1
100078fa:	4249      	negs	r1, r1
100078fc:	f001 f93c 	bl	10008b78 <__mutex_enter_timeout_ms_veneer>
10007900:	8925      	ldrh	r5, [r4, #8]
10007902:	8920      	ldrh	r0, [r4, #8]
10007904:	8961      	ldrh	r1, [r4, #10]
10007906:	88a2      	ldrh	r2, [r4, #4]
10007908:	b2ad      	uxth	r5, r5
1000790a:	b283      	uxth	r3, r0
1000790c:	b28f      	uxth	r7, r1
1000790e:	4288      	cmp	r0, r1
10007910:	d329      	bcc.n	10007966 <tu_fifo_write+0x7a>
10007912:	1bdb      	subs	r3, r3, r7
10007914:	b29b      	uxth	r3, r3
10007916:	429a      	cmp	r2, r3
10007918:	d809      	bhi.n	1000792e <tu_fifo_write+0x42>
1000791a:	79e7      	ldrb	r7, [r4, #7]
1000791c:	09ff      	lsrs	r7, r7, #7
1000791e:	d106      	bne.n	1000792e <tu_fifo_write+0x42>
10007920:	68e0      	ldr	r0, [r4, #12]
10007922:	2800      	cmp	r0, #0
10007924:	d001      	beq.n	1000792a <tu_fifo_write+0x3e>
10007926:	f001 f8ff 	bl	10008b28 <__mutex_exit_veneer>
1000792a:	0038      	movs	r0, r7
1000792c:	bdf8      	pop	{r3, r4, r5, r6, r7, pc}
1000792e:	002b      	movs	r3, r5
10007930:	4295      	cmp	r5, r2
10007932:	d31d      	bcc.n	10007970 <tu_fifo_write+0x84>
10007934:	1a9b      	subs	r3, r3, r2
10007936:	b29b      	uxth	r3, r3
10007938:	4293      	cmp	r3, r2
1000793a:	d2fb      	bcs.n	10007934 <tu_fifo_write+0x48>
1000793c:	88e2      	ldrh	r2, [r4, #6]
1000793e:	6820      	ldr	r0, [r4, #0]
10007940:	0452      	lsls	r2, r2, #17
10007942:	0c52      	lsrs	r2, r2, #17
10007944:	4353      	muls	r3, r2
10007946:	0031      	movs	r1, r6
10007948:	18c0      	adds	r0, r0, r3
1000794a:	f7fb faa7 	bl	10002e9c <__wrap___aeabi_memcpy>
1000794e:	1c6b      	adds	r3, r5, #1
10007950:	b29b      	uxth	r3, r3
10007952:	88a2      	ldrh	r2, [r4, #4]
10007954:	429d      	cmp	r5, r3
10007956:	d917      	bls.n	10007988 <tu_fifo_write+0x9c>
10007958:	2300      	movs	r3, #0
1000795a:	0052      	lsls	r2, r2, #1
1000795c:	1a9b      	subs	r3, r3, r2
1000795e:	b29b      	uxth	r3, r3
10007960:	2701      	movs	r7, #1
10007962:	8123      	strh	r3, [r4, #8]
10007964:	e7dc      	b.n	10007920 <tu_fifo_write+0x34>
10007966:	0051      	lsls	r1, r2, #1
10007968:	1bc9      	subs	r1, r1, r7
1000796a:	185b      	adds	r3, r3, r1
1000796c:	b29b      	uxth	r3, r3
1000796e:	e7d2      	b.n	10007916 <tu_fifo_write+0x2a>
10007970:	88e2      	ldrh	r2, [r4, #6]
10007972:	6820      	ldr	r0, [r4, #0]
10007974:	0452      	lsls	r2, r2, #17
10007976:	0c52      	lsrs	r2, r2, #17
10007978:	4353      	muls	r3, r2
1000797a:	0031      	movs	r1, r6
1000797c:	18c0      	adds	r0, r0, r3
1000797e:	f7fb fa8d 	bl	10002e9c <__wrap___aeabi_memcpy>
10007982:	3501      	adds	r5, #1
10007984:	88a2      	ldrh	r2, [r4, #4]
10007986:	b2ab      	uxth	r3, r5
10007988:	0052      	lsls	r2, r2, #1
1000798a:	4293      	cmp	r3, r2
1000798c:	dbe8      	blt.n	10007960 <tu_fifo_write+0x74>
1000798e:	e7e5      	b.n	1000795c <tu_fifo_write+0x70>

10007990 <tu_fifo_clear>:
10007990:	b510      	push	{r4, lr}
10007992:	0004      	movs	r4, r0
10007994:	68c0      	ldr	r0, [r0, #12]
10007996:	2800      	cmp	r0, #0
10007998:	d003      	beq.n	100079a2 <tu_fifo_clear+0x12>
1000799a:	2101      	movs	r1, #1
1000799c:	4249      	negs	r1, r1
1000799e:	f001 f8eb 	bl	10008b78 <__mutex_enter_timeout_ms_veneer>
100079a2:	6920      	ldr	r0, [r4, #16]
100079a4:	2800      	cmp	r0, #0
100079a6:	d003      	beq.n	100079b0 <tu_fifo_clear+0x20>
100079a8:	2101      	movs	r1, #1
100079aa:	4249      	negs	r1, r1
100079ac:	f001 f8e4 	bl	10008b78 <__mutex_enter_timeout_ms_veneer>
100079b0:	2300      	movs	r3, #0
100079b2:	68e0      	ldr	r0, [r4, #12]
100079b4:	8163      	strh	r3, [r4, #10]
100079b6:	8123      	strh	r3, [r4, #8]
100079b8:	2800      	cmp	r0, #0
100079ba:	d001      	beq.n	100079c0 <tu_fifo_clear+0x30>
100079bc:	f001 f8b4 	bl	10008b28 <__mutex_exit_veneer>
100079c0:	6920      	ldr	r0, [r4, #16]
100079c2:	2800      	cmp	r0, #0
100079c4:	d001      	beq.n	100079ca <tu_fifo_clear+0x3a>
100079c6:	f001 f8af 	bl	10008b28 <__mutex_exit_veneer>
100079ca:	2001      	movs	r0, #1
100079cc:	bd10      	pop	{r4, pc}
100079ce:	46c0      	nop			@ (mov r8, r8)

100079d0 <_retrieve_unique_id_on_boot>:
100079d0:	b510      	push	{r4, lr}
100079d2:	4802      	ldr	r0, [pc, #8]	@ (100079dc <_retrieve_unique_id_on_boot+0xc>)
100079d4:	f000 f804 	bl	100079e0 <flash_get_unique_id>
100079d8:	bd10      	pop	{r4, pc}
100079da:	46c0      	nop			@ (mov r8, r8)
100079dc:	200060fc 	.word	0x200060fc

100079e0 <flash_get_unique_id>:
100079e0:	b510      	push	{r4, lr}
100079e2:	b088      	sub	sp, #32
100079e4:	0004      	movs	r4, r0
100079e6:	220d      	movs	r2, #13
100079e8:	2100      	movs	r1, #0
100079ea:	4668      	mov	r0, sp
100079ec:	f7fb fa50 	bl	10002e90 <__wrap_memset>
100079f0:	220d      	movs	r2, #13
100079f2:	2100      	movs	r1, #0
100079f4:	a804      	add	r0, sp, #16
100079f6:	f7fb fa4b 	bl	10002e90 <__wrap_memset>
100079fa:	234b      	movs	r3, #75	@ 0x4b
100079fc:	466a      	mov	r2, sp
100079fe:	4668      	mov	r0, sp
10007a00:	7013      	strb	r3, [r2, #0]
10007a02:	a904      	add	r1, sp, #16
10007a04:	220d      	movs	r2, #13
10007a06:	f001 f887 	bl	10008b18 <__flash_do_cmd_veneer>
10007a0a:	2115      	movs	r1, #21
10007a0c:	2208      	movs	r2, #8
10007a0e:	0020      	movs	r0, r4
10007a10:	4469      	add	r1, sp
10007a12:	f7fb fa43 	bl	10002e9c <__wrap___aeabi_memcpy>
10007a16:	b008      	add	sp, #32
10007a18:	bd10      	pop	{r4, pc}
10007a1a:	46c0      	nop			@ (mov r8, r8)

10007a1c <pio_usb_bus_init>:
10007a1c:	b5f0      	push	{r4, r5, r6, r7, lr}
10007a1e:	46d6      	mov	lr, sl
10007a20:	464f      	mov	r7, r9
10007a22:	4646      	mov	r6, r8
10007a24:	0015      	movs	r5, r2
10007a26:	b5c0      	push	{r6, r7, lr}
10007a28:	0004      	movs	r4, r0
10007a2a:	000e      	movs	r6, r1
10007a2c:	2230      	movs	r2, #48	@ 0x30
10007a2e:	2100      	movs	r1, #0
10007a30:	b082      	sub	sp, #8
10007a32:	0028      	movs	r0, r5
10007a34:	f7fb fa2c 	bl	10002e90 <__wrap_memset>
10007a38:	4a52      	ldr	r2, [pc, #328]	@ (10007b84 <pio_usb_bus_init+0x168>)
10007a3a:	2001      	movs	r0, #1
10007a3c:	4694      	mov	ip, r2
10007a3e:	7873      	ldrb	r3, [r6, #1]
10007a40:	4463      	add	r3, ip
10007a42:	051b      	lsls	r3, r3, #20
10007a44:	6023      	str	r3, [r4, #0]
10007a46:	78f3      	ldrb	r3, [r6, #3]
10007a48:	4098      	lsls	r0, r3
10007a4a:	f000 fb35 	bl	100080b8 <dma_claim_mask>
10007a4e:	78b1      	ldrb	r1, [r6, #2]
10007a50:	78f7      	ldrb	r7, [r6, #3]
10007a52:	4689      	mov	r9, r1
10007a54:	494c      	ldr	r1, [pc, #304]	@ (10007b88 <pio_usb_bus_init+0x16c>)
10007a56:	2311      	movs	r3, #17
10007a58:	4688      	mov	r8, r1
10007a5a:	02f9      	lsls	r1, r7, #11
10007a5c:	468c      	mov	ip, r1
10007a5e:	4641      	mov	r1, r8
10007a60:	4660      	mov	r0, ip
10007a62:	469a      	mov	sl, r3
10007a64:	6822      	ldr	r2, [r4, #0]
10007a66:	4b49      	ldr	r3, [pc, #292]	@ (10007b8c <pio_usb_bus_init+0x170>)
10007a68:	4001      	ands	r1, r0
10007a6a:	18d3      	adds	r3, r2, r3
10007a6c:	0d1b      	lsrs	r3, r3, #20
10007a6e:	00db      	lsls	r3, r3, #3
10007a70:	444b      	add	r3, r9
10007a72:	03db      	lsls	r3, r3, #15
10007a74:	430b      	orrs	r3, r1
10007a76:	4651      	mov	r1, sl
10007a78:	430b      	orrs	r3, r1
10007a7a:	4649      	mov	r1, r9
10007a7c:	1d08      	adds	r0, r1, #4
10007a7e:	21a0      	movs	r1, #160	@ 0xa0
10007a80:	05c9      	lsls	r1, r1, #23
10007a82:	468c      	mov	ip, r1
10007a84:	0080      	lsls	r0, r0, #2
10007a86:	1810      	adds	r0, r2, r0
10007a88:	01ba      	lsls	r2, r7, #6
10007a8a:	4462      	add	r2, ip
10007a8c:	6113      	str	r3, [r2, #16]
10007a8e:	4b3d      	ldr	r3, [pc, #244]	@ (10007b84 <pio_usb_bus_init+0x168>)
10007a90:	6050      	str	r0, [r2, #4]
10007a92:	469c      	mov	ip, r3
10007a94:	464b      	mov	r3, r9
10007a96:	7870      	ldrb	r0, [r6, #1]
10007a98:	60e7      	str	r7, [r4, #12]
10007a9a:	4460      	add	r0, ip
10007a9c:	0500      	lsls	r0, r0, #20
10007a9e:	6020      	str	r0, [r4, #0]
10007aa0:	6063      	str	r3, [r4, #4]
10007aa2:	7933      	ldrb	r3, [r6, #4]
10007aa4:	4463      	add	r3, ip
10007aa6:	051b      	lsls	r3, r3, #20
10007aa8:	6123      	str	r3, [r4, #16]
10007aaa:	7973      	ldrb	r3, [r6, #5]
10007aac:	6163      	str	r3, [r4, #20]
10007aae:	79b3      	ldrb	r3, [r6, #6]
10007ab0:	61e3      	str	r3, [r4, #28]
10007ab2:	7833      	ldrb	r3, [r6, #0]
10007ab4:	70ab      	strb	r3, [r5, #2]
10007ab6:	7bf2      	ldrb	r2, [r6, #15]
10007ab8:	2a00      	cmp	r2, #0
10007aba:	d159      	bne.n	10007b70 <pio_usb_bus_init+0x154>
10007abc:	3301      	adds	r3, #1
10007abe:	b2db      	uxtb	r3, r3
10007ac0:	70eb      	strb	r3, [r5, #3]
10007ac2:	78eb      	ldrb	r3, [r5, #3]
10007ac4:	4b32      	ldr	r3, [pc, #200]	@ (10007b90 <pio_usb_bus_init+0x174>)
10007ac6:	4f33      	ldr	r7, [pc, #204]	@ (10007b94 <pio_usb_bus_init+0x178>)
10007ac8:	469c      	mov	ip, r3
10007aca:	4b33      	ldr	r3, [pc, #204]	@ (10007b98 <pio_usb_bus_init+0x17c>)
10007acc:	4661      	mov	r1, ip
10007ace:	6427      	str	r7, [r4, #64]	@ 0x40
10007ad0:	63e1      	str	r1, [r4, #60]	@ 0x3c
10007ad2:	6463      	str	r3, [r4, #68]	@ 0x44
10007ad4:	732a      	strb	r2, [r5, #12]
10007ad6:	89b3      	ldrh	r3, [r6, #12]
10007ad8:	4649      	mov	r1, r9
10007ada:	8723      	strh	r3, [r4, #56]	@ 0x38
10007adc:	f7fd f992 	bl	10004e04 <pio_sm_claim>
10007ae0:	6961      	ldr	r1, [r4, #20]
10007ae2:	6920      	ldr	r0, [r4, #16]
10007ae4:	f7fd f98e 	bl	10004e04 <pio_sm_claim>
10007ae8:	69e1      	ldr	r1, [r4, #28]
10007aea:	6920      	ldr	r0, [r4, #16]
10007aec:	f7fd f98a 	bl	10004e04 <pio_sm_claim>
10007af0:	002a      	movs	r2, r5
10007af2:	0031      	movs	r1, r6
10007af4:	0020      	movs	r0, r4
10007af6:	f001 f84f 	bl	10008b98 <__initialize_host_programs_veneer>
10007afa:	78a8      	ldrb	r0, [r5, #2]
10007afc:	2101      	movs	r1, #1
10007afe:	b2c0      	uxtb	r0, r0
10007b00:	f7f8 ff2e 	bl	10000960 <gpio_set_slew_rate>
10007b04:	78e8      	ldrb	r0, [r5, #3]
10007b06:	2101      	movs	r1, #1
10007b08:	b2c0      	uxtb	r0, r0
10007b0a:	f7f8 ff29 	bl	10000960 <gpio_set_slew_rate>
10007b0e:	78a8      	ldrb	r0, [r5, #2]
10007b10:	2103      	movs	r1, #3
10007b12:	b2c0      	uxtb	r0, r0
10007b14:	f7f8 ff34 	bl	10000980 <gpio_set_drive_strength>
10007b18:	78e8      	ldrb	r0, [r5, #3]
10007b1a:	2103      	movs	r1, #3
10007b1c:	b2c0      	uxtb	r0, r0
10007b1e:	f7f8 ff2f 	bl	10000980 <gpio_set_drive_strength>
10007b22:	2101      	movs	r1, #1
10007b24:	2328      	movs	r3, #40	@ 0x28
10007b26:	2200      	movs	r2, #0
10007b28:	7029      	strb	r1, [r5, #0]
10007b2a:	54ea      	strb	r2, [r5, r3]
10007b2c:	466a      	mov	r2, sp
10007b2e:	4b1b      	ldr	r3, [pc, #108]	@ (10007b9c <pio_usb_bus_init+0x180>)
10007b30:	a801      	add	r0, sp, #4
10007b32:	491b      	ldr	r1, [pc, #108]	@ (10007ba0 <pio_usb_bus_init+0x184>)
10007b34:	8093      	strh	r3, [r2, #4]
10007b36:	f001 f827 	bl	10008b88 <__pio_usb_ll_encode_tx_data.constprop.0.isra.0_veneer>
10007b3a:	466a      	mov	r2, sp
10007b3c:	235a      	movs	r3, #90	@ 0x5a
10007b3e:	a801      	add	r0, sp, #4
10007b40:	4918      	ldr	r1, [pc, #96]	@ (10007ba4 <pio_usb_bus_init+0x188>)
10007b42:	7153      	strb	r3, [r2, #5]
10007b44:	f001 f820 	bl	10008b88 <__pio_usb_ll_encode_tx_data.constprop.0.isra.0_veneer>
10007b48:	466a      	mov	r2, sp
10007b4a:	231e      	movs	r3, #30
10007b4c:	a801      	add	r0, sp, #4
10007b4e:	4916      	ldr	r1, [pc, #88]	@ (10007ba8 <pio_usb_bus_init+0x18c>)
10007b50:	7153      	strb	r3, [r2, #5]
10007b52:	f001 f819 	bl	10008b88 <__pio_usb_ll_encode_tx_data.constprop.0.isra.0_veneer>
10007b56:	233c      	movs	r3, #60	@ 0x3c
10007b58:	466a      	mov	r2, sp
10007b5a:	4914      	ldr	r1, [pc, #80]	@ (10007bac <pio_usb_bus_init+0x190>)
10007b5c:	a801      	add	r0, sp, #4
10007b5e:	7153      	strb	r3, [r2, #5]
10007b60:	f001 f812 	bl	10008b88 <__pio_usb_ll_encode_tx_data.constprop.0.isra.0_veneer>
10007b64:	b002      	add	sp, #8
10007b66:	bce0      	pop	{r5, r6, r7}
10007b68:	46ba      	mov	sl, r7
10007b6a:	46b1      	mov	r9, r6
10007b6c:	46a8      	mov	r8, r5
10007b6e:	bdf0      	pop	{r4, r5, r6, r7, pc}
10007b70:	3b01      	subs	r3, #1
10007b72:	b2db      	uxtb	r3, r3
10007b74:	70eb      	strb	r3, [r5, #3]
10007b76:	78ab      	ldrb	r3, [r5, #2]
10007b78:	4b07      	ldr	r3, [pc, #28]	@ (10007b98 <pio_usb_bus_init+0x17c>)
10007b7a:	4f0d      	ldr	r7, [pc, #52]	@ (10007bb0 <pio_usb_bus_init+0x194>)
10007b7c:	469c      	mov	ip, r3
10007b7e:	4b04      	ldr	r3, [pc, #16]	@ (10007b90 <pio_usb_bus_init+0x174>)
10007b80:	e7a4      	b.n	10007acc <pio_usb_bus_init+0xb0>
10007b82:	46c0      	nop			@ (mov r8, r8)
10007b84:	00000502 	.word	0x00000502
10007b88:	ffe07fff 	.word	0xffe07fff
10007b8c:	afe00000 	.word	0xafe00000
10007b90:	20002498 	.word	0x20002498
10007b94:	20002484 	.word	0x20002484
10007b98:	20002470 	.word	0x20002470
10007b9c:	ffffd280 	.word	0xffffd280
10007ba0:	2000433c 	.word	0x2000433c
10007ba4:	200046d8 	.word	0x200046d8
10007ba8:	2000611c 	.word	0x2000611c
10007bac:	200060f4 	.word	0x200060f4
10007bb0:	2000245c 	.word	0x2000245c

10007bb4 <pio_usb_host_init>:
10007bb4:	b5f0      	push	{r4, r5, r6, r7, lr}
10007bb6:	46c6      	mov	lr, r8
10007bb8:	0006      	movs	r6, r0
10007bba:	b500      	push	{lr}
10007bbc:	4d67      	ldr	r5, [pc, #412]	@ (10007d5c <pio_usb_host_init+0x1a8>)
10007bbe:	4c68      	ldr	r4, [pc, #416]	@ (10007d60 <pio_usb_host_init+0x1ac>)
10007bc0:	002a      	movs	r2, r5
10007bc2:	b084      	sub	sp, #16
10007bc4:	0031      	movs	r1, r6
10007bc6:	0020      	movs	r0, r4
10007bc8:	f7ff ff28 	bl	10007a1c <pio_usb_bus_init>
10007bcc:	2302      	movs	r3, #2
10007bce:	2005      	movs	r0, #5
10007bd0:	742b      	strb	r3, [r5, #16]
10007bd2:	f7fa f83d 	bl	10001c50 <clock_get_hz>
10007bd6:	f7fb f89d 	bl	10002d14 <__wrap___aeabi_ui2f>
10007bda:	4962      	ldr	r1, [pc, #392]	@ (10007d64 <pio_usb_host_init+0x1b0>)
10007bdc:	1c05      	adds	r5, r0, #0
10007bde:	f7fb f87e 	bl	10002cde <__wrap___aeabi_fdiv>
10007be2:	21ec      	movs	r1, #236	@ 0xec
10007be4:	0589      	lsls	r1, r1, #22
10007be6:	f7fb f877 	bl	10002cd8 <__wrap___aeabi_fadd>
10007bea:	4680      	mov	r8, r0
10007bec:	f7fb f8ba 	bl	10002d64 <__wrap___aeabi_f2uiz>
10007bf0:	b287      	uxth	r7, r0
10007bf2:	2000      	movs	r0, #0
10007bf4:	2f00      	cmp	r7, #0
10007bf6:	d00d      	beq.n	10007c14 <pio_usb_host_init+0x60>
10007bf8:	0038      	movs	r0, r7
10007bfa:	f7fb f88b 	bl	10002d14 <__wrap___aeabi_ui2f>
10007bfe:	1c01      	adds	r1, r0, #0
10007c00:	4640      	mov	r0, r8
10007c02:	f7fb f866 	bl	10002cd2 <__wrap___aeabi_fsub>
10007c06:	2187      	movs	r1, #135	@ 0x87
10007c08:	05c9      	lsls	r1, r1, #23
10007c0a:	f7fb f87c 	bl	10002d06 <__wrap___aeabi_fmul>
10007c0e:	f7fb f8a9 	bl	10002d64 <__wrap___aeabi_f2uiz>
10007c12:	b2c0      	uxtb	r0, r0
10007c14:	234a      	movs	r3, #74	@ 0x4a
10007c16:	54e0      	strb	r0, [r4, r3]
10007c18:	3b02      	subs	r3, #2
10007c1a:	52e7      	strh	r7, [r4, r3]
10007c1c:	4952      	ldr	r1, [pc, #328]	@ (10007d68 <pio_usb_host_init+0x1b4>)
10007c1e:	1c28      	adds	r0, r5, #0
10007c20:	f7fb f85d 	bl	10002cde <__wrap___aeabi_fdiv>
10007c24:	21ec      	movs	r1, #236	@ 0xec
10007c26:	0589      	lsls	r1, r1, #22
10007c28:	f7fb f856 	bl	10002cd8 <__wrap___aeabi_fadd>
10007c2c:	4680      	mov	r8, r0
10007c2e:	f7fb f899 	bl	10002d64 <__wrap___aeabi_f2uiz>
10007c32:	b287      	uxth	r7, r0
10007c34:	2000      	movs	r0, #0
10007c36:	2f00      	cmp	r7, #0
10007c38:	d00d      	beq.n	10007c56 <pio_usb_host_init+0xa2>
10007c3a:	0038      	movs	r0, r7
10007c3c:	f7fb f86a 	bl	10002d14 <__wrap___aeabi_ui2f>
10007c40:	1c01      	adds	r1, r0, #0
10007c42:	4640      	mov	r0, r8
10007c44:	f7fb f845 	bl	10002cd2 <__wrap___aeabi_fsub>
10007c48:	2187      	movs	r1, #135	@ 0x87
10007c4a:	05c9      	lsls	r1, r1, #23
10007c4c:	f7fb f85b 	bl	10002d06 <__wrap___aeabi_fmul>
10007c50:	f7fb f888 	bl	10002d64 <__wrap___aeabi_f2uiz>
10007c54:	b2c0      	uxtb	r0, r0
10007c56:	2352      	movs	r3, #82	@ 0x52
10007c58:	54e0      	strb	r0, [r4, r3]
10007c5a:	3b02      	subs	r3, #2
10007c5c:	52e7      	strh	r7, [r4, r3]
10007c5e:	4943      	ldr	r1, [pc, #268]	@ (10007d6c <pio_usb_host_init+0x1b8>)
10007c60:	1c28      	adds	r0, r5, #0
10007c62:	f7fb f83c 	bl	10002cde <__wrap___aeabi_fdiv>
10007c66:	21ec      	movs	r1, #236	@ 0xec
10007c68:	0589      	lsls	r1, r1, #22
10007c6a:	f7fb f835 	bl	10002cd8 <__wrap___aeabi_fadd>
10007c6e:	4680      	mov	r8, r0
10007c70:	f7fb f878 	bl	10002d64 <__wrap___aeabi_f2uiz>
10007c74:	b287      	uxth	r7, r0
10007c76:	2300      	movs	r3, #0
10007c78:	2f00      	cmp	r7, #0
10007c7a:	d00d      	beq.n	10007c98 <pio_usb_host_init+0xe4>
10007c7c:	0038      	movs	r0, r7
10007c7e:	f7fb f849 	bl	10002d14 <__wrap___aeabi_ui2f>
10007c82:	1c01      	adds	r1, r0, #0
10007c84:	4640      	mov	r0, r8
10007c86:	f7fb f824 	bl	10002cd2 <__wrap___aeabi_fsub>
10007c8a:	2187      	movs	r1, #135	@ 0x87
10007c8c:	05c9      	lsls	r1, r1, #23
10007c8e:	f7fb f83a 	bl	10002d06 <__wrap___aeabi_fmul>
10007c92:	f7fb f867 	bl	10002d64 <__wrap___aeabi_f2uiz>
10007c96:	b2c3      	uxtb	r3, r0
10007c98:	224e      	movs	r2, #78	@ 0x4e
10007c9a:	54a3      	strb	r3, [r4, r2]
10007c9c:	234c      	movs	r3, #76	@ 0x4c
10007c9e:	4934      	ldr	r1, [pc, #208]	@ (10007d70 <pio_usb_host_init+0x1bc>)
10007ca0:	52e7      	strh	r7, [r4, r3]
10007ca2:	1c28      	adds	r0, r5, #0
10007ca4:	f7fb f81b 	bl	10002cde <__wrap___aeabi_fdiv>
10007ca8:	21ec      	movs	r1, #236	@ 0xec
10007caa:	0589      	lsls	r1, r1, #22
10007cac:	f7fb f814 	bl	10002cd8 <__wrap___aeabi_fadd>
10007cb0:	1c07      	adds	r7, r0, #0
10007cb2:	f7fb f857 	bl	10002d64 <__wrap___aeabi_f2uiz>
10007cb6:	b285      	uxth	r5, r0
10007cb8:	2000      	movs	r0, #0
10007cba:	2d00      	cmp	r5, #0
10007cbc:	d00d      	beq.n	10007cda <pio_usb_host_init+0x126>
10007cbe:	0028      	movs	r0, r5
10007cc0:	f7fb f828 	bl	10002d14 <__wrap___aeabi_ui2f>
10007cc4:	1c01      	adds	r1, r0, #0
10007cc6:	1c38      	adds	r0, r7, #0
10007cc8:	f7fb f803 	bl	10002cd2 <__wrap___aeabi_fsub>
10007ccc:	2187      	movs	r1, #135	@ 0x87
10007cce:	05c9      	lsls	r1, r1, #23
10007cd0:	f7fb f819 	bl	10002d06 <__wrap___aeabi_fmul>
10007cd4:	f7fb f846 	bl	10002d64 <__wrap___aeabi_f2uiz>
10007cd8:	b2c0      	uxtb	r0, r0
10007cda:	2356      	movs	r3, #86	@ 0x56
10007cdc:	2104      	movs	r1, #4
10007cde:	54e0      	strb	r0, [r4, r3]
10007ce0:	4a24      	ldr	r2, [pc, #144]	@ (10007d74 <pio_usb_host_init+0x1c0>)
10007ce2:	3b02      	subs	r3, #2
10007ce4:	4824      	ldr	r0, [pc, #144]	@ (10007d78 <pio_usb_host_init+0x1c4>)
10007ce6:	52e5      	strh	r5, [r4, r3]
10007ce8:	f000 ff2e 	bl	10008b48 <__pio_usb_ll_encode_tx_data_veneer>
10007cec:	4b23      	ldr	r3, [pc, #140]	@ (10007d7c <pio_usb_host_init+0x1c8>)
10007cee:	2100      	movs	r1, #0
10007cf0:	7018      	strb	r0, [r3, #0]
10007cf2:	4a23      	ldr	r2, [pc, #140]	@ (10007d80 <pio_usb_host_init+0x1cc>)
10007cf4:	2000      	movs	r0, #0
10007cf6:	f000 ff27 	bl	10008b48 <__pio_usb_ll_encode_tx_data_veneer>
10007cfa:	7bb3      	ldrb	r3, [r6, #14]
10007cfc:	2b00      	cmp	r3, #0
10007cfe:	d00e      	beq.n	10007d1e <pio_usb_host_init+0x16a>
10007d00:	4b20      	ldr	r3, [pc, #128]	@ (10007d84 <pio_usb_host_init+0x1d0>)
10007d02:	6818      	ldr	r0, [r3, #0]
10007d04:	4c20      	ldr	r4, [pc, #128]	@ (10007d88 <pio_usb_host_init+0x1d4>)
10007d06:	7823      	ldrb	r3, [r4, #0]
10007d08:	2b00      	cmp	r3, #0
10007d0a:	d103      	bne.n	10007d14 <pio_usb_host_init+0x160>
10007d0c:	2800      	cmp	r0, #0
10007d0e:	d10f      	bne.n	10007d30 <pio_usb_host_init+0x17c>
10007d10:	2301      	movs	r3, #1
10007d12:	7023      	strb	r3, [r4, #0]
10007d14:	481d      	ldr	r0, [pc, #116]	@ (10007d8c <pio_usb_host_init+0x1d8>)
10007d16:	b004      	add	sp, #16
10007d18:	bc80      	pop	{r7}
10007d1a:	46b8      	mov	r8, r7
10007d1c:	bdf0      	pop	{r4, r5, r6, r7, pc}
10007d1e:	68b0      	ldr	r0, [r6, #8]
10007d20:	4c18      	ldr	r4, [pc, #96]	@ (10007d84 <pio_usb_host_init+0x1d0>)
10007d22:	6020      	str	r0, [r4, #0]
10007d24:	2800      	cmp	r0, #0
10007d26:	d011      	beq.n	10007d4c <pio_usb_host_init+0x198>
10007d28:	4c17      	ldr	r4, [pc, #92]	@ (10007d88 <pio_usb_host_init+0x1d4>)
10007d2a:	7823      	ldrb	r3, [r4, #0]
10007d2c:	2b00      	cmp	r3, #0
10007d2e:	d1f1      	bne.n	10007d14 <pio_usb_host_init+0x160>
10007d30:	2300      	movs	r3, #0
10007d32:	9301      	str	r3, [sp, #4]
10007d34:	2301      	movs	r3, #1
10007d36:	4a16      	ldr	r2, [pc, #88]	@ (10007d90 <pio_usb_host_init+0x1dc>)
10007d38:	425b      	negs	r3, r3
10007d3a:	9202      	str	r2, [sp, #8]
10007d3c:	4a15      	ldr	r2, [pc, #84]	@ (10007d94 <pio_usb_host_init+0x1e0>)
10007d3e:	9200      	str	r2, [sp, #0]
10007d40:	4a15      	ldr	r2, [pc, #84]	@ (10007d98 <pio_usb_host_init+0x1e4>)
10007d42:	f7f9 fcc3 	bl	100016cc <alarm_pool_add_repeating_timer_us>
10007d46:	2301      	movs	r3, #1
10007d48:	7023      	strb	r3, [r4, #0]
10007d4a:	e7e3      	b.n	10007d14 <pio_usb_host_init+0x160>
10007d4c:	f7f9 fd50 	bl	100017f0 <alarm_pool_get_default_timer>
10007d50:	2201      	movs	r2, #1
10007d52:	2102      	movs	r1, #2
10007d54:	f7f9 faca 	bl	100012ec <alarm_pool_create_on_timer>
10007d58:	6020      	str	r0, [r4, #0]
10007d5a:	e7d3      	b.n	10007d04 <pio_usb_host_init+0x150>
10007d5c:	20006084 	.word	0x20006084
10007d60:	200046f8 	.word	0x200046f8
10007d64:	4c371b00 	.word	0x4c371b00
10007d68:	4ab71b00 	.word	0x4ab71b00
10007d6c:	4cb71b00 	.word	0x4cb71b00
10007d70:	4b371b00 	.word	0x4b371b00
10007d74:	20006110 	.word	0x20006110
10007d78:	20003368 	.word	0x20003368
10007d7c:	20006135 	.word	0x20006135
10007d80:	200046d0 	.word	0x200046d0
10007d84:	20003e20 	.word	0x20003e20
10007d88:	20006136 	.word	0x20006136
10007d8c:	200047d4 	.word	0x200047d4
10007d90:	20003c98 	.word	0x20003c98
10007d94:	20002e45 	.word	0x20002e45
10007d98:	fffffc18 	.word	0xfffffc18

10007d9c <pio_usb_host_port_reset_start>:
10007d9c:	2201      	movs	r2, #1
10007d9e:	b510      	push	{r4, lr}
10007da0:	0044      	lsls	r4, r0, #1
10007da2:	4b0d      	ldr	r3, [pc, #52]	@ (10007dd8 <pio_usb_host_port_reset_start+0x3c>)
10007da4:	1824      	adds	r4, r4, r0
10007da6:	0124      	lsls	r4, r4, #4
10007da8:	18e4      	adds	r4, r4, r3
10007daa:	73e2      	strb	r2, [r4, #15]
10007dac:	78a0      	ldrb	r0, [r4, #2]
10007dae:	2102      	movs	r1, #2
10007db0:	b2c0      	uxtb	r0, r0
10007db2:	f7f8 fdb1 	bl	10000918 <gpio_set_outover>
10007db6:	78e0      	ldrb	r0, [r4, #3]
10007db8:	2102      	movs	r1, #2
10007dba:	b2c0      	uxtb	r0, r0
10007dbc:	f7f8 fdac 	bl	10000918 <gpio_set_outover>
10007dc0:	78a0      	ldrb	r0, [r4, #2]
10007dc2:	2103      	movs	r1, #3
10007dc4:	b2c0      	uxtb	r0, r0
10007dc6:	f7f8 fdb9 	bl	1000093c <gpio_set_oeover>
10007dca:	78e0      	ldrb	r0, [r4, #3]
10007dcc:	2103      	movs	r1, #3
10007dce:	b2c0      	uxtb	r0, r0
10007dd0:	f7f8 fdb4 	bl	1000093c <gpio_set_oeover>
10007dd4:	bd10      	pop	{r4, pc}
10007dd6:	46c0      	nop			@ (mov r8, r8)
10007dd8:	20006084 	.word	0x20006084

10007ddc <pio_usb_host_port_reset_end>:
10007ddc:	b510      	push	{r4, lr}
10007dde:	0044      	lsls	r4, r0, #1
10007de0:	4b0f      	ldr	r3, [pc, #60]	@ (10007e20 <pio_usb_host_port_reset_end+0x44>)
10007de2:	1824      	adds	r4, r4, r0
10007de4:	0124      	lsls	r4, r4, #4
10007de6:	18e4      	adds	r4, r4, r3
10007de8:	78a0      	ldrb	r0, [r4, #2]
10007dea:	2100      	movs	r1, #0
10007dec:	b2c0      	uxtb	r0, r0
10007dee:	f7f8 fda5 	bl	1000093c <gpio_set_oeover>
10007df2:	78e0      	ldrb	r0, [r4, #3]
10007df4:	2100      	movs	r1, #0
10007df6:	b2c0      	uxtb	r0, r0
10007df8:	f7f8 fda0 	bl	1000093c <gpio_set_oeover>
10007dfc:	78a0      	ldrb	r0, [r4, #2]
10007dfe:	2100      	movs	r1, #0
10007e00:	b2c0      	uxtb	r0, r0
10007e02:	f7f8 fd89 	bl	10000918 <gpio_set_outover>
10007e06:	78e0      	ldrb	r0, [r4, #3]
10007e08:	2100      	movs	r1, #0
10007e0a:	b2c0      	uxtb	r0, r0
10007e0c:	f7f8 fd84 	bl	10000918 <gpio_set_outover>
10007e10:	2064      	movs	r0, #100	@ 0x64
10007e12:	2100      	movs	r1, #0
10007e14:	f7f9 fd0c 	bl	10001830 <busy_wait_us>
10007e18:	2300      	movs	r3, #0
10007e1a:	73e3      	strb	r3, [r4, #15]
10007e1c:	bd10      	pop	{r4, pc}
10007e1e:	46c0      	nop			@ (mov r8, r8)
10007e20:	20006084 	.word	0x20006084

10007e24 <pio_usb_host_close_device>:
10007e24:	22bc      	movs	r2, #188	@ 0xbc
10007e26:	4b0c      	ldr	r3, [pc, #48]	@ (10007e58 <pio_usb_host_close_device+0x34>)
10007e28:	0152      	lsls	r2, r2, #5
10007e2a:	b570      	push	{r4, r5, r6, lr}
10007e2c:	2600      	movs	r6, #0
10007e2e:	2500      	movs	r5, #0
10007e30:	189c      	adds	r4, r3, r2
10007e32:	e002      	b.n	10007e3a <pio_usb_host_close_device+0x16>
10007e34:	33bc      	adds	r3, #188	@ 0xbc
10007e36:	429c      	cmp	r4, r3
10007e38:	d00d      	beq.n	10007e56 <pio_usb_host_close_device+0x32>
10007e3a:	781a      	ldrb	r2, [r3, #0]
10007e3c:	4282      	cmp	r2, r0
10007e3e:	d1f9      	bne.n	10007e34 <pio_usb_host_close_device+0x10>
10007e40:	785a      	ldrb	r2, [r3, #1]
10007e42:	428a      	cmp	r2, r1
10007e44:	d1f6      	bne.n	10007e34 <pio_usb_host_close_device+0x10>
10007e46:	88da      	ldrh	r2, [r3, #6]
10007e48:	2a00      	cmp	r2, #0
10007e4a:	d0f3      	beq.n	10007e34 <pio_usb_host_close_device+0x10>
10007e4c:	80de      	strh	r6, [r3, #6]
10007e4e:	735d      	strb	r5, [r3, #13]
10007e50:	33bc      	adds	r3, #188	@ 0xbc
10007e52:	429c      	cmp	r4, r3
10007e54:	d1f1      	bne.n	10007e3a <pio_usb_host_close_device+0x16>
10007e56:	bd70      	pop	{r4, r5, r6, pc}
10007e58:	20004904 	.word	0x20004904

10007e5c <pio_usb_host_endpoint_open>:
10007e5c:	b5f0      	push	{r4, r5, r6, r7, lr}
10007e5e:	46c6      	mov	lr, r8
10007e60:	b500      	push	{lr}
10007e62:	4698      	mov	r8, r3
10007e64:	7893      	ldrb	r3, [r2, #2]
10007e66:	0017      	movs	r7, r2
10007e68:	0005      	movs	r5, r0
10007e6a:	000e      	movs	r6, r1
10007e6c:	469c      	mov	ip, r3
10007e6e:	065b      	lsls	r3, r3, #25
10007e70:	d018      	beq.n	10007ea4 <pio_usb_host_endpoint_open+0x48>
10007e72:	22bc      	movs	r2, #188	@ 0xbc
10007e74:	4b26      	ldr	r3, [pc, #152]	@ (10007f10 <pio_usb_host_endpoint_open+0xb4>)
10007e76:	0152      	lsls	r2, r2, #5
10007e78:	001c      	movs	r4, r3
10007e7a:	189a      	adds	r2, r3, r2
10007e7c:	e002      	b.n	10007e84 <pio_usb_host_endpoint_open+0x28>
10007e7e:	34bc      	adds	r4, #188	@ 0xbc
10007e80:	42a2      	cmp	r2, r4
10007e82:	d02a      	beq.n	10007eda <pio_usb_host_endpoint_open+0x7e>
10007e84:	7820      	ldrb	r0, [r4, #0]
10007e86:	4285      	cmp	r5, r0
10007e88:	d1f9      	bne.n	10007e7e <pio_usb_host_endpoint_open+0x22>
10007e8a:	7861      	ldrb	r1, [r4, #1]
10007e8c:	428e      	cmp	r6, r1
10007e8e:	d1f6      	bne.n	10007e7e <pio_usb_host_endpoint_open+0x22>
10007e90:	88e1      	ldrh	r1, [r4, #6]
10007e92:	2900      	cmp	r1, #0
10007e94:	d0f3      	beq.n	10007e7e <pio_usb_host_endpoint_open+0x22>
10007e96:	7921      	ldrb	r1, [r4, #4]
10007e98:	458c      	cmp	ip, r1
10007e9a:	d1f0      	bne.n	10007e7e <pio_usb_host_endpoint_open+0x22>
10007e9c:	2001      	movs	r0, #1
10007e9e:	bc80      	pop	{r7}
10007ea0:	46b8      	mov	r8, r7
10007ea2:	bdf0      	pop	{r4, r5, r6, r7, pc}
10007ea4:	22bc      	movs	r2, #188	@ 0xbc
10007ea6:	4b1a      	ldr	r3, [pc, #104]	@ (10007f10 <pio_usb_host_endpoint_open+0xb4>)
10007ea8:	0152      	lsls	r2, r2, #5
10007eaa:	001c      	movs	r4, r3
10007eac:	189a      	adds	r2, r3, r2
10007eae:	e002      	b.n	10007eb6 <pio_usb_host_endpoint_open+0x5a>
10007eb0:	34bc      	adds	r4, #188	@ 0xbc
10007eb2:	4294      	cmp	r4, r2
10007eb4:	d011      	beq.n	10007eda <pio_usb_host_endpoint_open+0x7e>
10007eb6:	7820      	ldrb	r0, [r4, #0]
10007eb8:	4285      	cmp	r5, r0
10007eba:	d1f9      	bne.n	10007eb0 <pio_usb_host_endpoint_open+0x54>
10007ebc:	7861      	ldrb	r1, [r4, #1]
10007ebe:	428e      	cmp	r6, r1
10007ec0:	d1f6      	bne.n	10007eb0 <pio_usb_host_endpoint_open+0x54>
10007ec2:	88e1      	ldrh	r1, [r4, #6]
10007ec4:	2900      	cmp	r1, #0
10007ec6:	d0f3      	beq.n	10007eb0 <pio_usb_host_endpoint_open+0x54>
10007ec8:	7921      	ldrb	r1, [r4, #4]
10007eca:	458c      	cmp	ip, r1
10007ecc:	d0e6      	beq.n	10007e9c <pio_usb_host_endpoint_open+0x40>
10007ece:	7921      	ldrb	r1, [r4, #4]
10007ed0:	0649      	lsls	r1, r1, #25
10007ed2:	d0e3      	beq.n	10007e9c <pio_usb_host_endpoint_open+0x40>
10007ed4:	34bc      	adds	r4, #188	@ 0xbc
10007ed6:	4294      	cmp	r4, r2
10007ed8:	d1ed      	bne.n	10007eb6 <pio_usb_host_endpoint_open+0x5a>
10007eda:	001c      	movs	r4, r3
10007edc:	23bc      	movs	r3, #188	@ 0xbc
10007ede:	015b      	lsls	r3, r3, #5
10007ee0:	18e2      	adds	r2, r4, r3
10007ee2:	e002      	b.n	10007eea <pio_usb_host_endpoint_open+0x8e>
10007ee4:	34bc      	adds	r4, #188	@ 0xbc
10007ee6:	42a2      	cmp	r2, r4
10007ee8:	d010      	beq.n	10007f0c <pio_usb_host_endpoint_open+0xb0>
10007eea:	88e3      	ldrh	r3, [r4, #6]
10007eec:	2b00      	cmp	r3, #0
10007eee:	d1f9      	bne.n	10007ee4 <pio_usb_host_endpoint_open+0x88>
10007ef0:	0039      	movs	r1, r7
10007ef2:	0020      	movs	r0, r4
10007ef4:	f000 fe68 	bl	10008bc8 <__pio_usb_ll_configure_endpoint_veneer>
10007ef8:	4643      	mov	r3, r8
10007efa:	7025      	strb	r5, [r4, #0]
10007efc:	70a3      	strb	r3, [r4, #2]
10007efe:	7066      	strb	r6, [r4, #1]
10007f00:	78bb      	ldrb	r3, [r7, #2]
10007f02:	43db      	mvns	r3, r3
10007f04:	b2db      	uxtb	r3, r3
10007f06:	09db      	lsrs	r3, r3, #7
10007f08:	70e3      	strb	r3, [r4, #3]
10007f0a:	e7c7      	b.n	10007e9c <pio_usb_host_endpoint_open+0x40>
10007f0c:	2000      	movs	r0, #0
10007f0e:	e7c6      	b.n	10007e9e <pio_usb_host_endpoint_open+0x42>
10007f10:	20004904 	.word	0x20004904

10007f14 <pio_usb_host_send_setup>:
10007f14:	b5f8      	push	{r3, r4, r5, r6, r7, lr}
10007f16:	000e      	movs	r6, r1
10007f18:	0011      	movs	r1, r2
10007f1a:	22bc      	movs	r2, #188	@ 0xbc
10007f1c:	4b13      	ldr	r3, [pc, #76]	@ (10007f6c <pio_usb_host_send_setup+0x58>)
10007f1e:	0152      	lsls	r2, r2, #5
10007f20:	277f      	movs	r7, #127	@ 0x7f
10007f22:	189d      	adds	r5, r3, r2
10007f24:	e002      	b.n	10007f2c <pio_usb_host_send_setup+0x18>
10007f26:	33bc      	adds	r3, #188	@ 0xbc
10007f28:	42ab      	cmp	r3, r5
10007f2a:	d019      	beq.n	10007f60 <pio_usb_host_send_setup+0x4c>
10007f2c:	781c      	ldrb	r4, [r3, #0]
10007f2e:	42a0      	cmp	r0, r4
10007f30:	d1f9      	bne.n	10007f26 <pio_usb_host_send_setup+0x12>
10007f32:	785c      	ldrb	r4, [r3, #1]
10007f34:	42a6      	cmp	r6, r4
10007f36:	d1f6      	bne.n	10007f26 <pio_usb_host_send_setup+0x12>
10007f38:	88dc      	ldrh	r4, [r3, #6]
10007f3a:	2c00      	cmp	r4, #0
10007f3c:	d0f3      	beq.n	10007f26 <pio_usb_host_send_setup+0x12>
10007f3e:	791a      	ldrb	r2, [r3, #4]
10007f40:	2a00      	cmp	r2, #0
10007f42:	d002      	beq.n	10007f4a <pio_usb_host_send_setup+0x36>
10007f44:	791a      	ldrb	r2, [r3, #4]
10007f46:	4217      	tst	r7, r2
10007f48:	d1ed      	bne.n	10007f26 <pio_usb_host_send_setup+0x12>
10007f4a:	2000      	movs	r0, #0
10007f4c:	222d      	movs	r2, #45	@ 0x2d
10007f4e:	7118      	strb	r0, [r3, #4]
10007f50:	3001      	adds	r0, #1
10007f52:	72da      	strb	r2, [r3, #11]
10007f54:	70d8      	strb	r0, [r3, #3]
10007f56:	3a25      	subs	r2, #37	@ 0x25
10007f58:	0018      	movs	r0, r3
10007f5a:	f000 fe05 	bl	10008b68 <__pio_usb_ll_transfer_start_veneer>
10007f5e:	bdf8      	pop	{r3, r4, r5, r6, r7, pc}
10007f60:	4803      	ldr	r0, [pc, #12]	@ (10007f70 <pio_usb_host_send_setup+0x5c>)
10007f62:	f7fc fdc9 	bl	10004af8 <__wrap_puts>
10007f66:	2000      	movs	r0, #0
10007f68:	e7f9      	b.n	10007f5e <pio_usb_host_send_setup+0x4a>
10007f6a:	46c0      	nop			@ (mov r8, r8)
10007f6c:	20004904 	.word	0x20004904
10007f70:	10008d78 	.word	0x10008d78

10007f74 <pio_usb_host_endpoint_transfer>:
10007f74:	b5f8      	push	{r3, r4, r5, r6, r7, lr}
10007f76:	0005      	movs	r5, r0
10007f78:	4668      	mov	r0, sp
10007f7a:	8b00      	ldrh	r0, [r0, #24]
10007f7c:	4c1f      	ldr	r4, [pc, #124]	@ (10007ffc <pio_usb_host_endpoint_transfer+0x88>)
10007f7e:	4684      	mov	ip, r0
10007f80:	20bc      	movs	r0, #188	@ 0xbc
10007f82:	0140      	lsls	r0, r0, #5
10007f84:	1827      	adds	r7, r4, r0
10007f86:	0650      	lsls	r0, r2, #25
10007f88:	d01b      	beq.n	10007fc2 <pio_usb_host_endpoint_transfer+0x4e>
10007f8a:	e002      	b.n	10007f92 <pio_usb_host_endpoint_transfer+0x1e>
10007f8c:	34bc      	adds	r4, #188	@ 0xbc
10007f8e:	42bc      	cmp	r4, r7
10007f90:	d01e      	beq.n	10007fd0 <pio_usb_host_endpoint_transfer+0x5c>
10007f92:	7826      	ldrb	r6, [r4, #0]
10007f94:	0020      	movs	r0, r4
10007f96:	42b5      	cmp	r5, r6
10007f98:	d1f8      	bne.n	10007f8c <pio_usb_host_endpoint_transfer+0x18>
10007f9a:	7866      	ldrb	r6, [r4, #1]
10007f9c:	42b1      	cmp	r1, r6
10007f9e:	d1f5      	bne.n	10007f8c <pio_usb_host_endpoint_transfer+0x18>
10007fa0:	88e6      	ldrh	r6, [r4, #6]
10007fa2:	2e00      	cmp	r6, #0
10007fa4:	d0f2      	beq.n	10007f8c <pio_usb_host_endpoint_transfer+0x18>
10007fa6:	7926      	ldrb	r6, [r4, #4]
10007fa8:	42b2      	cmp	r2, r6
10007faa:	d1ef      	bne.n	10007f8c <pio_usb_host_endpoint_transfer+0x18>
10007fac:	4662      	mov	r2, ip
10007fae:	0019      	movs	r1, r3
10007fb0:	f000 fdda 	bl	10008b68 <__pio_usb_ll_transfer_start_veneer>
10007fb4:	bdf8      	pop	{r3, r4, r5, r6, r7, pc}
10007fb6:	7866      	ldrb	r6, [r4, #1]
10007fb8:	42b1      	cmp	r1, r6
10007fba:	d00f      	beq.n	10007fdc <pio_usb_host_endpoint_transfer+0x68>
10007fbc:	34bc      	adds	r4, #188	@ 0xbc
10007fbe:	42bc      	cmp	r4, r7
10007fc0:	d006      	beq.n	10007fd0 <pio_usb_host_endpoint_transfer+0x5c>
10007fc2:	7826      	ldrb	r6, [r4, #0]
10007fc4:	0020      	movs	r0, r4
10007fc6:	42b5      	cmp	r5, r6
10007fc8:	d0f5      	beq.n	10007fb6 <pio_usb_host_endpoint_transfer+0x42>
10007fca:	34bc      	adds	r4, #188	@ 0xbc
10007fcc:	42bc      	cmp	r4, r7
10007fce:	d1f8      	bne.n	10007fc2 <pio_usb_host_endpoint_transfer+0x4e>
10007fd0:	0011      	movs	r1, r2
10007fd2:	480b      	ldr	r0, [pc, #44]	@ (10008000 <pio_usb_host_endpoint_transfer+0x8c>)
10007fd4:	f7fc fe14 	bl	10004c00 <__wrap_printf>
10007fd8:	2000      	movs	r0, #0
10007fda:	e7eb      	b.n	10007fb4 <pio_usb_host_endpoint_transfer+0x40>
10007fdc:	88e6      	ldrh	r6, [r4, #6]
10007fde:	2e00      	cmp	r6, #0
10007fe0:	d0ec      	beq.n	10007fbc <pio_usb_host_endpoint_transfer+0x48>
10007fe2:	7926      	ldrb	r6, [r4, #4]
10007fe4:	42b2      	cmp	r2, r6
10007fe6:	d002      	beq.n	10007fee <pio_usb_host_endpoint_transfer+0x7a>
10007fe8:	7926      	ldrb	r6, [r4, #4]
10007fea:	0676      	lsls	r6, r6, #25
10007fec:	d1e6      	bne.n	10007fbc <pio_usb_host_endpoint_transfer+0x48>
10007fee:	7122      	strb	r2, [r4, #4]
10007ff0:	4251      	negs	r1, r2
10007ff2:	414a      	adcs	r2, r1
10007ff4:	70e2      	strb	r2, [r4, #3]
10007ff6:	2201      	movs	r2, #1
10007ff8:	72e2      	strb	r2, [r4, #11]
10007ffa:	e7d7      	b.n	10007fac <pio_usb_host_endpoint_transfer+0x38>
10007ffc:	20004904 	.word	0x20004904
10008000:	10008d90 	.word	0x10008d90

10008004 <pio_usb_host_endpoint_abort_transfer>:
10008004:	b570      	push	{r4, r5, r6, lr}
10008006:	0653      	lsls	r3, r2, #25
10008008:	d02d      	beq.n	10008066 <pio_usb_host_endpoint_abort_transfer+0x62>
1000800a:	24bc      	movs	r4, #188	@ 0xbc
1000800c:	4b28      	ldr	r3, [pc, #160]	@ (100080b0 <pio_usb_host_endpoint_abort_transfer+0xac>)
1000800e:	0164      	lsls	r4, r4, #5
10008010:	191e      	adds	r6, r3, r4
10008012:	e002      	b.n	1000801a <pio_usb_host_endpoint_abort_transfer+0x16>
10008014:	33bc      	adds	r3, #188	@ 0xbc
10008016:	42b3      	cmp	r3, r6
10008018:	d040      	beq.n	1000809c <pio_usb_host_endpoint_abort_transfer+0x98>
1000801a:	781d      	ldrb	r5, [r3, #0]
1000801c:	001c      	movs	r4, r3
1000801e:	42a8      	cmp	r0, r5
10008020:	d1f8      	bne.n	10008014 <pio_usb_host_endpoint_abort_transfer+0x10>
10008022:	785d      	ldrb	r5, [r3, #1]
10008024:	42a9      	cmp	r1, r5
10008026:	d1f5      	bne.n	10008014 <pio_usb_host_endpoint_abort_transfer+0x10>
10008028:	88dd      	ldrh	r5, [r3, #6]
1000802a:	2d00      	cmp	r5, #0
1000802c:	d0f2      	beq.n	10008014 <pio_usb_host_endpoint_abort_transfer+0x10>
1000802e:	791d      	ldrb	r5, [r3, #4]
10008030:	42aa      	cmp	r2, r5
10008032:	d1ef      	bne.n	10008014 <pio_usb_host_endpoint_abort_transfer+0x10>
10008034:	7b63      	ldrb	r3, [r4, #13]
10008036:	2b00      	cmp	r3, #0
10008038:	d034      	beq.n	100080a4 <pio_usb_host_endpoint_abort_transfer+0xa0>
1000803a:	2301      	movs	r3, #1
1000803c:	73e3      	strb	r3, [r4, #15]
1000803e:	7b63      	ldrb	r3, [r4, #13]
10008040:	2b00      	cmp	r3, #0
10008042:	d106      	bne.n	10008052 <pio_usb_host_endpoint_abort_transfer+0x4e>
10008044:	e008      	b.n	10008058 <pio_usb_host_endpoint_abort_transfer+0x54>
10008046:	2001      	movs	r0, #1
10008048:	f7f9 fc26 	bl	10001898 <busy_wait_ms>
1000804c:	7b63      	ldrb	r3, [r4, #13]
1000804e:	2b00      	cmp	r3, #0
10008050:	d002      	beq.n	10008058 <pio_usb_host_endpoint_abort_transfer+0x54>
10008052:	7ba3      	ldrb	r3, [r4, #14]
10008054:	2b00      	cmp	r3, #0
10008056:	d1f6      	bne.n	10008046 <pio_usb_host_endpoint_abort_transfer+0x42>
10008058:	7b63      	ldrb	r3, [r4, #13]
1000805a:	b2d8      	uxtb	r0, r3
1000805c:	2b00      	cmp	r3, #0
1000805e:	d123      	bne.n	100080a8 <pio_usb_host_endpoint_abort_transfer+0xa4>
10008060:	2300      	movs	r3, #0
10008062:	73e3      	strb	r3, [r4, #15]
10008064:	bd70      	pop	{r4, r5, r6, pc}
10008066:	24bc      	movs	r4, #188	@ 0xbc
10008068:	4b11      	ldr	r3, [pc, #68]	@ (100080b0 <pio_usb_host_endpoint_abort_transfer+0xac>)
1000806a:	0164      	lsls	r4, r4, #5
1000806c:	191e      	adds	r6, r3, r4
1000806e:	e002      	b.n	10008076 <pio_usb_host_endpoint_abort_transfer+0x72>
10008070:	33bc      	adds	r3, #188	@ 0xbc
10008072:	42b3      	cmp	r3, r6
10008074:	d012      	beq.n	1000809c <pio_usb_host_endpoint_abort_transfer+0x98>
10008076:	781d      	ldrb	r5, [r3, #0]
10008078:	001c      	movs	r4, r3
1000807a:	42a8      	cmp	r0, r5
1000807c:	d1f8      	bne.n	10008070 <pio_usb_host_endpoint_abort_transfer+0x6c>
1000807e:	785d      	ldrb	r5, [r3, #1]
10008080:	42a9      	cmp	r1, r5
10008082:	d1f5      	bne.n	10008070 <pio_usb_host_endpoint_abort_transfer+0x6c>
10008084:	88dd      	ldrh	r5, [r3, #6]
10008086:	2d00      	cmp	r5, #0
10008088:	d0f2      	beq.n	10008070 <pio_usb_host_endpoint_abort_transfer+0x6c>
1000808a:	791d      	ldrb	r5, [r3, #4]
1000808c:	42aa      	cmp	r2, r5
1000808e:	d0d1      	beq.n	10008034 <pio_usb_host_endpoint_abort_transfer+0x30>
10008090:	791d      	ldrb	r5, [r3, #4]
10008092:	066d      	lsls	r5, r5, #25
10008094:	d0ce      	beq.n	10008034 <pio_usb_host_endpoint_abort_transfer+0x30>
10008096:	33bc      	adds	r3, #188	@ 0xbc
10008098:	42b3      	cmp	r3, r6
1000809a:	d1ec      	bne.n	10008076 <pio_usb_host_endpoint_abort_transfer+0x72>
1000809c:	0011      	movs	r1, r2
1000809e:	4805      	ldr	r0, [pc, #20]	@ (100080b4 <pio_usb_host_endpoint_abort_transfer+0xb0>)
100080a0:	f7fc fdae 	bl	10004c00 <__wrap_printf>
100080a4:	2000      	movs	r0, #0
100080a6:	e7dd      	b.n	10008064 <pio_usb_host_endpoint_abort_transfer+0x60>
100080a8:	2300      	movs	r3, #0
100080aa:	7363      	strb	r3, [r4, #13]
100080ac:	e7d8      	b.n	10008060 <pio_usb_host_endpoint_abort_transfer+0x5c>
100080ae:	46c0      	nop			@ (mov r8, r8)
100080b0:	20004904 	.word	0x20004904
100080b4:	10008d90 	.word	0x10008d90

100080b8 <dma_claim_mask>:
100080b8:	b5f0      	push	{r4, r5, r6, r7, lr}
100080ba:	46c6      	mov	lr, r8
100080bc:	0004      	movs	r4, r0
100080be:	b500      	push	{lr}
100080c0:	2800      	cmp	r0, #0
100080c2:	d013      	beq.n	100080ec <dma_claim_mask+0x34>
100080c4:	4b0b      	ldr	r3, [pc, #44]	@ (100080f4 <dma_claim_mask+0x3c>)
100080c6:	2500      	movs	r5, #0
100080c8:	4698      	mov	r8, r3
100080ca:	2601      	movs	r6, #1
100080cc:	4f0a      	ldr	r7, [pc, #40]	@ (100080f8 <dma_claim_mask+0x40>)
100080ce:	4226      	tst	r6, r4
100080d0:	d103      	bne.n	100080da <dma_claim_mask+0x22>
100080d2:	0864      	lsrs	r4, r4, #1
100080d4:	3501      	adds	r5, #1
100080d6:	4226      	tst	r6, r4
100080d8:	d0fb      	beq.n	100080d2 <dma_claim_mask+0x1a>
100080da:	4642      	mov	r2, r8
100080dc:	0029      	movs	r1, r5
100080de:	0038      	movs	r0, r7
100080e0:	f7f8 fc8e 	bl	10000a00 <hw_claim_or_assert>
100080e4:	0864      	lsrs	r4, r4, #1
100080e6:	d001      	beq.n	100080ec <dma_claim_mask+0x34>
100080e8:	3501      	adds	r5, #1
100080ea:	e7f0      	b.n	100080ce <dma_claim_mask+0x16>
100080ec:	bc80      	pop	{r7}
100080ee:	46b8      	mov	r8, r7
100080f0:	bdf0      	pop	{r4, r5, r6, r7, pc}
100080f2:	46c0      	nop			@ (mov r8, r8)
100080f4:	10008da8 	.word	0x10008da8
100080f8:	2000612c 	.word	0x2000612c

100080fc <calloc>:
100080fc:	0003      	movs	r3, r0
100080fe:	b510      	push	{r4, lr}
10008100:	000a      	movs	r2, r1
10008102:	4903      	ldr	r1, [pc, #12]	@ (10008110 <calloc+0x14>)
10008104:	6808      	ldr	r0, [r1, #0]
10008106:	0019      	movs	r1, r3
10008108:	f000 f804 	bl	10008114 <_calloc_r>
1000810c:	bd10      	pop	{r4, pc}
1000810e:	46c0      	nop			@ (mov r8, r8)
10008110:	20003780 	.word	0x20003780

10008114 <_calloc_r>:
10008114:	b570      	push	{r4, r5, r6, lr}
10008116:	0c0b      	lsrs	r3, r1, #16
10008118:	2400      	movs	r4, #0
1000811a:	0c15      	lsrs	r5, r2, #16
1000811c:	2b00      	cmp	r3, #0
1000811e:	d128      	bne.n	10008172 <_calloc_r+0x5e>
10008120:	2d00      	cmp	r5, #0
10008122:	d13c      	bne.n	1000819e <_calloc_r+0x8a>
10008124:	b28b      	uxth	r3, r1
10008126:	b291      	uxth	r1, r2
10008128:	4359      	muls	r1, r3
1000812a:	f000 f851 	bl	100081d0 <_malloc_r>
1000812e:	1e05      	subs	r5, r0, #0
10008130:	d033      	beq.n	1000819a <_calloc_r+0x86>
10008132:	0003      	movs	r3, r0
10008134:	3b08      	subs	r3, #8
10008136:	685a      	ldr	r2, [r3, #4]
10008138:	2303      	movs	r3, #3
1000813a:	439a      	bics	r2, r3
1000813c:	3a04      	subs	r2, #4
1000813e:	2a24      	cmp	r2, #36	@ 0x24
10008140:	d812      	bhi.n	10008168 <_calloc_r+0x54>
10008142:	0003      	movs	r3, r0
10008144:	2a13      	cmp	r2, #19
10008146:	d90a      	bls.n	1000815e <_calloc_r+0x4a>
10008148:	6004      	str	r4, [r0, #0]
1000814a:	6044      	str	r4, [r0, #4]
1000814c:	3308      	adds	r3, #8
1000814e:	2a1b      	cmp	r2, #27
10008150:	d905      	bls.n	1000815e <_calloc_r+0x4a>
10008152:	6084      	str	r4, [r0, #8]
10008154:	60c4      	str	r4, [r0, #12]
10008156:	2a24      	cmp	r2, #36	@ 0x24
10008158:	d02a      	beq.n	100081b0 <_calloc_r+0x9c>
1000815a:	0003      	movs	r3, r0
1000815c:	3310      	adds	r3, #16
1000815e:	2200      	movs	r2, #0
10008160:	601a      	str	r2, [r3, #0]
10008162:	605a      	str	r2, [r3, #4]
10008164:	609a      	str	r2, [r3, #8]
10008166:	e002      	b.n	1000816e <_calloc_r+0x5a>
10008168:	2100      	movs	r1, #0
1000816a:	f7fa fe91 	bl	10002e90 <__wrap_memset>
1000816e:	0028      	movs	r0, r5
10008170:	bd70      	pop	{r4, r5, r6, pc}
10008172:	2d00      	cmp	r5, #0
10008174:	d116      	bne.n	100081a4 <_calloc_r+0x90>
10008176:	1c15      	adds	r5, r2, #0
10008178:	b289      	uxth	r1, r1
1000817a:	b292      	uxth	r2, r2
1000817c:	434a      	muls	r2, r1
1000817e:	b2ad      	uxth	r5, r5
10008180:	b29b      	uxth	r3, r3
10008182:	436b      	muls	r3, r5
10008184:	0c11      	lsrs	r1, r2, #16
10008186:	185b      	adds	r3, r3, r1
10008188:	0c19      	lsrs	r1, r3, #16
1000818a:	d10b      	bne.n	100081a4 <_calloc_r+0x90>
1000818c:	0419      	lsls	r1, r3, #16
1000818e:	b292      	uxth	r2, r2
10008190:	4311      	orrs	r1, r2
10008192:	f000 f81d 	bl	100081d0 <_malloc_r>
10008196:	1e05      	subs	r5, r0, #0
10008198:	d1cb      	bne.n	10008132 <_calloc_r+0x1e>
1000819a:	2500      	movs	r5, #0
1000819c:	e7e7      	b.n	1000816e <_calloc_r+0x5a>
1000819e:	1c2b      	adds	r3, r5, #0
100081a0:	1c0d      	adds	r5, r1, #0
100081a2:	e7e9      	b.n	10008178 <_calloc_r+0x64>
100081a4:	f000 fb1c 	bl	100087e0 <__errno>
100081a8:	230c      	movs	r3, #12
100081aa:	2500      	movs	r5, #0
100081ac:	6003      	str	r3, [r0, #0]
100081ae:	e7de      	b.n	1000816e <_calloc_r+0x5a>
100081b0:	0003      	movs	r3, r0
100081b2:	6104      	str	r4, [r0, #16]
100081b4:	3318      	adds	r3, #24
100081b6:	6144      	str	r4, [r0, #20]
100081b8:	e7d1      	b.n	1000815e <_calloc_r+0x4a>
100081ba:	46c0      	nop			@ (mov r8, r8)

100081bc <malloc>:
100081bc:	b510      	push	{r4, lr}
100081be:	4b03      	ldr	r3, [pc, #12]	@ (100081cc <malloc+0x10>)
100081c0:	0001      	movs	r1, r0
100081c2:	6818      	ldr	r0, [r3, #0]
100081c4:	f000 f804 	bl	100081d0 <_malloc_r>
100081c8:	bd10      	pop	{r4, pc}
100081ca:	46c0      	nop			@ (mov r8, r8)
100081cc:	20003780 	.word	0x20003780

100081d0 <_malloc_r>:
100081d0:	b5f0      	push	{r4, r5, r6, r7, lr}
100081d2:	464e      	mov	r6, r9
100081d4:	4645      	mov	r5, r8
100081d6:	46de      	mov	lr, fp
100081d8:	4657      	mov	r7, sl
100081da:	b5e0      	push	{r5, r6, r7, lr}
100081dc:	000d      	movs	r5, r1
100081de:	350b      	adds	r5, #11
100081e0:	0006      	movs	r6, r0
100081e2:	b085      	sub	sp, #20
100081e4:	2d16      	cmp	r5, #22
100081e6:	d821      	bhi.n	1000822c <_malloc_r+0x5c>
100081e8:	2910      	cmp	r1, #16
100081ea:	d900      	bls.n	100081ee <_malloc_r+0x1e>
100081ec:	e0d4      	b.n	10008398 <_malloc_r+0x1c8>
100081ee:	f000 fad5 	bl	1000879c <__malloc_lock>
100081f2:	2510      	movs	r5, #16
100081f4:	2318      	movs	r3, #24
100081f6:	2102      	movs	r1, #2
100081f8:	4fca      	ldr	r7, [pc, #808]	@ (10008524 <_malloc_r+0x354>)
100081fa:	18fb      	adds	r3, r7, r3
100081fc:	001a      	movs	r2, r3
100081fe:	685c      	ldr	r4, [r3, #4]
10008200:	3a08      	subs	r2, #8
10008202:	4294      	cmp	r4, r2
10008204:	d100      	bne.n	10008208 <_malloc_r+0x38>
10008206:	e186      	b.n	10008516 <_malloc_r+0x346>
10008208:	2203      	movs	r2, #3
1000820a:	6863      	ldr	r3, [r4, #4]
1000820c:	68a1      	ldr	r1, [r4, #8]
1000820e:	4393      	bics	r3, r2
10008210:	68e2      	ldr	r2, [r4, #12]
10008212:	60ca      	str	r2, [r1, #12]
10008214:	6091      	str	r1, [r2, #8]
10008216:	2101      	movs	r1, #1
10008218:	18e3      	adds	r3, r4, r3
1000821a:	685a      	ldr	r2, [r3, #4]
1000821c:	0030      	movs	r0, r6
1000821e:	430a      	orrs	r2, r1
10008220:	605a      	str	r2, [r3, #4]
10008222:	f000 fac3 	bl	100087ac <__malloc_unlock>
10008226:	0020      	movs	r0, r4
10008228:	3008      	adds	r0, #8
1000822a:	e0b8      	b.n	1000839e <_malloc_r+0x1ce>
1000822c:	2307      	movs	r3, #7
1000822e:	439d      	bics	r5, r3
10008230:	d500      	bpl.n	10008234 <_malloc_r+0x64>
10008232:	e0b1      	b.n	10008398 <_malloc_r+0x1c8>
10008234:	42a9      	cmp	r1, r5
10008236:	d900      	bls.n	1000823a <_malloc_r+0x6a>
10008238:	e0ae      	b.n	10008398 <_malloc_r+0x1c8>
1000823a:	f000 faaf 	bl	1000879c <__malloc_lock>
1000823e:	23fc      	movs	r3, #252	@ 0xfc
10008240:	005b      	lsls	r3, r3, #1
10008242:	429d      	cmp	r5, r3
10008244:	d200      	bcs.n	10008248 <_malloc_r+0x78>
10008246:	e1e0      	b.n	1000860a <_malloc_r+0x43a>
10008248:	0a69      	lsrs	r1, r5, #9
1000824a:	d100      	bne.n	1000824e <_malloc_r+0x7e>
1000824c:	e0ae      	b.n	100083ac <_malloc_r+0x1dc>
1000824e:	2904      	cmp	r1, #4
10008250:	d900      	bls.n	10008254 <_malloc_r+0x84>
10008252:	e1a1      	b.n	10008598 <_malloc_r+0x3c8>
10008254:	2338      	movs	r3, #56	@ 0x38
10008256:	4698      	mov	r8, r3
10008258:	09a9      	lsrs	r1, r5, #6
1000825a:	4488      	add	r8, r1
1000825c:	3139      	adds	r1, #57	@ 0x39
1000825e:	00cb      	lsls	r3, r1, #3
10008260:	2208      	movs	r2, #8
10008262:	4252      	negs	r2, r2
10008264:	4694      	mov	ip, r2
10008266:	4faf      	ldr	r7, [pc, #700]	@ (10008524 <_malloc_r+0x354>)
10008268:	18fb      	adds	r3, r7, r3
1000826a:	449c      	add	ip, r3
1000826c:	4663      	mov	r3, ip
1000826e:	68dc      	ldr	r4, [r3, #12]
10008270:	45a4      	cmp	ip, r4
10008272:	d014      	beq.n	1000829e <_malloc_r+0xce>
10008274:	2303      	movs	r3, #3
10008276:	4699      	mov	r9, r3
10008278:	000b      	movs	r3, r1
1000827a:	4661      	mov	r1, ip
1000827c:	469c      	mov	ip, r3
1000827e:	e007      	b.n	10008290 <_malloc_r+0xc0>
10008280:	68e0      	ldr	r0, [r4, #12]
10008282:	2a00      	cmp	r2, #0
10008284:	db00      	blt.n	10008288 <_malloc_r+0xb8>
10008286:	e140      	b.n	1000850a <_malloc_r+0x33a>
10008288:	4281      	cmp	r1, r0
1000828a:	d100      	bne.n	1000828e <_malloc_r+0xbe>
1000828c:	e141      	b.n	10008512 <_malloc_r+0x342>
1000828e:	0004      	movs	r4, r0
10008290:	464a      	mov	r2, r9
10008292:	6863      	ldr	r3, [r4, #4]
10008294:	4393      	bics	r3, r2
10008296:	1b5a      	subs	r2, r3, r5
10008298:	2a0f      	cmp	r2, #15
1000829a:	ddf1      	ble.n	10008280 <_malloc_r+0xb0>
1000829c:	4641      	mov	r1, r8
1000829e:	003a      	movs	r2, r7
100082a0:	693c      	ldr	r4, [r7, #16]
100082a2:	3208      	adds	r2, #8
100082a4:	4294      	cmp	r4, r2
100082a6:	d100      	bne.n	100082aa <_malloc_r+0xda>
100082a8:	e11e      	b.n	100084e8 <_malloc_r+0x318>
100082aa:	2003      	movs	r0, #3
100082ac:	6863      	ldr	r3, [r4, #4]
100082ae:	4383      	bics	r3, r0
100082b0:	1b58      	subs	r0, r3, r5
100082b2:	280f      	cmp	r0, #15
100082b4:	dd00      	ble.n	100082b8 <_malloc_r+0xe8>
100082b6:	e1ac      	b.n	10008612 <_malloc_r+0x442>
100082b8:	613a      	str	r2, [r7, #16]
100082ba:	617a      	str	r2, [r7, #20]
100082bc:	2800      	cmp	r0, #0
100082be:	daaa      	bge.n	10008216 <_malloc_r+0x46>
100082c0:	687a      	ldr	r2, [r7, #4]
100082c2:	4690      	mov	r8, r2
100082c4:	2280      	movs	r2, #128	@ 0x80
100082c6:	0092      	lsls	r2, r2, #2
100082c8:	4293      	cmp	r3, r2
100082ca:	d300      	bcc.n	100082ce <_malloc_r+0xfe>
100082cc:	e136      	b.n	1000853c <_malloc_r+0x36c>
100082ce:	08da      	lsrs	r2, r3, #3
100082d0:	0958      	lsrs	r0, r3, #5
100082d2:	2301      	movs	r3, #1
100082d4:	4083      	lsls	r3, r0
100082d6:	4640      	mov	r0, r8
100082d8:	4318      	orrs	r0, r3
100082da:	4680      	mov	r8, r0
100082dc:	00d3      	lsls	r3, r2, #3
100082de:	19db      	adds	r3, r3, r7
100082e0:	689a      	ldr	r2, [r3, #8]
100082e2:	6078      	str	r0, [r7, #4]
100082e4:	60e3      	str	r3, [r4, #12]
100082e6:	60a2      	str	r2, [r4, #8]
100082e8:	609c      	str	r4, [r3, #8]
100082ea:	60d4      	str	r4, [r2, #12]
100082ec:	2001      	movs	r0, #1
100082ee:	108b      	asrs	r3, r1, #2
100082f0:	4098      	lsls	r0, r3
100082f2:	4540      	cmp	r0, r8
100082f4:	d862      	bhi.n	100083bc <_malloc_r+0x1ec>
100082f6:	4643      	mov	r3, r8
100082f8:	4203      	tst	r3, r0
100082fa:	d10a      	bne.n	10008312 <_malloc_r+0x142>
100082fc:	2303      	movs	r3, #3
100082fe:	4399      	bics	r1, r3
10008300:	4643      	mov	r3, r8
10008302:	0040      	lsls	r0, r0, #1
10008304:	3104      	adds	r1, #4
10008306:	4203      	tst	r3, r0
10008308:	d103      	bne.n	10008312 <_malloc_r+0x142>
1000830a:	0040      	lsls	r0, r0, #1
1000830c:	3104      	adds	r1, #4
1000830e:	4203      	tst	r3, r0
10008310:	d0fb      	beq.n	1000830a <_malloc_r+0x13a>
10008312:	2303      	movs	r3, #3
10008314:	46b3      	mov	fp, r6
10008316:	469c      	mov	ip, r3
10008318:	000e      	movs	r6, r1
1000831a:	46b8      	mov	r8, r7
1000831c:	9001      	str	r0, [sp, #4]
1000831e:	00f0      	lsls	r0, r6, #3
10008320:	4440      	add	r0, r8
10008322:	0001      	movs	r1, r0
10008324:	46b2      	mov	sl, r6
10008326:	68cb      	ldr	r3, [r1, #12]
10008328:	e00b      	b.n	10008342 <_malloc_r+0x172>
1000832a:	4664      	mov	r4, ip
1000832c:	685a      	ldr	r2, [r3, #4]
1000832e:	001f      	movs	r7, r3
10008330:	43a2      	bics	r2, r4
10008332:	68db      	ldr	r3, [r3, #12]
10008334:	1b54      	subs	r4, r2, r5
10008336:	2c0f      	cmp	r4, #15
10008338:	dd00      	ble.n	1000833c <_malloc_r+0x16c>
1000833a:	e139      	b.n	100085b0 <_malloc_r+0x3e0>
1000833c:	2c00      	cmp	r4, #0
1000833e:	db00      	blt.n	10008342 <_malloc_r+0x172>
10008340:	e153      	b.n	100085ea <_malloc_r+0x41a>
10008342:	4299      	cmp	r1, r3
10008344:	d1f1      	bne.n	1000832a <_malloc_r+0x15a>
10008346:	2301      	movs	r3, #1
10008348:	4699      	mov	r9, r3
1000834a:	44ca      	add	sl, r9
1000834c:	4653      	mov	r3, sl
1000834e:	3108      	adds	r1, #8
10008350:	079b      	lsls	r3, r3, #30
10008352:	d1e8      	bne.n	10008326 <_malloc_r+0x156>
10008354:	2203      	movs	r2, #3
10008356:	e005      	b.n	10008364 <_malloc_r+0x194>
10008358:	6803      	ldr	r3, [r0, #0]
1000835a:	3808      	subs	r0, #8
1000835c:	3e01      	subs	r6, #1
1000835e:	4283      	cmp	r3, r0
10008360:	d000      	beq.n	10008364 <_malloc_r+0x194>
10008362:	e213      	b.n	1000878c <_malloc_r+0x5bc>
10008364:	4232      	tst	r2, r6
10008366:	d1f7      	bne.n	10008358 <_malloc_r+0x188>
10008368:	4643      	mov	r3, r8
1000836a:	9a01      	ldr	r2, [sp, #4]
1000836c:	685b      	ldr	r3, [r3, #4]
1000836e:	4393      	bics	r3, r2
10008370:	4642      	mov	r2, r8
10008372:	6053      	str	r3, [r2, #4]
10008374:	9a01      	ldr	r2, [sp, #4]
10008376:	0052      	lsls	r2, r2, #1
10008378:	9201      	str	r2, [sp, #4]
1000837a:	429a      	cmp	r2, r3
1000837c:	d81c      	bhi.n	100083b8 <_malloc_r+0x1e8>
1000837e:	2a00      	cmp	r2, #0
10008380:	d106      	bne.n	10008390 <_malloc_r+0x1c0>
10008382:	e019      	b.n	100083b8 <_malloc_r+0x1e8>
10008384:	2204      	movs	r2, #4
10008386:	4691      	mov	r9, r2
10008388:	9a01      	ldr	r2, [sp, #4]
1000838a:	44ca      	add	sl, r9
1000838c:	0052      	lsls	r2, r2, #1
1000838e:	9201      	str	r2, [sp, #4]
10008390:	4213      	tst	r3, r2
10008392:	d0f7      	beq.n	10008384 <_malloc_r+0x1b4>
10008394:	4656      	mov	r6, sl
10008396:	e7c2      	b.n	1000831e <_malloc_r+0x14e>
10008398:	230c      	movs	r3, #12
1000839a:	6033      	str	r3, [r6, #0]
1000839c:	2000      	movs	r0, #0
1000839e:	b005      	add	sp, #20
100083a0:	bcf0      	pop	{r4, r5, r6, r7}
100083a2:	46bb      	mov	fp, r7
100083a4:	46b2      	mov	sl, r6
100083a6:	46a9      	mov	r9, r5
100083a8:	46a0      	mov	r8, r4
100083aa:	bdf0      	pop	{r4, r5, r6, r7, pc}
100083ac:	2380      	movs	r3, #128	@ 0x80
100083ae:	223f      	movs	r2, #63	@ 0x3f
100083b0:	2140      	movs	r1, #64	@ 0x40
100083b2:	4690      	mov	r8, r2
100083b4:	009b      	lsls	r3, r3, #2
100083b6:	e753      	b.n	10008260 <_malloc_r+0x90>
100083b8:	465e      	mov	r6, fp
100083ba:	4647      	mov	r7, r8
100083bc:	2203      	movs	r2, #3
100083be:	68bc      	ldr	r4, [r7, #8]
100083c0:	6863      	ldr	r3, [r4, #4]
100083c2:	4393      	bics	r3, r2
100083c4:	4698      	mov	r8, r3
100083c6:	42ab      	cmp	r3, r5
100083c8:	d303      	bcc.n	100083d2 <_malloc_r+0x202>
100083ca:	1b5b      	subs	r3, r3, r5
100083cc:	2b0f      	cmp	r3, #15
100083ce:	dd00      	ble.n	100083d2 <_malloc_r+0x202>
100083d0:	e08d      	b.n	100084ee <_malloc_r+0x31e>
100083d2:	0023      	movs	r3, r4
100083d4:	4443      	add	r3, r8
100083d6:	9302      	str	r3, [sp, #8]
100083d8:	4b53      	ldr	r3, [pc, #332]	@ (10008528 <_malloc_r+0x358>)
100083da:	2008      	movs	r0, #8
100083dc:	681b      	ldr	r3, [r3, #0]
100083de:	3310      	adds	r3, #16
100083e0:	195b      	adds	r3, r3, r5
100083e2:	9301      	str	r3, [sp, #4]
100083e4:	f000 fa06 	bl	100087f4 <sysconf>
100083e8:	4950      	ldr	r1, [pc, #320]	@ (1000852c <_malloc_r+0x35c>)
100083ea:	9003      	str	r0, [sp, #12]
100083ec:	680b      	ldr	r3, [r1, #0]
100083ee:	468a      	mov	sl, r1
100083f0:	3301      	adds	r3, #1
100083f2:	d006      	beq.n	10008402 <_malloc_r+0x232>
100083f4:	4684      	mov	ip, r0
100083f6:	9b01      	ldr	r3, [sp, #4]
100083f8:	4242      	negs	r2, r0
100083fa:	3b01      	subs	r3, #1
100083fc:	4463      	add	r3, ip
100083fe:	4013      	ands	r3, r2
10008400:	9301      	str	r3, [sp, #4]
10008402:	0030      	movs	r0, r6
10008404:	9901      	ldr	r1, [sp, #4]
10008406:	f000 f9d9 	bl	100087bc <_sbrk_r>
1000840a:	0003      	movs	r3, r0
1000840c:	4681      	mov	r9, r0
1000840e:	3301      	adds	r3, #1
10008410:	d100      	bne.n	10008414 <_malloc_r+0x244>
10008412:	e11c      	b.n	1000864e <_malloc_r+0x47e>
10008414:	9b02      	ldr	r3, [sp, #8]
10008416:	4283      	cmp	r3, r0
10008418:	d900      	bls.n	1000841c <_malloc_r+0x24c>
1000841a:	e116      	b.n	1000864a <_malloc_r+0x47a>
1000841c:	4b44      	ldr	r3, [pc, #272]	@ (10008530 <_malloc_r+0x360>)
1000841e:	9802      	ldr	r0, [sp, #8]
10008420:	469b      	mov	fp, r3
10008422:	681a      	ldr	r2, [r3, #0]
10008424:	9b01      	ldr	r3, [sp, #4]
10008426:	4659      	mov	r1, fp
10008428:	469c      	mov	ip, r3
1000842a:	4462      	add	r2, ip
1000842c:	600a      	str	r2, [r1, #0]
1000842e:	9903      	ldr	r1, [sp, #12]
10008430:	3901      	subs	r1, #1
10008432:	4548      	cmp	r0, r9
10008434:	d100      	bne.n	10008438 <_malloc_r+0x268>
10008436:	e157      	b.n	100086e8 <_malloc_r+0x518>
10008438:	4653      	mov	r3, sl
1000843a:	681b      	ldr	r3, [r3, #0]
1000843c:	3301      	adds	r3, #1
1000843e:	d100      	bne.n	10008442 <_malloc_r+0x272>
10008440:	e15e      	b.n	10008700 <_malloc_r+0x530>
10008442:	464b      	mov	r3, r9
10008444:	9802      	ldr	r0, [sp, #8]
10008446:	1a1b      	subs	r3, r3, r0
10008448:	189b      	adds	r3, r3, r2
1000844a:	465a      	mov	r2, fp
1000844c:	6013      	str	r3, [r2, #0]
1000844e:	2307      	movs	r3, #7
10008450:	464a      	mov	r2, r9
10008452:	4648      	mov	r0, r9
10008454:	401a      	ands	r2, r3
10008456:	9202      	str	r2, [sp, #8]
10008458:	4218      	tst	r0, r3
1000845a:	d100      	bne.n	1000845e <_malloc_r+0x28e>
1000845c:	e115      	b.n	1000868a <_malloc_r+0x4ba>
1000845e:	9803      	ldr	r0, [sp, #12]
10008460:	3301      	adds	r3, #1
10008462:	4684      	mov	ip, r0
10008464:	1a9b      	subs	r3, r3, r2
10008466:	9a01      	ldr	r2, [sp, #4]
10008468:	4499      	add	r9, r3
1000846a:	444a      	add	r2, r9
1000846c:	9201      	str	r2, [sp, #4]
1000846e:	4463      	add	r3, ip
10008470:	400a      	ands	r2, r1
10008472:	1a9b      	subs	r3, r3, r2
10008474:	4019      	ands	r1, r3
10008476:	0030      	movs	r0, r6
10008478:	468a      	mov	sl, r1
1000847a:	f000 f99f 	bl	100087bc <_sbrk_r>
1000847e:	1c43      	adds	r3, r0, #1
10008480:	d100      	bne.n	10008484 <_malloc_r+0x2b4>
10008482:	e158      	b.n	10008736 <_malloc_r+0x566>
10008484:	464b      	mov	r3, r9
10008486:	1ac0      	subs	r0, r0, r3
10008488:	0003      	movs	r3, r0
1000848a:	4453      	add	r3, sl
1000848c:	9301      	str	r3, [sp, #4]
1000848e:	465b      	mov	r3, fp
10008490:	681a      	ldr	r2, [r3, #0]
10008492:	2001      	movs	r0, #1
10008494:	4452      	add	r2, sl
10008496:	601a      	str	r2, [r3, #0]
10008498:	464b      	mov	r3, r9
1000849a:	4649      	mov	r1, r9
1000849c:	60bb      	str	r3, [r7, #8]
1000849e:	9b01      	ldr	r3, [sp, #4]
100084a0:	4303      	orrs	r3, r0
100084a2:	604b      	str	r3, [r1, #4]
100084a4:	42bc      	cmp	r4, r7
100084a6:	d013      	beq.n	100084d0 <_malloc_r+0x300>
100084a8:	4643      	mov	r3, r8
100084aa:	2b0f      	cmp	r3, #15
100084ac:	d800      	bhi.n	100084b0 <_malloc_r+0x2e0>
100084ae:	e12b      	b.n	10008708 <_malloc_r+0x538>
100084b0:	2107      	movs	r1, #7
100084b2:	3b0c      	subs	r3, #12
100084b4:	438b      	bics	r3, r1
100084b6:	6861      	ldr	r1, [r4, #4]
100084b8:	4001      	ands	r1, r0
100084ba:	2005      	movs	r0, #5
100084bc:	4319      	orrs	r1, r3
100084be:	6061      	str	r1, [r4, #4]
100084c0:	18e1      	adds	r1, r4, r3
100084c2:	6048      	str	r0, [r1, #4]
100084c4:	6088      	str	r0, [r1, #8]
100084c6:	2b0f      	cmp	r3, #15
100084c8:	d900      	bls.n	100084cc <_malloc_r+0x2fc>
100084ca:	e13f      	b.n	1000874c <_malloc_r+0x57c>
100084cc:	464b      	mov	r3, r9
100084ce:	685b      	ldr	r3, [r3, #4]
100084d0:	4918      	ldr	r1, [pc, #96]	@ (10008534 <_malloc_r+0x364>)
100084d2:	6808      	ldr	r0, [r1, #0]
100084d4:	4290      	cmp	r0, r2
100084d6:	d200      	bcs.n	100084da <_malloc_r+0x30a>
100084d8:	600a      	str	r2, [r1, #0]
100084da:	4917      	ldr	r1, [pc, #92]	@ (10008538 <_malloc_r+0x368>)
100084dc:	6808      	ldr	r0, [r1, #0]
100084de:	4290      	cmp	r0, r2
100084e0:	d200      	bcs.n	100084e4 <_malloc_r+0x314>
100084e2:	600a      	str	r2, [r1, #0]
100084e4:	464c      	mov	r4, r9
100084e6:	e0b4      	b.n	10008652 <_malloc_r+0x482>
100084e8:	687b      	ldr	r3, [r7, #4]
100084ea:	4698      	mov	r8, r3
100084ec:	e6fe      	b.n	100082ec <_malloc_r+0x11c>
100084ee:	2201      	movs	r2, #1
100084f0:	0029      	movs	r1, r5
100084f2:	4313      	orrs	r3, r2
100084f4:	4311      	orrs	r1, r2
100084f6:	1965      	adds	r5, r4, r5
100084f8:	6061      	str	r1, [r4, #4]
100084fa:	0030      	movs	r0, r6
100084fc:	60bd      	str	r5, [r7, #8]
100084fe:	606b      	str	r3, [r5, #4]
10008500:	f000 f954 	bl	100087ac <__malloc_unlock>
10008504:	0020      	movs	r0, r4
10008506:	3008      	adds	r0, #8
10008508:	e749      	b.n	1000839e <_malloc_r+0x1ce>
1000850a:	68a2      	ldr	r2, [r4, #8]
1000850c:	60d0      	str	r0, [r2, #12]
1000850e:	6082      	str	r2, [r0, #8]
10008510:	e681      	b.n	10008216 <_malloc_r+0x46>
10008512:	4661      	mov	r1, ip
10008514:	e6c3      	b.n	1000829e <_malloc_r+0xce>
10008516:	68dc      	ldr	r4, [r3, #12]
10008518:	3102      	adds	r1, #2
1000851a:	42a3      	cmp	r3, r4
1000851c:	d100      	bne.n	10008520 <_malloc_r+0x350>
1000851e:	e6be      	b.n	1000829e <_malloc_r+0xce>
10008520:	e672      	b.n	10008208 <_malloc_r+0x38>
10008522:	46c0      	nop			@ (mov r8, r8)
10008524:	20003378 	.word	0x20003378
10008528:	20003ce4 	.word	0x20003ce4
1000852c:	2000336c 	.word	0x2000336c
10008530:	20003cb4 	.word	0x20003cb4
10008534:	20003cdc 	.word	0x20003cdc
10008538:	20003ce0 	.word	0x20003ce0
1000853c:	0a5a      	lsrs	r2, r3, #9
1000853e:	2a04      	cmp	r2, #4
10008540:	d97c      	bls.n	1000863c <_malloc_r+0x46c>
10008542:	2a14      	cmp	r2, #20
10008544:	d900      	bls.n	10008548 <_malloc_r+0x378>
10008546:	e0b0      	b.n	100086aa <_malloc_r+0x4da>
10008548:	0010      	movs	r0, r2
1000854a:	305b      	adds	r0, #91	@ 0x5b
1000854c:	4682      	mov	sl, r0
1000854e:	325c      	adds	r2, #92	@ 0x5c
10008550:	00d2      	lsls	r2, r2, #3
10008552:	2008      	movs	r0, #8
10008554:	4240      	negs	r0, r0
10008556:	4684      	mov	ip, r0
10008558:	18ba      	adds	r2, r7, r2
1000855a:	4494      	add	ip, r2
1000855c:	4662      	mov	r2, ip
1000855e:	6892      	ldr	r2, [r2, #8]
10008560:	300b      	adds	r0, #11
10008562:	4681      	mov	r9, r0
10008564:	4594      	cmp	ip, r2
10008566:	d100      	bne.n	1000856a <_malloc_r+0x39a>
10008568:	e086      	b.n	10008678 <_malloc_r+0x4a8>
1000856a:	0008      	movs	r0, r1
1000856c:	46a2      	mov	sl, r4
1000856e:	4661      	mov	r1, ip
10008570:	4684      	mov	ip, r0
10008572:	e002      	b.n	1000857a <_malloc_r+0x3aa>
10008574:	6892      	ldr	r2, [r2, #8]
10008576:	4291      	cmp	r1, r2
10008578:	d004      	beq.n	10008584 <_malloc_r+0x3b4>
1000857a:	464c      	mov	r4, r9
1000857c:	6850      	ldr	r0, [r2, #4]
1000857e:	43a0      	bics	r0, r4
10008580:	4298      	cmp	r0, r3
10008582:	d8f7      	bhi.n	10008574 <_malloc_r+0x3a4>
10008584:	68d3      	ldr	r3, [r2, #12]
10008586:	4661      	mov	r1, ip
10008588:	4654      	mov	r4, sl
1000858a:	469c      	mov	ip, r3
1000858c:	4663      	mov	r3, ip
1000858e:	60a2      	str	r2, [r4, #8]
10008590:	60e3      	str	r3, [r4, #12]
10008592:	609c      	str	r4, [r3, #8]
10008594:	60d4      	str	r4, [r2, #12]
10008596:	e6a9      	b.n	100082ec <_malloc_r+0x11c>
10008598:	2914      	cmp	r1, #20
1000859a:	d967      	bls.n	1000866c <_malloc_r+0x49c>
1000859c:	2954      	cmp	r1, #84	@ 0x54
1000859e:	d900      	bls.n	100085a2 <_malloc_r+0x3d2>
100085a0:	e08c      	b.n	100086bc <_malloc_r+0x4ec>
100085a2:	236e      	movs	r3, #110	@ 0x6e
100085a4:	4698      	mov	r8, r3
100085a6:	0b29      	lsrs	r1, r5, #12
100085a8:	4488      	add	r8, r1
100085aa:	316f      	adds	r1, #111	@ 0x6f
100085ac:	00cb      	lsls	r3, r1, #3
100085ae:	e657      	b.n	10008260 <_malloc_r+0x90>
100085b0:	46ba      	mov	sl, r7
100085b2:	2001      	movs	r0, #1
100085b4:	4651      	mov	r1, sl
100085b6:	4684      	mov	ip, r0
100085b8:	1949      	adds	r1, r1, r5
100085ba:	4305      	orrs	r5, r0
100085bc:	4650      	mov	r0, sl
100085be:	6045      	str	r5, [r0, #4]
100085c0:	6885      	ldr	r5, [r0, #8]
100085c2:	4647      	mov	r7, r8
100085c4:	4660      	mov	r0, ip
100085c6:	60eb      	str	r3, [r5, #12]
100085c8:	465e      	mov	r6, fp
100085ca:	609d      	str	r5, [r3, #8]
100085cc:	4653      	mov	r3, sl
100085ce:	6139      	str	r1, [r7, #16]
100085d0:	6179      	str	r1, [r7, #20]
100085d2:	4320      	orrs	r0, r4
100085d4:	3708      	adds	r7, #8
100085d6:	6048      	str	r0, [r1, #4]
100085d8:	60cf      	str	r7, [r1, #12]
100085da:	0030      	movs	r0, r6
100085dc:	608f      	str	r7, [r1, #8]
100085de:	509c      	str	r4, [r3, r2]
100085e0:	f000 f8e4 	bl	100087ac <__malloc_unlock>
100085e4:	4650      	mov	r0, sl
100085e6:	3008      	adds	r0, #8
100085e8:	e6d9      	b.n	1000839e <_malloc_r+0x1ce>
100085ea:	46ba      	mov	sl, r7
100085ec:	2001      	movs	r0, #1
100085ee:	465e      	mov	r6, fp
100085f0:	4452      	add	r2, sl
100085f2:	6851      	ldr	r1, [r2, #4]
100085f4:	4301      	orrs	r1, r0
100085f6:	6051      	str	r1, [r2, #4]
100085f8:	68ba      	ldr	r2, [r7, #8]
100085fa:	0030      	movs	r0, r6
100085fc:	60d3      	str	r3, [r2, #12]
100085fe:	609a      	str	r2, [r3, #8]
10008600:	f000 f8d4 	bl	100087ac <__malloc_unlock>
10008604:	0038      	movs	r0, r7
10008606:	3008      	adds	r0, #8
10008608:	e6c9      	b.n	1000839e <_malloc_r+0x1ce>
1000860a:	002b      	movs	r3, r5
1000860c:	08e9      	lsrs	r1, r5, #3
1000860e:	3308      	adds	r3, #8
10008610:	e5f2      	b.n	100081f8 <_malloc_r+0x28>
10008612:	1961      	adds	r1, r4, r5
10008614:	4688      	mov	r8, r1
10008616:	2101      	movs	r1, #1
10008618:	468c      	mov	ip, r1
1000861a:	430d      	orrs	r5, r1
1000861c:	4641      	mov	r1, r8
1000861e:	6065      	str	r5, [r4, #4]
10008620:	6139      	str	r1, [r7, #16]
10008622:	6179      	str	r1, [r7, #20]
10008624:	60ca      	str	r2, [r1, #12]
10008626:	608a      	str	r2, [r1, #8]
10008628:	4662      	mov	r2, ip
1000862a:	4302      	orrs	r2, r0
1000862c:	604a      	str	r2, [r1, #4]
1000862e:	50e0      	str	r0, [r4, r3]
10008630:	0030      	movs	r0, r6
10008632:	f000 f8bb 	bl	100087ac <__malloc_unlock>
10008636:	0020      	movs	r0, r4
10008638:	3008      	adds	r0, #8
1000863a:	e6b0      	b.n	1000839e <_malloc_r+0x1ce>
1000863c:	099a      	lsrs	r2, r3, #6
1000863e:	0010      	movs	r0, r2
10008640:	3239      	adds	r2, #57	@ 0x39
10008642:	3038      	adds	r0, #56	@ 0x38
10008644:	4682      	mov	sl, r0
10008646:	00d2      	lsls	r2, r2, #3
10008648:	e783      	b.n	10008552 <_malloc_r+0x382>
1000864a:	42bc      	cmp	r4, r7
1000864c:	d041      	beq.n	100086d2 <_malloc_r+0x502>
1000864e:	68bc      	ldr	r4, [r7, #8]
10008650:	6863      	ldr	r3, [r4, #4]
10008652:	2203      	movs	r2, #3
10008654:	4393      	bics	r3, r2
10008656:	001a      	movs	r2, r3
10008658:	1b5b      	subs	r3, r3, r5
1000865a:	42aa      	cmp	r2, r5
1000865c:	d302      	bcc.n	10008664 <_malloc_r+0x494>
1000865e:	2b0f      	cmp	r3, #15
10008660:	dd00      	ble.n	10008664 <_malloc_r+0x494>
10008662:	e744      	b.n	100084ee <_malloc_r+0x31e>
10008664:	0030      	movs	r0, r6
10008666:	f000 f8a1 	bl	100087ac <__malloc_unlock>
1000866a:	e697      	b.n	1000839c <_malloc_r+0x1cc>
1000866c:	235b      	movs	r3, #91	@ 0x5b
1000866e:	4698      	mov	r8, r3
10008670:	4488      	add	r8, r1
10008672:	315c      	adds	r1, #92	@ 0x5c
10008674:	00cb      	lsls	r3, r1, #3
10008676:	e5f3      	b.n	10008260 <_malloc_r+0x90>
10008678:	4653      	mov	r3, sl
1000867a:	1098      	asrs	r0, r3, #2
1000867c:	2301      	movs	r3, #1
1000867e:	4083      	lsls	r3, r0
10008680:	4640      	mov	r0, r8
10008682:	4318      	orrs	r0, r3
10008684:	4680      	mov	r8, r0
10008686:	6078      	str	r0, [r7, #4]
10008688:	e780      	b.n	1000858c <_malloc_r+0x3bc>
1000868a:	9b01      	ldr	r3, [sp, #4]
1000868c:	9a03      	ldr	r2, [sp, #12]
1000868e:	444b      	add	r3, r9
10008690:	400b      	ands	r3, r1
10008692:	1ad3      	subs	r3, r2, r3
10008694:	4019      	ands	r1, r3
10008696:	0030      	movs	r0, r6
10008698:	468a      	mov	sl, r1
1000869a:	f000 f88f 	bl	100087bc <_sbrk_r>
1000869e:	1c43      	adds	r3, r0, #1
100086a0:	d000      	beq.n	100086a4 <_malloc_r+0x4d4>
100086a2:	e6ef      	b.n	10008484 <_malloc_r+0x2b4>
100086a4:	2300      	movs	r3, #0
100086a6:	469a      	mov	sl, r3
100086a8:	e6f1      	b.n	1000848e <_malloc_r+0x2be>
100086aa:	2a54      	cmp	r2, #84	@ 0x54
100086ac:	d82e      	bhi.n	1000870c <_malloc_r+0x53c>
100086ae:	0b1a      	lsrs	r2, r3, #12
100086b0:	0010      	movs	r0, r2
100086b2:	326f      	adds	r2, #111	@ 0x6f
100086b4:	306e      	adds	r0, #110	@ 0x6e
100086b6:	4682      	mov	sl, r0
100086b8:	00d2      	lsls	r2, r2, #3
100086ba:	e74a      	b.n	10008552 <_malloc_r+0x382>
100086bc:	23aa      	movs	r3, #170	@ 0xaa
100086be:	005b      	lsls	r3, r3, #1
100086c0:	4299      	cmp	r1, r3
100086c2:	d82e      	bhi.n	10008722 <_malloc_r+0x552>
100086c4:	3bdd      	subs	r3, #221	@ 0xdd
100086c6:	4698      	mov	r8, r3
100086c8:	0be9      	lsrs	r1, r5, #15
100086ca:	4488      	add	r8, r1
100086cc:	3178      	adds	r1, #120	@ 0x78
100086ce:	00cb      	lsls	r3, r1, #3
100086d0:	e5c6      	b.n	10008260 <_malloc_r+0x90>
100086d2:	4b30      	ldr	r3, [pc, #192]	@ (10008794 <_malloc_r+0x5c4>)
100086d4:	469b      	mov	fp, r3
100086d6:	681a      	ldr	r2, [r3, #0]
100086d8:	9b01      	ldr	r3, [sp, #4]
100086da:	469c      	mov	ip, r3
100086dc:	465b      	mov	r3, fp
100086de:	4462      	add	r2, ip
100086e0:	601a      	str	r2, [r3, #0]
100086e2:	9b03      	ldr	r3, [sp, #12]
100086e4:	1e59      	subs	r1, r3, #1
100086e6:	e6a7      	b.n	10008438 <_malloc_r+0x268>
100086e8:	4648      	mov	r0, r9
100086ea:	4208      	tst	r0, r1
100086ec:	d000      	beq.n	100086f0 <_malloc_r+0x520>
100086ee:	e6a3      	b.n	10008438 <_malloc_r+0x268>
100086f0:	68b9      	ldr	r1, [r7, #8]
100086f2:	4443      	add	r3, r8
100086f4:	4689      	mov	r9, r1
100086f6:	2101      	movs	r1, #1
100086f8:	430b      	orrs	r3, r1
100086fa:	4649      	mov	r1, r9
100086fc:	604b      	str	r3, [r1, #4]
100086fe:	e6e7      	b.n	100084d0 <_malloc_r+0x300>
10008700:	4653      	mov	r3, sl
10008702:	464a      	mov	r2, r9
10008704:	601a      	str	r2, [r3, #0]
10008706:	e6a2      	b.n	1000844e <_malloc_r+0x27e>
10008708:	6048      	str	r0, [r1, #4]
1000870a:	e7ab      	b.n	10008664 <_malloc_r+0x494>
1000870c:	20aa      	movs	r0, #170	@ 0xaa
1000870e:	0040      	lsls	r0, r0, #1
10008710:	4282      	cmp	r2, r0
10008712:	d826      	bhi.n	10008762 <_malloc_r+0x592>
10008714:	0bda      	lsrs	r2, r3, #15
10008716:	0010      	movs	r0, r2
10008718:	3278      	adds	r2, #120	@ 0x78
1000871a:	3077      	adds	r0, #119	@ 0x77
1000871c:	4682      	mov	sl, r0
1000871e:	00d2      	lsls	r2, r2, #3
10008720:	e717      	b.n	10008552 <_malloc_r+0x382>
10008722:	4b1d      	ldr	r3, [pc, #116]	@ (10008798 <_malloc_r+0x5c8>)
10008724:	4299      	cmp	r1, r3
10008726:	d826      	bhi.n	10008776 <_malloc_r+0x5a6>
10008728:	237c      	movs	r3, #124	@ 0x7c
1000872a:	4698      	mov	r8, r3
1000872c:	0ca9      	lsrs	r1, r5, #18
1000872e:	4488      	add	r8, r1
10008730:	317d      	adds	r1, #125	@ 0x7d
10008732:	00cb      	lsls	r3, r1, #3
10008734:	e594      	b.n	10008260 <_malloc_r+0x90>
10008736:	9a01      	ldr	r2, [sp, #4]
10008738:	9b02      	ldr	r3, [sp, #8]
1000873a:	4694      	mov	ip, r2
1000873c:	464a      	mov	r2, r9
1000873e:	3b08      	subs	r3, #8
10008740:	4463      	add	r3, ip
10008742:	1a9b      	subs	r3, r3, r2
10008744:	9301      	str	r3, [sp, #4]
10008746:	2300      	movs	r3, #0
10008748:	469a      	mov	sl, r3
1000874a:	e6a0      	b.n	1000848e <_malloc_r+0x2be>
1000874c:	0021      	movs	r1, r4
1000874e:	0030      	movs	r0, r6
10008750:	3108      	adds	r1, #8
10008752:	f000 f8e5 	bl	10008920 <_free_r>
10008756:	465b      	mov	r3, fp
10008758:	681a      	ldr	r2, [r3, #0]
1000875a:	68bb      	ldr	r3, [r7, #8]
1000875c:	4699      	mov	r9, r3
1000875e:	685b      	ldr	r3, [r3, #4]
10008760:	e6b6      	b.n	100084d0 <_malloc_r+0x300>
10008762:	480d      	ldr	r0, [pc, #52]	@ (10008798 <_malloc_r+0x5c8>)
10008764:	4282      	cmp	r2, r0
10008766:	d80c      	bhi.n	10008782 <_malloc_r+0x5b2>
10008768:	0c9a      	lsrs	r2, r3, #18
1000876a:	0010      	movs	r0, r2
1000876c:	327d      	adds	r2, #125	@ 0x7d
1000876e:	307c      	adds	r0, #124	@ 0x7c
10008770:	4682      	mov	sl, r0
10008772:	00d2      	lsls	r2, r2, #3
10008774:	e6ed      	b.n	10008552 <_malloc_r+0x382>
10008776:	23fe      	movs	r3, #254	@ 0xfe
10008778:	227e      	movs	r2, #126	@ 0x7e
1000877a:	217f      	movs	r1, #127	@ 0x7f
1000877c:	4690      	mov	r8, r2
1000877e:	009b      	lsls	r3, r3, #2
10008780:	e56e      	b.n	10008260 <_malloc_r+0x90>
10008782:	22fe      	movs	r2, #254	@ 0xfe
10008784:	207e      	movs	r0, #126	@ 0x7e
10008786:	0092      	lsls	r2, r2, #2
10008788:	4682      	mov	sl, r0
1000878a:	e6e2      	b.n	10008552 <_malloc_r+0x382>
1000878c:	4643      	mov	r3, r8
1000878e:	685b      	ldr	r3, [r3, #4]
10008790:	e5f0      	b.n	10008374 <_malloc_r+0x1a4>
10008792:	46c0      	nop			@ (mov r8, r8)
10008794:	20003cb4 	.word	0x20003cb4
10008798:	00000554 	.word	0x00000554

1000879c <__malloc_lock>:
1000879c:	b510      	push	{r4, lr}
1000879e:	4802      	ldr	r0, [pc, #8]	@ (100087a8 <__malloc_lock+0xc>)
100087a0:	f000 f824 	bl	100087ec <__retarget_lock_acquire_recursive>
100087a4:	bd10      	pop	{r4, pc}
100087a6:	46c0      	nop			@ (mov r8, r8)
100087a8:	20003cb0 	.word	0x20003cb0

100087ac <__malloc_unlock>:
100087ac:	b510      	push	{r4, lr}
100087ae:	4802      	ldr	r0, [pc, #8]	@ (100087b8 <__malloc_unlock+0xc>)
100087b0:	f000 f81e 	bl	100087f0 <__retarget_lock_release_recursive>
100087b4:	bd10      	pop	{r4, pc}
100087b6:	46c0      	nop			@ (mov r8, r8)
100087b8:	20003cb0 	.word	0x20003cb0

100087bc <_sbrk_r>:
100087bc:	2300      	movs	r3, #0
100087be:	b570      	push	{r4, r5, r6, lr}
100087c0:	4c06      	ldr	r4, [pc, #24]	@ (100087dc <_sbrk_r+0x20>)
100087c2:	0005      	movs	r5, r0
100087c4:	0008      	movs	r0, r1
100087c6:	6023      	str	r3, [r4, #0]
100087c8:	f7fb ffea 	bl	100047a0 <_sbrk>
100087cc:	1c43      	adds	r3, r0, #1
100087ce:	d000      	beq.n	100087d2 <_sbrk_r+0x16>
100087d0:	bd70      	pop	{r4, r5, r6, pc}
100087d2:	6823      	ldr	r3, [r4, #0]
100087d4:	2b00      	cmp	r3, #0
100087d6:	d0fb      	beq.n	100087d0 <_sbrk_r+0x14>
100087d8:	602b      	str	r3, [r5, #0]
100087da:	e7f9      	b.n	100087d0 <_sbrk_r+0x14>
100087dc:	20004484 	.word	0x20004484

100087e0 <__errno>:
100087e0:	4b01      	ldr	r3, [pc, #4]	@ (100087e8 <__errno+0x8>)
100087e2:	6818      	ldr	r0, [r3, #0]
100087e4:	4770      	bx	lr
100087e6:	46c0      	nop			@ (mov r8, r8)
100087e8:	20003780 	.word	0x20003780

100087ec <__retarget_lock_acquire_recursive>:
100087ec:	4770      	bx	lr
100087ee:	46c0      	nop			@ (mov r8, r8)

100087f0 <__retarget_lock_release_recursive>:
100087f0:	4770      	bx	lr
100087f2:	46c0      	nop			@ (mov r8, r8)

100087f4 <sysconf>:
100087f4:	2380      	movs	r3, #128	@ 0x80
100087f6:	b510      	push	{r4, lr}
100087f8:	015b      	lsls	r3, r3, #5
100087fa:	2808      	cmp	r0, #8
100087fc:	d101      	bne.n	10008802 <sysconf+0xe>
100087fe:	0018      	movs	r0, r3
10008800:	bd10      	pop	{r4, pc}
10008802:	f7ff ffed 	bl	100087e0 <__errno>
10008806:	2316      	movs	r3, #22
10008808:	6003      	str	r3, [r0, #0]
1000880a:	3b17      	subs	r3, #23
1000880c:	e7f7      	b.n	100087fe <sysconf+0xa>
1000880e:	46c0      	nop			@ (mov r8, r8)

10008810 <strlen>:
10008810:	b510      	push	{r4, lr}
10008812:	0783      	lsls	r3, r0, #30
10008814:	d00a      	beq.n	1000882c <strlen+0x1c>
10008816:	0003      	movs	r3, r0
10008818:	2103      	movs	r1, #3
1000881a:	e002      	b.n	10008822 <strlen+0x12>
1000881c:	3301      	adds	r3, #1
1000881e:	420b      	tst	r3, r1
10008820:	d005      	beq.n	1000882e <strlen+0x1e>
10008822:	781a      	ldrb	r2, [r3, #0]
10008824:	2a00      	cmp	r2, #0
10008826:	d1f9      	bne.n	1000881c <strlen+0xc>
10008828:	1a18      	subs	r0, r3, r0
1000882a:	bd10      	pop	{r4, pc}
1000882c:	0003      	movs	r3, r0
1000882e:	6819      	ldr	r1, [r3, #0]
10008830:	4a0c      	ldr	r2, [pc, #48]	@ (10008864 <strlen+0x54>)
10008832:	4c0d      	ldr	r4, [pc, #52]	@ (10008868 <strlen+0x58>)
10008834:	188a      	adds	r2, r1, r2
10008836:	438a      	bics	r2, r1
10008838:	4222      	tst	r2, r4
1000883a:	d10f      	bne.n	1000885c <strlen+0x4c>
1000883c:	6859      	ldr	r1, [r3, #4]
1000883e:	4a09      	ldr	r2, [pc, #36]	@ (10008864 <strlen+0x54>)
10008840:	3304      	adds	r3, #4
10008842:	188a      	adds	r2, r1, r2
10008844:	438a      	bics	r2, r1
10008846:	4222      	tst	r2, r4
10008848:	d108      	bne.n	1000885c <strlen+0x4c>
1000884a:	6859      	ldr	r1, [r3, #4]
1000884c:	4a05      	ldr	r2, [pc, #20]	@ (10008864 <strlen+0x54>)
1000884e:	3304      	adds	r3, #4
10008850:	188a      	adds	r2, r1, r2
10008852:	438a      	bics	r2, r1
10008854:	4222      	tst	r2, r4
10008856:	d0f1      	beq.n	1000883c <strlen+0x2c>
10008858:	e000      	b.n	1000885c <strlen+0x4c>
1000885a:	3301      	adds	r3, #1
1000885c:	781a      	ldrb	r2, [r3, #0]
1000885e:	2a00      	cmp	r2, #0
10008860:	d1fb      	bne.n	1000885a <strlen+0x4a>
10008862:	e7e1      	b.n	10008828 <strlen+0x18>
10008864:	fefefeff 	.word	0xfefefeff
10008868:	80808080 	.word	0x80808080

1000886c <_malloc_trim_r>:
1000886c:	b5f0      	push	{r4, r5, r6, r7, lr}
1000886e:	46c6      	mov	lr, r8
10008870:	0006      	movs	r6, r0
10008872:	b500      	push	{lr}
10008874:	2008      	movs	r0, #8
10008876:	000d      	movs	r5, r1
10008878:	f7ff ffbc 	bl	100087f4 <sysconf>
1000887c:	0004      	movs	r4, r0
1000887e:	0030      	movs	r0, r6
10008880:	f7ff ff8c 	bl	1000879c <__malloc_lock>
10008884:	4b23      	ldr	r3, [pc, #140]	@ (10008914 <_malloc_trim_r+0xa8>)
10008886:	0021      	movs	r1, r4
10008888:	4698      	mov	r8, r3
1000888a:	689b      	ldr	r3, [r3, #8]
1000888c:	685f      	ldr	r7, [r3, #4]
1000888e:	2303      	movs	r3, #3
10008890:	439f      	bics	r7, r3
10008892:	0038      	movs	r0, r7
10008894:	3811      	subs	r0, #17
10008896:	1b40      	subs	r0, r0, r5
10008898:	1900      	adds	r0, r0, r4
1000889a:	f7f9 fbd9 	bl	10002050 <__wrap___aeabi_uidiv>
1000889e:	1e45      	subs	r5, r0, #1
100088a0:	4365      	muls	r5, r4
100088a2:	42ac      	cmp	r4, r5
100088a4:	dc08      	bgt.n	100088b8 <_malloc_trim_r+0x4c>
100088a6:	2100      	movs	r1, #0
100088a8:	0030      	movs	r0, r6
100088aa:	f7ff ff87 	bl	100087bc <_sbrk_r>
100088ae:	4643      	mov	r3, r8
100088b0:	689b      	ldr	r3, [r3, #8]
100088b2:	19db      	adds	r3, r3, r7
100088b4:	4298      	cmp	r0, r3
100088b6:	d006      	beq.n	100088c6 <_malloc_trim_r+0x5a>
100088b8:	0030      	movs	r0, r6
100088ba:	f7ff ff77 	bl	100087ac <__malloc_unlock>
100088be:	2000      	movs	r0, #0
100088c0:	bc80      	pop	{r7}
100088c2:	46b8      	mov	r8, r7
100088c4:	bdf0      	pop	{r4, r5, r6, r7, pc}
100088c6:	0030      	movs	r0, r6
100088c8:	4269      	negs	r1, r5
100088ca:	f7ff ff77 	bl	100087bc <_sbrk_r>
100088ce:	3001      	adds	r0, #1
100088d0:	d00e      	beq.n	100088f0 <_malloc_trim_r+0x84>
100088d2:	2201      	movs	r2, #1
100088d4:	4643      	mov	r3, r8
100088d6:	1b7f      	subs	r7, r7, r5
100088d8:	689b      	ldr	r3, [r3, #8]
100088da:	4317      	orrs	r7, r2
100088dc:	4a0e      	ldr	r2, [pc, #56]	@ (10008918 <_malloc_trim_r+0xac>)
100088de:	605f      	str	r7, [r3, #4]
100088e0:	6813      	ldr	r3, [r2, #0]
100088e2:	0030      	movs	r0, r6
100088e4:	1b5b      	subs	r3, r3, r5
100088e6:	6013      	str	r3, [r2, #0]
100088e8:	f7ff ff60 	bl	100087ac <__malloc_unlock>
100088ec:	2001      	movs	r0, #1
100088ee:	e7e7      	b.n	100088c0 <_malloc_trim_r+0x54>
100088f0:	2100      	movs	r1, #0
100088f2:	0030      	movs	r0, r6
100088f4:	f7ff ff62 	bl	100087bc <_sbrk_r>
100088f8:	4643      	mov	r3, r8
100088fa:	689a      	ldr	r2, [r3, #8]
100088fc:	1a83      	subs	r3, r0, r2
100088fe:	2b0f      	cmp	r3, #15
10008900:	ddda      	ble.n	100088b8 <_malloc_trim_r+0x4c>
10008902:	4c06      	ldr	r4, [pc, #24]	@ (1000891c <_malloc_trim_r+0xb0>)
10008904:	4904      	ldr	r1, [pc, #16]	@ (10008918 <_malloc_trim_r+0xac>)
10008906:	6824      	ldr	r4, [r4, #0]
10008908:	1b00      	subs	r0, r0, r4
1000890a:	6008      	str	r0, [r1, #0]
1000890c:	2101      	movs	r1, #1
1000890e:	430b      	orrs	r3, r1
10008910:	6053      	str	r3, [r2, #4]
10008912:	e7d1      	b.n	100088b8 <_malloc_trim_r+0x4c>
10008914:	20003378 	.word	0x20003378
10008918:	20003cb4 	.word	0x20003cb4
1000891c:	2000336c 	.word	0x2000336c

10008920 <_free_r>:
10008920:	b5f0      	push	{r4, r5, r6, r7, lr}
10008922:	46d6      	mov	lr, sl
10008924:	464f      	mov	r7, r9
10008926:	4646      	mov	r6, r8
10008928:	0005      	movs	r5, r0
1000892a:	000c      	movs	r4, r1
1000892c:	b5c0      	push	{r6, r7, lr}
1000892e:	2900      	cmp	r1, #0
10008930:	d048      	beq.n	100089c4 <_free_r+0xa4>
10008932:	f7ff ff33 	bl	1000879c <__malloc_lock>
10008936:	0021      	movs	r1, r4
10008938:	2701      	movs	r7, #1
1000893a:	3908      	subs	r1, #8
1000893c:	684b      	ldr	r3, [r1, #4]
1000893e:	2003      	movs	r0, #3
10008940:	469c      	mov	ip, r3
10008942:	43bb      	bics	r3, r7
10008944:	18ce      	adds	r6, r1, r3
10008946:	6872      	ldr	r2, [r6, #4]
10008948:	4382      	bics	r2, r0
1000894a:	4660      	mov	r0, ip
1000894c:	4038      	ands	r0, r7
1000894e:	4680      	mov	r8, r0
10008950:	486a      	ldr	r0, [pc, #424]	@ (10008afc <_free_r+0x1dc>)
10008952:	4691      	mov	r9, r2
10008954:	6884      	ldr	r4, [r0, #8]
10008956:	42b4      	cmp	r4, r6
10008958:	d100      	bne.n	1000895c <_free_r+0x3c>
1000895a:	e07c      	b.n	10008a56 <_free_r+0x136>
1000895c:	6072      	str	r2, [r6, #4]
1000895e:	18b4      	adds	r4, r6, r2
10008960:	6864      	ldr	r4, [r4, #4]
10008962:	403c      	ands	r4, r7
10008964:	46a2      	mov	sl, r4
10008966:	4644      	mov	r4, r8
10008968:	2c00      	cmp	r4, #0
1000896a:	d130      	bne.n	100089ce <_free_r+0xae>
1000896c:	680c      	ldr	r4, [r1, #0]
1000896e:	46a4      	mov	ip, r4
10008970:	1b09      	subs	r1, r1, r4
10008972:	688c      	ldr	r4, [r1, #8]
10008974:	4463      	add	r3, ip
10008976:	46a4      	mov	ip, r4
10008978:	2408      	movs	r4, #8
1000897a:	46a0      	mov	r8, r4
1000897c:	4480      	add	r8, r0
1000897e:	45c4      	cmp	ip, r8
10008980:	d05c      	beq.n	10008a3c <_free_r+0x11c>
10008982:	68cc      	ldr	r4, [r1, #12]
10008984:	46a0      	mov	r8, r4
10008986:	4664      	mov	r4, ip
10008988:	4642      	mov	r2, r8
1000898a:	60e2      	str	r2, [r4, #12]
1000898c:	6094      	str	r4, [r2, #8]
1000898e:	4652      	mov	r2, sl
10008990:	2a00      	cmp	r2, #0
10008992:	d01f      	beq.n	100089d4 <_free_r+0xb4>
10008994:	431f      	orrs	r7, r3
10008996:	604f      	str	r7, [r1, #4]
10008998:	6033      	str	r3, [r6, #0]
1000899a:	2280      	movs	r2, #128	@ 0x80
1000899c:	0092      	lsls	r2, r2, #2
1000899e:	4293      	cmp	r3, r2
100089a0:	d230      	bcs.n	10008a04 <_free_r+0xe4>
100089a2:	08da      	lsrs	r2, r3, #3
100089a4:	095c      	lsrs	r4, r3, #5
100089a6:	2301      	movs	r3, #1
100089a8:	40a3      	lsls	r3, r4
100089aa:	6844      	ldr	r4, [r0, #4]
100089ac:	4323      	orrs	r3, r4
100089ae:	6043      	str	r3, [r0, #4]
100089b0:	00d3      	lsls	r3, r2, #3
100089b2:	181b      	adds	r3, r3, r0
100089b4:	689a      	ldr	r2, [r3, #8]
100089b6:	60cb      	str	r3, [r1, #12]
100089b8:	608a      	str	r2, [r1, #8]
100089ba:	6099      	str	r1, [r3, #8]
100089bc:	60d1      	str	r1, [r2, #12]
100089be:	0028      	movs	r0, r5
100089c0:	f7ff fef4 	bl	100087ac <__malloc_unlock>
100089c4:	bce0      	pop	{r5, r6, r7}
100089c6:	46ba      	mov	sl, r7
100089c8:	46b1      	mov	r9, r6
100089ca:	46a8      	mov	r8, r5
100089cc:	bdf0      	pop	{r4, r5, r6, r7, pc}
100089ce:	4652      	mov	r2, sl
100089d0:	2a00      	cmp	r2, #0
100089d2:	d10f      	bne.n	100089f4 <_free_r+0xd4>
100089d4:	2201      	movs	r2, #1
100089d6:	444b      	add	r3, r9
100089d8:	18cf      	adds	r7, r1, r3
100089da:	46bc      	mov	ip, r7
100089dc:	68b4      	ldr	r4, [r6, #8]
100089de:	4f48      	ldr	r7, [pc, #288]	@ (10008b00 <_free_r+0x1e0>)
100089e0:	431a      	orrs	r2, r3
100089e2:	42bc      	cmp	r4, r7
100089e4:	d05b      	beq.n	10008a9e <_free_r+0x17e>
100089e6:	68f6      	ldr	r6, [r6, #12]
100089e8:	60e6      	str	r6, [r4, #12]
100089ea:	60b4      	str	r4, [r6, #8]
100089ec:	604a      	str	r2, [r1, #4]
100089ee:	4662      	mov	r2, ip
100089f0:	6013      	str	r3, [r2, #0]
100089f2:	e7d2      	b.n	1000899a <_free_r+0x7a>
100089f4:	4662      	mov	r2, ip
100089f6:	433a      	orrs	r2, r7
100089f8:	604a      	str	r2, [r1, #4]
100089fa:	2280      	movs	r2, #128	@ 0x80
100089fc:	6033      	str	r3, [r6, #0]
100089fe:	0092      	lsls	r2, r2, #2
10008a00:	4293      	cmp	r3, r2
10008a02:	d3ce      	bcc.n	100089a2 <_free_r+0x82>
10008a04:	0a5c      	lsrs	r4, r3, #9
10008a06:	2c04      	cmp	r4, #4
10008a08:	d83f      	bhi.n	10008a8a <_free_r+0x16a>
10008a0a:	099c      	lsrs	r4, r3, #6
10008a0c:	0026      	movs	r6, r4
10008a0e:	3439      	adds	r4, #57	@ 0x39
10008a10:	3638      	adds	r6, #56	@ 0x38
10008a12:	00e4      	lsls	r4, r4, #3
10008a14:	1904      	adds	r4, r0, r4
10008a16:	6822      	ldr	r2, [r4, #0]
10008a18:	3c08      	subs	r4, #8
10008a1a:	2703      	movs	r7, #3
10008a1c:	4294      	cmp	r4, r2
10008a1e:	d103      	bne.n	10008a28 <_free_r+0x108>
10008a20:	e04e      	b.n	10008ac0 <_free_r+0x1a0>
10008a22:	6892      	ldr	r2, [r2, #8]
10008a24:	4294      	cmp	r4, r2
10008a26:	d003      	beq.n	10008a30 <_free_r+0x110>
10008a28:	6850      	ldr	r0, [r2, #4]
10008a2a:	43b8      	bics	r0, r7
10008a2c:	4298      	cmp	r0, r3
10008a2e:	d8f8      	bhi.n	10008a22 <_free_r+0x102>
10008a30:	68d4      	ldr	r4, [r2, #12]
10008a32:	60cc      	str	r4, [r1, #12]
10008a34:	608a      	str	r2, [r1, #8]
10008a36:	60a1      	str	r1, [r4, #8]
10008a38:	60d1      	str	r1, [r2, #12]
10008a3a:	e7c0      	b.n	100089be <_free_r+0x9e>
10008a3c:	4652      	mov	r2, sl
10008a3e:	2a00      	cmp	r2, #0
10008a40:	d135      	bne.n	10008aae <_free_r+0x18e>
10008a42:	444b      	add	r3, r9
10008a44:	001a      	movs	r2, r3
10008a46:	68b0      	ldr	r0, [r6, #8]
10008a48:	68f3      	ldr	r3, [r6, #12]
10008a4a:	4317      	orrs	r7, r2
10008a4c:	60c3      	str	r3, [r0, #12]
10008a4e:	6098      	str	r0, [r3, #8]
10008a50:	604f      	str	r7, [r1, #4]
10008a52:	508a      	str	r2, [r1, r2]
10008a54:	e7b3      	b.n	100089be <_free_r+0x9e>
10008a56:	444b      	add	r3, r9
10008a58:	001a      	movs	r2, r3
10008a5a:	4643      	mov	r3, r8
10008a5c:	2b00      	cmp	r3, #0
10008a5e:	d106      	bne.n	10008a6e <_free_r+0x14e>
10008a60:	680b      	ldr	r3, [r1, #0]
10008a62:	1ac9      	subs	r1, r1, r3
10008a64:	688c      	ldr	r4, [r1, #8]
10008a66:	18d2      	adds	r2, r2, r3
10008a68:	68cb      	ldr	r3, [r1, #12]
10008a6a:	60e3      	str	r3, [r4, #12]
10008a6c:	609c      	str	r4, [r3, #8]
10008a6e:	2301      	movs	r3, #1
10008a70:	4313      	orrs	r3, r2
10008a72:	604b      	str	r3, [r1, #4]
10008a74:	4b23      	ldr	r3, [pc, #140]	@ (10008b04 <_free_r+0x1e4>)
10008a76:	6081      	str	r1, [r0, #8]
10008a78:	681b      	ldr	r3, [r3, #0]
10008a7a:	4293      	cmp	r3, r2
10008a7c:	d89f      	bhi.n	100089be <_free_r+0x9e>
10008a7e:	4b22      	ldr	r3, [pc, #136]	@ (10008b08 <_free_r+0x1e8>)
10008a80:	0028      	movs	r0, r5
10008a82:	6819      	ldr	r1, [r3, #0]
10008a84:	f7ff fef2 	bl	1000886c <_malloc_trim_r>
10008a88:	e799      	b.n	100089be <_free_r+0x9e>
10008a8a:	2c14      	cmp	r4, #20
10008a8c:	d913      	bls.n	10008ab6 <_free_r+0x196>
10008a8e:	2c54      	cmp	r4, #84	@ 0x54
10008a90:	d81d      	bhi.n	10008ace <_free_r+0x1ae>
10008a92:	0b1c      	lsrs	r4, r3, #12
10008a94:	0026      	movs	r6, r4
10008a96:	346f      	adds	r4, #111	@ 0x6f
10008a98:	366e      	adds	r6, #110	@ 0x6e
10008a9a:	00e4      	lsls	r4, r4, #3
10008a9c:	e7ba      	b.n	10008a14 <_free_r+0xf4>
10008a9e:	60e1      	str	r1, [r4, #12]
10008aa0:	60a1      	str	r1, [r4, #8]
10008aa2:	604a      	str	r2, [r1, #4]
10008aa4:	4662      	mov	r2, ip
10008aa6:	60cc      	str	r4, [r1, #12]
10008aa8:	608c      	str	r4, [r1, #8]
10008aaa:	6013      	str	r3, [r2, #0]
10008aac:	e787      	b.n	100089be <_free_r+0x9e>
10008aae:	431f      	orrs	r7, r3
10008ab0:	604f      	str	r7, [r1, #4]
10008ab2:	6033      	str	r3, [r6, #0]
10008ab4:	e783      	b.n	100089be <_free_r+0x9e>
10008ab6:	0026      	movs	r6, r4
10008ab8:	345c      	adds	r4, #92	@ 0x5c
10008aba:	365b      	adds	r6, #91	@ 0x5b
10008abc:	00e4      	lsls	r4, r4, #3
10008abe:	e7a9      	b.n	10008a14 <_free_r+0xf4>
10008ac0:	2301      	movs	r3, #1
10008ac2:	10b6      	asrs	r6, r6, #2
10008ac4:	40b3      	lsls	r3, r6
10008ac6:	6846      	ldr	r6, [r0, #4]
10008ac8:	4333      	orrs	r3, r6
10008aca:	6043      	str	r3, [r0, #4]
10008acc:	e7b1      	b.n	10008a32 <_free_r+0x112>
10008ace:	22aa      	movs	r2, #170	@ 0xaa
10008ad0:	0052      	lsls	r2, r2, #1
10008ad2:	4294      	cmp	r4, r2
10008ad4:	d805      	bhi.n	10008ae2 <_free_r+0x1c2>
10008ad6:	0bdc      	lsrs	r4, r3, #15
10008ad8:	0026      	movs	r6, r4
10008ada:	3478      	adds	r4, #120	@ 0x78
10008adc:	3677      	adds	r6, #119	@ 0x77
10008ade:	00e4      	lsls	r4, r4, #3
10008ae0:	e798      	b.n	10008a14 <_free_r+0xf4>
10008ae2:	4a0a      	ldr	r2, [pc, #40]	@ (10008b0c <_free_r+0x1ec>)
10008ae4:	4294      	cmp	r4, r2
10008ae6:	d805      	bhi.n	10008af4 <_free_r+0x1d4>
10008ae8:	0c9c      	lsrs	r4, r3, #18
10008aea:	0026      	movs	r6, r4
10008aec:	347d      	adds	r4, #125	@ 0x7d
10008aee:	367c      	adds	r6, #124	@ 0x7c
10008af0:	00e4      	lsls	r4, r4, #3
10008af2:	e78f      	b.n	10008a14 <_free_r+0xf4>
10008af4:	24fe      	movs	r4, #254	@ 0xfe
10008af6:	267e      	movs	r6, #126	@ 0x7e
10008af8:	00a4      	lsls	r4, r4, #2
10008afa:	e78b      	b.n	10008a14 <_free_r+0xf4>
10008afc:	20003378 	.word	0x20003378
10008b00:	20003380 	.word	0x20003380
10008b04:	20003370 	.word	0x20003370
10008b08:	20003ce4 	.word	0x20003ce4
10008b0c:	00000554 	.word	0x00000554

10008b10 <_fini>:
10008b10:	b5f8      	push	{r3, r4, r5, r6, r7, lr}
10008b12:	46c0      	nop			@ (mov r8, r8)
10008b14:	0000      	movs	r0, r0
	...

10008b18 <__flash_do_cmd_veneer>:
10008b18:	b401      	push	{r0}
10008b1a:	4802      	ldr	r0, [pc, #8]	@ (10008b24 <__flash_do_cmd_veneer+0xc>)
10008b1c:	4684      	mov	ip, r0
10008b1e:	bc01      	pop	{r0}
10008b20:	4760      	bx	ip
10008b22:	bf00      	nop
10008b24:	20000495 	.word	0x20000495

10008b28 <__mutex_exit_veneer>:
10008b28:	b401      	push	{r0}
10008b2a:	4802      	ldr	r0, [pc, #8]	@ (10008b34 <__mutex_exit_veneer+0xc>)
10008b2c:	4684      	mov	ip, r0
10008b2e:	bc01      	pop	{r0}
10008b30:	4760      	bx	ip
10008b32:	bf00      	nop
10008b34:	20000229 	.word	0x20000229

10008b38 <____aeabi_ldiv0_veneer>:
10008b38:	b401      	push	{r0}
10008b3a:	4802      	ldr	r0, [pc, #8]	@ (10008b44 <____aeabi_ldiv0_veneer+0xc>)
10008b3c:	4684      	mov	ip, r0
10008b3e:	bc01      	pop	{r0}
10008b40:	4760      	bx	ip
10008b42:	bf00      	nop
10008b44:	20003121 	.word	0x20003121

10008b48 <__pio_usb_ll_encode_tx_data_veneer>:
10008b48:	b401      	push	{r0}
10008b4a:	4802      	ldr	r0, [pc, #8]	@ (10008b54 <__pio_usb_ll_encode_tx_data_veneer+0xc>)
10008b4c:	4684      	mov	ip, r0
10008b4e:	bc01      	pop	{r0}
10008b50:	4760      	bx	ip
10008b52:	bf00      	nop
10008b54:	2000123d 	.word	0x2000123d

10008b58 <____aeabi_idiv0_veneer>:
10008b58:	b401      	push	{r0}
10008b5a:	4802      	ldr	r0, [pc, #8]	@ (10008b64 <____aeabi_idiv0_veneer+0xc>)
10008b5c:	4684      	mov	ip, r0
10008b5e:	bc01      	pop	{r0}
10008b60:	4760      	bx	ip
10008b62:	bf00      	nop
10008b64:	20003121 	.word	0x20003121

10008b68 <__pio_usb_ll_transfer_start_veneer>:
10008b68:	b401      	push	{r0}
10008b6a:	4802      	ldr	r0, [pc, #8]	@ (10008b74 <__pio_usb_ll_transfer_start_veneer+0xc>)
10008b6c:	4684      	mov	ip, r0
10008b6e:	bc01      	pop	{r0}
10008b70:	4760      	bx	ip
10008b72:	bf00      	nop
10008b74:	200022cd 	.word	0x200022cd

10008b78 <__mutex_enter_timeout_ms_veneer>:
10008b78:	b401      	push	{r0}
10008b7a:	4802      	ldr	r0, [pc, #8]	@ (10008b84 <__mutex_enter_timeout_ms_veneer+0xc>)
10008b7c:	4684      	mov	ip, r0
10008b7e:	bc01      	pop	{r0}
10008b80:	4760      	bx	ip
10008b82:	bf00      	nop
10008b84:	2000019d 	.word	0x2000019d

10008b88 <__pio_usb_ll_encode_tx_data.constprop.0.isra.0_veneer>:
10008b88:	b401      	push	{r0}
10008b8a:	4802      	ldr	r0, [pc, #8]	@ (10008b94 <__pio_usb_ll_encode_tx_data.constprop.0.isra.0_veneer+0xc>)
10008b8c:	4684      	mov	ip, r0
10008b8e:	bc01      	pop	{r0}
10008b90:	4760      	bx	ip
10008b92:	bf00      	nop
10008b94:	20000cd5 	.word	0x20000cd5

10008b98 <__initialize_host_programs_veneer>:
10008b98:	b401      	push	{r0}
10008b9a:	4802      	ldr	r0, [pc, #8]	@ (10008ba4 <__initialize_host_programs_veneer+0xc>)
10008b9c:	4684      	mov	ip, r0
10008b9e:	bc01      	pop	{r0}
10008ba0:	4760      	bx	ip
10008ba2:	bf00      	nop
10008ba4:	200017bd 	.word	0x200017bd

10008ba8 <__mutex_try_enter_block_until_veneer>:
10008ba8:	b401      	push	{r0}
10008baa:	4802      	ldr	r0, [pc, #8]	@ (10008bb4 <__mutex_try_enter_block_until_veneer+0xc>)
10008bac:	4684      	mov	ip, r0
10008bae:	bc01      	pop	{r0}
10008bb0:	4760      	bx	ip
10008bb2:	bf00      	nop
10008bb4:	20000105 	.word	0x20000105

10008bb8 <__hcd_event_handler_veneer>:
10008bb8:	b401      	push	{r0}
10008bba:	4802      	ldr	r0, [pc, #8]	@ (10008bc4 <__hcd_event_handler_veneer+0xc>)
10008bbc:	4684      	mov	ip, r0
10008bbe:	bc01      	pop	{r0}
10008bc0:	4760      	bx	ip
10008bc2:	bf00      	nop
10008bc4:	20000251 	.word	0x20000251

10008bc8 <__pio_usb_ll_configure_endpoint_veneer>:
10008bc8:	b401      	push	{r0}
10008bca:	4802      	ldr	r0, [pc, #8]	@ (10008bd4 <__pio_usb_ll_configure_endpoint_veneer+0xc>)
10008bcc:	4684      	mov	ip, r0
10008bce:	bc01      	pop	{r0}
10008bd0:	4760      	bx	ip
10008bd2:	bf00      	nop
10008bd4:	200022ad 	.word	0x200022ad

10008bd8 <__mutex_enter_blocking_veneer>:
10008bd8:	b401      	push	{r0}
10008bda:	4802      	ldr	r0, [pc, #8]	@ (10008be4 <__mutex_enter_blocking_veneer+0xc>)
10008bdc:	4684      	mov	ip, r0
10008bde:	bc01      	pop	{r0}
10008be0:	4760      	bx	ip
10008be2:	bf00      	nop
10008be4:	200000c1 	.word	0x200000c1

10008be8 <__pre_init_runtime_init_early_resets>:
10008be8:	10001dd5                                ....

10008bec <__pre_init_runtime_init_usb_power_down>:
10008bec:	10001e01 10001fe5 10002e81 10002695     .............&..
10008bfc:	10002d71                                q-..

10008c00 <__pre_init_runtime_init_clocks>:
10008c00:	10001f0d                                ....

10008c04 <__pre_init_runtime_init_post_clock_resets>:
10008c04:	10001e1d                                ....

10008c08 <__pre_init_runtime_init_rp2040_gpio_ie_disable>:
10008c08:	10001e3d                                =...

10008c0c <__pre_init_runtime_init_spin_locks_reset>:
10008c0c:	10001e51                                Q...

10008c10 <__pre_init_runtime_init_mutex>:
10008c10:	10000e59                                Y...

10008c14 <__pre_init_runtime_init_install_ram_vector_table>:
10008c14:	10001e59                                Y...

10008c18 <__pre_init_runtime_init_default_alarm_pool>:
10008c18:	10001211                                ....

10008c1c <__pre_init_first_per_core_initializer>:
10008c1c:	10001d9d                                ....

10008c20 <__pre_init_runtime_init_per_core_irq_priorities>:
10008c20:	10000b25                                %...

10008c24 <__init_array_start>:
10008c24:	100079d1 	.word	0x100079d1

10008c28 <__frame_dummy_init_array_entry>:
10008c28:	100002b1                                ....

Disassembly of section .data:

200000c0 <mutex_enter_blocking>:
200000c0:	23d0      	movs	r3, #208	@ 0xd0
200000c2:	b530      	push	{r4, r5, lr}
200000c4:	2500      	movs	r5, #0
200000c6:	061b      	lsls	r3, r3, #24
200000c8:	2400      	movs	r4, #0
200000ca:	575d      	ldrsb	r5, [r3, r5]
200000cc:	e005      	b.n	200000da <mutex_enter_blocking+0x1a>
200000ce:	f3bf 8f5f 	dmb	sy
200000d2:	601c      	str	r4, [r3, #0]
200000d4:	f381 8810 	msr	PRIMASK, r1
200000d8:	bf20      	wfe
200000da:	6802      	ldr	r2, [r0, #0]
200000dc:	f3ef 8110 	mrs	r1, PRIMASK
200000e0:	b672      	cpsid	i
200000e2:	6813      	ldr	r3, [r2, #0]
200000e4:	2b00      	cmp	r3, #0
200000e6:	d0fc      	beq.n	200000e2 <mutex_enter_blocking+0x22>
200000e8:	f3bf 8f5f 	dmb	sy
200000ec:	7902      	ldrb	r2, [r0, #4]
200000ee:	6803      	ldr	r3, [r0, #0]
200000f0:	2a7f      	cmp	r2, #127	@ 0x7f
200000f2:	d9ec      	bls.n	200000ce <mutex_enter_blocking+0xe>
200000f4:	7105      	strb	r5, [r0, #4]
200000f6:	f3bf 8f5f 	dmb	sy
200000fa:	2200      	movs	r2, #0
200000fc:	601a      	str	r2, [r3, #0]
200000fe:	f381 8810 	msr	PRIMASK, r1
20000102:	bd30      	pop	{r4, r5, pc}

20000104 <mutex_try_enter_block_until>:
20000104:	b5f0      	push	{r4, r5, r6, r7, lr}
20000106:	46c6      	mov	lr, r8
20000108:	0015      	movs	r5, r2
2000010a:	b500      	push	{lr}
2000010c:	0004      	movs	r4, r0
2000010e:	001e      	movs	r6, r3
20000110:	6802      	ldr	r2, [r0, #0]
20000112:	f3ef 8110 	mrs	r1, PRIMASK
20000116:	b672      	cpsid	i
20000118:	6813      	ldr	r3, [r2, #0]
2000011a:	2b00      	cmp	r3, #0
2000011c:	d0fc      	beq.n	20000118 <mutex_try_enter_block_until+0x14>
2000011e:	f3bf 8f5f 	dmb	sy
20000122:	2304      	movs	r3, #4
20000124:	56e3      	ldrsb	r3, [r4, r3]
20000126:	6822      	ldr	r2, [r4, #0]
20000128:	2b00      	cmp	r3, #0
2000012a:	db2b      	blt.n	20000184 <mutex_try_enter_block_until+0x80>
2000012c:	f3bf 8f5f 	dmb	sy
20000130:	2000      	movs	r0, #0
20000132:	6010      	str	r0, [r2, #0]
20000134:	f381 8810 	msr	PRIMASK, r1
20000138:	22d0      	movs	r2, #208	@ 0xd0
2000013a:	0612      	lsls	r2, r2, #24
2000013c:	7812      	ldrb	r2, [r2, #0]
2000013e:	2700      	movs	r7, #0
20000140:	b252      	sxtb	r2, r2
20000142:	4690      	mov	r8, r2
20000144:	429a      	cmp	r2, r3
20000146:	d10e      	bne.n	20000166 <mutex_try_enter_block_until+0x62>
20000148:	2000      	movs	r0, #0
2000014a:	bc80      	pop	{r7}
2000014c:	46b8      	mov	r8, r7
2000014e:	bdf0      	pop	{r4, r5, r6, r7, pc}
20000150:	f3bf 8f5f 	dmb	sy
20000154:	6017      	str	r7, [r2, #0]
20000156:	f381 8810 	msr	PRIMASK, r1
2000015a:	0028      	movs	r0, r5
2000015c:	0031      	movs	r1, r6
2000015e:	f003 f823 	bl	200031a8 <__best_effort_wfe_or_timeout_veneer>
20000162:	2800      	cmp	r0, #0
20000164:	d1f0      	bne.n	20000148 <mutex_try_enter_block_until+0x44>
20000166:	6822      	ldr	r2, [r4, #0]
20000168:	f3ef 8110 	mrs	r1, PRIMASK
2000016c:	b672      	cpsid	i
2000016e:	6813      	ldr	r3, [r2, #0]
20000170:	2b00      	cmp	r3, #0
20000172:	d0fc      	beq.n	2000016e <mutex_try_enter_block_until+0x6a>
20000174:	f3bf 8f5f 	dmb	sy
20000178:	7923      	ldrb	r3, [r4, #4]
2000017a:	6822      	ldr	r2, [r4, #0]
2000017c:	2b7f      	cmp	r3, #127	@ 0x7f
2000017e:	d9e7      	bls.n	20000150 <mutex_try_enter_block_until+0x4c>
20000180:	4643      	mov	r3, r8
20000182:	e002      	b.n	2000018a <mutex_try_enter_block_until+0x86>
20000184:	23d0      	movs	r3, #208	@ 0xd0
20000186:	061b      	lsls	r3, r3, #24
20000188:	681b      	ldr	r3, [r3, #0]
2000018a:	7123      	strb	r3, [r4, #4]
2000018c:	f3bf 8f5f 	dmb	sy
20000190:	2300      	movs	r3, #0
20000192:	6013      	str	r3, [r2, #0]
20000194:	f381 8810 	msr	PRIMASK, r1
20000198:	2001      	movs	r0, #1
2000019a:	e7d6      	b.n	2000014a <mutex_try_enter_block_until+0x46>

2000019c <mutex_enter_timeout_ms>:
2000019c:	b5f0      	push	{r4, r5, r6, r7, lr}
2000019e:	46c6      	mov	lr, r8
200001a0:	b500      	push	{lr}
200001a2:	000d      	movs	r5, r1
200001a4:	0004      	movs	r4, r0
200001a6:	f003 f807 	bl	200031b8 <__time_us_64_veneer>
200001aa:	22fa      	movs	r2, #250	@ 0xfa
200001ac:	0006      	movs	r6, r0
200001ae:	000f      	movs	r7, r1
200001b0:	2300      	movs	r3, #0
200001b2:	0028      	movs	r0, r5
200001b4:	2100      	movs	r1, #0
200001b6:	0092      	lsls	r2, r2, #2
200001b8:	f002 ffde 	bl	20003178 <____wrap___aeabi_lmul_veneer>
200001bc:	1836      	adds	r6, r6, r0
200001be:	414f      	adcs	r7, r1
200001c0:	2f00      	cmp	r7, #0
200001c2:	da02      	bge.n	200001ca <mutex_enter_timeout_ms+0x2e>
200001c4:	2601      	movs	r6, #1
200001c6:	4f17      	ldr	r7, [pc, #92]	@ (20000224 <mutex_enter_timeout_ms+0x88>)
200001c8:	4276      	negs	r6, r6
200001ca:	23d0      	movs	r3, #208	@ 0xd0
200001cc:	061b      	lsls	r3, r3, #24
200001ce:	681b      	ldr	r3, [r3, #0]
200001d0:	2500      	movs	r5, #0
200001d2:	4698      	mov	r8, r3
200001d4:	e00a      	b.n	200001ec <mutex_enter_timeout_ms+0x50>
200001d6:	f3bf 8f5f 	dmb	sy
200001da:	6015      	str	r5, [r2, #0]
200001dc:	f381 8810 	msr	PRIMASK, r1
200001e0:	0030      	movs	r0, r6
200001e2:	0039      	movs	r1, r7
200001e4:	f002 ffe0 	bl	200031a8 <__best_effort_wfe_or_timeout_veneer>
200001e8:	2800      	cmp	r0, #0
200001ea:	d118      	bne.n	2000021e <mutex_enter_timeout_ms+0x82>
200001ec:	6822      	ldr	r2, [r4, #0]
200001ee:	f3ef 8110 	mrs	r1, PRIMASK
200001f2:	b672      	cpsid	i
200001f4:	6813      	ldr	r3, [r2, #0]
200001f6:	2b00      	cmp	r3, #0
200001f8:	d0fc      	beq.n	200001f4 <mutex_enter_timeout_ms+0x58>
200001fa:	f3bf 8f5f 	dmb	sy
200001fe:	7923      	ldrb	r3, [r4, #4]
20000200:	6822      	ldr	r2, [r4, #0]
20000202:	2b7f      	cmp	r3, #127	@ 0x7f
20000204:	d9e7      	bls.n	200001d6 <mutex_enter_timeout_ms+0x3a>
20000206:	4643      	mov	r3, r8
20000208:	7123      	strb	r3, [r4, #4]
2000020a:	f3bf 8f5f 	dmb	sy
2000020e:	2300      	movs	r3, #0
20000210:	6013      	str	r3, [r2, #0]
20000212:	f381 8810 	msr	PRIMASK, r1
20000216:	2001      	movs	r0, #1
20000218:	bc80      	pop	{r7}
2000021a:	46b8      	mov	r8, r7
2000021c:	bdf0      	pop	{r4, r5, r6, r7, pc}
2000021e:	2000      	movs	r0, #0
20000220:	e7fa      	b.n	20000218 <mutex_enter_timeout_ms+0x7c>
20000222:	46c0      	nop			@ (mov r8, r8)
20000224:	7fffffff 	.word	0x7fffffff

20000228 <mutex_exit>:
20000228:	6802      	ldr	r2, [r0, #0]
2000022a:	f3ef 8110 	mrs	r1, PRIMASK
2000022e:	b672      	cpsid	i
20000230:	6813      	ldr	r3, [r2, #0]
20000232:	2b00      	cmp	r3, #0
20000234:	d0fc      	beq.n	20000230 <mutex_exit+0x8>
20000236:	f3bf 8f5f 	dmb	sy
2000023a:	23ff      	movs	r3, #255	@ 0xff
2000023c:	7103      	strb	r3, [r0, #4]
2000023e:	6803      	ldr	r3, [r0, #0]
20000240:	f3bf 8f5f 	dmb	sy
20000244:	2200      	movs	r2, #0
20000246:	601a      	str	r2, [r3, #0]
20000248:	f381 8810 	msr	PRIMASK, r1
2000024c:	bf40      	sev
2000024e:	4770      	bx	lr

20000250 <hcd_event_handler>:
20000250:	b570      	push	{r4, r5, r6, lr}
20000252:	7843      	ldrb	r3, [r0, #1]
20000254:	0004      	movs	r4, r0
20000256:	000e      	movs	r6, r1
20000258:	2b01      	cmp	r3, #1
2000025a:	d01f      	beq.n	2000029c <hcd_event_handler+0x4c>
2000025c:	4b18      	ldr	r3, [pc, #96]	@ (200002c0 <hcd_event_handler+0x70>)
2000025e:	681d      	ldr	r5, [r3, #0]
20000260:	696a      	ldr	r2, [r5, #20]
20000262:	f3ef 8110 	mrs	r1, PRIMASK
20000266:	b672      	cpsid	i
20000268:	6813      	ldr	r3, [r2, #0]
2000026a:	2b00      	cmp	r3, #0
2000026c:	d0fc      	beq.n	20000268 <hcd_event_handler+0x18>
2000026e:	f3bf 8f5f 	dmb	sy
20000272:	61a9      	str	r1, [r5, #24]
20000274:	0028      	movs	r0, r5
20000276:	0021      	movs	r1, r4
20000278:	f002 ffb6 	bl	200031e8 <__tu_fifo_write_veneer>
2000027c:	696a      	ldr	r2, [r5, #20]
2000027e:	69ab      	ldr	r3, [r5, #24]
20000280:	f3bf 8f5f 	dmb	sy
20000284:	2100      	movs	r1, #0
20000286:	6011      	str	r1, [r2, #0]
20000288:	f383 8810 	msr	PRIMASK, r3
2000028c:	2800      	cmp	r0, #0
2000028e:	d004      	beq.n	2000029a <hcd_event_handler+0x4a>
20000290:	0032      	movs	r2, r6
20000292:	7861      	ldrb	r1, [r4, #1]
20000294:	7820      	ldrb	r0, [r4, #0]
20000296:	f002 ffc7 	bl	20003228 <__tuh_event_hook_cb_veneer>
2000029a:	bd70      	pop	{r4, r5, r6, pc}
2000029c:	4b09      	ldr	r3, [pc, #36]	@ (200002c4 <hcd_event_handler+0x74>)
2000029e:	7801      	ldrb	r1, [r0, #0]
200002a0:	781a      	ldrb	r2, [r3, #0]
200002a2:	4291      	cmp	r1, r2
200002a4:	d1da      	bne.n	2000025c <hcd_event_handler+0xc>
200002a6:	7901      	ldrb	r1, [r0, #4]
200002a8:	785a      	ldrb	r2, [r3, #1]
200002aa:	4291      	cmp	r1, r2
200002ac:	d1d6      	bne.n	2000025c <hcd_event_handler+0xc>
200002ae:	7941      	ldrb	r1, [r0, #5]
200002b0:	789a      	ldrb	r2, [r3, #2]
200002b2:	4291      	cmp	r1, r2
200002b4:	d1d2      	bne.n	2000025c <hcd_event_handler+0xc>
200002b6:	2110      	movs	r1, #16
200002b8:	78da      	ldrb	r2, [r3, #3]
200002ba:	438a      	bics	r2, r1
200002bc:	70da      	strb	r2, [r3, #3]
200002be:	e7cd      	b.n	2000025c <hcd_event_handler+0xc>
200002c0:	20004270 	.word	0x20004270
200002c4:	20003e38 	.word	0x20003e38

200002c8 <handle_endpoint_irq.isra.0>:
200002c8:	b5f0      	push	{r4, r5, r6, r7, lr}
200002ca:	464e      	mov	r6, r9
200002cc:	4657      	mov	r7, sl
200002ce:	4645      	mov	r5, r8
200002d0:	46de      	mov	lr, fp
200002d2:	680b      	ldr	r3, [r1, #0]
200002d4:	b5e0      	push	{r5, r6, r7, lr}
200002d6:	4699      	mov	r9, r3
200002d8:	2301      	movs	r3, #1
200002da:	b087      	sub	sp, #28
200002dc:	2400      	movs	r4, #0
200002de:	469a      	mov	sl, r3
200002e0:	4d1c      	ldr	r5, [pc, #112]	@ (20000354 <handle_endpoint_irq.isra.0+0x8c>)
200002e2:	9000      	str	r0, [sp, #0]
200002e4:	ae03      	add	r6, sp, #12
200002e6:	9101      	str	r1, [sp, #4]
200002e8:	e003      	b.n	200002f2 <handle_endpoint_irq.isra.0+0x2a>
200002ea:	3401      	adds	r4, #1
200002ec:	35bc      	adds	r5, #188	@ 0xbc
200002ee:	2c20      	cmp	r4, #32
200002f0:	d023      	beq.n	2000033a <handle_endpoint_irq.isra.0+0x72>
200002f2:	4653      	mov	r3, sl
200002f4:	464a      	mov	r2, r9
200002f6:	40a3      	lsls	r3, r4
200002f8:	421a      	tst	r2, r3
200002fa:	d0f6      	beq.n	200002ea <handle_endpoint_irq.isra.0+0x22>
200002fc:	002b      	movs	r3, r5
200002fe:	3bba      	subs	r3, #186	@ 0xba
20000300:	785a      	ldrb	r2, [r3, #1]
20000302:	791f      	ldrb	r7, [r3, #4]
20000304:	b2d2      	uxtb	r2, r2
20000306:	882b      	ldrh	r3, [r5, #0]
20000308:	4690      	mov	r8, r2
2000030a:	2100      	movs	r1, #0
2000030c:	2208      	movs	r2, #8
2000030e:	0030      	movs	r0, r6
20000310:	469b      	mov	fp, r3
20000312:	f002 ff59 	bl	200031c8 <____wrap_memset_veneer>
20000316:	2302      	movs	r3, #2
20000318:	7073      	strb	r3, [r6, #1]
2000031a:	4643      	mov	r3, r8
2000031c:	70b3      	strb	r3, [r6, #2]
2000031e:	9b00      	ldr	r3, [sp, #0]
20000320:	2101      	movs	r1, #1
20000322:	7173      	strb	r3, [r6, #5]
20000324:	465b      	mov	r3, fp
20000326:	0030      	movs	r0, r6
20000328:	b2ff      	uxtb	r7, r7
2000032a:	3401      	adds	r4, #1
2000032c:	7137      	strb	r7, [r6, #4]
2000032e:	60b3      	str	r3, [r6, #8]
20000330:	35bc      	adds	r5, #188	@ 0xbc
20000332:	f7ff ff8d 	bl	20000250 <hcd_event_handler>
20000336:	2c20      	cmp	r4, #32
20000338:	d1db      	bne.n	200002f2 <handle_endpoint_irq.isra.0+0x2a>
2000033a:	464a      	mov	r2, r9
2000033c:	9f01      	ldr	r7, [sp, #4]
2000033e:	683b      	ldr	r3, [r7, #0]
20000340:	4393      	bics	r3, r2
20000342:	603b      	str	r3, [r7, #0]
20000344:	b007      	add	sp, #28
20000346:	bcf0      	pop	{r4, r5, r6, r7}
20000348:	46bb      	mov	fp, r7
2000034a:	46b2      	mov	sl, r6
2000034c:	46a9      	mov	r9, r5
2000034e:	46a0      	mov	r8, r4
20000350:	bdf0      	pop	{r4, r5, r6, r7, pc}
20000352:	46c0      	nop			@ (mov r8, r8)
20000354:	200049be 	.word	0x200049be

20000358 <pio_usb_host_irq_handler>:
20000358:	b570      	push	{r4, r5, r6, lr}
2000035a:	0044      	lsls	r4, r0, #1
2000035c:	4b1f      	ldr	r3, [pc, #124]	@ (200003dc <pio_usb_host_irq_handler+0x84>)
2000035e:	1824      	adds	r4, r4, r0
20000360:	0124      	lsls	r4, r4, #4
20000362:	18e4      	adds	r4, r4, r3
20000364:	6965      	ldr	r5, [r4, #20]
20000366:	1c46      	adds	r6, r0, #1
20000368:	b084      	sub	sp, #16
2000036a:	b2f6      	uxtb	r6, r6
2000036c:	06ab      	lsls	r3, r5, #26
2000036e:	d40c      	bmi.n	2000038a <pio_usb_host_irq_handler+0x32>
20000370:	062b      	lsls	r3, r5, #24
20000372:	d411      	bmi.n	20000398 <pio_usb_host_irq_handler+0x40>
20000374:	066b      	lsls	r3, r5, #25
20000376:	d416      	bmi.n	200003a6 <pio_usb_host_irq_handler+0x4e>
20000378:	07eb      	lsls	r3, r5, #31
2000037a:	d41b      	bmi.n	200003b4 <pio_usb_host_irq_handler+0x5c>
2000037c:	07ab      	lsls	r3, r5, #30
2000037e:	d423      	bmi.n	200003c8 <pio_usb_host_irq_handler+0x70>
20000380:	6963      	ldr	r3, [r4, #20]
20000382:	43ab      	bics	r3, r5
20000384:	6163      	str	r3, [r4, #20]
20000386:	b004      	add	sp, #16
20000388:	bd70      	pop	{r4, r5, r6, pc}
2000038a:	0021      	movs	r1, r4
2000038c:	2000      	movs	r0, #0
2000038e:	3118      	adds	r1, #24
20000390:	f7ff ff9a 	bl	200002c8 <handle_endpoint_irq.isra.0>
20000394:	062b      	lsls	r3, r5, #24
20000396:	d5ed      	bpl.n	20000374 <pio_usb_host_irq_handler+0x1c>
20000398:	0021      	movs	r1, r4
2000039a:	2002      	movs	r0, #2
2000039c:	3120      	adds	r1, #32
2000039e:	f7ff ff93 	bl	200002c8 <handle_endpoint_irq.isra.0>
200003a2:	066b      	lsls	r3, r5, #25
200003a4:	d5e8      	bpl.n	20000378 <pio_usb_host_irq_handler+0x20>
200003a6:	0021      	movs	r1, r4
200003a8:	2001      	movs	r0, #1
200003aa:	311c      	adds	r1, #28
200003ac:	f7ff ff8c 	bl	200002c8 <handle_endpoint_irq.isra.0>
200003b0:	07eb      	lsls	r3, r5, #31
200003b2:	d5e3      	bpl.n	2000037c <pio_usb_host_irq_handler+0x24>
200003b4:	2300      	movs	r3, #0
200003b6:	a801      	add	r0, sp, #4
200003b8:	7043      	strb	r3, [r0, #1]
200003ba:	8083      	strh	r3, [r0, #4]
200003bc:	2101      	movs	r1, #1
200003be:	7006      	strb	r6, [r0, #0]
200003c0:	f7ff ff46 	bl	20000250 <hcd_event_handler>
200003c4:	07ab      	lsls	r3, r5, #30
200003c6:	d5db      	bpl.n	20000380 <pio_usb_host_irq_handler+0x28>
200003c8:	2301      	movs	r3, #1
200003ca:	a801      	add	r0, sp, #4
200003cc:	7043      	strb	r3, [r0, #1]
200003ce:	2300      	movs	r3, #0
200003d0:	2101      	movs	r1, #1
200003d2:	7006      	strb	r6, [r0, #0]
200003d4:	8083      	strh	r3, [r0, #4]
200003d6:	f7ff ff3b 	bl	20000250 <hcd_event_handler>
200003da:	e7d1      	b.n	20000380 <pio_usb_host_irq_handler+0x28>
200003dc:	20006084 	.word	0x20006084

200003e0 <flash_init_boot2_copyout>:
200003e0:	b510      	push	{r4, lr}
200003e2:	4c08      	ldr	r4, [pc, #32]	@ (20000404 <flash_init_boot2_copyout+0x24>)
200003e4:	7823      	ldrb	r3, [r4, #0]
200003e6:	2b00      	cmp	r3, #0
200003e8:	d10a      	bne.n	20000400 <flash_init_boot2_copyout+0x20>
200003ea:	2380      	movs	r3, #128	@ 0x80
200003ec:	4806      	ldr	r0, [pc, #24]	@ (20000408 <flash_init_boot2_copyout+0x28>)
200003ee:	4907      	ldr	r1, [pc, #28]	@ (2000040c <flash_init_boot2_copyout+0x2c>)
200003f0:	055b      	lsls	r3, r3, #21
200003f2:	681a      	ldr	r2, [r3, #0]
200003f4:	50c2      	str	r2, [r0, r3]
200003f6:	3304      	adds	r3, #4
200003f8:	428b      	cmp	r3, r1
200003fa:	d1fa      	bne.n	200003f2 <flash_init_boot2_copyout+0x12>
200003fc:	2301      	movs	r3, #1
200003fe:	7023      	strb	r3, [r4, #0]
20000400:	bd10      	pop	{r4, pc}
20000402:	46c0      	nop			@ (mov r8, r8)
20000404:	20006130 	.word	0x20006130
20000408:	10004344 	.word	0x10004344
2000040c:	10000100 	.word	0x10000100

20000410 <flash_enable_xip_via_boot2>:
20000410:	b510      	push	{r4, lr}
20000412:	4b01      	ldr	r3, [pc, #4]	@ (20000418 <flash_enable_xip_via_boot2+0x8>)
20000414:	4798      	blx	r3
20000416:	bd10      	pop	{r4, pc}
20000418:	20004345 	.word	0x20004345

2000041c <flash_save_hardware_state>:
2000041c:	4b06      	ldr	r3, [pc, #24]	@ (20000438 <flash_save_hardware_state+0x1c>)
2000041e:	685a      	ldr	r2, [r3, #4]
20000420:	6002      	str	r2, [r0, #0]
20000422:	689a      	ldr	r2, [r3, #8]
20000424:	6042      	str	r2, [r0, #4]
20000426:	68da      	ldr	r2, [r3, #12]
20000428:	6082      	str	r2, [r0, #8]
2000042a:	691a      	ldr	r2, [r3, #16]
2000042c:	60c2      	str	r2, [r0, #12]
2000042e:	695a      	ldr	r2, [r3, #20]
20000430:	6102      	str	r2, [r0, #16]
20000432:	699b      	ldr	r3, [r3, #24]
20000434:	6143      	str	r3, [r0, #20]
20000436:	4770      	bx	lr
20000438:	40020000 	.word	0x40020000

2000043c <flash_restore_hardware_state>:
2000043c:	6802      	ldr	r2, [r0, #0]
2000043e:	4b06      	ldr	r3, [pc, #24]	@ (20000458 <flash_restore_hardware_state+0x1c>)
20000440:	605a      	str	r2, [r3, #4]
20000442:	6842      	ldr	r2, [r0, #4]
20000444:	609a      	str	r2, [r3, #8]
20000446:	6882      	ldr	r2, [r0, #8]
20000448:	60da      	str	r2, [r3, #12]
2000044a:	68c2      	ldr	r2, [r0, #12]
2000044c:	611a      	str	r2, [r3, #16]
2000044e:	6902      	ldr	r2, [r0, #16]
20000450:	615a      	str	r2, [r3, #20]
20000452:	6942      	ldr	r2, [r0, #20]
20000454:	619a      	str	r2, [r3, #24]
20000456:	4770      	bx	lr
20000458:	40020000 	.word	0x40020000

2000045c <flash_cs_force.constprop.0>:
2000045c:	4b03      	ldr	r3, [pc, #12]	@ (2000046c <flash_cs_force.constprop.0+0x10>)
2000045e:	681a      	ldr	r2, [r3, #0]
20000460:	23c0      	movs	r3, #192	@ 0xc0
20000462:	009b      	lsls	r3, r3, #2
20000464:	4393      	bics	r3, r2
20000466:	4a02      	ldr	r2, [pc, #8]	@ (20000470 <flash_cs_force.constprop.0+0x14>)
20000468:	6013      	str	r3, [r2, #0]
2000046a:	4770      	bx	lr
2000046c:	4001800c 	.word	0x4001800c
20000470:	4001900c 	.word	0x4001900c

20000474 <flash_cs_force.constprop.1>:
20000474:	4b05      	ldr	r3, [pc, #20]	@ (2000048c <flash_cs_force.constprop.1+0x18>)
20000476:	681a      	ldr	r2, [r3, #0]
20000478:	2380      	movs	r3, #128	@ 0x80
2000047a:	009b      	lsls	r3, r3, #2
2000047c:	4053      	eors	r3, r2
2000047e:	22c0      	movs	r2, #192	@ 0xc0
20000480:	0092      	lsls	r2, r2, #2
20000482:	4013      	ands	r3, r2
20000484:	4a02      	ldr	r2, [pc, #8]	@ (20000490 <flash_cs_force.constprop.1+0x1c>)
20000486:	6013      	str	r3, [r2, #0]
20000488:	4770      	bx	lr
2000048a:	46c0      	nop			@ (mov r8, r8)
2000048c:	4001800c 	.word	0x4001800c
20000490:	4001900c 	.word	0x4001900c

20000494 <flash_do_cmd>:
20000494:	2300      	movs	r3, #0
20000496:	b5f0      	push	{r4, r5, r6, r7, lr}
20000498:	46de      	mov	lr, fp
2000049a:	4657      	mov	r7, sl
2000049c:	464e      	mov	r6, r9
2000049e:	4645      	mov	r5, r8
200004a0:	469a      	mov	sl, r3
200004a2:	b5e0      	push	{r5, r6, r7, lr}
200004a4:	b089      	sub	sp, #36	@ 0x24
200004a6:	9001      	str	r0, [sp, #4]
200004a8:	000e      	movs	r6, r1
200004aa:	8a98      	ldrh	r0, [r3, #20]
200004ac:	4945      	ldr	r1, [pc, #276]	@ (200005c4 <flash_do_cmd+0x130>)
200004ae:	8b1b      	ldrh	r3, [r3, #24]
200004b0:	0014      	movs	r4, r2
200004b2:	4798      	blx	r3
200004b4:	4653      	mov	r3, sl
200004b6:	4681      	mov	r9, r0
200004b8:	4943      	ldr	r1, [pc, #268]	@ (200005c8 <flash_do_cmd+0x134>)
200004ba:	8a98      	ldrh	r0, [r3, #20]
200004bc:	8b1b      	ldrh	r3, [r3, #24]
200004be:	4798      	blx	r3
200004c0:	4653      	mov	r3, sl
200004c2:	4942      	ldr	r1, [pc, #264]	@ (200005cc <flash_do_cmd+0x138>)
200004c4:	0005      	movs	r5, r0
200004c6:	8a98      	ldrh	r0, [r3, #20]
200004c8:	8b1b      	ldrh	r3, [r3, #24]
200004ca:	4798      	blx	r3
200004cc:	4680      	mov	r8, r0
200004ce:	f7ff ff87 	bl	200003e0 <flash_init_boot2_copyout>
200004d2:	a802      	add	r0, sp, #8
200004d4:	f7ff ffa2 	bl	2000041c <flash_save_hardware_state>
200004d8:	47c8      	blx	r9
200004da:	47a8      	blx	r5
200004dc:	f7ff ffca 	bl	20000474 <flash_cs_force.constprop.1>
200004e0:	1e25      	subs	r5, r4, #0
200004e2:	d022      	beq.n	2000052a <flash_do_cmd+0x96>
200004e4:	2308      	movs	r3, #8
200004e6:	21c0      	movs	r1, #192	@ 0xc0
200004e8:	469c      	mov	ip, r3
200004ea:	2002      	movs	r0, #2
200004ec:	0549      	lsls	r1, r1, #21
200004ee:	4662      	mov	r2, ip
200004f0:	6a8b      	ldr	r3, [r1, #40]	@ 0x28
200004f2:	401a      	ands	r2, r3
200004f4:	4218      	tst	r0, r3
200004f6:	d03f      	beq.n	20000578 <flash_do_cmd+0xe4>
200004f8:	1b63      	subs	r3, r4, r5
200004fa:	2d00      	cmp	r5, #0
200004fc:	d12f      	bne.n	2000055e <flash_do_cmd+0xca>
200004fe:	2a00      	cmp	r2, #0
20000500:	d111      	bne.n	20000526 <flash_do_cmd+0x92>
20000502:	2c00      	cmp	r4, #0
20000504:	d011      	beq.n	2000052a <flash_do_cmd+0x96>
20000506:	23c0      	movs	r3, #192	@ 0xc0
20000508:	055b      	lsls	r3, r3, #21
2000050a:	469b      	mov	fp, r3
2000050c:	2302      	movs	r3, #2
2000050e:	469a      	mov	sl, r3
20000510:	3306      	adds	r3, #6
20000512:	4699      	mov	r9, r3
20000514:	465b      	mov	r3, fp
20000516:	464a      	mov	r2, r9
20000518:	4657      	mov	r7, sl
2000051a:	6a9b      	ldr	r3, [r3, #40]	@ 0x28
2000051c:	401a      	ands	r2, r3
2000051e:	421f      	tst	r7, r3
20000520:	d042      	beq.n	200005a8 <flash_do_cmd+0x114>
20000522:	2a00      	cmp	r2, #0
20000524:	d0f6      	beq.n	20000514 <flash_do_cmd+0x80>
20000526:	2c00      	cmp	r4, #0
20000528:	d130      	bne.n	2000058c <flash_do_cmd+0xf8>
2000052a:	f7ff ff97 	bl	2000045c <flash_cs_force.constprop.0>
2000052e:	47c0      	blx	r8
20000530:	f7ff ff6e 	bl	20000410 <flash_enable_xip_via_boot2>
20000534:	a802      	add	r0, sp, #8
20000536:	f7ff ff81 	bl	2000043c <flash_restore_hardware_state>
2000053a:	b009      	add	sp, #36	@ 0x24
2000053c:	bcf0      	pop	{r4, r5, r6, r7}
2000053e:	46bb      	mov	fp, r7
20000540:	46b2      	mov	sl, r6
20000542:	46a9      	mov	r9, r5
20000544:	46a0      	mov	r8, r4
20000546:	bdf0      	pop	{r4, r5, r6, r7, pc}
20000548:	2c00      	cmp	r4, #0
2000054a:	d12f      	bne.n	200005ac <flash_do_cmd+0x118>
2000054c:	22c0      	movs	r2, #192	@ 0xc0
2000054e:	0552      	lsls	r2, r2, #21
20000550:	6a92      	ldr	r2, [r2, #40]	@ 0x28
20000552:	4691      	mov	r9, r2
20000554:	2208      	movs	r2, #8
20000556:	464f      	mov	r7, r9
20000558:	403a      	ands	r2, r7
2000055a:	07bf      	lsls	r7, r7, #30
2000055c:	d52d      	bpl.n	200005ba <flash_do_cmd+0x126>
2000055e:	2b0d      	cmp	r3, #13
20000560:	d91b      	bls.n	2000059a <flash_do_cmd+0x106>
20000562:	2a00      	cmp	r2, #0
20000564:	d1f0      	bne.n	20000548 <flash_do_cmd+0xb4>
20000566:	22c0      	movs	r2, #192	@ 0xc0
20000568:	0552      	lsls	r2, r2, #21
2000056a:	6a92      	ldr	r2, [r2, #40]	@ 0x28
2000056c:	4691      	mov	r9, r2
2000056e:	2208      	movs	r2, #8
20000570:	464f      	mov	r7, r9
20000572:	403a      	ands	r2, r7
20000574:	07bf      	lsls	r7, r7, #30
20000576:	d4f2      	bmi.n	2000055e <flash_do_cmd+0xca>
20000578:	2a00      	cmp	r2, #0
2000057a:	d104      	bne.n	20000586 <flash_do_cmd+0xf2>
2000057c:	002b      	movs	r3, r5
2000057e:	4323      	orrs	r3, r4
20000580:	2b00      	cmp	r3, #0
20000582:	d1b4      	bne.n	200004ee <flash_do_cmd+0x5a>
20000584:	e7d1      	b.n	2000052a <flash_do_cmd+0x96>
20000586:	002b      	movs	r3, r5
20000588:	2c00      	cmp	r4, #0
2000058a:	d0f9      	beq.n	20000580 <flash_do_cmd+0xec>
2000058c:	6e0b      	ldr	r3, [r1, #96]	@ 0x60
2000058e:	3c01      	subs	r4, #1
20000590:	7033      	strb	r3, [r6, #0]
20000592:	0023      	movs	r3, r4
20000594:	3601      	adds	r6, #1
20000596:	432b      	orrs	r3, r5
20000598:	e7f2      	b.n	20000580 <flash_do_cmd+0xec>
2000059a:	9f01      	ldr	r7, [sp, #4]
2000059c:	3d01      	subs	r5, #1
2000059e:	783b      	ldrb	r3, [r7, #0]
200005a0:	3701      	adds	r7, #1
200005a2:	660b      	str	r3, [r1, #96]	@ 0x60
200005a4:	9701      	str	r7, [sp, #4]
200005a6:	e7e7      	b.n	20000578 <flash_do_cmd+0xe4>
200005a8:	2500      	movs	r5, #0
200005aa:	e7e5      	b.n	20000578 <flash_do_cmd+0xe4>
200005ac:	23c0      	movs	r3, #192	@ 0xc0
200005ae:	055b      	lsls	r3, r3, #21
200005b0:	6e1b      	ldr	r3, [r3, #96]	@ 0x60
200005b2:	3c01      	subs	r4, #1
200005b4:	7033      	strb	r3, [r6, #0]
200005b6:	3601      	adds	r6, #1
200005b8:	e799      	b.n	200004ee <flash_do_cmd+0x5a>
200005ba:	002b      	movs	r3, r5
200005bc:	2a00      	cmp	r2, #0
200005be:	d1df      	bne.n	20000580 <flash_do_cmd+0xec>
200005c0:	e7dc      	b.n	2000057c <flash_do_cmd+0xe8>
200005c2:	46c0      	nop			@ (mov r8, r8)
200005c4:	00004649 	.word	0x00004649
200005c8:	00005845 	.word	0x00005845
200005cc:	00004346 	.word	0x00004346

200005d0 <usb_tx_configure_pins>:
200005d0:	429a      	cmp	r2, r3
200005d2:	d21c      	bcs.n	2000060e <usb_tx_configure_pins+0x3e>
200005d4:	004b      	lsls	r3, r1, #1
200005d6:	185b      	adds	r3, r3, r1
200005d8:	00db      	lsls	r3, r3, #3
200005da:	18c0      	adds	r0, r0, r3
200005dc:	30dc      	adds	r0, #220	@ 0xdc
200005de:	6801      	ldr	r1, [r0, #0]
200005e0:	4b19      	ldr	r3, [pc, #100]	@ (20000648 <usb_tx_configure_pins+0x78>)
200005e2:	4019      	ands	r1, r3
200005e4:	2380      	movs	r3, #128	@ 0x80
200005e6:	4311      	orrs	r1, r2
200005e8:	039b      	lsls	r3, r3, #14
200005ea:	430b      	orrs	r3, r1
200005ec:	6003      	str	r3, [r0, #0]
200005ee:	6801      	ldr	r1, [r0, #0]
200005f0:	4b16      	ldr	r3, [pc, #88]	@ (2000064c <usb_tx_configure_pins+0x7c>)
200005f2:	4019      	ands	r1, r3
200005f4:	0153      	lsls	r3, r2, #5
200005f6:	4319      	orrs	r1, r3
200005f8:	2380      	movs	r3, #128	@ 0x80
200005fa:	051b      	lsls	r3, r3, #20
200005fc:	430b      	orrs	r3, r1
200005fe:	6003      	str	r3, [r0, #0]
20000600:	6803      	ldr	r3, [r0, #0]
20000602:	4913      	ldr	r1, [pc, #76]	@ (20000650 <usb_tx_configure_pins+0x80>)
20000604:	0292      	lsls	r2, r2, #10
20000606:	400b      	ands	r3, r1
20000608:	4313      	orrs	r3, r2
2000060a:	6003      	str	r3, [r0, #0]
2000060c:	4770      	bx	lr
2000060e:	004a      	lsls	r2, r1, #1
20000610:	1852      	adds	r2, r2, r1
20000612:	00d2      	lsls	r2, r2, #3
20000614:	1880      	adds	r0, r0, r2
20000616:	30dc      	adds	r0, #220	@ 0xdc
20000618:	6801      	ldr	r1, [r0, #0]
2000061a:	4a0b      	ldr	r2, [pc, #44]	@ (20000648 <usb_tx_configure_pins+0x78>)
2000061c:	4011      	ands	r1, r2
2000061e:	2280      	movs	r2, #128	@ 0x80
20000620:	4319      	orrs	r1, r3
20000622:	0392      	lsls	r2, r2, #14
20000624:	430a      	orrs	r2, r1
20000626:	6002      	str	r2, [r0, #0]
20000628:	6801      	ldr	r1, [r0, #0]
2000062a:	4a08      	ldr	r2, [pc, #32]	@ (2000064c <usb_tx_configure_pins+0x7c>)
2000062c:	4011      	ands	r1, r2
2000062e:	015a      	lsls	r2, r3, #5
20000630:	4311      	orrs	r1, r2
20000632:	2280      	movs	r2, #128	@ 0x80
20000634:	0512      	lsls	r2, r2, #20
20000636:	430a      	orrs	r2, r1
20000638:	6002      	str	r2, [r0, #0]
2000063a:	6802      	ldr	r2, [r0, #0]
2000063c:	4904      	ldr	r1, [pc, #16]	@ (20000650 <usb_tx_configure_pins+0x80>)
2000063e:	029b      	lsls	r3, r3, #10
20000640:	400a      	ands	r2, r1
20000642:	4313      	orrs	r3, r2
20000644:	6003      	str	r3, [r0, #0]
20000646:	e7e1      	b.n	2000060c <usb_tx_configure_pins+0x3c>
20000648:	fc0fffe0 	.word	0xfc0fffe0
2000064c:	e3fffc1f 	.word	0xe3fffc1f
20000650:	ffff83ff 	.word	0xffff83ff

20000654 <send_pre>:
20000654:	b5f0      	push	{r4, r5, r6, r7, lr}
20000656:	4657      	mov	r7, sl
20000658:	464e      	mov	r6, r9
2000065a:	4645      	mov	r5, r8
2000065c:	46de      	mov	lr, fp
2000065e:	214a      	movs	r1, #74	@ 0x4a
20000660:	2248      	movs	r2, #72	@ 0x48
20000662:	6c03      	ldr	r3, [r0, #64]	@ 0x40
20000664:	b5e0      	push	{r5, r6, r7, lr}
20000666:	6884      	ldr	r4, [r0, #8]
20000668:	681d      	ldr	r5, [r3, #0]
2000066a:	6803      	ldr	r3, [r0, #0]
2000066c:	882d      	ldrh	r5, [r5, #0]
2000066e:	00a4      	lsls	r4, r4, #2
20000670:	191c      	adds	r4, r3, r4
20000672:	b083      	sub	sp, #12
20000674:	64a5      	str	r5, [r4, #72]	@ 0x48
20000676:	5c41      	ldrb	r1, [r0, r1]
20000678:	5a82      	ldrh	r2, [r0, r2]
2000067a:	0209      	lsls	r1, r1, #8
2000067c:	0412      	lsls	r2, r2, #16
2000067e:	4311      	orrs	r1, r2
20000680:	2201      	movs	r2, #1
20000682:	4691      	mov	r9, r2
20000684:	6842      	ldr	r2, [r0, #4]
20000686:	68c5      	ldr	r5, [r0, #12]
20000688:	4694      	mov	ip, r2
2000068a:	22a0      	movs	r2, #160	@ 0xa0
2000068c:	05d2      	lsls	r2, r2, #23
2000068e:	4692      	mov	sl, r2
20000690:	6a87      	ldr	r7, [r0, #40]	@ 0x28
20000692:	01ad      	lsls	r5, r5, #6
20000694:	4455      	add	r5, sl
20000696:	46ba      	mov	sl, r7
20000698:	27c8      	movs	r7, #200	@ 0xc8
2000069a:	4662      	mov	r2, ip
2000069c:	4688      	mov	r8, r1
2000069e:	4661      	mov	r1, ip
200006a0:	46bb      	mov	fp, r7
200006a2:	0052      	lsls	r2, r2, #1
200006a4:	1851      	adds	r1, r2, r1
200006a6:	00c9      	lsls	r1, r1, #3
200006a8:	4e2e      	ldr	r6, [pc, #184]	@ (20000764 <send_pre+0x110>)
200006aa:	1859      	adds	r1, r3, r1
200006ac:	448b      	add	fp, r1
200006ae:	465f      	mov	r7, fp
200006b0:	9601      	str	r6, [sp, #4]
200006b2:	4646      	mov	r6, r8
200006b4:	603e      	str	r6, [r7, #0]
200006b6:	4656      	mov	r6, sl
200006b8:	31d8      	adds	r1, #216	@ 0xd8
200006ba:	600e      	str	r6, [r1, #0]
200006bc:	4649      	mov	r1, r9
200006be:	9f01      	ldr	r7, [sp, #4]
200006c0:	6319      	str	r1, [r3, #48]	@ 0x30
200006c2:	3104      	adds	r1, #4
200006c4:	602f      	str	r7, [r5, #0]
200006c6:	61e9      	str	r1, [r5, #28]
200006c8:	2501      	movs	r5, #1
200006ca:	6b19      	ldr	r1, [r3, #48]	@ 0x30
200006cc:	420d      	tst	r5, r1
200006ce:	d0fb      	beq.n	200006c8 <send_pre+0x74>
200006d0:	4661      	mov	r1, ip
200006d2:	2601      	movs	r6, #1
200006d4:	3118      	adds	r1, #24
200006d6:	408e      	lsls	r6, r1
200006d8:	609e      	str	r6, [r3, #8]
200006da:	6899      	ldr	r1, [r3, #8]
200006dc:	420e      	tst	r6, r1
200006de:	d0fc      	beq.n	200006da <send_pre+0x86>
200006e0:	2101      	movs	r1, #1
200006e2:	4666      	mov	r6, ip
200006e4:	000d      	movs	r5, r1
200006e6:	40b5      	lsls	r5, r6
200006e8:	4462      	add	r2, ip
200006ea:	46ac      	mov	ip, r5
200006ec:	2559      	movs	r5, #89	@ 0x59
200006ee:	5541      	strb	r1, [r0, r5]
200006f0:	3d07      	subs	r5, #7
200006f2:	46aa      	mov	sl, r5
200006f4:	3d02      	subs	r5, #2
200006f6:	46a9      	mov	r9, r5
200006f8:	6bc5      	ldr	r5, [r0, #60]	@ 0x3c
200006fa:	4666      	mov	r6, ip
200006fc:	682d      	ldr	r5, [r5, #0]
200006fe:	69c7      	ldr	r7, [r0, #28]
20000700:	882d      	ldrh	r5, [r5, #0]
20000702:	40b9      	lsls	r1, r7
20000704:	46ab      	mov	fp, r5
20000706:	681d      	ldr	r5, [r3, #0]
20000708:	00d2      	lsls	r2, r2, #3
2000070a:	43b5      	bics	r5, r6
2000070c:	601d      	str	r5, [r3, #0]
2000070e:	465d      	mov	r5, fp
20000710:	64a5      	str	r5, [r4, #72]	@ 0x48
20000712:	4654      	mov	r4, sl
20000714:	464d      	mov	r5, r9
20000716:	5d04      	ldrb	r4, [r0, r4]
20000718:	5b45      	ldrh	r5, [r0, r5]
2000071a:	189a      	adds	r2, r3, r2
2000071c:	042d      	lsls	r5, r5, #16
2000071e:	0224      	lsls	r4, r4, #8
20000720:	432c      	orrs	r4, r5
20000722:	32c8      	adds	r2, #200	@ 0xc8
20000724:	6014      	str	r4, [r2, #0]
20000726:	681a      	ldr	r2, [r3, #0]
20000728:	2554      	movs	r5, #84	@ 0x54
2000072a:	4332      	orrs	r2, r6
2000072c:	601a      	str	r2, [r3, #0]
2000072e:	6902      	ldr	r2, [r0, #16]
20000730:	007b      	lsls	r3, r7, #1
20000732:	6814      	ldr	r4, [r2, #0]
20000734:	19db      	adds	r3, r3, r7
20000736:	438c      	bics	r4, r1
20000738:	6014      	str	r4, [r2, #0]
2000073a:	2456      	movs	r4, #86	@ 0x56
2000073c:	5b45      	ldrh	r5, [r0, r5]
2000073e:	5d04      	ldrb	r4, [r0, r4]
20000740:	00db      	lsls	r3, r3, #3
20000742:	18d3      	adds	r3, r2, r3
20000744:	0220      	lsls	r0, r4, #8
20000746:	042d      	lsls	r5, r5, #16
20000748:	33c8      	adds	r3, #200	@ 0xc8
2000074a:	4328      	orrs	r0, r5
2000074c:	6018      	str	r0, [r3, #0]
2000074e:	6813      	ldr	r3, [r2, #0]
20000750:	430b      	orrs	r3, r1
20000752:	6013      	str	r3, [r2, #0]
20000754:	b003      	add	sp, #12
20000756:	bcf0      	pop	{r4, r5, r6, r7}
20000758:	46bb      	mov	fp, r7
2000075a:	46b2      	mov	sl, r6
2000075c:	46a9      	mov	r9, r5
2000075e:	46a0      	mov	r8, r4
20000760:	bdf0      	pop	{r4, r5, r6, r7, pc}
20000762:	46c0      	nop			@ (mov r8, r8)
20000764:	200060f4 	.word	0x200060f4

20000768 <pio_usb_ll_encode_tx_data.constprop.1>:
20000768:	2301      	movs	r3, #1
2000076a:	b5f0      	push	{r4, r5, r6, r7, lr}
2000076c:	4645      	mov	r5, r8
2000076e:	46de      	mov	lr, fp
20000770:	4657      	mov	r7, sl
20000772:	464e      	mov	r6, r9
20000774:	4698      	mov	r8, r3
20000776:	0003      	movs	r3, r0
20000778:	2201      	movs	r2, #1
2000077a:	b5e0      	push	{r5, r6, r7, lr}
2000077c:	3304      	adds	r3, #4
2000077e:	b083      	sub	sp, #12
20000780:	9000      	str	r0, [sp, #0]
20000782:	9301      	str	r3, [sp, #4]
20000784:	2406      	movs	r4, #6
20000786:	2300      	movs	r3, #0
20000788:	2000      	movs	r0, #0
2000078a:	4694      	mov	ip, r2
2000078c:	e0b7      	b.n	200008fe <pio_usb_ll_encode_tx_data.constprop.1+0x196>
2000078e:	4643      	mov	r3, r8
20000790:	2b00      	cmp	r3, #0
20000792:	d100      	bne.n	20000796 <pio_usb_ll_encode_tx_data.constprop.1+0x2e>
20000794:	e20f      	b.n	20000bb6 <pio_usb_ll_encode_tx_data.constprop.1+0x44e>
20000796:	2303      	movs	r3, #3
20000798:	2400      	movs	r4, #0
2000079a:	431e      	orrs	r6, r3
2000079c:	b2f6      	uxtb	r6, r6
2000079e:	2306      	movs	r3, #6
200007a0:	469b      	mov	fp, r3
200007a2:	08ab      	lsrs	r3, r5, #2
200007a4:	4699      	mov	r9, r3
200007a6:	7006      	strb	r6, [r0, #0]
200007a8:	464b      	mov	r3, r9
200007aa:	2702      	movs	r7, #2
200007ac:	b2d8      	uxtb	r0, r3
200007ae:	5c0b      	ldrb	r3, [r1, r0]
200007b0:	1c6e      	adds	r6, r5, #1
200007b2:	009b      	lsls	r3, r3, #2
200007b4:	1808      	adds	r0, r1, r0
200007b6:	b2db      	uxtb	r3, r3
200007b8:	b2b6      	uxth	r6, r6
200007ba:	4217      	tst	r7, r2
200007bc:	d000      	beq.n	200007c0 <pio_usb_ll_encode_tx_data.constprop.1+0x58>
200007be:	e1c9      	b.n	20000b54 <pio_usb_ll_encode_tx_data.constprop.1+0x3ec>
200007c0:	2c00      	cmp	r4, #0
200007c2:	d100      	bne.n	200007c6 <pio_usb_ll_encode_tx_data.constprop.1+0x5e>
200007c4:	e209      	b.n	20000bda <pio_usb_ll_encode_tx_data.constprop.1+0x472>
200007c6:	2403      	movs	r4, #3
200007c8:	4323      	orrs	r3, r4
200007ca:	2400      	movs	r4, #0
200007cc:	46a3      	mov	fp, r4
200007ce:	b2db      	uxtb	r3, r3
200007d0:	7003      	strb	r3, [r0, #0]
200007d2:	2306      	movs	r3, #6
200007d4:	4699      	mov	r9, r3
200007d6:	08b3      	lsrs	r3, r6, #2
200007d8:	4698      	mov	r8, r3
200007da:	4643      	mov	r3, r8
200007dc:	2004      	movs	r0, #4
200007de:	b2dc      	uxtb	r4, r3
200007e0:	5d0b      	ldrb	r3, [r1, r4]
200007e2:	1c75      	adds	r5, r6, #1
200007e4:	009b      	lsls	r3, r3, #2
200007e6:	190c      	adds	r4, r1, r4
200007e8:	b2db      	uxtb	r3, r3
200007ea:	b2ad      	uxth	r5, r5
200007ec:	4210      	tst	r0, r2
200007ee:	d000      	beq.n	200007f2 <pio_usb_ll_encode_tx_data.constprop.1+0x8a>
200007f0:	e18d      	b.n	20000b0e <pio_usb_ll_encode_tx_data.constprop.1+0x3a6>
200007f2:	4658      	mov	r0, fp
200007f4:	2800      	cmp	r0, #0
200007f6:	d100      	bne.n	200007fa <pio_usb_ll_encode_tx_data.constprop.1+0x92>
200007f8:	e202      	b.n	20000c00 <pio_usb_ll_encode_tx_data.constprop.1+0x498>
200007fa:	2003      	movs	r0, #3
200007fc:	4303      	orrs	r3, r0
200007fe:	2000      	movs	r0, #0
20000800:	4681      	mov	r9, r0
20000802:	b2db      	uxtb	r3, r3
20000804:	7023      	strb	r3, [r4, #0]
20000806:	2306      	movs	r3, #6
20000808:	469a      	mov	sl, r3
2000080a:	08a8      	lsrs	r0, r5, #2
2000080c:	2408      	movs	r4, #8
2000080e:	b2c0      	uxtb	r0, r0
20000810:	5c0b      	ldrb	r3, [r1, r0]
20000812:	1c6e      	adds	r6, r5, #1
20000814:	009b      	lsls	r3, r3, #2
20000816:	1808      	adds	r0, r1, r0
20000818:	b2db      	uxtb	r3, r3
2000081a:	b2b6      	uxth	r6, r6
2000081c:	4214      	tst	r4, r2
2000081e:	d000      	beq.n	20000822 <pio_usb_ll_encode_tx_data.constprop.1+0xba>
20000820:	e151      	b.n	20000ac6 <pio_usb_ll_encode_tx_data.constprop.1+0x35e>
20000822:	464c      	mov	r4, r9
20000824:	2c00      	cmp	r4, #0
20000826:	d100      	bne.n	2000082a <pio_usb_ll_encode_tx_data.constprop.1+0xc2>
20000828:	e1fe      	b.n	20000c28 <pio_usb_ll_encode_tx_data.constprop.1+0x4c0>
2000082a:	2403      	movs	r4, #3
2000082c:	4323      	orrs	r3, r4
2000082e:	2400      	movs	r4, #0
20000830:	46a2      	mov	sl, r4
20000832:	b2db      	uxtb	r3, r3
20000834:	7003      	strb	r3, [r0, #0]
20000836:	2306      	movs	r3, #6
20000838:	4698      	mov	r8, r3
2000083a:	08b4      	lsrs	r4, r6, #2
2000083c:	b2e4      	uxtb	r4, r4
2000083e:	5d0b      	ldrb	r3, [r1, r4]
20000840:	1c75      	adds	r5, r6, #1
20000842:	009b      	lsls	r3, r3, #2
20000844:	190c      	adds	r4, r1, r4
20000846:	b2db      	uxtb	r3, r3
20000848:	b2ad      	uxth	r5, r5
2000084a:	06d0      	lsls	r0, r2, #27
2000084c:	d500      	bpl.n	20000850 <pio_usb_ll_encode_tx_data.constprop.1+0xe8>
2000084e:	e116      	b.n	20000a7e <pio_usb_ll_encode_tx_data.constprop.1+0x316>
20000850:	4650      	mov	r0, sl
20000852:	2800      	cmp	r0, #0
20000854:	d100      	bne.n	20000858 <pio_usb_ll_encode_tx_data.constprop.1+0xf0>
20000856:	e1fb      	b.n	20000c50 <pio_usb_ll_encode_tx_data.constprop.1+0x4e8>
20000858:	2003      	movs	r0, #3
2000085a:	4303      	orrs	r3, r0
2000085c:	2000      	movs	r0, #0
2000085e:	4680      	mov	r8, r0
20000860:	b2db      	uxtb	r3, r3
20000862:	7023      	strb	r3, [r4, #0]
20000864:	2306      	movs	r3, #6
20000866:	4699      	mov	r9, r3
20000868:	08a8      	lsrs	r0, r5, #2
2000086a:	b2c0      	uxtb	r0, r0
2000086c:	5c0b      	ldrb	r3, [r1, r0]
2000086e:	1c6e      	adds	r6, r5, #1
20000870:	009b      	lsls	r3, r3, #2
20000872:	1808      	adds	r0, r1, r0
20000874:	b2db      	uxtb	r3, r3
20000876:	b2b6      	uxth	r6, r6
20000878:	0694      	lsls	r4, r2, #26
2000087a:	d500      	bpl.n	2000087e <pio_usb_ll_encode_tx_data.constprop.1+0x116>
2000087c:	e0db      	b.n	20000a36 <pio_usb_ll_encode_tx_data.constprop.1+0x2ce>
2000087e:	4644      	mov	r4, r8
20000880:	2c00      	cmp	r4, #0
20000882:	d100      	bne.n	20000886 <pio_usb_ll_encode_tx_data.constprop.1+0x11e>
20000884:	e211      	b.n	20000caa <pio_usb_ll_encode_tx_data.constprop.1+0x542>
20000886:	2403      	movs	r4, #3
20000888:	4323      	orrs	r3, r4
2000088a:	2400      	movs	r4, #0
2000088c:	46a1      	mov	r9, r4
2000088e:	b2db      	uxtb	r3, r3
20000890:	7003      	strb	r3, [r0, #0]
20000892:	2306      	movs	r3, #6
20000894:	469a      	mov	sl, r3
20000896:	08b4      	lsrs	r4, r6, #2
20000898:	b2e4      	uxtb	r4, r4
2000089a:	5d0b      	ldrb	r3, [r1, r4]
2000089c:	1c75      	adds	r5, r6, #1
2000089e:	009b      	lsls	r3, r3, #2
200008a0:	190c      	adds	r4, r1, r4
200008a2:	b2db      	uxtb	r3, r3
200008a4:	b2ad      	uxth	r5, r5
200008a6:	0650      	lsls	r0, r2, #25
200008a8:	d500      	bpl.n	200008ac <pio_usb_ll_encode_tx_data.constprop.1+0x144>
200008aa:	e0a1      	b.n	200009f0 <pio_usb_ll_encode_tx_data.constprop.1+0x288>
200008ac:	4648      	mov	r0, r9
200008ae:	2800      	cmp	r0, #0
200008b0:	d100      	bne.n	200008b4 <pio_usb_ll_encode_tx_data.constprop.1+0x14c>
200008b2:	e1e0      	b.n	20000c76 <pio_usb_ll_encode_tx_data.constprop.1+0x50e>
200008b4:	2003      	movs	r0, #3
200008b6:	4303      	orrs	r3, r0
200008b8:	2000      	movs	r0, #0
200008ba:	4682      	mov	sl, r0
200008bc:	b2db      	uxtb	r3, r3
200008be:	7023      	strb	r3, [r4, #0]
200008c0:	2306      	movs	r3, #6
200008c2:	4698      	mov	r8, r3
200008c4:	08a8      	lsrs	r0, r5, #2
200008c6:	b2c0      	uxtb	r0, r0
200008c8:	5c0e      	ldrb	r6, [r1, r0]
200008ca:	1c6b      	adds	r3, r5, #1
200008cc:	00b6      	lsls	r6, r6, #2
200008ce:	09d4      	lsrs	r4, r2, #7
200008d0:	b2f6      	uxtb	r6, r6
200008d2:	180a      	adds	r2, r1, r0
200008d4:	b29b      	uxth	r3, r3
200008d6:	2c00      	cmp	r4, #0
200008d8:	d141      	bne.n	2000095e <pio_usb_ll_encode_tx_data.constprop.1+0x1f6>
200008da:	4650      	mov	r0, sl
200008dc:	2800      	cmp	r0, #0
200008de:	d100      	bne.n	200008e2 <pio_usb_ll_encode_tx_data.constprop.1+0x17a>
200008e0:	e1cf      	b.n	20000c82 <pio_usb_ll_encode_tx_data.constprop.1+0x51a>
200008e2:	2003      	movs	r0, #3
200008e4:	4306      	orrs	r6, r0
200008e6:	2000      	movs	r0, #0
200008e8:	4680      	mov	r8, r0
200008ea:	b2f6      	uxtb	r6, r6
200008ec:	2406      	movs	r4, #6
200008ee:	7016      	strb	r6, [r2, #0]
200008f0:	0898      	lsrs	r0, r3, #2
200008f2:	9a00      	ldr	r2, [sp, #0]
200008f4:	9d01      	ldr	r5, [sp, #4]
200008f6:	3201      	adds	r2, #1
200008f8:	9200      	str	r2, [sp, #0]
200008fa:	4295      	cmp	r5, r2
200008fc:	d052      	beq.n	200009a4 <pio_usb_ll_encode_tx_data.constprop.1+0x23c>
200008fe:	2701      	movs	r7, #1
20000900:	b2c0      	uxtb	r0, r0
20000902:	9a00      	ldr	r2, [sp, #0]
20000904:	5c0e      	ldrb	r6, [r1, r0]
20000906:	7812      	ldrb	r2, [r2, #0]
20000908:	00b6      	lsls	r6, r6, #2
2000090a:	1c5d      	adds	r5, r3, #1
2000090c:	1808      	adds	r0, r1, r0
2000090e:	b2f6      	uxtb	r6, r6
20000910:	b2ad      	uxth	r5, r5
20000912:	4217      	tst	r7, r2
20000914:	d100      	bne.n	20000918 <pio_usb_ll_encode_tx_data.constprop.1+0x1b0>
20000916:	e73a      	b.n	2000078e <pio_usb_ll_encode_tx_data.constprop.1+0x26>
20000918:	08af      	lsrs	r7, r5, #2
2000091a:	46b9      	mov	r9, r7
2000091c:	b2ff      	uxtb	r7, r7
2000091e:	46ba      	mov	sl, r7
20000920:	1e67      	subs	r7, r4, #1
20000922:	46bb      	mov	fp, r7
20000924:	4647      	mov	r7, r8
20000926:	448a      	add	sl, r1
20000928:	2f00      	cmp	r7, #0
2000092a:	d100      	bne.n	2000092e <pio_usb_ll_encode_tx_data.constprop.1+0x1c6>
2000092c:	e196      	b.n	20000c5c <pio_usb_ll_encode_tx_data.constprop.1+0x4f4>
2000092e:	4664      	mov	r4, ip
20000930:	4326      	orrs	r6, r4
20000932:	7006      	strb	r6, [r0, #0]
20000934:	4658      	mov	r0, fp
20000936:	2800      	cmp	r0, #0
20000938:	d10f      	bne.n	2000095a <pio_usb_ll_encode_tx_data.constprop.1+0x1f2>
2000093a:	4650      	mov	r0, sl
2000093c:	2403      	movs	r4, #3
2000093e:	7800      	ldrb	r0, [r0, #0]
20000940:	0080      	lsls	r0, r0, #2
20000942:	4320      	orrs	r0, r4
20000944:	2400      	movs	r4, #0
20000946:	b2c0      	uxtb	r0, r0
20000948:	4655      	mov	r5, sl
2000094a:	3302      	adds	r3, #2
2000094c:	7028      	strb	r0, [r5, #0]
2000094e:	b29d      	uxth	r5, r3
20000950:	2306      	movs	r3, #6
20000952:	469b      	mov	fp, r3
20000954:	08ab      	lsrs	r3, r5, #2
20000956:	4699      	mov	r9, r3
20000958:	e726      	b.n	200007a8 <pio_usb_ll_encode_tx_data.constprop.1+0x40>
2000095a:	4644      	mov	r4, r8
2000095c:	e724      	b.n	200007a8 <pio_usb_ll_encode_tx_data.constprop.1+0x40>
2000095e:	0898      	lsrs	r0, r3, #2
20000960:	b2c4      	uxtb	r4, r0
20000962:	46a1      	mov	r9, r4
20000964:	4657      	mov	r7, sl
20000966:	4644      	mov	r4, r8
20000968:	4489      	add	r9, r1
2000096a:	3c01      	subs	r4, #1
2000096c:	2f00      	cmp	r7, #0
2000096e:	d100      	bne.n	20000972 <pio_usb_ll_encode_tx_data.constprop.1+0x20a>
20000970:	e18d      	b.n	20000c8e <pio_usb_ll_encode_tx_data.constprop.1+0x526>
20000972:	4667      	mov	r7, ip
20000974:	433e      	orrs	r6, r7
20000976:	7016      	strb	r6, [r2, #0]
20000978:	2c00      	cmp	r4, #0
2000097a:	d137      	bne.n	200009ec <pio_usb_ll_encode_tx_data.constprop.1+0x284>
2000097c:	464b      	mov	r3, r9
2000097e:	2203      	movs	r2, #3
20000980:	781b      	ldrb	r3, [r3, #0]
20000982:	009b      	lsls	r3, r3, #2
20000984:	4313      	orrs	r3, r2
20000986:	2200      	movs	r2, #0
20000988:	4690      	mov	r8, r2
2000098a:	b2db      	uxtb	r3, r3
2000098c:	464a      	mov	r2, r9
2000098e:	3502      	adds	r5, #2
20000990:	7013      	strb	r3, [r2, #0]
20000992:	9a00      	ldr	r2, [sp, #0]
20000994:	b2ab      	uxth	r3, r5
20000996:	9d01      	ldr	r5, [sp, #4]
20000998:	3201      	adds	r2, #1
2000099a:	2406      	movs	r4, #6
2000099c:	0898      	lsrs	r0, r3, #2
2000099e:	9200      	str	r2, [sp, #0]
200009a0:	4295      	cmp	r5, r2
200009a2:	d1ac      	bne.n	200008fe <pio_usb_ll_encode_tx_data.constprop.1+0x196>
200009a4:	2402      	movs	r4, #2
200009a6:	b2c0      	uxtb	r0, r0
200009a8:	5c0a      	ldrb	r2, [r1, r0]
200009aa:	2601      	movs	r6, #1
200009ac:	0092      	lsls	r2, r2, #2
200009ae:	540a      	strb	r2, [r1, r0]
200009b0:	1c5a      	adds	r2, r3, #1
200009b2:	0592      	lsls	r2, r2, #22
200009b4:	0e12      	lsrs	r2, r2, #24
200009b6:	5c88      	ldrb	r0, [r1, r2]
200009b8:	3302      	adds	r3, #2
200009ba:	0080      	lsls	r0, r0, #2
200009bc:	4320      	orrs	r0, r4
200009be:	b29b      	uxth	r3, r3
200009c0:	5488      	strb	r0, [r1, r2]
200009c2:	2503      	movs	r5, #3
200009c4:	0018      	movs	r0, r3
200009c6:	0882      	lsrs	r2, r0, #2
200009c8:	b2d2      	uxtb	r2, r2
200009ca:	5c8b      	ldrb	r3, [r1, r2]
200009cc:	1c44      	adds	r4, r0, #1
200009ce:	009b      	lsls	r3, r3, #2
200009d0:	4333      	orrs	r3, r6
200009d2:	548b      	strb	r3, [r1, r2]
200009d4:	b2a0      	uxth	r0, r4
200009d6:	422c      	tst	r4, r5
200009d8:	d1f5      	bne.n	200009c6 <pio_usb_ll_encode_tx_data.constprop.1+0x25e>
200009da:	0883      	lsrs	r3, r0, #2
200009dc:	b2d8      	uxtb	r0, r3
200009de:	b003      	add	sp, #12
200009e0:	bcf0      	pop	{r4, r5, r6, r7}
200009e2:	46bb      	mov	fp, r7
200009e4:	46b2      	mov	sl, r6
200009e6:	46a9      	mov	r9, r5
200009e8:	46a0      	mov	r8, r4
200009ea:	bdf0      	pop	{r4, r5, r6, r7, pc}
200009ec:	46d0      	mov	r8, sl
200009ee:	e780      	b.n	200008f2 <pio_usb_ll_encode_tx_data.constprop.1+0x18a>
200009f0:	08a8      	lsrs	r0, r5, #2
200009f2:	b2c7      	uxtb	r7, r0
200009f4:	46bb      	mov	fp, r7
200009f6:	2701      	movs	r7, #1
200009f8:	427f      	negs	r7, r7
200009fa:	4457      	add	r7, sl
200009fc:	46b8      	mov	r8, r7
200009fe:	464f      	mov	r7, r9
20000a00:	448b      	add	fp, r1
20000a02:	2f00      	cmp	r7, #0
20000a04:	d100      	bne.n	20000a08 <pio_usb_ll_encode_tx_data.constprop.1+0x2a0>
20000a06:	e156      	b.n	20000cb6 <pio_usb_ll_encode_tx_data.constprop.1+0x54e>
20000a08:	4667      	mov	r7, ip
20000a0a:	433b      	orrs	r3, r7
20000a0c:	7023      	strb	r3, [r4, #0]
20000a0e:	4643      	mov	r3, r8
20000a10:	2b00      	cmp	r3, #0
20000a12:	d000      	beq.n	20000a16 <pio_usb_ll_encode_tx_data.constprop.1+0x2ae>
20000a14:	e15c      	b.n	20000cd0 <pio_usb_ll_encode_tx_data.constprop.1+0x568>
20000a16:	465b      	mov	r3, fp
20000a18:	2003      	movs	r0, #3
20000a1a:	781b      	ldrb	r3, [r3, #0]
20000a1c:	009b      	lsls	r3, r3, #2
20000a1e:	4303      	orrs	r3, r0
20000a20:	2000      	movs	r0, #0
20000a22:	4682      	mov	sl, r0
20000a24:	b2db      	uxtb	r3, r3
20000a26:	4658      	mov	r0, fp
20000a28:	7003      	strb	r3, [r0, #0]
20000a2a:	2306      	movs	r3, #6
20000a2c:	3602      	adds	r6, #2
20000a2e:	b2b5      	uxth	r5, r6
20000a30:	4698      	mov	r8, r3
20000a32:	08a8      	lsrs	r0, r5, #2
20000a34:	e747      	b.n	200008c6 <pio_usb_ll_encode_tx_data.constprop.1+0x15e>
20000a36:	08b4      	lsrs	r4, r6, #2
20000a38:	b2e7      	uxtb	r7, r4
20000a3a:	46bb      	mov	fp, r7
20000a3c:	2701      	movs	r7, #1
20000a3e:	427f      	negs	r7, r7
20000a40:	444f      	add	r7, r9
20000a42:	46ba      	mov	sl, r7
20000a44:	4647      	mov	r7, r8
20000a46:	448b      	add	fp, r1
20000a48:	2f00      	cmp	r7, #0
20000a4a:	d100      	bne.n	20000a4e <pio_usb_ll_encode_tx_data.constprop.1+0x2e6>
20000a4c:	e0f2      	b.n	20000c34 <pio_usb_ll_encode_tx_data.constprop.1+0x4cc>
20000a4e:	4667      	mov	r7, ip
20000a50:	433b      	orrs	r3, r7
20000a52:	7003      	strb	r3, [r0, #0]
20000a54:	4653      	mov	r3, sl
20000a56:	2b00      	cmp	r3, #0
20000a58:	d10f      	bne.n	20000a7a <pio_usb_ll_encode_tx_data.constprop.1+0x312>
20000a5a:	465b      	mov	r3, fp
20000a5c:	2003      	movs	r0, #3
20000a5e:	781b      	ldrb	r3, [r3, #0]
20000a60:	009b      	lsls	r3, r3, #2
20000a62:	4303      	orrs	r3, r0
20000a64:	2000      	movs	r0, #0
20000a66:	4681      	mov	r9, r0
20000a68:	b2db      	uxtb	r3, r3
20000a6a:	4658      	mov	r0, fp
20000a6c:	7003      	strb	r3, [r0, #0]
20000a6e:	2306      	movs	r3, #6
20000a70:	3502      	adds	r5, #2
20000a72:	b2ae      	uxth	r6, r5
20000a74:	469a      	mov	sl, r3
20000a76:	08b4      	lsrs	r4, r6, #2
20000a78:	e70e      	b.n	20000898 <pio_usb_ll_encode_tx_data.constprop.1+0x130>
20000a7a:	46c1      	mov	r9, r8
20000a7c:	e70c      	b.n	20000898 <pio_usb_ll_encode_tx_data.constprop.1+0x130>
20000a7e:	08a8      	lsrs	r0, r5, #2
20000a80:	b2c7      	uxtb	r7, r0
20000a82:	46bb      	mov	fp, r7
20000a84:	2701      	movs	r7, #1
20000a86:	427f      	negs	r7, r7
20000a88:	4447      	add	r7, r8
20000a8a:	46b9      	mov	r9, r7
20000a8c:	4657      	mov	r7, sl
20000a8e:	448b      	add	fp, r1
20000a90:	2f00      	cmp	r7, #0
20000a92:	d100      	bne.n	20000a96 <pio_usb_ll_encode_tx_data.constprop.1+0x32e>
20000a94:	e0ba      	b.n	20000c0c <pio_usb_ll_encode_tx_data.constprop.1+0x4a4>
20000a96:	4667      	mov	r7, ip
20000a98:	433b      	orrs	r3, r7
20000a9a:	7023      	strb	r3, [r4, #0]
20000a9c:	464b      	mov	r3, r9
20000a9e:	2b00      	cmp	r3, #0
20000aa0:	d10f      	bne.n	20000ac2 <pio_usb_ll_encode_tx_data.constprop.1+0x35a>
20000aa2:	465b      	mov	r3, fp
20000aa4:	2003      	movs	r0, #3
20000aa6:	781b      	ldrb	r3, [r3, #0]
20000aa8:	009b      	lsls	r3, r3, #2
20000aaa:	4303      	orrs	r3, r0
20000aac:	2000      	movs	r0, #0
20000aae:	4680      	mov	r8, r0
20000ab0:	b2db      	uxtb	r3, r3
20000ab2:	4658      	mov	r0, fp
20000ab4:	7003      	strb	r3, [r0, #0]
20000ab6:	2306      	movs	r3, #6
20000ab8:	3602      	adds	r6, #2
20000aba:	b2b5      	uxth	r5, r6
20000abc:	4699      	mov	r9, r3
20000abe:	08a8      	lsrs	r0, r5, #2
20000ac0:	e6d3      	b.n	2000086a <pio_usb_ll_encode_tx_data.constprop.1+0x102>
20000ac2:	46d0      	mov	r8, sl
20000ac4:	e6d1      	b.n	2000086a <pio_usb_ll_encode_tx_data.constprop.1+0x102>
20000ac6:	08b4      	lsrs	r4, r6, #2
20000ac8:	b2e7      	uxtb	r7, r4
20000aca:	46bb      	mov	fp, r7
20000acc:	2701      	movs	r7, #1
20000ace:	427f      	negs	r7, r7
20000ad0:	4457      	add	r7, sl
20000ad2:	46b8      	mov	r8, r7
20000ad4:	464f      	mov	r7, r9
20000ad6:	448b      	add	fp, r1
20000ad8:	2f00      	cmp	r7, #0
20000ada:	d100      	bne.n	20000ade <pio_usb_ll_encode_tx_data.constprop.1+0x376>
20000adc:	e083      	b.n	20000be6 <pio_usb_ll_encode_tx_data.constprop.1+0x47e>
20000ade:	4667      	mov	r7, ip
20000ae0:	433b      	orrs	r3, r7
20000ae2:	7003      	strb	r3, [r0, #0]
20000ae4:	4643      	mov	r3, r8
20000ae6:	2b00      	cmp	r3, #0
20000ae8:	d10f      	bne.n	20000b0a <pio_usb_ll_encode_tx_data.constprop.1+0x3a2>
20000aea:	465b      	mov	r3, fp
20000aec:	2003      	movs	r0, #3
20000aee:	781b      	ldrb	r3, [r3, #0]
20000af0:	009b      	lsls	r3, r3, #2
20000af2:	4303      	orrs	r3, r0
20000af4:	2000      	movs	r0, #0
20000af6:	4682      	mov	sl, r0
20000af8:	b2db      	uxtb	r3, r3
20000afa:	4658      	mov	r0, fp
20000afc:	7003      	strb	r3, [r0, #0]
20000afe:	2306      	movs	r3, #6
20000b00:	3502      	adds	r5, #2
20000b02:	b2ae      	uxth	r6, r5
20000b04:	4698      	mov	r8, r3
20000b06:	08b4      	lsrs	r4, r6, #2
20000b08:	e698      	b.n	2000083c <pio_usb_ll_encode_tx_data.constprop.1+0xd4>
20000b0a:	46ca      	mov	sl, r9
20000b0c:	e696      	b.n	2000083c <pio_usb_ll_encode_tx_data.constprop.1+0xd4>
20000b0e:	08a8      	lsrs	r0, r5, #2
20000b10:	b2c7      	uxtb	r7, r0
20000b12:	46b8      	mov	r8, r7
20000b14:	2701      	movs	r7, #1
20000b16:	427f      	negs	r7, r7
20000b18:	444f      	add	r7, r9
20000b1a:	46ba      	mov	sl, r7
20000b1c:	465f      	mov	r7, fp
20000b1e:	4488      	add	r8, r1
20000b20:	2f00      	cmp	r7, #0
20000b22:	d04d      	beq.n	20000bc0 <pio_usb_ll_encode_tx_data.constprop.1+0x458>
20000b24:	4667      	mov	r7, ip
20000b26:	433b      	orrs	r3, r7
20000b28:	7023      	strb	r3, [r4, #0]
20000b2a:	4653      	mov	r3, sl
20000b2c:	2b00      	cmp	r3, #0
20000b2e:	d10f      	bne.n	20000b50 <pio_usb_ll_encode_tx_data.constprop.1+0x3e8>
20000b30:	4643      	mov	r3, r8
20000b32:	2003      	movs	r0, #3
20000b34:	781b      	ldrb	r3, [r3, #0]
20000b36:	009b      	lsls	r3, r3, #2
20000b38:	4303      	orrs	r3, r0
20000b3a:	2000      	movs	r0, #0
20000b3c:	4681      	mov	r9, r0
20000b3e:	b2db      	uxtb	r3, r3
20000b40:	4640      	mov	r0, r8
20000b42:	7003      	strb	r3, [r0, #0]
20000b44:	2306      	movs	r3, #6
20000b46:	3602      	adds	r6, #2
20000b48:	b2b5      	uxth	r5, r6
20000b4a:	469a      	mov	sl, r3
20000b4c:	08a8      	lsrs	r0, r5, #2
20000b4e:	e65d      	b.n	2000080c <pio_usb_ll_encode_tx_data.constprop.1+0xa4>
20000b50:	46d9      	mov	r9, fp
20000b52:	e65b      	b.n	2000080c <pio_usb_ll_encode_tx_data.constprop.1+0xa4>
20000b54:	08b7      	lsrs	r7, r6, #2
20000b56:	46b8      	mov	r8, r7
20000b58:	b2ff      	uxtb	r7, r7
20000b5a:	46ba      	mov	sl, r7
20000b5c:	2701      	movs	r7, #1
20000b5e:	427f      	negs	r7, r7
20000b60:	445f      	add	r7, fp
20000b62:	46b9      	mov	r9, r7
20000b64:	448a      	add	sl, r1
20000b66:	2c00      	cmp	r4, #0
20000b68:	d018      	beq.n	20000b9c <pio_usb_ll_encode_tx_data.constprop.1+0x434>
20000b6a:	4667      	mov	r7, ip
20000b6c:	433b      	orrs	r3, r7
20000b6e:	7003      	strb	r3, [r0, #0]
20000b70:	464b      	mov	r3, r9
20000b72:	2b00      	cmp	r3, #0
20000b74:	d110      	bne.n	20000b98 <pio_usb_ll_encode_tx_data.constprop.1+0x430>
20000b76:	4653      	mov	r3, sl
20000b78:	2003      	movs	r0, #3
20000b7a:	781b      	ldrb	r3, [r3, #0]
20000b7c:	009b      	lsls	r3, r3, #2
20000b7e:	4303      	orrs	r3, r0
20000b80:	2000      	movs	r0, #0
20000b82:	4683      	mov	fp, r0
20000b84:	b2db      	uxtb	r3, r3
20000b86:	4650      	mov	r0, sl
20000b88:	7003      	strb	r3, [r0, #0]
20000b8a:	2306      	movs	r3, #6
20000b8c:	3502      	adds	r5, #2
20000b8e:	b2ae      	uxth	r6, r5
20000b90:	4699      	mov	r9, r3
20000b92:	08b3      	lsrs	r3, r6, #2
20000b94:	4698      	mov	r8, r3
20000b96:	e620      	b.n	200007da <pio_usb_ll_encode_tx_data.constprop.1+0x72>
20000b98:	46a3      	mov	fp, r4
20000b9a:	e61e      	b.n	200007da <pio_usb_ll_encode_tx_data.constprop.1+0x72>
20000b9c:	2703      	movs	r7, #3
20000b9e:	433b      	orrs	r3, r7
20000ba0:	7003      	strb	r3, [r0, #0]
20000ba2:	465b      	mov	r3, fp
20000ba4:	2b01      	cmp	r3, #1
20000ba6:	d1f7      	bne.n	20000b98 <pio_usb_ll_encode_tx_data.constprop.1+0x430>
20000ba8:	4653      	mov	r3, sl
20000baa:	4660      	mov	r0, ip
20000bac:	781b      	ldrb	r3, [r3, #0]
20000bae:	009b      	lsls	r3, r3, #2
20000bb0:	4303      	orrs	r3, r0
20000bb2:	b2db      	uxtb	r3, r3
20000bb4:	e7e7      	b.n	20000b86 <pio_usb_ll_encode_tx_data.constprop.1+0x41e>
20000bb6:	4663      	mov	r3, ip
20000bb8:	431e      	orrs	r6, r3
20000bba:	2401      	movs	r4, #1
20000bbc:	b2f6      	uxtb	r6, r6
20000bbe:	e5ee      	b.n	2000079e <pio_usb_ll_encode_tx_data.constprop.1+0x36>
20000bc0:	2703      	movs	r7, #3
20000bc2:	433b      	orrs	r3, r7
20000bc4:	7023      	strb	r3, [r4, #0]
20000bc6:	464b      	mov	r3, r9
20000bc8:	2b01      	cmp	r3, #1
20000bca:	d1c1      	bne.n	20000b50 <pio_usb_ll_encode_tx_data.constprop.1+0x3e8>
20000bcc:	4643      	mov	r3, r8
20000bce:	4660      	mov	r0, ip
20000bd0:	781b      	ldrb	r3, [r3, #0]
20000bd2:	009b      	lsls	r3, r3, #2
20000bd4:	4303      	orrs	r3, r0
20000bd6:	b2db      	uxtb	r3, r3
20000bd8:	e7b2      	b.n	20000b40 <pio_usb_ll_encode_tx_data.constprop.1+0x3d8>
20000bda:	4664      	mov	r4, ip
20000bdc:	4323      	orrs	r3, r4
20000bde:	2401      	movs	r4, #1
20000be0:	b2db      	uxtb	r3, r3
20000be2:	46a3      	mov	fp, r4
20000be4:	e5f4      	b.n	200007d0 <pio_usb_ll_encode_tx_data.constprop.1+0x68>
20000be6:	2703      	movs	r7, #3
20000be8:	433b      	orrs	r3, r7
20000bea:	7003      	strb	r3, [r0, #0]
20000bec:	4653      	mov	r3, sl
20000bee:	2b01      	cmp	r3, #1
20000bf0:	d18b      	bne.n	20000b0a <pio_usb_ll_encode_tx_data.constprop.1+0x3a2>
20000bf2:	465b      	mov	r3, fp
20000bf4:	4660      	mov	r0, ip
20000bf6:	781b      	ldrb	r3, [r3, #0]
20000bf8:	009b      	lsls	r3, r3, #2
20000bfa:	4303      	orrs	r3, r0
20000bfc:	b2db      	uxtb	r3, r3
20000bfe:	e77c      	b.n	20000afa <pio_usb_ll_encode_tx_data.constprop.1+0x392>
20000c00:	4660      	mov	r0, ip
20000c02:	4303      	orrs	r3, r0
20000c04:	2001      	movs	r0, #1
20000c06:	b2db      	uxtb	r3, r3
20000c08:	4681      	mov	r9, r0
20000c0a:	e5fb      	b.n	20000804 <pio_usb_ll_encode_tx_data.constprop.1+0x9c>
20000c0c:	2703      	movs	r7, #3
20000c0e:	433b      	orrs	r3, r7
20000c10:	7023      	strb	r3, [r4, #0]
20000c12:	4643      	mov	r3, r8
20000c14:	2b01      	cmp	r3, #1
20000c16:	d000      	beq.n	20000c1a <pio_usb_ll_encode_tx_data.constprop.1+0x4b2>
20000c18:	e753      	b.n	20000ac2 <pio_usb_ll_encode_tx_data.constprop.1+0x35a>
20000c1a:	465b      	mov	r3, fp
20000c1c:	4660      	mov	r0, ip
20000c1e:	781b      	ldrb	r3, [r3, #0]
20000c20:	009b      	lsls	r3, r3, #2
20000c22:	4303      	orrs	r3, r0
20000c24:	b2db      	uxtb	r3, r3
20000c26:	e744      	b.n	20000ab2 <pio_usb_ll_encode_tx_data.constprop.1+0x34a>
20000c28:	4664      	mov	r4, ip
20000c2a:	4323      	orrs	r3, r4
20000c2c:	2401      	movs	r4, #1
20000c2e:	b2db      	uxtb	r3, r3
20000c30:	46a2      	mov	sl, r4
20000c32:	e5ff      	b.n	20000834 <pio_usb_ll_encode_tx_data.constprop.1+0xcc>
20000c34:	2703      	movs	r7, #3
20000c36:	433b      	orrs	r3, r7
20000c38:	7003      	strb	r3, [r0, #0]
20000c3a:	464b      	mov	r3, r9
20000c3c:	2b01      	cmp	r3, #1
20000c3e:	d000      	beq.n	20000c42 <pio_usb_ll_encode_tx_data.constprop.1+0x4da>
20000c40:	e71b      	b.n	20000a7a <pio_usb_ll_encode_tx_data.constprop.1+0x312>
20000c42:	465b      	mov	r3, fp
20000c44:	4660      	mov	r0, ip
20000c46:	781b      	ldrb	r3, [r3, #0]
20000c48:	009b      	lsls	r3, r3, #2
20000c4a:	4303      	orrs	r3, r0
20000c4c:	b2db      	uxtb	r3, r3
20000c4e:	e70c      	b.n	20000a6a <pio_usb_ll_encode_tx_data.constprop.1+0x302>
20000c50:	4660      	mov	r0, ip
20000c52:	4303      	orrs	r3, r0
20000c54:	2001      	movs	r0, #1
20000c56:	b2db      	uxtb	r3, r3
20000c58:	4680      	mov	r8, r0
20000c5a:	e602      	b.n	20000862 <pio_usb_ll_encode_tx_data.constprop.1+0xfa>
20000c5c:	2703      	movs	r7, #3
20000c5e:	433e      	orrs	r6, r7
20000c60:	7006      	strb	r6, [r0, #0]
20000c62:	2c01      	cmp	r4, #1
20000c64:	d000      	beq.n	20000c68 <pio_usb_ll_encode_tx_data.constprop.1+0x500>
20000c66:	e678      	b.n	2000095a <pio_usb_ll_encode_tx_data.constprop.1+0x1f2>
20000c68:	4650      	mov	r0, sl
20000c6a:	4665      	mov	r5, ip
20000c6c:	7800      	ldrb	r0, [r0, #0]
20000c6e:	0080      	lsls	r0, r0, #2
20000c70:	4328      	orrs	r0, r5
20000c72:	b2c0      	uxtb	r0, r0
20000c74:	e668      	b.n	20000948 <pio_usb_ll_encode_tx_data.constprop.1+0x1e0>
20000c76:	4660      	mov	r0, ip
20000c78:	4303      	orrs	r3, r0
20000c7a:	2001      	movs	r0, #1
20000c7c:	b2db      	uxtb	r3, r3
20000c7e:	4682      	mov	sl, r0
20000c80:	e61d      	b.n	200008be <pio_usb_ll_encode_tx_data.constprop.1+0x156>
20000c82:	4660      	mov	r0, ip
20000c84:	4306      	orrs	r6, r0
20000c86:	2001      	movs	r0, #1
20000c88:	b2f6      	uxtb	r6, r6
20000c8a:	4680      	mov	r8, r0
20000c8c:	e62e      	b.n	200008ec <pio_usb_ll_encode_tx_data.constprop.1+0x184>
20000c8e:	2703      	movs	r7, #3
20000c90:	433e      	orrs	r6, r7
20000c92:	7016      	strb	r6, [r2, #0]
20000c94:	4642      	mov	r2, r8
20000c96:	2a01      	cmp	r2, #1
20000c98:	d000      	beq.n	20000c9c <pio_usb_ll_encode_tx_data.constprop.1+0x534>
20000c9a:	e6a7      	b.n	200009ec <pio_usb_ll_encode_tx_data.constprop.1+0x284>
20000c9c:	464b      	mov	r3, r9
20000c9e:	4662      	mov	r2, ip
20000ca0:	781b      	ldrb	r3, [r3, #0]
20000ca2:	009b      	lsls	r3, r3, #2
20000ca4:	4313      	orrs	r3, r2
20000ca6:	b2db      	uxtb	r3, r3
20000ca8:	e670      	b.n	2000098c <pio_usb_ll_encode_tx_data.constprop.1+0x224>
20000caa:	4664      	mov	r4, ip
20000cac:	4323      	orrs	r3, r4
20000cae:	2401      	movs	r4, #1
20000cb0:	b2db      	uxtb	r3, r3
20000cb2:	46a1      	mov	r9, r4
20000cb4:	e5ec      	b.n	20000890 <pio_usb_ll_encode_tx_data.constprop.1+0x128>
20000cb6:	2703      	movs	r7, #3
20000cb8:	433b      	orrs	r3, r7
20000cba:	7023      	strb	r3, [r4, #0]
20000cbc:	4653      	mov	r3, sl
20000cbe:	2b01      	cmp	r3, #1
20000cc0:	d106      	bne.n	20000cd0 <pio_usb_ll_encode_tx_data.constprop.1+0x568>
20000cc2:	465b      	mov	r3, fp
20000cc4:	4660      	mov	r0, ip
20000cc6:	781b      	ldrb	r3, [r3, #0]
20000cc8:	009b      	lsls	r3, r3, #2
20000cca:	4303      	orrs	r3, r0
20000ccc:	b2db      	uxtb	r3, r3
20000cce:	e6aa      	b.n	20000a26 <pio_usb_ll_encode_tx_data.constprop.1+0x2be>
20000cd0:	46ca      	mov	sl, r9
20000cd2:	e5f8      	b.n	200008c6 <pio_usb_ll_encode_tx_data.constprop.1+0x15e>

20000cd4 <pio_usb_ll_encode_tx_data.constprop.0.isra.0>:
20000cd4:	2301      	movs	r3, #1
20000cd6:	b5f0      	push	{r4, r5, r6, r7, lr}
20000cd8:	4645      	mov	r5, r8
20000cda:	46de      	mov	lr, fp
20000cdc:	4657      	mov	r7, sl
20000cde:	464e      	mov	r6, r9
20000ce0:	4698      	mov	r8, r3
20000ce2:	0003      	movs	r3, r0
20000ce4:	2201      	movs	r2, #1
20000ce6:	b5e0      	push	{r5, r6, r7, lr}
20000ce8:	3302      	adds	r3, #2
20000cea:	b083      	sub	sp, #12
20000cec:	9000      	str	r0, [sp, #0]
20000cee:	9301      	str	r3, [sp, #4]
20000cf0:	2406      	movs	r4, #6
20000cf2:	2300      	movs	r3, #0
20000cf4:	2000      	movs	r0, #0
20000cf6:	4694      	mov	ip, r2
20000cf8:	e0b7      	b.n	20000e6a <pio_usb_ll_encode_tx_data.constprop.0.isra.0+0x196>
20000cfa:	4643      	mov	r3, r8
20000cfc:	2b00      	cmp	r3, #0
20000cfe:	d100      	bne.n	20000d02 <pio_usb_ll_encode_tx_data.constprop.0.isra.0+0x2e>
20000d00:	e20d      	b.n	2000111e <pio_usb_ll_encode_tx_data.constprop.0.isra.0+0x44a>
20000d02:	2303      	movs	r3, #3
20000d04:	2400      	movs	r4, #0
20000d06:	431e      	orrs	r6, r3
20000d08:	b2f6      	uxtb	r6, r6
20000d0a:	2306      	movs	r3, #6
20000d0c:	469b      	mov	fp, r3
20000d0e:	08ab      	lsrs	r3, r5, #2
20000d10:	4699      	mov	r9, r3
20000d12:	7006      	strb	r6, [r0, #0]
20000d14:	464b      	mov	r3, r9
20000d16:	2702      	movs	r7, #2
20000d18:	b2d8      	uxtb	r0, r3
20000d1a:	5c0b      	ldrb	r3, [r1, r0]
20000d1c:	1c6e      	adds	r6, r5, #1
20000d1e:	009b      	lsls	r3, r3, #2
20000d20:	1808      	adds	r0, r1, r0
20000d22:	b2db      	uxtb	r3, r3
20000d24:	b2b6      	uxth	r6, r6
20000d26:	4217      	tst	r7, r2
20000d28:	d000      	beq.n	20000d2c <pio_usb_ll_encode_tx_data.constprop.0.isra.0+0x58>
20000d2a:	e1c7      	b.n	200010bc <pio_usb_ll_encode_tx_data.constprop.0.isra.0+0x3e8>
20000d2c:	2c00      	cmp	r4, #0
20000d2e:	d100      	bne.n	20000d32 <pio_usb_ll_encode_tx_data.constprop.0.isra.0+0x5e>
20000d30:	e207      	b.n	20001142 <pio_usb_ll_encode_tx_data.constprop.0.isra.0+0x46e>
20000d32:	2403      	movs	r4, #3
20000d34:	4323      	orrs	r3, r4
20000d36:	2400      	movs	r4, #0
20000d38:	46a3      	mov	fp, r4
20000d3a:	b2db      	uxtb	r3, r3
20000d3c:	7003      	strb	r3, [r0, #0]
20000d3e:	2306      	movs	r3, #6
20000d40:	4699      	mov	r9, r3
20000d42:	08b3      	lsrs	r3, r6, #2
20000d44:	4698      	mov	r8, r3
20000d46:	4643      	mov	r3, r8
20000d48:	2004      	movs	r0, #4
20000d4a:	b2dc      	uxtb	r4, r3
20000d4c:	5d0b      	ldrb	r3, [r1, r4]
20000d4e:	1c75      	adds	r5, r6, #1
20000d50:	009b      	lsls	r3, r3, #2
20000d52:	190c      	adds	r4, r1, r4
20000d54:	b2db      	uxtb	r3, r3
20000d56:	b2ad      	uxth	r5, r5
20000d58:	4210      	tst	r0, r2
20000d5a:	d000      	beq.n	20000d5e <pio_usb_ll_encode_tx_data.constprop.0.isra.0+0x8a>
20000d5c:	e18b      	b.n	20001076 <pio_usb_ll_encode_tx_data.constprop.0.isra.0+0x3a2>
20000d5e:	4658      	mov	r0, fp
20000d60:	2800      	cmp	r0, #0
20000d62:	d100      	bne.n	20000d66 <pio_usb_ll_encode_tx_data.constprop.0.isra.0+0x92>
20000d64:	e200      	b.n	20001168 <pio_usb_ll_encode_tx_data.constprop.0.isra.0+0x494>
20000d66:	2003      	movs	r0, #3
20000d68:	4303      	orrs	r3, r0
20000d6a:	2000      	movs	r0, #0
20000d6c:	4681      	mov	r9, r0
20000d6e:	b2db      	uxtb	r3, r3
20000d70:	7023      	strb	r3, [r4, #0]
20000d72:	2306      	movs	r3, #6
20000d74:	469a      	mov	sl, r3
20000d76:	08a8      	lsrs	r0, r5, #2
20000d78:	2408      	movs	r4, #8
20000d7a:	b2c0      	uxtb	r0, r0
20000d7c:	5c0b      	ldrb	r3, [r1, r0]
20000d7e:	1c6e      	adds	r6, r5, #1
20000d80:	009b      	lsls	r3, r3, #2
20000d82:	1808      	adds	r0, r1, r0
20000d84:	b2db      	uxtb	r3, r3
20000d86:	b2b6      	uxth	r6, r6
20000d88:	4214      	tst	r4, r2
20000d8a:	d000      	beq.n	20000d8e <pio_usb_ll_encode_tx_data.constprop.0.isra.0+0xba>
20000d8c:	e14f      	b.n	2000102e <pio_usb_ll_encode_tx_data.constprop.0.isra.0+0x35a>
20000d8e:	464c      	mov	r4, r9
20000d90:	2c00      	cmp	r4, #0
20000d92:	d100      	bne.n	20000d96 <pio_usb_ll_encode_tx_data.constprop.0.isra.0+0xc2>
20000d94:	e1fc      	b.n	20001190 <pio_usb_ll_encode_tx_data.constprop.0.isra.0+0x4bc>
20000d96:	2403      	movs	r4, #3
20000d98:	4323      	orrs	r3, r4
20000d9a:	2400      	movs	r4, #0
20000d9c:	46a2      	mov	sl, r4
20000d9e:	b2db      	uxtb	r3, r3
20000da0:	7003      	strb	r3, [r0, #0]
20000da2:	2306      	movs	r3, #6
20000da4:	4698      	mov	r8, r3
20000da6:	08b4      	lsrs	r4, r6, #2
20000da8:	b2e4      	uxtb	r4, r4
20000daa:	5d0b      	ldrb	r3, [r1, r4]
20000dac:	1c75      	adds	r5, r6, #1
20000dae:	009b      	lsls	r3, r3, #2
20000db0:	190c      	adds	r4, r1, r4
20000db2:	b2db      	uxtb	r3, r3
20000db4:	b2ad      	uxth	r5, r5
20000db6:	06d0      	lsls	r0, r2, #27
20000db8:	d500      	bpl.n	20000dbc <pio_usb_ll_encode_tx_data.constprop.0.isra.0+0xe8>
20000dba:	e114      	b.n	20000fe6 <pio_usb_ll_encode_tx_data.constprop.0.isra.0+0x312>
20000dbc:	4650      	mov	r0, sl
20000dbe:	2800      	cmp	r0, #0
20000dc0:	d100      	bne.n	20000dc4 <pio_usb_ll_encode_tx_data.constprop.0.isra.0+0xf0>
20000dc2:	e1f9      	b.n	200011b8 <pio_usb_ll_encode_tx_data.constprop.0.isra.0+0x4e4>
20000dc4:	2003      	movs	r0, #3
20000dc6:	4303      	orrs	r3, r0
20000dc8:	2000      	movs	r0, #0
20000dca:	4680      	mov	r8, r0
20000dcc:	b2db      	uxtb	r3, r3
20000dce:	7023      	strb	r3, [r4, #0]
20000dd0:	2306      	movs	r3, #6
20000dd2:	4699      	mov	r9, r3
20000dd4:	08a8      	lsrs	r0, r5, #2
20000dd6:	b2c0      	uxtb	r0, r0
20000dd8:	5c0b      	ldrb	r3, [r1, r0]
20000dda:	1c6e      	adds	r6, r5, #1
20000ddc:	009b      	lsls	r3, r3, #2
20000dde:	1808      	adds	r0, r1, r0
20000de0:	b2db      	uxtb	r3, r3
20000de2:	b2b6      	uxth	r6, r6
20000de4:	0694      	lsls	r4, r2, #26
20000de6:	d500      	bpl.n	20000dea <pio_usb_ll_encode_tx_data.constprop.0.isra.0+0x116>
20000de8:	e0d9      	b.n	20000f9e <pio_usb_ll_encode_tx_data.constprop.0.isra.0+0x2ca>
20000dea:	4644      	mov	r4, r8
20000dec:	2c00      	cmp	r4, #0
20000dee:	d100      	bne.n	20000df2 <pio_usb_ll_encode_tx_data.constprop.0.isra.0+0x11e>
20000df0:	e20f      	b.n	20001212 <pio_usb_ll_encode_tx_data.constprop.0.isra.0+0x53e>
20000df2:	2403      	movs	r4, #3
20000df4:	4323      	orrs	r3, r4
20000df6:	2400      	movs	r4, #0
20000df8:	46a1      	mov	r9, r4
20000dfa:	b2db      	uxtb	r3, r3
20000dfc:	7003      	strb	r3, [r0, #0]
20000dfe:	2306      	movs	r3, #6
20000e00:	469a      	mov	sl, r3
20000e02:	08b4      	lsrs	r4, r6, #2
20000e04:	b2e4      	uxtb	r4, r4
20000e06:	5d0b      	ldrb	r3, [r1, r4]
20000e08:	1c75      	adds	r5, r6, #1
20000e0a:	009b      	lsls	r3, r3, #2
20000e0c:	190c      	adds	r4, r1, r4
20000e0e:	b2db      	uxtb	r3, r3
20000e10:	b2ad      	uxth	r5, r5
20000e12:	0650      	lsls	r0, r2, #25
20000e14:	d500      	bpl.n	20000e18 <pio_usb_ll_encode_tx_data.constprop.0.isra.0+0x144>
20000e16:	e09f      	b.n	20000f58 <pio_usb_ll_encode_tx_data.constprop.0.isra.0+0x284>
20000e18:	4648      	mov	r0, r9
20000e1a:	2800      	cmp	r0, #0
20000e1c:	d100      	bne.n	20000e20 <pio_usb_ll_encode_tx_data.constprop.0.isra.0+0x14c>
20000e1e:	e1de      	b.n	200011de <pio_usb_ll_encode_tx_data.constprop.0.isra.0+0x50a>
20000e20:	2003      	movs	r0, #3
20000e22:	4303      	orrs	r3, r0
20000e24:	2000      	movs	r0, #0
20000e26:	4682      	mov	sl, r0
20000e28:	b2db      	uxtb	r3, r3
20000e2a:	7023      	strb	r3, [r4, #0]
20000e2c:	2306      	movs	r3, #6
20000e2e:	4698      	mov	r8, r3
20000e30:	08a8      	lsrs	r0, r5, #2
20000e32:	b2c0      	uxtb	r0, r0
20000e34:	5c0e      	ldrb	r6, [r1, r0]
20000e36:	1c6b      	adds	r3, r5, #1
20000e38:	00b6      	lsls	r6, r6, #2
20000e3a:	09d4      	lsrs	r4, r2, #7
20000e3c:	b2f6      	uxtb	r6, r6
20000e3e:	180a      	adds	r2, r1, r0
20000e40:	b29b      	uxth	r3, r3
20000e42:	2c00      	cmp	r4, #0
20000e44:	d141      	bne.n	20000eca <pio_usb_ll_encode_tx_data.constprop.0.isra.0+0x1f6>
20000e46:	4650      	mov	r0, sl
20000e48:	2800      	cmp	r0, #0
20000e4a:	d100      	bne.n	20000e4e <pio_usb_ll_encode_tx_data.constprop.0.isra.0+0x17a>
20000e4c:	e1cd      	b.n	200011ea <pio_usb_ll_encode_tx_data.constprop.0.isra.0+0x516>
20000e4e:	2003      	movs	r0, #3
20000e50:	4306      	orrs	r6, r0
20000e52:	2000      	movs	r0, #0
20000e54:	4680      	mov	r8, r0
20000e56:	b2f6      	uxtb	r6, r6
20000e58:	2406      	movs	r4, #6
20000e5a:	7016      	strb	r6, [r2, #0]
20000e5c:	0898      	lsrs	r0, r3, #2
20000e5e:	9a00      	ldr	r2, [sp, #0]
20000e60:	9d01      	ldr	r5, [sp, #4]
20000e62:	3201      	adds	r2, #1
20000e64:	9200      	str	r2, [sp, #0]
20000e66:	4295      	cmp	r5, r2
20000e68:	d052      	beq.n	20000f10 <pio_usb_ll_encode_tx_data.constprop.0.isra.0+0x23c>
20000e6a:	2701      	movs	r7, #1
20000e6c:	b2c0      	uxtb	r0, r0
20000e6e:	9a00      	ldr	r2, [sp, #0]
20000e70:	5c0e      	ldrb	r6, [r1, r0]
20000e72:	7812      	ldrb	r2, [r2, #0]
20000e74:	00b6      	lsls	r6, r6, #2
20000e76:	1c5d      	adds	r5, r3, #1
20000e78:	1808      	adds	r0, r1, r0
20000e7a:	b2f6      	uxtb	r6, r6
20000e7c:	b2ad      	uxth	r5, r5
20000e7e:	4217      	tst	r7, r2
20000e80:	d100      	bne.n	20000e84 <pio_usb_ll_encode_tx_data.constprop.0.isra.0+0x1b0>
20000e82:	e73a      	b.n	20000cfa <pio_usb_ll_encode_tx_data.constprop.0.isra.0+0x26>
20000e84:	08af      	lsrs	r7, r5, #2
20000e86:	46b9      	mov	r9, r7
20000e88:	b2ff      	uxtb	r7, r7
20000e8a:	46ba      	mov	sl, r7
20000e8c:	1e67      	subs	r7, r4, #1
20000e8e:	46bb      	mov	fp, r7
20000e90:	4647      	mov	r7, r8
20000e92:	448a      	add	sl, r1
20000e94:	2f00      	cmp	r7, #0
20000e96:	d100      	bne.n	20000e9a <pio_usb_ll_encode_tx_data.constprop.0.isra.0+0x1c6>
20000e98:	e194      	b.n	200011c4 <pio_usb_ll_encode_tx_data.constprop.0.isra.0+0x4f0>
20000e9a:	4664      	mov	r4, ip
20000e9c:	4326      	orrs	r6, r4
20000e9e:	7006      	strb	r6, [r0, #0]
20000ea0:	4658      	mov	r0, fp
20000ea2:	2800      	cmp	r0, #0
20000ea4:	d10f      	bne.n	20000ec6 <pio_usb_ll_encode_tx_data.constprop.0.isra.0+0x1f2>
20000ea6:	4650      	mov	r0, sl
20000ea8:	2403      	movs	r4, #3
20000eaa:	7800      	ldrb	r0, [r0, #0]
20000eac:	0080      	lsls	r0, r0, #2
20000eae:	4320      	orrs	r0, r4
20000eb0:	2400      	movs	r4, #0
20000eb2:	b2c0      	uxtb	r0, r0
20000eb4:	4655      	mov	r5, sl
20000eb6:	3302      	adds	r3, #2
20000eb8:	7028      	strb	r0, [r5, #0]
20000eba:	b29d      	uxth	r5, r3
20000ebc:	2306      	movs	r3, #6
20000ebe:	469b      	mov	fp, r3
20000ec0:	08ab      	lsrs	r3, r5, #2
20000ec2:	4699      	mov	r9, r3
20000ec4:	e726      	b.n	20000d14 <pio_usb_ll_encode_tx_data.constprop.0.isra.0+0x40>
20000ec6:	4644      	mov	r4, r8
20000ec8:	e724      	b.n	20000d14 <pio_usb_ll_encode_tx_data.constprop.0.isra.0+0x40>
20000eca:	0898      	lsrs	r0, r3, #2
20000ecc:	b2c4      	uxtb	r4, r0
20000ece:	46a1      	mov	r9, r4
20000ed0:	4657      	mov	r7, sl
20000ed2:	4644      	mov	r4, r8
20000ed4:	4489      	add	r9, r1
20000ed6:	3c01      	subs	r4, #1
20000ed8:	2f00      	cmp	r7, #0
20000eda:	d100      	bne.n	20000ede <pio_usb_ll_encode_tx_data.constprop.0.isra.0+0x20a>
20000edc:	e18b      	b.n	200011f6 <pio_usb_ll_encode_tx_data.constprop.0.isra.0+0x522>
20000ede:	4667      	mov	r7, ip
20000ee0:	433e      	orrs	r6, r7
20000ee2:	7016      	strb	r6, [r2, #0]
20000ee4:	2c00      	cmp	r4, #0
20000ee6:	d135      	bne.n	20000f54 <pio_usb_ll_encode_tx_data.constprop.0.isra.0+0x280>
20000ee8:	464b      	mov	r3, r9
20000eea:	2203      	movs	r2, #3
20000eec:	781b      	ldrb	r3, [r3, #0]
20000eee:	009b      	lsls	r3, r3, #2
20000ef0:	4313      	orrs	r3, r2
20000ef2:	2200      	movs	r2, #0
20000ef4:	4690      	mov	r8, r2
20000ef6:	b2db      	uxtb	r3, r3
20000ef8:	464a      	mov	r2, r9
20000efa:	3502      	adds	r5, #2
20000efc:	7013      	strb	r3, [r2, #0]
20000efe:	9a00      	ldr	r2, [sp, #0]
20000f00:	b2ab      	uxth	r3, r5
20000f02:	9d01      	ldr	r5, [sp, #4]
20000f04:	3201      	adds	r2, #1
20000f06:	2406      	movs	r4, #6
20000f08:	0898      	lsrs	r0, r3, #2
20000f0a:	9200      	str	r2, [sp, #0]
20000f0c:	4295      	cmp	r5, r2
20000f0e:	d1ac      	bne.n	20000e6a <pio_usb_ll_encode_tx_data.constprop.0.isra.0+0x196>
20000f10:	2402      	movs	r4, #2
20000f12:	b2c0      	uxtb	r0, r0
20000f14:	5c0a      	ldrb	r2, [r1, r0]
20000f16:	2601      	movs	r6, #1
20000f18:	0092      	lsls	r2, r2, #2
20000f1a:	540a      	strb	r2, [r1, r0]
20000f1c:	1c5a      	adds	r2, r3, #1
20000f1e:	0592      	lsls	r2, r2, #22
20000f20:	0e12      	lsrs	r2, r2, #24
20000f22:	5c88      	ldrb	r0, [r1, r2]
20000f24:	3302      	adds	r3, #2
20000f26:	0080      	lsls	r0, r0, #2
20000f28:	4320      	orrs	r0, r4
20000f2a:	b29b      	uxth	r3, r3
20000f2c:	5488      	strb	r0, [r1, r2]
20000f2e:	2503      	movs	r5, #3
20000f30:	0018      	movs	r0, r3
20000f32:	0882      	lsrs	r2, r0, #2
20000f34:	b2d2      	uxtb	r2, r2
20000f36:	5c8b      	ldrb	r3, [r1, r2]
20000f38:	1c44      	adds	r4, r0, #1
20000f3a:	009b      	lsls	r3, r3, #2
20000f3c:	4333      	orrs	r3, r6
20000f3e:	548b      	strb	r3, [r1, r2]
20000f40:	b2a0      	uxth	r0, r4
20000f42:	422c      	tst	r4, r5
20000f44:	d1f5      	bne.n	20000f32 <pio_usb_ll_encode_tx_data.constprop.0.isra.0+0x25e>
20000f46:	b003      	add	sp, #12
20000f48:	bcf0      	pop	{r4, r5, r6, r7}
20000f4a:	46bb      	mov	fp, r7
20000f4c:	46b2      	mov	sl, r6
20000f4e:	46a9      	mov	r9, r5
20000f50:	46a0      	mov	r8, r4
20000f52:	bdf0      	pop	{r4, r5, r6, r7, pc}
20000f54:	46d0      	mov	r8, sl
20000f56:	e782      	b.n	20000e5e <pio_usb_ll_encode_tx_data.constprop.0.isra.0+0x18a>
20000f58:	08a8      	lsrs	r0, r5, #2
20000f5a:	b2c7      	uxtb	r7, r0
20000f5c:	46bb      	mov	fp, r7
20000f5e:	2701      	movs	r7, #1
20000f60:	427f      	negs	r7, r7
20000f62:	4457      	add	r7, sl
20000f64:	46b8      	mov	r8, r7
20000f66:	464f      	mov	r7, r9
20000f68:	448b      	add	fp, r1
20000f6a:	2f00      	cmp	r7, #0
20000f6c:	d100      	bne.n	20000f70 <pio_usb_ll_encode_tx_data.constprop.0.isra.0+0x29c>
20000f6e:	e156      	b.n	2000121e <pio_usb_ll_encode_tx_data.constprop.0.isra.0+0x54a>
20000f70:	4667      	mov	r7, ip
20000f72:	433b      	orrs	r3, r7
20000f74:	7023      	strb	r3, [r4, #0]
20000f76:	4643      	mov	r3, r8
20000f78:	2b00      	cmp	r3, #0
20000f7a:	d000      	beq.n	20000f7e <pio_usb_ll_encode_tx_data.constprop.0.isra.0+0x2aa>
20000f7c:	e15c      	b.n	20001238 <pio_usb_ll_encode_tx_data.constprop.0.isra.0+0x564>
20000f7e:	465b      	mov	r3, fp
20000f80:	2003      	movs	r0, #3
20000f82:	781b      	ldrb	r3, [r3, #0]
20000f84:	009b      	lsls	r3, r3, #2
20000f86:	4303      	orrs	r3, r0
20000f88:	2000      	movs	r0, #0
20000f8a:	4682      	mov	sl, r0
20000f8c:	b2db      	uxtb	r3, r3
20000f8e:	4658      	mov	r0, fp
20000f90:	7003      	strb	r3, [r0, #0]
20000f92:	2306      	movs	r3, #6
20000f94:	3602      	adds	r6, #2
20000f96:	b2b5      	uxth	r5, r6
20000f98:	4698      	mov	r8, r3
20000f9a:	08a8      	lsrs	r0, r5, #2
20000f9c:	e749      	b.n	20000e32 <pio_usb_ll_encode_tx_data.constprop.0.isra.0+0x15e>
20000f9e:	08b4      	lsrs	r4, r6, #2
20000fa0:	b2e7      	uxtb	r7, r4
20000fa2:	46bb      	mov	fp, r7
20000fa4:	2701      	movs	r7, #1
20000fa6:	427f      	negs	r7, r7
20000fa8:	444f      	add	r7, r9
20000faa:	46ba      	mov	sl, r7
20000fac:	4647      	mov	r7, r8
20000fae:	448b      	add	fp, r1
20000fb0:	2f00      	cmp	r7, #0
20000fb2:	d100      	bne.n	20000fb6 <pio_usb_ll_encode_tx_data.constprop.0.isra.0+0x2e2>
20000fb4:	e0f2      	b.n	2000119c <pio_usb_ll_encode_tx_data.constprop.0.isra.0+0x4c8>
20000fb6:	4667      	mov	r7, ip
20000fb8:	433b      	orrs	r3, r7
20000fba:	7003      	strb	r3, [r0, #0]
20000fbc:	4653      	mov	r3, sl
20000fbe:	2b00      	cmp	r3, #0
20000fc0:	d10f      	bne.n	20000fe2 <pio_usb_ll_encode_tx_data.constprop.0.isra.0+0x30e>
20000fc2:	465b      	mov	r3, fp
20000fc4:	2003      	movs	r0, #3
20000fc6:	781b      	ldrb	r3, [r3, #0]
20000fc8:	009b      	lsls	r3, r3, #2
20000fca:	4303      	orrs	r3, r0
20000fcc:	2000      	movs	r0, #0
20000fce:	4681      	mov	r9, r0
20000fd0:	b2db      	uxtb	r3, r3
20000fd2:	4658      	mov	r0, fp
20000fd4:	7003      	strb	r3, [r0, #0]
20000fd6:	2306      	movs	r3, #6
20000fd8:	3502      	adds	r5, #2
20000fda:	b2ae      	uxth	r6, r5
20000fdc:	469a      	mov	sl, r3
20000fde:	08b4      	lsrs	r4, r6, #2
20000fe0:	e710      	b.n	20000e04 <pio_usb_ll_encode_tx_data.constprop.0.isra.0+0x130>
20000fe2:	46c1      	mov	r9, r8
20000fe4:	e70e      	b.n	20000e04 <pio_usb_ll_encode_tx_data.constprop.0.isra.0+0x130>
20000fe6:	08a8      	lsrs	r0, r5, #2
20000fe8:	b2c7      	uxtb	r7, r0
20000fea:	46bb      	mov	fp, r7
20000fec:	2701      	movs	r7, #1
20000fee:	427f      	negs	r7, r7
20000ff0:	4447      	add	r7, r8
20000ff2:	46b9      	mov	r9, r7
20000ff4:	4657      	mov	r7, sl
20000ff6:	448b      	add	fp, r1
20000ff8:	2f00      	cmp	r7, #0
20000ffa:	d100      	bne.n	20000ffe <pio_usb_ll_encode_tx_data.constprop.0.isra.0+0x32a>
20000ffc:	e0ba      	b.n	20001174 <pio_usb_ll_encode_tx_data.constprop.0.isra.0+0x4a0>
20000ffe:	4667      	mov	r7, ip
20001000:	433b      	orrs	r3, r7
20001002:	7023      	strb	r3, [r4, #0]
20001004:	464b      	mov	r3, r9
20001006:	2b00      	cmp	r3, #0
20001008:	d10f      	bne.n	2000102a <pio_usb_ll_encode_tx_data.constprop.0.isra.0+0x356>
2000100a:	465b      	mov	r3, fp
2000100c:	2003      	movs	r0, #3
2000100e:	781b      	ldrb	r3, [r3, #0]
20001010:	009b      	lsls	r3, r3, #2
20001012:	4303      	orrs	r3, r0
20001014:	2000      	movs	r0, #0
20001016:	4680      	mov	r8, r0
20001018:	b2db      	uxtb	r3, r3
2000101a:	4658      	mov	r0, fp
2000101c:	7003      	strb	r3, [r0, #0]
2000101e:	2306      	movs	r3, #6
20001020:	3602      	adds	r6, #2
20001022:	b2b5      	uxth	r5, r6
20001024:	4699      	mov	r9, r3
20001026:	08a8      	lsrs	r0, r5, #2
20001028:	e6d5      	b.n	20000dd6 <pio_usb_ll_encode_tx_data.constprop.0.isra.0+0x102>
2000102a:	46d0      	mov	r8, sl
2000102c:	e6d3      	b.n	20000dd6 <pio_usb_ll_encode_tx_data.constprop.0.isra.0+0x102>
2000102e:	08b4      	lsrs	r4, r6, #2
20001030:	b2e7      	uxtb	r7, r4
20001032:	46bb      	mov	fp, r7
20001034:	2701      	movs	r7, #1
20001036:	427f      	negs	r7, r7
20001038:	4457      	add	r7, sl
2000103a:	46b8      	mov	r8, r7
2000103c:	464f      	mov	r7, r9
2000103e:	448b      	add	fp, r1
20001040:	2f00      	cmp	r7, #0
20001042:	d100      	bne.n	20001046 <pio_usb_ll_encode_tx_data.constprop.0.isra.0+0x372>
20001044:	e083      	b.n	2000114e <pio_usb_ll_encode_tx_data.constprop.0.isra.0+0x47a>
20001046:	4667      	mov	r7, ip
20001048:	433b      	orrs	r3, r7
2000104a:	7003      	strb	r3, [r0, #0]
2000104c:	4643      	mov	r3, r8
2000104e:	2b00      	cmp	r3, #0
20001050:	d10f      	bne.n	20001072 <pio_usb_ll_encode_tx_data.constprop.0.isra.0+0x39e>
20001052:	465b      	mov	r3, fp
20001054:	2003      	movs	r0, #3
20001056:	781b      	ldrb	r3, [r3, #0]
20001058:	009b      	lsls	r3, r3, #2
2000105a:	4303      	orrs	r3, r0
2000105c:	2000      	movs	r0, #0
2000105e:	4682      	mov	sl, r0
20001060:	b2db      	uxtb	r3, r3
20001062:	4658      	mov	r0, fp
20001064:	7003      	strb	r3, [r0, #0]
20001066:	2306      	movs	r3, #6
20001068:	3502      	adds	r5, #2
2000106a:	b2ae      	uxth	r6, r5
2000106c:	4698      	mov	r8, r3
2000106e:	08b4      	lsrs	r4, r6, #2
20001070:	e69a      	b.n	20000da8 <pio_usb_ll_encode_tx_data.constprop.0.isra.0+0xd4>
20001072:	46ca      	mov	sl, r9
20001074:	e698      	b.n	20000da8 <pio_usb_ll_encode_tx_data.constprop.0.isra.0+0xd4>
20001076:	08a8      	lsrs	r0, r5, #2
20001078:	b2c7      	uxtb	r7, r0
2000107a:	46b8      	mov	r8, r7
2000107c:	2701      	movs	r7, #1
2000107e:	427f      	negs	r7, r7
20001080:	444f      	add	r7, r9
20001082:	46ba      	mov	sl, r7
20001084:	465f      	mov	r7, fp
20001086:	4488      	add	r8, r1
20001088:	2f00      	cmp	r7, #0
2000108a:	d04d      	beq.n	20001128 <pio_usb_ll_encode_tx_data.constprop.0.isra.0+0x454>
2000108c:	4667      	mov	r7, ip
2000108e:	433b      	orrs	r3, r7
20001090:	7023      	strb	r3, [r4, #0]
20001092:	4653      	mov	r3, sl
20001094:	2b00      	cmp	r3, #0
20001096:	d10f      	bne.n	200010b8 <pio_usb_ll_encode_tx_data.constprop.0.isra.0+0x3e4>
20001098:	4643      	mov	r3, r8
2000109a:	2003      	movs	r0, #3
2000109c:	781b      	ldrb	r3, [r3, #0]
2000109e:	009b      	lsls	r3, r3, #2
200010a0:	4303      	orrs	r3, r0
200010a2:	2000      	movs	r0, #0
200010a4:	4681      	mov	r9, r0
200010a6:	b2db      	uxtb	r3, r3
200010a8:	4640      	mov	r0, r8
200010aa:	7003      	strb	r3, [r0, #0]
200010ac:	2306      	movs	r3, #6
200010ae:	3602      	adds	r6, #2
200010b0:	b2b5      	uxth	r5, r6
200010b2:	469a      	mov	sl, r3
200010b4:	08a8      	lsrs	r0, r5, #2
200010b6:	e65f      	b.n	20000d78 <pio_usb_ll_encode_tx_data.constprop.0.isra.0+0xa4>
200010b8:	46d9      	mov	r9, fp
200010ba:	e65d      	b.n	20000d78 <pio_usb_ll_encode_tx_data.constprop.0.isra.0+0xa4>
200010bc:	08b7      	lsrs	r7, r6, #2
200010be:	46b8      	mov	r8, r7
200010c0:	b2ff      	uxtb	r7, r7
200010c2:	46ba      	mov	sl, r7
200010c4:	2701      	movs	r7, #1
200010c6:	427f      	negs	r7, r7
200010c8:	445f      	add	r7, fp
200010ca:	46b9      	mov	r9, r7
200010cc:	448a      	add	sl, r1
200010ce:	2c00      	cmp	r4, #0
200010d0:	d018      	beq.n	20001104 <pio_usb_ll_encode_tx_data.constprop.0.isra.0+0x430>
200010d2:	4667      	mov	r7, ip
200010d4:	433b      	orrs	r3, r7
200010d6:	7003      	strb	r3, [r0, #0]
200010d8:	464b      	mov	r3, r9
200010da:	2b00      	cmp	r3, #0
200010dc:	d110      	bne.n	20001100 <pio_usb_ll_encode_tx_data.constprop.0.isra.0+0x42c>
200010de:	4653      	mov	r3, sl
200010e0:	2003      	movs	r0, #3
200010e2:	781b      	ldrb	r3, [r3, #0]
200010e4:	009b      	lsls	r3, r3, #2
200010e6:	4303      	orrs	r3, r0
200010e8:	2000      	movs	r0, #0
200010ea:	4683      	mov	fp, r0
200010ec:	b2db      	uxtb	r3, r3
200010ee:	4650      	mov	r0, sl
200010f0:	7003      	strb	r3, [r0, #0]
200010f2:	2306      	movs	r3, #6
200010f4:	3502      	adds	r5, #2
200010f6:	b2ae      	uxth	r6, r5
200010f8:	4699      	mov	r9, r3
200010fa:	08b3      	lsrs	r3, r6, #2
200010fc:	4698      	mov	r8, r3
200010fe:	e622      	b.n	20000d46 <pio_usb_ll_encode_tx_data.constprop.0.isra.0+0x72>
20001100:	46a3      	mov	fp, r4
20001102:	e620      	b.n	20000d46 <pio_usb_ll_encode_tx_data.constprop.0.isra.0+0x72>
20001104:	2703      	movs	r7, #3
20001106:	433b      	orrs	r3, r7
20001108:	7003      	strb	r3, [r0, #0]
2000110a:	465b      	mov	r3, fp
2000110c:	2b01      	cmp	r3, #1
2000110e:	d1f7      	bne.n	20001100 <pio_usb_ll_encode_tx_data.constprop.0.isra.0+0x42c>
20001110:	4653      	mov	r3, sl
20001112:	4660      	mov	r0, ip
20001114:	781b      	ldrb	r3, [r3, #0]
20001116:	009b      	lsls	r3, r3, #2
20001118:	4303      	orrs	r3, r0
2000111a:	b2db      	uxtb	r3, r3
2000111c:	e7e7      	b.n	200010ee <pio_usb_ll_encode_tx_data.constprop.0.isra.0+0x41a>
2000111e:	4663      	mov	r3, ip
20001120:	431e      	orrs	r6, r3
20001122:	2401      	movs	r4, #1
20001124:	b2f6      	uxtb	r6, r6
20001126:	e5f0      	b.n	20000d0a <pio_usb_ll_encode_tx_data.constprop.0.isra.0+0x36>
20001128:	2703      	movs	r7, #3
2000112a:	433b      	orrs	r3, r7
2000112c:	7023      	strb	r3, [r4, #0]
2000112e:	464b      	mov	r3, r9
20001130:	2b01      	cmp	r3, #1
20001132:	d1c1      	bne.n	200010b8 <pio_usb_ll_encode_tx_data.constprop.0.isra.0+0x3e4>
20001134:	4643      	mov	r3, r8
20001136:	4660      	mov	r0, ip
20001138:	781b      	ldrb	r3, [r3, #0]
2000113a:	009b      	lsls	r3, r3, #2
2000113c:	4303      	orrs	r3, r0
2000113e:	b2db      	uxtb	r3, r3
20001140:	e7b2      	b.n	200010a8 <pio_usb_ll_encode_tx_data.constprop.0.isra.0+0x3d4>
20001142:	4664      	mov	r4, ip
20001144:	4323      	orrs	r3, r4
20001146:	2401      	movs	r4, #1
20001148:	b2db      	uxtb	r3, r3
2000114a:	46a3      	mov	fp, r4
2000114c:	e5f6      	b.n	20000d3c <pio_usb_ll_encode_tx_data.constprop.0.isra.0+0x68>
2000114e:	2703      	movs	r7, #3
20001150:	433b      	orrs	r3, r7
20001152:	7003      	strb	r3, [r0, #0]
20001154:	4653      	mov	r3, sl
20001156:	2b01      	cmp	r3, #1
20001158:	d18b      	bne.n	20001072 <pio_usb_ll_encode_tx_data.constprop.0.isra.0+0x39e>
2000115a:	465b      	mov	r3, fp
2000115c:	4660      	mov	r0, ip
2000115e:	781b      	ldrb	r3, [r3, #0]
20001160:	009b      	lsls	r3, r3, #2
20001162:	4303      	orrs	r3, r0
20001164:	b2db      	uxtb	r3, r3
20001166:	e77c      	b.n	20001062 <pio_usb_ll_encode_tx_data.constprop.0.isra.0+0x38e>
20001168:	4660      	mov	r0, ip
2000116a:	4303      	orrs	r3, r0
2000116c:	2001      	movs	r0, #1
2000116e:	b2db      	uxtb	r3, r3
20001170:	4681      	mov	r9, r0
20001172:	e5fd      	b.n	20000d70 <pio_usb_ll_encode_tx_data.constprop.0.isra.0+0x9c>
20001174:	2703      	movs	r7, #3
20001176:	433b      	orrs	r3, r7
20001178:	7023      	strb	r3, [r4, #0]
2000117a:	4643      	mov	r3, r8
2000117c:	2b01      	cmp	r3, #1
2000117e:	d000      	beq.n	20001182 <pio_usb_ll_encode_tx_data.constprop.0.isra.0+0x4ae>
20001180:	e753      	b.n	2000102a <pio_usb_ll_encode_tx_data.constprop.0.isra.0+0x356>
20001182:	465b      	mov	r3, fp
20001184:	4660      	mov	r0, ip
20001186:	781b      	ldrb	r3, [r3, #0]
20001188:	009b      	lsls	r3, r3, #2
2000118a:	4303      	orrs	r3, r0
2000118c:	b2db      	uxtb	r3, r3
2000118e:	e744      	b.n	2000101a <pio_usb_ll_encode_tx_data.constprop.0.isra.0+0x346>
20001190:	4664      	mov	r4, ip
20001192:	4323      	orrs	r3, r4
20001194:	2401      	movs	r4, #1
20001196:	b2db      	uxtb	r3, r3
20001198:	46a2      	mov	sl, r4
2000119a:	e601      	b.n	20000da0 <pio_usb_ll_encode_tx_data.constprop.0.isra.0+0xcc>
2000119c:	2703      	movs	r7, #3
2000119e:	433b      	orrs	r3, r7
200011a0:	7003      	strb	r3, [r0, #0]
200011a2:	464b      	mov	r3, r9
200011a4:	2b01      	cmp	r3, #1
200011a6:	d000      	beq.n	200011aa <pio_usb_ll_encode_tx_data.constprop.0.isra.0+0x4d6>
200011a8:	e71b      	b.n	20000fe2 <pio_usb_ll_encode_tx_data.constprop.0.isra.0+0x30e>
200011aa:	465b      	mov	r3, fp
200011ac:	4660      	mov	r0, ip
200011ae:	781b      	ldrb	r3, [r3, #0]
200011b0:	009b      	lsls	r3, r3, #2
200011b2:	4303      	orrs	r3, r0
200011b4:	b2db      	uxtb	r3, r3
200011b6:	e70c      	b.n	20000fd2 <pio_usb_ll_encode_tx_data.constprop.0.isra.0+0x2fe>
200011b8:	4660      	mov	r0, ip
200011ba:	4303      	orrs	r3, r0
200011bc:	2001      	movs	r0, #1
200011be:	b2db      	uxtb	r3, r3
200011c0:	4680      	mov	r8, r0
200011c2:	e604      	b.n	20000dce <pio_usb_ll_encode_tx_data.constprop.0.isra.0+0xfa>
200011c4:	2703      	movs	r7, #3
200011c6:	433e      	orrs	r6, r7
200011c8:	7006      	strb	r6, [r0, #0]
200011ca:	2c01      	cmp	r4, #1
200011cc:	d000      	beq.n	200011d0 <pio_usb_ll_encode_tx_data.constprop.0.isra.0+0x4fc>
200011ce:	e67a      	b.n	20000ec6 <pio_usb_ll_encode_tx_data.constprop.0.isra.0+0x1f2>
200011d0:	4650      	mov	r0, sl
200011d2:	4665      	mov	r5, ip
200011d4:	7800      	ldrb	r0, [r0, #0]
200011d6:	0080      	lsls	r0, r0, #2
200011d8:	4328      	orrs	r0, r5
200011da:	b2c0      	uxtb	r0, r0
200011dc:	e66a      	b.n	20000eb4 <pio_usb_ll_encode_tx_data.constprop.0.isra.0+0x1e0>
200011de:	4660      	mov	r0, ip
200011e0:	4303      	orrs	r3, r0
200011e2:	2001      	movs	r0, #1
200011e4:	b2db      	uxtb	r3, r3
200011e6:	4682      	mov	sl, r0
200011e8:	e61f      	b.n	20000e2a <pio_usb_ll_encode_tx_data.constprop.0.isra.0+0x156>
200011ea:	4660      	mov	r0, ip
200011ec:	4306      	orrs	r6, r0
200011ee:	2001      	movs	r0, #1
200011f0:	b2f6      	uxtb	r6, r6
200011f2:	4680      	mov	r8, r0
200011f4:	e630      	b.n	20000e58 <pio_usb_ll_encode_tx_data.constprop.0.isra.0+0x184>
200011f6:	2703      	movs	r7, #3
200011f8:	433e      	orrs	r6, r7
200011fa:	7016      	strb	r6, [r2, #0]
200011fc:	4642      	mov	r2, r8
200011fe:	2a01      	cmp	r2, #1
20001200:	d000      	beq.n	20001204 <pio_usb_ll_encode_tx_data.constprop.0.isra.0+0x530>
20001202:	e6a7      	b.n	20000f54 <pio_usb_ll_encode_tx_data.constprop.0.isra.0+0x280>
20001204:	464b      	mov	r3, r9
20001206:	4662      	mov	r2, ip
20001208:	781b      	ldrb	r3, [r3, #0]
2000120a:	009b      	lsls	r3, r3, #2
2000120c:	4313      	orrs	r3, r2
2000120e:	b2db      	uxtb	r3, r3
20001210:	e672      	b.n	20000ef8 <pio_usb_ll_encode_tx_data.constprop.0.isra.0+0x224>
20001212:	4664      	mov	r4, ip
20001214:	4323      	orrs	r3, r4
20001216:	2401      	movs	r4, #1
20001218:	b2db      	uxtb	r3, r3
2000121a:	46a1      	mov	r9, r4
2000121c:	e5ee      	b.n	20000dfc <pio_usb_ll_encode_tx_data.constprop.0.isra.0+0x128>
2000121e:	2703      	movs	r7, #3
20001220:	433b      	orrs	r3, r7
20001222:	7023      	strb	r3, [r4, #0]
20001224:	4653      	mov	r3, sl
20001226:	2b01      	cmp	r3, #1
20001228:	d106      	bne.n	20001238 <pio_usb_ll_encode_tx_data.constprop.0.isra.0+0x564>
2000122a:	465b      	mov	r3, fp
2000122c:	4660      	mov	r0, ip
2000122e:	781b      	ldrb	r3, [r3, #0]
20001230:	009b      	lsls	r3, r3, #2
20001232:	4303      	orrs	r3, r0
20001234:	b2db      	uxtb	r3, r3
20001236:	e6aa      	b.n	20000f8e <pio_usb_ll_encode_tx_data.constprop.0.isra.0+0x2ba>
20001238:	46ca      	mov	sl, r9
2000123a:	e5fa      	b.n	20000e32 <pio_usb_ll_encode_tx_data.constprop.0.isra.0+0x15e>

2000123c <pio_usb_ll_encode_tx_data>:
2000123c:	b5f0      	push	{r4, r5, r6, r7, lr}
2000123e:	46de      	mov	lr, fp
20001240:	4657      	mov	r7, sl
20001242:	464e      	mov	r6, r9
20001244:	4645      	mov	r5, r8
20001246:	b5e0      	push	{r5, r6, r7, lr}
20001248:	b085      	sub	sp, #20
2000124a:	9002      	str	r0, [sp, #8]
2000124c:	9103      	str	r1, [sp, #12]
2000124e:	2900      	cmp	r1, #0
20001250:	d100      	bne.n	20001254 <pio_usb_ll_encode_tx_data+0x18>
20001252:	e2af      	b.n	200017b4 <pio_usb_ll_encode_tx_data+0x578>
20001254:	2300      	movs	r3, #0
20001256:	2101      	movs	r1, #1
20001258:	9301      	str	r3, [sp, #4]
2000125a:	3301      	adds	r3, #1
2000125c:	4698      	mov	r8, r3
2000125e:	2406      	movs	r4, #6
20001260:	2300      	movs	r3, #0
20001262:	2000      	movs	r0, #0
20001264:	468c      	mov	ip, r1
20001266:	e0b7      	b.n	200013d8 <pio_usb_ll_encode_tx_data+0x19c>
20001268:	4643      	mov	r3, r8
2000126a:	2b00      	cmp	r3, #0
2000126c:	d100      	bne.n	20001270 <pio_usb_ll_encode_tx_data+0x34>
2000126e:	e212      	b.n	20001696 <pio_usb_ll_encode_tx_data+0x45a>
20001270:	2303      	movs	r3, #3
20001272:	2400      	movs	r4, #0
20001274:	431e      	orrs	r6, r3
20001276:	b2f6      	uxtb	r6, r6
20001278:	2306      	movs	r3, #6
2000127a:	469b      	mov	fp, r3
2000127c:	08ab      	lsrs	r3, r5, #2
2000127e:	4699      	mov	r9, r3
20001280:	7006      	strb	r6, [r0, #0]
20001282:	464b      	mov	r3, r9
20001284:	2702      	movs	r7, #2
20001286:	b2d8      	uxtb	r0, r3
20001288:	5c13      	ldrb	r3, [r2, r0]
2000128a:	1c6e      	adds	r6, r5, #1
2000128c:	009b      	lsls	r3, r3, #2
2000128e:	1810      	adds	r0, r2, r0
20001290:	b2db      	uxtb	r3, r3
20001292:	b2b6      	uxth	r6, r6
20001294:	420f      	tst	r7, r1
20001296:	d000      	beq.n	2000129a <pio_usb_ll_encode_tx_data+0x5e>
20001298:	e1cc      	b.n	20001634 <pio_usb_ll_encode_tx_data+0x3f8>
2000129a:	2c00      	cmp	r4, #0
2000129c:	d100      	bne.n	200012a0 <pio_usb_ll_encode_tx_data+0x64>
2000129e:	e20c      	b.n	200016ba <pio_usb_ll_encode_tx_data+0x47e>
200012a0:	2403      	movs	r4, #3
200012a2:	4323      	orrs	r3, r4
200012a4:	2400      	movs	r4, #0
200012a6:	46a3      	mov	fp, r4
200012a8:	b2db      	uxtb	r3, r3
200012aa:	7003      	strb	r3, [r0, #0]
200012ac:	2306      	movs	r3, #6
200012ae:	4699      	mov	r9, r3
200012b0:	08b3      	lsrs	r3, r6, #2
200012b2:	4698      	mov	r8, r3
200012b4:	4643      	mov	r3, r8
200012b6:	2004      	movs	r0, #4
200012b8:	b2dc      	uxtb	r4, r3
200012ba:	5d13      	ldrb	r3, [r2, r4]
200012bc:	1c75      	adds	r5, r6, #1
200012be:	009b      	lsls	r3, r3, #2
200012c0:	1914      	adds	r4, r2, r4
200012c2:	b2db      	uxtb	r3, r3
200012c4:	b2ad      	uxth	r5, r5
200012c6:	4208      	tst	r0, r1
200012c8:	d000      	beq.n	200012cc <pio_usb_ll_encode_tx_data+0x90>
200012ca:	e190      	b.n	200015ee <pio_usb_ll_encode_tx_data+0x3b2>
200012cc:	4658      	mov	r0, fp
200012ce:	2800      	cmp	r0, #0
200012d0:	d100      	bne.n	200012d4 <pio_usb_ll_encode_tx_data+0x98>
200012d2:	e205      	b.n	200016e0 <pio_usb_ll_encode_tx_data+0x4a4>
200012d4:	2003      	movs	r0, #3
200012d6:	4303      	orrs	r3, r0
200012d8:	2000      	movs	r0, #0
200012da:	4681      	mov	r9, r0
200012dc:	b2db      	uxtb	r3, r3
200012de:	7023      	strb	r3, [r4, #0]
200012e0:	2306      	movs	r3, #6
200012e2:	469a      	mov	sl, r3
200012e4:	08a8      	lsrs	r0, r5, #2
200012e6:	2408      	movs	r4, #8
200012e8:	b2c0      	uxtb	r0, r0
200012ea:	5c13      	ldrb	r3, [r2, r0]
200012ec:	1c6e      	adds	r6, r5, #1
200012ee:	009b      	lsls	r3, r3, #2
200012f0:	1810      	adds	r0, r2, r0
200012f2:	b2db      	uxtb	r3, r3
200012f4:	b2b6      	uxth	r6, r6
200012f6:	420c      	tst	r4, r1
200012f8:	d000      	beq.n	200012fc <pio_usb_ll_encode_tx_data+0xc0>
200012fa:	e154      	b.n	200015a6 <pio_usb_ll_encode_tx_data+0x36a>
200012fc:	464c      	mov	r4, r9
200012fe:	2c00      	cmp	r4, #0
20001300:	d100      	bne.n	20001304 <pio_usb_ll_encode_tx_data+0xc8>
20001302:	e201      	b.n	20001708 <pio_usb_ll_encode_tx_data+0x4cc>
20001304:	2403      	movs	r4, #3
20001306:	4323      	orrs	r3, r4
20001308:	2400      	movs	r4, #0
2000130a:	46a2      	mov	sl, r4
2000130c:	b2db      	uxtb	r3, r3
2000130e:	7003      	strb	r3, [r0, #0]
20001310:	2306      	movs	r3, #6
20001312:	4698      	mov	r8, r3
20001314:	08b4      	lsrs	r4, r6, #2
20001316:	b2e4      	uxtb	r4, r4
20001318:	5d13      	ldrb	r3, [r2, r4]
2000131a:	1c75      	adds	r5, r6, #1
2000131c:	009b      	lsls	r3, r3, #2
2000131e:	1914      	adds	r4, r2, r4
20001320:	b2db      	uxtb	r3, r3
20001322:	b2ad      	uxth	r5, r5
20001324:	06c8      	lsls	r0, r1, #27
20001326:	d500      	bpl.n	2000132a <pio_usb_ll_encode_tx_data+0xee>
20001328:	e119      	b.n	2000155e <pio_usb_ll_encode_tx_data+0x322>
2000132a:	4650      	mov	r0, sl
2000132c:	2800      	cmp	r0, #0
2000132e:	d100      	bne.n	20001332 <pio_usb_ll_encode_tx_data+0xf6>
20001330:	e1fe      	b.n	20001730 <pio_usb_ll_encode_tx_data+0x4f4>
20001332:	2003      	movs	r0, #3
20001334:	4303      	orrs	r3, r0
20001336:	2000      	movs	r0, #0
20001338:	4680      	mov	r8, r0
2000133a:	b2db      	uxtb	r3, r3
2000133c:	7023      	strb	r3, [r4, #0]
2000133e:	2306      	movs	r3, #6
20001340:	4699      	mov	r9, r3
20001342:	08a8      	lsrs	r0, r5, #2
20001344:	b2c0      	uxtb	r0, r0
20001346:	5c13      	ldrb	r3, [r2, r0]
20001348:	1c6e      	adds	r6, r5, #1
2000134a:	009b      	lsls	r3, r3, #2
2000134c:	1810      	adds	r0, r2, r0
2000134e:	b2db      	uxtb	r3, r3
20001350:	b2b6      	uxth	r6, r6
20001352:	068c      	lsls	r4, r1, #26
20001354:	d500      	bpl.n	20001358 <pio_usb_ll_encode_tx_data+0x11c>
20001356:	e0de      	b.n	20001516 <pio_usb_ll_encode_tx_data+0x2da>
20001358:	4644      	mov	r4, r8
2000135a:	2c00      	cmp	r4, #0
2000135c:	d100      	bne.n	20001360 <pio_usb_ll_encode_tx_data+0x124>
2000135e:	e214      	b.n	2000178a <pio_usb_ll_encode_tx_data+0x54e>
20001360:	2403      	movs	r4, #3
20001362:	4323      	orrs	r3, r4
20001364:	2400      	movs	r4, #0
20001366:	46a1      	mov	r9, r4
20001368:	b2db      	uxtb	r3, r3
2000136a:	7003      	strb	r3, [r0, #0]
2000136c:	2306      	movs	r3, #6
2000136e:	469a      	mov	sl, r3
20001370:	08b4      	lsrs	r4, r6, #2
20001372:	b2e4      	uxtb	r4, r4
20001374:	5d13      	ldrb	r3, [r2, r4]
20001376:	1c75      	adds	r5, r6, #1
20001378:	009b      	lsls	r3, r3, #2
2000137a:	1914      	adds	r4, r2, r4
2000137c:	b2db      	uxtb	r3, r3
2000137e:	b2ad      	uxth	r5, r5
20001380:	0648      	lsls	r0, r1, #25
20001382:	d500      	bpl.n	20001386 <pio_usb_ll_encode_tx_data+0x14a>
20001384:	e0a4      	b.n	200014d0 <pio_usb_ll_encode_tx_data+0x294>
20001386:	4648      	mov	r0, r9
20001388:	2800      	cmp	r0, #0
2000138a:	d100      	bne.n	2000138e <pio_usb_ll_encode_tx_data+0x152>
2000138c:	e1e3      	b.n	20001756 <pio_usb_ll_encode_tx_data+0x51a>
2000138e:	2003      	movs	r0, #3
20001390:	4303      	orrs	r3, r0
20001392:	2000      	movs	r0, #0
20001394:	4682      	mov	sl, r0
20001396:	b2db      	uxtb	r3, r3
20001398:	7023      	strb	r3, [r4, #0]
2000139a:	2306      	movs	r3, #6
2000139c:	4698      	mov	r8, r3
2000139e:	08a8      	lsrs	r0, r5, #2
200013a0:	b2c0      	uxtb	r0, r0
200013a2:	5c16      	ldrb	r6, [r2, r0]
200013a4:	1c6b      	adds	r3, r5, #1
200013a6:	00b6      	lsls	r6, r6, #2
200013a8:	09cc      	lsrs	r4, r1, #7
200013aa:	b2f6      	uxtb	r6, r6
200013ac:	1811      	adds	r1, r2, r0
200013ae:	b29b      	uxth	r3, r3
200013b0:	2c00      	cmp	r4, #0
200013b2:	d142      	bne.n	2000143a <pio_usb_ll_encode_tx_data+0x1fe>
200013b4:	4650      	mov	r0, sl
200013b6:	2800      	cmp	r0, #0
200013b8:	d100      	bne.n	200013bc <pio_usb_ll_encode_tx_data+0x180>
200013ba:	e1d2      	b.n	20001762 <pio_usb_ll_encode_tx_data+0x526>
200013bc:	2003      	movs	r0, #3
200013be:	4306      	orrs	r6, r0
200013c0:	2000      	movs	r0, #0
200013c2:	4680      	mov	r8, r0
200013c4:	b2f6      	uxtb	r6, r6
200013c6:	2406      	movs	r4, #6
200013c8:	700e      	strb	r6, [r1, #0]
200013ca:	0898      	lsrs	r0, r3, #2
200013cc:	9901      	ldr	r1, [sp, #4]
200013ce:	9d03      	ldr	r5, [sp, #12]
200013d0:	3101      	adds	r1, #1
200013d2:	9101      	str	r1, [sp, #4]
200013d4:	42a9      	cmp	r1, r5
200013d6:	da53      	bge.n	20001480 <pio_usb_ll_encode_tx_data+0x244>
200013d8:	2701      	movs	r7, #1
200013da:	9d01      	ldr	r5, [sp, #4]
200013dc:	b2c0      	uxtb	r0, r0
200013de:	9902      	ldr	r1, [sp, #8]
200013e0:	5c16      	ldrb	r6, [r2, r0]
200013e2:	5d49      	ldrb	r1, [r1, r5]
200013e4:	00b6      	lsls	r6, r6, #2
200013e6:	1c5d      	adds	r5, r3, #1
200013e8:	1810      	adds	r0, r2, r0
200013ea:	b2f6      	uxtb	r6, r6
200013ec:	b2ad      	uxth	r5, r5
200013ee:	420f      	tst	r7, r1
200013f0:	d100      	bne.n	200013f4 <pio_usb_ll_encode_tx_data+0x1b8>
200013f2:	e739      	b.n	20001268 <pio_usb_ll_encode_tx_data+0x2c>
200013f4:	08af      	lsrs	r7, r5, #2
200013f6:	46b9      	mov	r9, r7
200013f8:	b2ff      	uxtb	r7, r7
200013fa:	46ba      	mov	sl, r7
200013fc:	1e67      	subs	r7, r4, #1
200013fe:	46bb      	mov	fp, r7
20001400:	4647      	mov	r7, r8
20001402:	4492      	add	sl, r2
20001404:	2f00      	cmp	r7, #0
20001406:	d100      	bne.n	2000140a <pio_usb_ll_encode_tx_data+0x1ce>
20001408:	e198      	b.n	2000173c <pio_usb_ll_encode_tx_data+0x500>
2000140a:	4664      	mov	r4, ip
2000140c:	4326      	orrs	r6, r4
2000140e:	7006      	strb	r6, [r0, #0]
20001410:	4658      	mov	r0, fp
20001412:	2800      	cmp	r0, #0
20001414:	d10f      	bne.n	20001436 <pio_usb_ll_encode_tx_data+0x1fa>
20001416:	4650      	mov	r0, sl
20001418:	2403      	movs	r4, #3
2000141a:	7800      	ldrb	r0, [r0, #0]
2000141c:	0080      	lsls	r0, r0, #2
2000141e:	4320      	orrs	r0, r4
20001420:	2400      	movs	r4, #0
20001422:	b2c0      	uxtb	r0, r0
20001424:	4655      	mov	r5, sl
20001426:	3302      	adds	r3, #2
20001428:	7028      	strb	r0, [r5, #0]
2000142a:	b29d      	uxth	r5, r3
2000142c:	2306      	movs	r3, #6
2000142e:	469b      	mov	fp, r3
20001430:	08ab      	lsrs	r3, r5, #2
20001432:	4699      	mov	r9, r3
20001434:	e725      	b.n	20001282 <pio_usb_ll_encode_tx_data+0x46>
20001436:	4644      	mov	r4, r8
20001438:	e723      	b.n	20001282 <pio_usb_ll_encode_tx_data+0x46>
2000143a:	0898      	lsrs	r0, r3, #2
2000143c:	b2c4      	uxtb	r4, r0
2000143e:	46a1      	mov	r9, r4
20001440:	4657      	mov	r7, sl
20001442:	4644      	mov	r4, r8
20001444:	4491      	add	r9, r2
20001446:	3c01      	subs	r4, #1
20001448:	2f00      	cmp	r7, #0
2000144a:	d100      	bne.n	2000144e <pio_usb_ll_encode_tx_data+0x212>
2000144c:	e18f      	b.n	2000176e <pio_usb_ll_encode_tx_data+0x532>
2000144e:	4667      	mov	r7, ip
20001450:	433e      	orrs	r6, r7
20001452:	700e      	strb	r6, [r1, #0]
20001454:	2c00      	cmp	r4, #0
20001456:	d139      	bne.n	200014cc <pio_usb_ll_encode_tx_data+0x290>
20001458:	464b      	mov	r3, r9
2000145a:	2103      	movs	r1, #3
2000145c:	781b      	ldrb	r3, [r3, #0]
2000145e:	009b      	lsls	r3, r3, #2
20001460:	430b      	orrs	r3, r1
20001462:	2100      	movs	r1, #0
20001464:	4688      	mov	r8, r1
20001466:	b2db      	uxtb	r3, r3
20001468:	4649      	mov	r1, r9
2000146a:	3502      	adds	r5, #2
2000146c:	700b      	strb	r3, [r1, #0]
2000146e:	9901      	ldr	r1, [sp, #4]
20001470:	b2ab      	uxth	r3, r5
20001472:	9d03      	ldr	r5, [sp, #12]
20001474:	3101      	adds	r1, #1
20001476:	2406      	movs	r4, #6
20001478:	0898      	lsrs	r0, r3, #2
2000147a:	9101      	str	r1, [sp, #4]
2000147c:	42a9      	cmp	r1, r5
2000147e:	dbab      	blt.n	200013d8 <pio_usb_ll_encode_tx_data+0x19c>
20001480:	1c59      	adds	r1, r3, #1
20001482:	0589      	lsls	r1, r1, #22
20001484:	b2c0      	uxtb	r0, r0
20001486:	0e09      	lsrs	r1, r1, #24
20001488:	3302      	adds	r3, #2
2000148a:	1810      	adds	r0, r2, r0
2000148c:	1851      	adds	r1, r2, r1
2000148e:	b29b      	uxth	r3, r3
20001490:	2702      	movs	r7, #2
20001492:	7804      	ldrb	r4, [r0, #0]
20001494:	2601      	movs	r6, #1
20001496:	00a4      	lsls	r4, r4, #2
20001498:	7004      	strb	r4, [r0, #0]
2000149a:	7808      	ldrb	r0, [r1, #0]
2000149c:	2503      	movs	r5, #3
2000149e:	0080      	lsls	r0, r0, #2
200014a0:	4338      	orrs	r0, r7
200014a2:	7008      	strb	r0, [r1, #0]
200014a4:	0018      	movs	r0, r3
200014a6:	0881      	lsrs	r1, r0, #2
200014a8:	b2c9      	uxtb	r1, r1
200014aa:	5c53      	ldrb	r3, [r2, r1]
200014ac:	1c44      	adds	r4, r0, #1
200014ae:	009b      	lsls	r3, r3, #2
200014b0:	4333      	orrs	r3, r6
200014b2:	5453      	strb	r3, [r2, r1]
200014b4:	b2a0      	uxth	r0, r4
200014b6:	422c      	tst	r4, r5
200014b8:	d1f5      	bne.n	200014a6 <pio_usb_ll_encode_tx_data+0x26a>
200014ba:	0883      	lsrs	r3, r0, #2
200014bc:	b2d8      	uxtb	r0, r3
200014be:	b005      	add	sp, #20
200014c0:	bcf0      	pop	{r4, r5, r6, r7}
200014c2:	46bb      	mov	fp, r7
200014c4:	46b2      	mov	sl, r6
200014c6:	46a9      	mov	r9, r5
200014c8:	46a0      	mov	r8, r4
200014ca:	bdf0      	pop	{r4, r5, r6, r7, pc}
200014cc:	46d0      	mov	r8, sl
200014ce:	e77d      	b.n	200013cc <pio_usb_ll_encode_tx_data+0x190>
200014d0:	08a8      	lsrs	r0, r5, #2
200014d2:	b2c7      	uxtb	r7, r0
200014d4:	46bb      	mov	fp, r7
200014d6:	2701      	movs	r7, #1
200014d8:	427f      	negs	r7, r7
200014da:	4457      	add	r7, sl
200014dc:	46b8      	mov	r8, r7
200014de:	464f      	mov	r7, r9
200014e0:	4493      	add	fp, r2
200014e2:	2f00      	cmp	r7, #0
200014e4:	d100      	bne.n	200014e8 <pio_usb_ll_encode_tx_data+0x2ac>
200014e6:	e156      	b.n	20001796 <pio_usb_ll_encode_tx_data+0x55a>
200014e8:	4667      	mov	r7, ip
200014ea:	433b      	orrs	r3, r7
200014ec:	7023      	strb	r3, [r4, #0]
200014ee:	4643      	mov	r3, r8
200014f0:	2b00      	cmp	r3, #0
200014f2:	d000      	beq.n	200014f6 <pio_usb_ll_encode_tx_data+0x2ba>
200014f4:	e15c      	b.n	200017b0 <pio_usb_ll_encode_tx_data+0x574>
200014f6:	465b      	mov	r3, fp
200014f8:	2003      	movs	r0, #3
200014fa:	781b      	ldrb	r3, [r3, #0]
200014fc:	009b      	lsls	r3, r3, #2
200014fe:	4303      	orrs	r3, r0
20001500:	2000      	movs	r0, #0
20001502:	4682      	mov	sl, r0
20001504:	b2db      	uxtb	r3, r3
20001506:	4658      	mov	r0, fp
20001508:	7003      	strb	r3, [r0, #0]
2000150a:	2306      	movs	r3, #6
2000150c:	3602      	adds	r6, #2
2000150e:	b2b5      	uxth	r5, r6
20001510:	4698      	mov	r8, r3
20001512:	08a8      	lsrs	r0, r5, #2
20001514:	e744      	b.n	200013a0 <pio_usb_ll_encode_tx_data+0x164>
20001516:	08b4      	lsrs	r4, r6, #2
20001518:	b2e7      	uxtb	r7, r4
2000151a:	46bb      	mov	fp, r7
2000151c:	2701      	movs	r7, #1
2000151e:	427f      	negs	r7, r7
20001520:	444f      	add	r7, r9
20001522:	46ba      	mov	sl, r7
20001524:	4647      	mov	r7, r8
20001526:	4493      	add	fp, r2
20001528:	2f00      	cmp	r7, #0
2000152a:	d100      	bne.n	2000152e <pio_usb_ll_encode_tx_data+0x2f2>
2000152c:	e0f2      	b.n	20001714 <pio_usb_ll_encode_tx_data+0x4d8>
2000152e:	4667      	mov	r7, ip
20001530:	433b      	orrs	r3, r7
20001532:	7003      	strb	r3, [r0, #0]
20001534:	4653      	mov	r3, sl
20001536:	2b00      	cmp	r3, #0
20001538:	d10f      	bne.n	2000155a <pio_usb_ll_encode_tx_data+0x31e>
2000153a:	465b      	mov	r3, fp
2000153c:	2003      	movs	r0, #3
2000153e:	781b      	ldrb	r3, [r3, #0]
20001540:	009b      	lsls	r3, r3, #2
20001542:	4303      	orrs	r3, r0
20001544:	2000      	movs	r0, #0
20001546:	4681      	mov	r9, r0
20001548:	b2db      	uxtb	r3, r3
2000154a:	4658      	mov	r0, fp
2000154c:	7003      	strb	r3, [r0, #0]
2000154e:	2306      	movs	r3, #6
20001550:	3502      	adds	r5, #2
20001552:	b2ae      	uxth	r6, r5
20001554:	469a      	mov	sl, r3
20001556:	08b4      	lsrs	r4, r6, #2
20001558:	e70b      	b.n	20001372 <pio_usb_ll_encode_tx_data+0x136>
2000155a:	46c1      	mov	r9, r8
2000155c:	e709      	b.n	20001372 <pio_usb_ll_encode_tx_data+0x136>
2000155e:	08a8      	lsrs	r0, r5, #2
20001560:	b2c7      	uxtb	r7, r0
20001562:	46bb      	mov	fp, r7
20001564:	2701      	movs	r7, #1
20001566:	427f      	negs	r7, r7
20001568:	4447      	add	r7, r8
2000156a:	46b9      	mov	r9, r7
2000156c:	4657      	mov	r7, sl
2000156e:	4493      	add	fp, r2
20001570:	2f00      	cmp	r7, #0
20001572:	d100      	bne.n	20001576 <pio_usb_ll_encode_tx_data+0x33a>
20001574:	e0ba      	b.n	200016ec <pio_usb_ll_encode_tx_data+0x4b0>
20001576:	4667      	mov	r7, ip
20001578:	433b      	orrs	r3, r7
2000157a:	7023      	strb	r3, [r4, #0]
2000157c:	464b      	mov	r3, r9
2000157e:	2b00      	cmp	r3, #0
20001580:	d10f      	bne.n	200015a2 <pio_usb_ll_encode_tx_data+0x366>
20001582:	465b      	mov	r3, fp
20001584:	2003      	movs	r0, #3
20001586:	781b      	ldrb	r3, [r3, #0]
20001588:	009b      	lsls	r3, r3, #2
2000158a:	4303      	orrs	r3, r0
2000158c:	2000      	movs	r0, #0
2000158e:	4680      	mov	r8, r0
20001590:	b2db      	uxtb	r3, r3
20001592:	4658      	mov	r0, fp
20001594:	7003      	strb	r3, [r0, #0]
20001596:	2306      	movs	r3, #6
20001598:	3602      	adds	r6, #2
2000159a:	b2b5      	uxth	r5, r6
2000159c:	4699      	mov	r9, r3
2000159e:	08a8      	lsrs	r0, r5, #2
200015a0:	e6d0      	b.n	20001344 <pio_usb_ll_encode_tx_data+0x108>
200015a2:	46d0      	mov	r8, sl
200015a4:	e6ce      	b.n	20001344 <pio_usb_ll_encode_tx_data+0x108>
200015a6:	08b4      	lsrs	r4, r6, #2
200015a8:	b2e7      	uxtb	r7, r4
200015aa:	46bb      	mov	fp, r7
200015ac:	2701      	movs	r7, #1
200015ae:	427f      	negs	r7, r7
200015b0:	4457      	add	r7, sl
200015b2:	46b8      	mov	r8, r7
200015b4:	464f      	mov	r7, r9
200015b6:	4493      	add	fp, r2
200015b8:	2f00      	cmp	r7, #0
200015ba:	d100      	bne.n	200015be <pio_usb_ll_encode_tx_data+0x382>
200015bc:	e083      	b.n	200016c6 <pio_usb_ll_encode_tx_data+0x48a>
200015be:	4667      	mov	r7, ip
200015c0:	433b      	orrs	r3, r7
200015c2:	7003      	strb	r3, [r0, #0]
200015c4:	4643      	mov	r3, r8
200015c6:	2b00      	cmp	r3, #0
200015c8:	d10f      	bne.n	200015ea <pio_usb_ll_encode_tx_data+0x3ae>
200015ca:	465b      	mov	r3, fp
200015cc:	2003      	movs	r0, #3
200015ce:	781b      	ldrb	r3, [r3, #0]
200015d0:	009b      	lsls	r3, r3, #2
200015d2:	4303      	orrs	r3, r0
200015d4:	2000      	movs	r0, #0
200015d6:	4682      	mov	sl, r0
200015d8:	b2db      	uxtb	r3, r3
200015da:	4658      	mov	r0, fp
200015dc:	7003      	strb	r3, [r0, #0]
200015de:	2306      	movs	r3, #6
200015e0:	3502      	adds	r5, #2
200015e2:	b2ae      	uxth	r6, r5
200015e4:	4698      	mov	r8, r3
200015e6:	08b4      	lsrs	r4, r6, #2
200015e8:	e695      	b.n	20001316 <pio_usb_ll_encode_tx_data+0xda>
200015ea:	46ca      	mov	sl, r9
200015ec:	e693      	b.n	20001316 <pio_usb_ll_encode_tx_data+0xda>
200015ee:	08a8      	lsrs	r0, r5, #2
200015f0:	b2c7      	uxtb	r7, r0
200015f2:	46b8      	mov	r8, r7
200015f4:	2701      	movs	r7, #1
200015f6:	427f      	negs	r7, r7
200015f8:	444f      	add	r7, r9
200015fa:	46ba      	mov	sl, r7
200015fc:	465f      	mov	r7, fp
200015fe:	4490      	add	r8, r2
20001600:	2f00      	cmp	r7, #0
20001602:	d04d      	beq.n	200016a0 <pio_usb_ll_encode_tx_data+0x464>
20001604:	4667      	mov	r7, ip
20001606:	433b      	orrs	r3, r7
20001608:	7023      	strb	r3, [r4, #0]
2000160a:	4653      	mov	r3, sl
2000160c:	2b00      	cmp	r3, #0
2000160e:	d10f      	bne.n	20001630 <pio_usb_ll_encode_tx_data+0x3f4>
20001610:	4643      	mov	r3, r8
20001612:	2003      	movs	r0, #3
20001614:	781b      	ldrb	r3, [r3, #0]
20001616:	009b      	lsls	r3, r3, #2
20001618:	4303      	orrs	r3, r0
2000161a:	2000      	movs	r0, #0
2000161c:	4681      	mov	r9, r0
2000161e:	b2db      	uxtb	r3, r3
20001620:	4640      	mov	r0, r8
20001622:	7003      	strb	r3, [r0, #0]
20001624:	2306      	movs	r3, #6
20001626:	3602      	adds	r6, #2
20001628:	b2b5      	uxth	r5, r6
2000162a:	469a      	mov	sl, r3
2000162c:	08a8      	lsrs	r0, r5, #2
2000162e:	e65a      	b.n	200012e6 <pio_usb_ll_encode_tx_data+0xaa>
20001630:	46d9      	mov	r9, fp
20001632:	e658      	b.n	200012e6 <pio_usb_ll_encode_tx_data+0xaa>
20001634:	08b7      	lsrs	r7, r6, #2
20001636:	46b8      	mov	r8, r7
20001638:	b2ff      	uxtb	r7, r7
2000163a:	46ba      	mov	sl, r7
2000163c:	2701      	movs	r7, #1
2000163e:	427f      	negs	r7, r7
20001640:	445f      	add	r7, fp
20001642:	46b9      	mov	r9, r7
20001644:	4492      	add	sl, r2
20001646:	2c00      	cmp	r4, #0
20001648:	d018      	beq.n	2000167c <pio_usb_ll_encode_tx_data+0x440>
2000164a:	4667      	mov	r7, ip
2000164c:	433b      	orrs	r3, r7
2000164e:	7003      	strb	r3, [r0, #0]
20001650:	464b      	mov	r3, r9
20001652:	2b00      	cmp	r3, #0
20001654:	d110      	bne.n	20001678 <pio_usb_ll_encode_tx_data+0x43c>
20001656:	4653      	mov	r3, sl
20001658:	2003      	movs	r0, #3
2000165a:	781b      	ldrb	r3, [r3, #0]
2000165c:	009b      	lsls	r3, r3, #2
2000165e:	4303      	orrs	r3, r0
20001660:	2000      	movs	r0, #0
20001662:	4683      	mov	fp, r0
20001664:	b2db      	uxtb	r3, r3
20001666:	4650      	mov	r0, sl
20001668:	7003      	strb	r3, [r0, #0]
2000166a:	2306      	movs	r3, #6
2000166c:	3502      	adds	r5, #2
2000166e:	b2ae      	uxth	r6, r5
20001670:	4699      	mov	r9, r3
20001672:	08b3      	lsrs	r3, r6, #2
20001674:	4698      	mov	r8, r3
20001676:	e61d      	b.n	200012b4 <pio_usb_ll_encode_tx_data+0x78>
20001678:	46a3      	mov	fp, r4
2000167a:	e61b      	b.n	200012b4 <pio_usb_ll_encode_tx_data+0x78>
2000167c:	2703      	movs	r7, #3
2000167e:	433b      	orrs	r3, r7
20001680:	7003      	strb	r3, [r0, #0]
20001682:	465b      	mov	r3, fp
20001684:	2b01      	cmp	r3, #1
20001686:	d1f7      	bne.n	20001678 <pio_usb_ll_encode_tx_data+0x43c>
20001688:	4653      	mov	r3, sl
2000168a:	4660      	mov	r0, ip
2000168c:	781b      	ldrb	r3, [r3, #0]
2000168e:	009b      	lsls	r3, r3, #2
20001690:	4303      	orrs	r3, r0
20001692:	b2db      	uxtb	r3, r3
20001694:	e7e7      	b.n	20001666 <pio_usb_ll_encode_tx_data+0x42a>
20001696:	4663      	mov	r3, ip
20001698:	431e      	orrs	r6, r3
2000169a:	2401      	movs	r4, #1
2000169c:	b2f6      	uxtb	r6, r6
2000169e:	e5eb      	b.n	20001278 <pio_usb_ll_encode_tx_data+0x3c>
200016a0:	2703      	movs	r7, #3
200016a2:	433b      	orrs	r3, r7
200016a4:	7023      	strb	r3, [r4, #0]
200016a6:	464b      	mov	r3, r9
200016a8:	2b01      	cmp	r3, #1
200016aa:	d1c1      	bne.n	20001630 <pio_usb_ll_encode_tx_data+0x3f4>
200016ac:	4643      	mov	r3, r8
200016ae:	4660      	mov	r0, ip
200016b0:	781b      	ldrb	r3, [r3, #0]
200016b2:	009b      	lsls	r3, r3, #2
200016b4:	4303      	orrs	r3, r0
200016b6:	b2db      	uxtb	r3, r3
200016b8:	e7b2      	b.n	20001620 <pio_usb_ll_encode_tx_data+0x3e4>
200016ba:	4664      	mov	r4, ip
200016bc:	4323      	orrs	r3, r4
200016be:	2401      	movs	r4, #1
200016c0:	b2db      	uxtb	r3, r3
200016c2:	46a3      	mov	fp, r4
200016c4:	e5f1      	b.n	200012aa <pio_usb_ll_encode_tx_data+0x6e>
200016c6:	2703      	movs	r7, #3
200016c8:	433b      	orrs	r3, r7
200016ca:	7003      	strb	r3, [r0, #0]
200016cc:	4653      	mov	r3, sl
200016ce:	2b01      	cmp	r3, #1
200016d0:	d18b      	bne.n	200015ea <pio_usb_ll_encode_tx_data+0x3ae>
200016d2:	465b      	mov	r3, fp
200016d4:	4660      	mov	r0, ip
200016d6:	781b      	ldrb	r3, [r3, #0]
200016d8:	009b      	lsls	r3, r3, #2
200016da:	4303      	orrs	r3, r0
200016dc:	b2db      	uxtb	r3, r3
200016de:	e77c      	b.n	200015da <pio_usb_ll_encode_tx_data+0x39e>
200016e0:	4660      	mov	r0, ip
200016e2:	4303      	orrs	r3, r0
200016e4:	2001      	movs	r0, #1
200016e6:	b2db      	uxtb	r3, r3
200016e8:	4681      	mov	r9, r0
200016ea:	e5f8      	b.n	200012de <pio_usb_ll_encode_tx_data+0xa2>
200016ec:	2703      	movs	r7, #3
200016ee:	433b      	orrs	r3, r7
200016f0:	7023      	strb	r3, [r4, #0]
200016f2:	4643      	mov	r3, r8
200016f4:	2b01      	cmp	r3, #1
200016f6:	d000      	beq.n	200016fa <pio_usb_ll_encode_tx_data+0x4be>
200016f8:	e753      	b.n	200015a2 <pio_usb_ll_encode_tx_data+0x366>
200016fa:	465b      	mov	r3, fp
200016fc:	4660      	mov	r0, ip
200016fe:	781b      	ldrb	r3, [r3, #0]
20001700:	009b      	lsls	r3, r3, #2
20001702:	4303      	orrs	r3, r0
20001704:	b2db      	uxtb	r3, r3
20001706:	e744      	b.n	20001592 <pio_usb_ll_encode_tx_data+0x356>
20001708:	4664      	mov	r4, ip
2000170a:	4323      	orrs	r3, r4
2000170c:	2401      	movs	r4, #1
2000170e:	b2db      	uxtb	r3, r3
20001710:	46a2      	mov	sl, r4
20001712:	e5fc      	b.n	2000130e <pio_usb_ll_encode_tx_data+0xd2>
20001714:	2703      	movs	r7, #3
20001716:	433b      	orrs	r3, r7
20001718:	7003      	strb	r3, [r0, #0]
2000171a:	464b      	mov	r3, r9
2000171c:	2b01      	cmp	r3, #1
2000171e:	d000      	beq.n	20001722 <pio_usb_ll_encode_tx_data+0x4e6>
20001720:	e71b      	b.n	2000155a <pio_usb_ll_encode_tx_data+0x31e>
20001722:	465b      	mov	r3, fp
20001724:	4660      	mov	r0, ip
20001726:	781b      	ldrb	r3, [r3, #0]
20001728:	009b      	lsls	r3, r3, #2
2000172a:	4303      	orrs	r3, r0
2000172c:	b2db      	uxtb	r3, r3
2000172e:	e70c      	b.n	2000154a <pio_usb_ll_encode_tx_data+0x30e>
20001730:	4660      	mov	r0, ip
20001732:	4303      	orrs	r3, r0
20001734:	2001      	movs	r0, #1
20001736:	b2db      	uxtb	r3, r3
20001738:	4680      	mov	r8, r0
2000173a:	e5ff      	b.n	2000133c <pio_usb_ll_encode_tx_data+0x100>
2000173c:	2703      	movs	r7, #3
2000173e:	433e      	orrs	r6, r7
20001740:	7006      	strb	r6, [r0, #0]
20001742:	2c01      	cmp	r4, #1
20001744:	d000      	beq.n	20001748 <pio_usb_ll_encode_tx_data+0x50c>
20001746:	e676      	b.n	20001436 <pio_usb_ll_encode_tx_data+0x1fa>
20001748:	4650      	mov	r0, sl
2000174a:	4665      	mov	r5, ip
2000174c:	7800      	ldrb	r0, [r0, #0]
2000174e:	0080      	lsls	r0, r0, #2
20001750:	4328      	orrs	r0, r5
20001752:	b2c0      	uxtb	r0, r0
20001754:	e666      	b.n	20001424 <pio_usb_ll_encode_tx_data+0x1e8>
20001756:	4660      	mov	r0, ip
20001758:	4303      	orrs	r3, r0
2000175a:	2001      	movs	r0, #1
2000175c:	b2db      	uxtb	r3, r3
2000175e:	4682      	mov	sl, r0
20001760:	e61a      	b.n	20001398 <pio_usb_ll_encode_tx_data+0x15c>
20001762:	4660      	mov	r0, ip
20001764:	4306      	orrs	r6, r0
20001766:	2001      	movs	r0, #1
20001768:	b2f6      	uxtb	r6, r6
2000176a:	4680      	mov	r8, r0
2000176c:	e62b      	b.n	200013c6 <pio_usb_ll_encode_tx_data+0x18a>
2000176e:	2703      	movs	r7, #3
20001770:	433e      	orrs	r6, r7
20001772:	700e      	strb	r6, [r1, #0]
20001774:	4641      	mov	r1, r8
20001776:	2901      	cmp	r1, #1
20001778:	d000      	beq.n	2000177c <pio_usb_ll_encode_tx_data+0x540>
2000177a:	e6a7      	b.n	200014cc <pio_usb_ll_encode_tx_data+0x290>
2000177c:	464b      	mov	r3, r9
2000177e:	4661      	mov	r1, ip
20001780:	781b      	ldrb	r3, [r3, #0]
20001782:	009b      	lsls	r3, r3, #2
20001784:	430b      	orrs	r3, r1
20001786:	b2db      	uxtb	r3, r3
20001788:	e66e      	b.n	20001468 <pio_usb_ll_encode_tx_data+0x22c>
2000178a:	4664      	mov	r4, ip
2000178c:	4323      	orrs	r3, r4
2000178e:	2401      	movs	r4, #1
20001790:	b2db      	uxtb	r3, r3
20001792:	46a1      	mov	r9, r4
20001794:	e5e9      	b.n	2000136a <pio_usb_ll_encode_tx_data+0x12e>
20001796:	2703      	movs	r7, #3
20001798:	433b      	orrs	r3, r7
2000179a:	7023      	strb	r3, [r4, #0]
2000179c:	4653      	mov	r3, sl
2000179e:	2b01      	cmp	r3, #1
200017a0:	d106      	bne.n	200017b0 <pio_usb_ll_encode_tx_data+0x574>
200017a2:	465b      	mov	r3, fp
200017a4:	4660      	mov	r0, ip
200017a6:	781b      	ldrb	r3, [r3, #0]
200017a8:	009b      	lsls	r3, r3, #2
200017aa:	4303      	orrs	r3, r0
200017ac:	b2db      	uxtb	r3, r3
200017ae:	e6aa      	b.n	20001506 <pio_usb_ll_encode_tx_data+0x2ca>
200017b0:	46ca      	mov	sl, r9
200017b2:	e5f5      	b.n	200013a0 <pio_usb_ll_encode_tx_data+0x164>
200017b4:	0011      	movs	r1, r2
200017b6:	0010      	movs	r0, r2
200017b8:	2302      	movs	r3, #2
200017ba:	e669      	b.n	20001490 <pio_usb_ll_encode_tx_data+0x254>

200017bc <initialize_host_programs>:
200017bc:	b5f0      	push	{r4, r5, r6, r7, lr}
200017be:	46de      	mov	lr, fp
200017c0:	4657      	mov	r7, sl
200017c2:	4645      	mov	r5, r8
200017c4:	464e      	mov	r6, r9
200017c6:	b5e0      	push	{r5, r6, r7, lr}
200017c8:	b08f      	sub	sp, #60	@ 0x3c
200017ca:	0004      	movs	r4, r0
200017cc:	0015      	movs	r5, r2
200017ce:	9202      	str	r2, [sp, #8]
200017d0:	468b      	mov	fp, r1
200017d2:	2200      	movs	r2, #0
200017d4:	6bc1      	ldr	r1, [r0, #60]	@ 0x3c
200017d6:	6800      	ldr	r0, [r0, #0]
200017d8:	f001 fd16 	bl	20003208 <__pio_add_program_at_offset_veneer>
200017dc:	2300      	movs	r3, #0
200017de:	60a3      	str	r3, [r4, #8]
200017e0:	6823      	ldr	r3, [r4, #0]
200017e2:	6862      	ldr	r2, [r4, #4]
200017e4:	4698      	mov	r8, r3
200017e6:	78ab      	ldrb	r3, [r5, #2]
200017e8:	78ef      	ldrb	r7, [r5, #3]
200017ea:	4692      	mov	sl, r2
200017ec:	b2da      	uxtb	r2, r3
200017ee:	4691      	mov	r9, r2
200017f0:	b2ff      	uxtb	r7, r7
200017f2:	3b20      	subs	r3, #32
200017f4:	d500      	bpl.n	200017f8 <initialize_host_programs+0x3c>
200017f6:	e294      	b.n	20001d22 <initialize_host_programs+0x566>
200017f8:	2201      	movs	r2, #1
200017fa:	409a      	lsls	r2, r3
200017fc:	0013      	movs	r3, r2
200017fe:	2101      	movs	r1, #1
20001800:	4648      	mov	r0, r9
20001802:	000a      	movs	r2, r1
20001804:	4082      	lsls	r2, r0
20001806:	0038      	movs	r0, r7
20001808:	3820      	subs	r0, #32
2000180a:	d500      	bpl.n	2000180e <initialize_host_programs+0x52>
2000180c:	e285      	b.n	20001d1a <initialize_host_programs+0x55e>
2000180e:	4081      	lsls	r1, r0
20001810:	4319      	orrs	r1, r3
20001812:	9101      	str	r1, [sp, #4]
20001814:	2101      	movs	r1, #1
20001816:	40b9      	lsls	r1, r7
20001818:	4ded      	ldr	r5, [pc, #948]	@ (20001bd0 <initialize_host_programs+0x414>)
2000181a:	4311      	orrs	r1, r2
2000181c:	4445      	add	r5, r8
2000181e:	4640      	mov	r0, r8
20001820:	9100      	str	r1, [sp, #0]
20001822:	0d2d      	lsrs	r5, r5, #20
20001824:	4651      	mov	r1, sl
20001826:	f001 fcb7 	bl	20003198 <__pio_sm_set_pins_with_mask64_veneer>
2000182a:	3506      	adds	r5, #6
2000182c:	2201      	movs	r2, #1
2000182e:	2100      	movs	r1, #0
20001830:	4648      	mov	r0, r9
20001832:	f001 fd11 	bl	20003258 <__gpio_set_pulls_veneer>
20001836:	b2ed      	uxtb	r5, r5
20001838:	2201      	movs	r2, #1
2000183a:	2100      	movs	r1, #0
2000183c:	0038      	movs	r0, r7
2000183e:	f001 fd0b 	bl	20003258 <__gpio_set_pulls_veneer>
20001842:	0029      	movs	r1, r5
20001844:	4648      	mov	r0, r9
20001846:	f001 fc8f 	bl	20003168 <__gpio_set_function_veneer>
2000184a:	0029      	movs	r1, r5
2000184c:	0038      	movs	r0, r7
2000184e:	f001 fc8b 	bl	20003168 <__gpio_set_function_veneer>
20001852:	2380      	movs	r3, #128	@ 0x80
20001854:	025b      	lsls	r3, r3, #9
20001856:	930a      	str	r3, [sp, #40]	@ 0x28
20001858:	2381      	movs	r3, #129	@ 0x81
2000185a:	01db      	lsls	r3, r3, #7
2000185c:	930b      	str	r3, [sp, #44]	@ 0x2c
2000185e:	2380      	movs	r3, #128	@ 0x80
20001860:	05db      	lsls	r3, r3, #23
20001862:	930d      	str	r3, [sp, #52]	@ 0x34
20001864:	4bdb      	ldr	r3, [pc, #876]	@ (20001bd4 <initialize_host_programs+0x418>)
20001866:	2005      	movs	r0, #5
20001868:	930c      	str	r3, [sp, #48]	@ 0x30
2000186a:	f001 fc65 	bl	20003138 <__clock_get_hz_veneer>
2000186e:	f001 fce3 	bl	20003238 <____wrap___aeabi_ui2f_veneer>
20001872:	49d9      	ldr	r1, [pc, #868]	@ (20001bd8 <initialize_host_programs+0x41c>)
20001874:	f001 fcc0 	bl	200031f8 <____wrap___aeabi_fdiv_veneer>
20001878:	21ec      	movs	r1, #236	@ 0xec
2000187a:	0589      	lsls	r1, r1, #22
2000187c:	f001 fce4 	bl	20003248 <____wrap___aeabi_fadd_veneer>
20001880:	1c06      	adds	r6, r0, #0
20001882:	f001 fcc9 	bl	20003218 <____wrap___aeabi_f2uiz_veneer>
20001886:	b285      	uxth	r5, r0
20001888:	2000      	movs	r0, #0
2000188a:	2d00      	cmp	r5, #0
2000188c:	d00e      	beq.n	200018ac <initialize_host_programs+0xf0>
2000188e:	0028      	movs	r0, r5
20001890:	f001 fcd2 	bl	20003238 <____wrap___aeabi_ui2f_veneer>
20001894:	1c01      	adds	r1, r0, #0
20001896:	1c30      	adds	r0, r6, #0
20001898:	f001 fce6 	bl	20003268 <____wrap___aeabi_fsub_veneer>
2000189c:	2187      	movs	r1, #135	@ 0x87
2000189e:	05c9      	lsls	r1, r1, #23
200018a0:	f001 fc9a 	bl	200031d8 <____wrap___aeabi_fmul_veneer>
200018a4:	f001 fcb8 	bl	20003218 <____wrap___aeabi_f2uiz_veneer>
200018a8:	b2c0      	uxtb	r0, r0
200018aa:	0200      	lsls	r0, r0, #8
200018ac:	042d      	lsls	r5, r5, #16
200018ae:	4305      	orrs	r5, r0
200018b0:	2201      	movs	r2, #1
200018b2:	4651      	mov	r1, sl
200018b4:	ab0a      	add	r3, sp, #40	@ 0x28
200018b6:	4640      	mov	r0, r8
200018b8:	950a      	str	r5, [sp, #40]	@ 0x28
200018ba:	f001 fc45 	bl	20003148 <__pio_sm_init_veneer>
200018be:	003b      	movs	r3, r7
200018c0:	464a      	mov	r2, r9
200018c2:	4651      	mov	r1, sl
200018c4:	4640      	mov	r0, r8
200018c6:	f7fe fe83 	bl	200005d0 <usb_tx_configure_pins>
200018ca:	4652      	mov	r2, sl
200018cc:	2301      	movs	r3, #1
200018ce:	4093      	lsls	r3, r2
200018d0:	4642      	mov	r2, r8
200018d2:	6812      	ldr	r2, [r2, #0]
200018d4:	68a5      	ldr	r5, [r4, #8]
200018d6:	4313      	orrs	r3, r2
200018d8:	4642      	mov	r2, r8
200018da:	6013      	str	r3, [r2, #0]
200018dc:	465b      	mov	r3, fp
200018de:	7bdb      	ldrb	r3, [r3, #15]
200018e0:	1d29      	adds	r1, r5, #4
200018e2:	1e5a      	subs	r2, r3, #1
200018e4:	4193      	sbcs	r3, r2
200018e6:	2280      	movs	r2, #128	@ 0x80
200018e8:	0112      	lsls	r2, r2, #4
200018ea:	4694      	mov	ip, r2
200018ec:	221f      	movs	r2, #31
200018ee:	02db      	lsls	r3, r3, #11
200018f0:	3502      	adds	r5, #2
200018f2:	4463      	add	r3, ip
200018f4:	4011      	ands	r1, r2
200018f6:	402a      	ands	r2, r5
200018f8:	4319      	orrs	r1, r3
200018fa:	431a      	orrs	r2, r3
200018fc:	465b      	mov	r3, fp
200018fe:	62a1      	str	r1, [r4, #40]	@ 0x28
20001900:	6262      	str	r2, [r4, #36]	@ 0x24
20001902:	7b1b      	ldrb	r3, [r3, #12]
20001904:	6920      	ldr	r0, [r4, #16]
20001906:	2b7f      	cmp	r3, #127	@ 0x7f
20001908:	d900      	bls.n	2000190c <initialize_host_programs+0x150>
2000190a:	e1fb      	b.n	20001d04 <initialize_host_programs+0x548>
2000190c:	49b3      	ldr	r1, [pc, #716]	@ (20001bdc <initialize_host_programs+0x420>)
2000190e:	f001 fc3b 	bl	20003188 <__pio_add_program_veneer>
20001912:	4680      	mov	r8, r0
20001914:	4643      	mov	r3, r8
20001916:	6961      	ldr	r1, [r4, #20]
20001918:	61a3      	str	r3, [r4, #24]
2000191a:	468a      	mov	sl, r1
2000191c:	4659      	mov	r1, fp
2000191e:	9b02      	ldr	r3, [sp, #8]
20001920:	6920      	ldr	r0, [r4, #16]
20001922:	789a      	ldrb	r2, [r3, #2]
20001924:	78db      	ldrb	r3, [r3, #3]
20001926:	9003      	str	r0, [sp, #12]
20001928:	7b09      	ldrb	r1, [r1, #12]
2000192a:	b2dd      	uxtb	r5, r3
2000192c:	b249      	sxtb	r1, r1
2000192e:	4689      	mov	r9, r1
20001930:	b2d1      	uxtb	r1, r2
20001932:	9104      	str	r1, [sp, #16]
20001934:	429a      	cmp	r2, r3
20001936:	d300      	bcc.n	2000193a <initialize_host_programs+0x17e>
20001938:	e164      	b.n	20001c04 <initialize_host_programs+0x448>
2000193a:	2300      	movs	r3, #0
2000193c:	000a      	movs	r2, r1
2000193e:	9300      	str	r3, [sp, #0]
20001940:	4651      	mov	r1, sl
20001942:	3302      	adds	r3, #2
20001944:	f001 fc98 	bl	20003278 <__pio_sm_set_consecutive_pindirs_veneer>
20001948:	9e04      	ldr	r6, [sp, #16]
2000194a:	2201      	movs	r2, #1
2000194c:	2100      	movs	r1, #0
2000194e:	0030      	movs	r0, r6
20001950:	f001 fc82 	bl	20003258 <__gpio_set_pulls_veneer>
20001954:	2201      	movs	r2, #1
20001956:	2100      	movs	r1, #0
20001958:	0028      	movs	r0, r5
2000195a:	f001 fc7d 	bl	20003258 <__gpio_set_pulls_veneer>
2000195e:	2101      	movs	r1, #1
20001960:	0030      	movs	r0, r6
20001962:	f001 fbf9 	bl	20003158 <__gpio_set_inover_veneer>
20001966:	0028      	movs	r0, r5
20001968:	2101      	movs	r1, #1
2000196a:	f001 fbf5 	bl	20003158 <__gpio_set_inover_veneer>
2000196e:	4643      	mov	r3, r8
20001970:	4642      	mov	r2, r8
20001972:	3306      	adds	r3, #6
20001974:	01d2      	lsls	r2, r2, #7
20001976:	031b      	lsls	r3, r3, #12
20001978:	4313      	orrs	r3, r2
2000197a:	464a      	mov	r2, r9
2000197c:	9305      	str	r3, [sp, #20]
2000197e:	2a00      	cmp	r2, #0
20001980:	db00      	blt.n	20001984 <initialize_host_programs+0x1c8>
20001982:	e147      	b.n	20001c14 <initialize_host_programs+0x458>
20001984:	23c0      	movs	r3, #192	@ 0xc0
20001986:	2680      	movs	r6, #128	@ 0x80
20001988:	031b      	lsls	r3, r3, #12
2000198a:	27f8      	movs	r7, #248	@ 0xf8
2000198c:	930c      	str	r3, [sp, #48]	@ 0x30
2000198e:	2300      	movs	r3, #0
20001990:	ad06      	add	r5, sp, #24
20001992:	2210      	movs	r2, #16
20001994:	a90a      	add	r1, sp, #40	@ 0x28
20001996:	0028      	movs	r0, r5
20001998:	0276      	lsls	r6, r6, #9
2000199a:	027f      	lsls	r7, r7, #9
2000199c:	930d      	str	r3, [sp, #52]	@ 0x34
2000199e:	960a      	str	r6, [sp, #40]	@ 0x28
200019a0:	970b      	str	r7, [sp, #44]	@ 0x2c
200019a2:	f001 fc71 	bl	20003288 <____wrap_memcpy_veneer>
200019a6:	9b05      	ldr	r3, [sp, #20]
200019a8:	2210      	movs	r2, #16
200019aa:	0029      	movs	r1, r5
200019ac:	606b      	str	r3, [r5, #4]
200019ae:	a80a      	add	r0, sp, #40	@ 0x28
200019b0:	f001 fc6a 	bl	20003288 <____wrap_memcpy_veneer>
200019b4:	a90a      	add	r1, sp, #40	@ 0x28
200019b6:	2210      	movs	r2, #16
200019b8:	0028      	movs	r0, r5
200019ba:	f001 fc65 	bl	20003288 <____wrap_memcpy_veneer>
200019be:	2100      	movs	r1, #0
200019c0:	23f8      	movs	r3, #248	@ 0xf8
200019c2:	68ae      	ldr	r6, [r5, #8]
200019c4:	055b      	lsls	r3, r3, #21
200019c6:	46b4      	mov	ip, r6
200019c8:	4e85      	ldr	r6, [pc, #532]	@ (20001be0 <initialize_host_programs+0x424>)
200019ca:	4699      	mov	r9, r3
200019cc:	4031      	ands	r1, r6
200019ce:	686b      	ldr	r3, [r5, #4]
200019d0:	4e84      	ldr	r6, [pc, #528]	@ (20001be4 <initialize_host_programs+0x428>)
200019d2:	4642      	mov	r2, r8
200019d4:	4033      	ands	r3, r6
200019d6:	4e84      	ldr	r6, [pc, #528]	@ (20001be8 <initialize_host_programs+0x42c>)
200019d8:	20f8      	movs	r0, #248	@ 0xf8
200019da:	46b0      	mov	r8, r6
200019dc:	4666      	mov	r6, ip
200019de:	4647      	mov	r7, r8
200019e0:	403e      	ands	r6, r7
200019e2:	46b0      	mov	r8, r6
200019e4:	4e81      	ldr	r6, [pc, #516]	@ (20001bec <initialize_host_programs+0x430>)
200019e6:	0300      	lsls	r0, r0, #12
200019e8:	46b4      	mov	ip, r6
200019ea:	4646      	mov	r6, r8
200019ec:	4667      	mov	r7, ip
200019ee:	433e      	orrs	r6, r7
200019f0:	60ae      	str	r6, [r5, #8]
200019f2:	9e04      	ldr	r6, [sp, #16]
200019f4:	03f7      	lsls	r7, r6, #15
200019f6:	4038      	ands	r0, r7
200019f8:	4301      	orrs	r1, r0
200019fa:	4648      	mov	r0, r9
200019fc:	60e9      	str	r1, [r5, #12]
200019fe:	0631      	lsls	r1, r6, #24
20001a00:	4001      	ands	r1, r0
20001a02:	9e03      	ldr	r6, [sp, #12]
20001a04:	430b      	orrs	r3, r1
20001a06:	606b      	str	r3, [r5, #4]
20001a08:	4651      	mov	r1, sl
20001a0a:	002b      	movs	r3, r5
20001a0c:	0030      	movs	r0, r6
20001a0e:	f001 fb9b 	bl	20003148 <__pio_sm_init_veneer>
20001a12:	4653      	mov	r3, sl
20001a14:	2101      	movs	r1, #1
20001a16:	46b4      	mov	ip, r6
20001a18:	4099      	lsls	r1, r3
20001a1a:	221f      	movs	r2, #31
20001a1c:	005b      	lsls	r3, r3, #1
20001a1e:	4453      	add	r3, sl
20001a20:	00db      	lsls	r3, r3, #3
20001a22:	4873      	ldr	r0, [pc, #460]	@ (20001bf0 <initialize_host_programs+0x434>)
20001a24:	4463      	add	r3, ip
20001a26:	33d8      	adds	r3, #216	@ 0xd8
20001a28:	6018      	str	r0, [r3, #0]
20001a2a:	6833      	ldr	r3, [r6, #0]
20001a2c:	6920      	ldr	r0, [r4, #16]
20001a2e:	438b      	bics	r3, r1
20001a30:	6033      	str	r3, [r6, #0]
20001a32:	69a3      	ldr	r3, [r4, #24]
20001a34:	4013      	ands	r3, r2
20001a36:	62e3      	str	r3, [r4, #44]	@ 0x2c
20001a38:	4b6e      	ldr	r3, [pc, #440]	@ (20001bf4 <initialize_host_programs+0x438>)
20001a3a:	6323      	str	r3, [r4, #48]	@ 0x30
20001a3c:	465b      	mov	r3, fp
20001a3e:	7b5b      	ldrb	r3, [r3, #13]
20001a40:	2b7f      	cmp	r3, #127	@ 0x7f
20001a42:	d900      	bls.n	20001a46 <initialize_host_programs+0x28a>
20001a44:	e163      	b.n	20001d0e <initialize_host_programs+0x552>
20001a46:	496c      	ldr	r1, [pc, #432]	@ (20001bf8 <initialize_host_programs+0x43c>)
20001a48:	f001 fb9e 	bl	20003188 <__pio_add_program_veneer>
20001a4c:	0002      	movs	r2, r0
20001a4e:	9003      	str	r0, [sp, #12]
20001a50:	9902      	ldr	r1, [sp, #8]
20001a52:	6222      	str	r2, [r4, #32]
20001a54:	788b      	ldrb	r3, [r1, #2]
20001a56:	b2db      	uxtb	r3, r3
20001a58:	9304      	str	r3, [sp, #16]
20001a5a:	78cb      	ldrb	r3, [r1, #3]
20001a5c:	b2db      	uxtb	r3, r3
20001a5e:	9305      	str	r3, [sp, #20]
20001a60:	0013      	movs	r3, r2
20001a62:	3203      	adds	r2, #3
20001a64:	3309      	adds	r3, #9
20001a66:	031b      	lsls	r3, r3, #12
20001a68:	01d2      	lsls	r2, r2, #7
20001a6a:	431a      	orrs	r2, r3
20001a6c:	465b      	mov	r3, fp
20001a6e:	7b5b      	ldrb	r3, [r3, #13]
20001a70:	4692      	mov	sl, r2
20001a72:	b25b      	sxtb	r3, r3
20001a74:	4698      	mov	r8, r3
20001a76:	465b      	mov	r3, fp
20001a78:	799b      	ldrb	r3, [r3, #6]
20001a7a:	469b      	mov	fp, r3
20001a7c:	6923      	ldr	r3, [r4, #16]
20001a7e:	4699      	mov	r9, r3
20001a80:	4643      	mov	r3, r8
20001a82:	2b00      	cmp	r3, #0
20001a84:	db00      	blt.n	20001a88 <initialize_host_programs+0x2cc>
20001a86:	e103      	b.n	20001c90 <initialize_host_programs+0x4d4>
20001a88:	23c0      	movs	r3, #192	@ 0xc0
20001a8a:	2680      	movs	r6, #128	@ 0x80
20001a8c:	031b      	lsls	r3, r3, #12
20001a8e:	27f8      	movs	r7, #248	@ 0xf8
20001a90:	930c      	str	r3, [sp, #48]	@ 0x30
20001a92:	2300      	movs	r3, #0
20001a94:	2210      	movs	r2, #16
20001a96:	a90a      	add	r1, sp, #40	@ 0x28
20001a98:	0028      	movs	r0, r5
20001a9a:	0276      	lsls	r6, r6, #9
20001a9c:	027f      	lsls	r7, r7, #9
20001a9e:	930d      	str	r3, [sp, #52]	@ 0x34
20001aa0:	960a      	str	r6, [sp, #40]	@ 0x28
20001aa2:	970b      	str	r7, [sp, #44]	@ 0x2c
20001aa4:	f001 fbf0 	bl	20003288 <____wrap_memcpy_veneer>
20001aa8:	4653      	mov	r3, sl
20001aaa:	2210      	movs	r2, #16
20001aac:	0029      	movs	r1, r5
20001aae:	606b      	str	r3, [r5, #4]
20001ab0:	a80a      	add	r0, sp, #40	@ 0x28
20001ab2:	f001 fbe9 	bl	20003288 <____wrap_memcpy_veneer>
20001ab6:	2210      	movs	r2, #16
20001ab8:	0028      	movs	r0, r5
20001aba:	a90a      	add	r1, sp, #40	@ 0x28
20001abc:	f001 fbe4 	bl	20003288 <____wrap_memcpy_veneer>
20001ac0:	2200      	movs	r2, #0
20001ac2:	9b04      	ldr	r3, [sp, #16]
20001ac4:	68ae      	ldr	r6, [r5, #8]
20001ac6:	03d9      	lsls	r1, r3, #15
20001ac8:	9b05      	ldr	r3, [sp, #20]
20001aca:	46b4      	mov	ip, r6
20001acc:	0618      	lsls	r0, r3, #24
20001ace:	23f8      	movs	r3, #248	@ 0xf8
20001ad0:	031b      	lsls	r3, r3, #12
20001ad2:	4019      	ands	r1, r3
20001ad4:	23f8      	movs	r3, #248	@ 0xf8
20001ad6:	055b      	lsls	r3, r3, #21
20001ad8:	4018      	ands	r0, r3
20001ada:	2380      	movs	r3, #128	@ 0x80
20001adc:	4680      	mov	r8, r0
20001ade:	4e40      	ldr	r6, [pc, #256]	@ (20001be0 <initialize_host_programs+0x424>)
20001ae0:	0418      	lsls	r0, r3, #16
20001ae2:	4032      	ands	r2, r6
20001ae4:	4311      	orrs	r1, r2
20001ae6:	686b      	ldr	r3, [r5, #4]
20001ae8:	4a3e      	ldr	r2, [pc, #248]	@ (20001be4 <initialize_host_programs+0x428>)
20001aea:	60e9      	str	r1, [r5, #12]
20001aec:	4013      	ands	r3, r2
20001aee:	4642      	mov	r2, r8
20001af0:	4313      	orrs	r3, r2
20001af2:	606b      	str	r3, [r5, #4]
20001af4:	4663      	mov	r3, ip
20001af6:	4a41      	ldr	r2, [pc, #260]	@ (20001bfc <initialize_host_programs+0x440>)
20001af8:	401a      	ands	r2, r3
20001afa:	4302      	orrs	r2, r0
20001afc:	60aa      	str	r2, [r5, #8]
20001afe:	2005      	movs	r0, #5
20001b00:	f001 fb1a 	bl	20003138 <__clock_get_hz_veneer>
20001b04:	f001 fb98 	bl	20003238 <____wrap___aeabi_ui2f_veneer>
20001b08:	493d      	ldr	r1, [pc, #244]	@ (20001c00 <initialize_host_programs+0x444>)
20001b0a:	f001 fb75 	bl	200031f8 <____wrap___aeabi_fdiv_veneer>
20001b0e:	21ec      	movs	r1, #236	@ 0xec
20001b10:	0589      	lsls	r1, r1, #22
20001b12:	f001 fb99 	bl	20003248 <____wrap___aeabi_fadd_veneer>
20001b16:	4682      	mov	sl, r0
20001b18:	f001 fb7e 	bl	20003218 <____wrap___aeabi_f2uiz_veneer>
20001b1c:	b283      	uxth	r3, r0
20001b1e:	4698      	mov	r8, r3
20001b20:	4642      	mov	r2, r8
20001b22:	2300      	movs	r3, #0
20001b24:	2a00      	cmp	r2, #0
20001b26:	d00e      	beq.n	20001b46 <initialize_host_programs+0x38a>
20001b28:	4640      	mov	r0, r8
20001b2a:	f001 fb85 	bl	20003238 <____wrap___aeabi_ui2f_veneer>
20001b2e:	1c01      	adds	r1, r0, #0
20001b30:	4650      	mov	r0, sl
20001b32:	f001 fb99 	bl	20003268 <____wrap___aeabi_fsub_veneer>
20001b36:	2187      	movs	r1, #135	@ 0x87
20001b38:	05c9      	lsls	r1, r1, #23
20001b3a:	f001 fb4d 	bl	200031d8 <____wrap___aeabi_fmul_veneer>
20001b3e:	f001 fb6b 	bl	20003218 <____wrap___aeabi_f2uiz_veneer>
20001b42:	b2c3      	uxtb	r3, r0
20001b44:	021b      	lsls	r3, r3, #8
20001b46:	4642      	mov	r2, r8
20001b48:	0410      	lsls	r0, r2, #16
20001b4a:	4318      	orrs	r0, r3
20001b4c:	4659      	mov	r1, fp
20001b4e:	002b      	movs	r3, r5
20001b50:	9a03      	ldr	r2, [sp, #12]
20001b52:	9006      	str	r0, [sp, #24]
20001b54:	4648      	mov	r0, r9
20001b56:	f001 faf7 	bl	20003148 <__pio_sm_init_veneer>
20001b5a:	465a      	mov	r2, fp
20001b5c:	2301      	movs	r3, #1
20001b5e:	4093      	lsls	r3, r2
20001b60:	464a      	mov	r2, r9
20001b62:	6812      	ldr	r2, [r2, #0]
20001b64:	9e02      	ldr	r6, [sp, #8]
20001b66:	4313      	orrs	r3, r2
20001b68:	464a      	mov	r2, r9
20001b6a:	6013      	str	r3, [r2, #0]
20001b6c:	78b2      	ldrb	r2, [r6, #2]
20001b6e:	78f3      	ldrb	r3, [r6, #3]
20001b70:	6861      	ldr	r1, [r4, #4]
20001b72:	6820      	ldr	r0, [r4, #0]
20001b74:	b2d2      	uxtb	r2, r2
20001b76:	b2db      	uxtb	r3, r3
20001b78:	f7fe fd2a 	bl	200005d0 <usb_tx_configure_pins>
20001b7c:	6961      	ldr	r1, [r4, #20]
20001b7e:	6922      	ldr	r2, [r4, #16]
20001b80:	004b      	lsls	r3, r1, #1
20001b82:	185b      	adds	r3, r3, r1
20001b84:	00db      	lsls	r3, r3, #3
20001b86:	18d3      	adds	r3, r2, r3
20001b88:	33cc      	adds	r3, #204	@ 0xcc
20001b8a:	78b5      	ldrb	r5, [r6, #2]
20001b8c:	4815      	ldr	r0, [pc, #84]	@ (20001be4 <initialize_host_programs+0x428>)
20001b8e:	6819      	ldr	r1, [r3, #0]
20001b90:	69e4      	ldr	r4, [r4, #28]
20001b92:	062d      	lsls	r5, r5, #24
20001b94:	4001      	ands	r1, r0
20001b96:	4329      	orrs	r1, r5
20001b98:	6019      	str	r1, [r3, #0]
20001b9a:	0063      	lsls	r3, r4, #1
20001b9c:	191b      	adds	r3, r3, r4
20001b9e:	00db      	lsls	r3, r3, #3
20001ba0:	18d3      	adds	r3, r2, r3
20001ba2:	001c      	movs	r4, r3
20001ba4:	34cc      	adds	r4, #204	@ 0xcc
20001ba6:	78f1      	ldrb	r1, [r6, #3]
20001ba8:	6822      	ldr	r2, [r4, #0]
20001baa:	0609      	lsls	r1, r1, #24
20001bac:	4002      	ands	r2, r0
20001bae:	430a      	orrs	r2, r1
20001bb0:	6022      	str	r2, [r4, #0]
20001bb2:	33dc      	adds	r3, #220	@ 0xdc
20001bb4:	78b1      	ldrb	r1, [r6, #2]
20001bb6:	480a      	ldr	r0, [pc, #40]	@ (20001be0 <initialize_host_programs+0x424>)
20001bb8:	681a      	ldr	r2, [r3, #0]
20001bba:	03c9      	lsls	r1, r1, #15
20001bbc:	4002      	ands	r2, r0
20001bbe:	430a      	orrs	r2, r1
20001bc0:	601a      	str	r2, [r3, #0]
20001bc2:	b00f      	add	sp, #60	@ 0x3c
20001bc4:	bcf0      	pop	{r4, r5, r6, r7}
20001bc6:	46bb      	mov	fp, r7
20001bc8:	46b2      	mov	sl, r6
20001bca:	46a9      	mov	r9, r5
20001bcc:	46a0      	mov	r8, r4
20001bce:	bdf0      	pop	{r4, r5, r6, r7, pc}
20001bd0:	afe00000 	.word	0xafe00000
20001bd4:	50060000 	.word	0x50060000
20001bd8:	4c371b00 	.word	0x4c371b00
20001bdc:	100090b8 	.word	0x100090b8
20001be0:	fff07fff 	.word	0xfff07fff
20001be4:	e0ffffff 	.word	0xe0ffffff
20001be8:	3e0affff 	.word	0x3e0affff
20001bec:	80850000 	.word	0x80850000
20001bf0:	0000a0eb 	.word	0x0000a0eb
20001bf4:	0000e020 	.word	0x0000e020
20001bf8:	100090f0 	.word	0x100090f0
20001bfc:	fe0affff 	.word	0xfe0affff
20001c00:	4cb71b00 	.word	0x4cb71b00
20001c04:	2300      	movs	r3, #0
20001c06:	002a      	movs	r2, r5
20001c08:	9300      	str	r3, [sp, #0]
20001c0a:	4651      	mov	r1, sl
20001c0c:	3302      	adds	r3, #2
20001c0e:	f001 fb33 	bl	20003278 <__pio_sm_set_consecutive_pindirs_veneer>
20001c12:	e699      	b.n	20001948 <initialize_host_programs+0x18c>
20001c14:	0018      	movs	r0, r3
20001c16:	2380      	movs	r3, #128	@ 0x80
20001c18:	025b      	lsls	r3, r3, #9
20001c1a:	9306      	str	r3, [sp, #24]
20001c1c:	23c0      	movs	r3, #192	@ 0xc0
20001c1e:	0319      	lsls	r1, r3, #12
20001c20:	4b4a      	ldr	r3, [pc, #296]	@ (20001d4c <initialize_host_programs+0x590>)
20001c22:	2280      	movs	r2, #128	@ 0x80
20001c24:	4018      	ands	r0, r3
20001c26:	0003      	movs	r3, r0
20001c28:	05d2      	lsls	r2, r2, #23
20001c2a:	4313      	orrs	r3, r2
20001c2c:	9307      	str	r3, [sp, #28]
20001c2e:	464b      	mov	r3, r9
20001c30:	9108      	str	r1, [sp, #32]
20001c32:	9209      	str	r2, [sp, #36]	@ 0x24
20001c34:	ad06      	add	r5, sp, #24
20001c36:	3b20      	subs	r3, #32
20001c38:	d479      	bmi.n	20001d2e <initialize_host_programs+0x572>
20001c3a:	2201      	movs	r2, #1
20001c3c:	409a      	lsls	r2, r3
20001c3e:	0013      	movs	r3, r2
20001c40:	001f      	movs	r7, r3
20001c42:	464a      	mov	r2, r9
20001c44:	9301      	str	r3, [sp, #4]
20001c46:	2301      	movs	r3, #1
20001c48:	4093      	lsls	r3, r2
20001c4a:	001e      	movs	r6, r3
20001c4c:	4651      	mov	r1, sl
20001c4e:	2200      	movs	r2, #0
20001c50:	9803      	ldr	r0, [sp, #12]
20001c52:	9300      	str	r3, [sp, #0]
20001c54:	2300      	movs	r3, #0
20001c56:	f001 fa9f 	bl	20003198 <__pio_sm_set_pins_with_mask64_veneer>
20001c5a:	0032      	movs	r2, r6
20001c5c:	9600      	str	r6, [sp, #0]
20001c5e:	9e03      	ldr	r6, [sp, #12]
20001c60:	003b      	movs	r3, r7
20001c62:	4651      	mov	r1, sl
20001c64:	0030      	movs	r0, r6
20001c66:	9701      	str	r7, [sp, #4]
20001c68:	f001 fa5e 	bl	20003128 <__pio_sm_set_pindirs_with_mask64_veneer>
20001c6c:	4b38      	ldr	r3, [pc, #224]	@ (20001d50 <initialize_host_programs+0x594>)
20001c6e:	4648      	mov	r0, r9
20001c70:	18f1      	adds	r1, r6, r3
20001c72:	0d09      	lsrs	r1, r1, #20
20001c74:	3106      	adds	r1, #6
20001c76:	b2c9      	uxtb	r1, r1
20001c78:	f001 fa76 	bl	20003168 <__gpio_set_function_veneer>
20001c7c:	464b      	mov	r3, r9
20001c7e:	22f8      	movs	r2, #248	@ 0xf8
20001c80:	029b      	lsls	r3, r3, #10
20001c82:	01d2      	lsls	r2, r2, #7
20001c84:	4013      	ands	r3, r2
20001c86:	68e9      	ldr	r1, [r5, #12]
20001c88:	4a32      	ldr	r2, [pc, #200]	@ (20001d54 <initialize_host_programs+0x598>)
20001c8a:	4011      	ands	r1, r2
20001c8c:	4319      	orrs	r1, r3
20001c8e:	e697      	b.n	200019c0 <initialize_host_programs+0x204>
20001c90:	2380      	movs	r3, #128	@ 0x80
20001c92:	025b      	lsls	r3, r3, #9
20001c94:	9306      	str	r3, [sp, #24]
20001c96:	23c0      	movs	r3, #192	@ 0xc0
20001c98:	4650      	mov	r0, sl
20001c9a:	0319      	lsls	r1, r3, #12
20001c9c:	3b40      	subs	r3, #64	@ 0x40
20001c9e:	059a      	lsls	r2, r3, #22
20001ca0:	4b2a      	ldr	r3, [pc, #168]	@ (20001d4c <initialize_host_programs+0x590>)
20001ca2:	4018      	ands	r0, r3
20001ca4:	4643      	mov	r3, r8
20001ca6:	6068      	str	r0, [r5, #4]
20001ca8:	9108      	str	r1, [sp, #32]
20001caa:	60ea      	str	r2, [r5, #12]
20001cac:	3b20      	subs	r3, #32
20001cae:	d445      	bmi.n	20001d3c <initialize_host_programs+0x580>
20001cb0:	2201      	movs	r2, #1
20001cb2:	409a      	lsls	r2, r3
20001cb4:	4692      	mov	sl, r2
20001cb6:	4653      	mov	r3, sl
20001cb8:	4642      	mov	r2, r8
20001cba:	9301      	str	r3, [sp, #4]
20001cbc:	2301      	movs	r3, #1
20001cbe:	4093      	lsls	r3, r2
20001cc0:	4659      	mov	r1, fp
20001cc2:	001e      	movs	r6, r3
20001cc4:	4648      	mov	r0, r9
20001cc6:	2200      	movs	r2, #0
20001cc8:	9300      	str	r3, [sp, #0]
20001cca:	2300      	movs	r3, #0
20001ccc:	f001 fa64 	bl	20003198 <__pio_sm_set_pins_with_mask64_veneer>
20001cd0:	4653      	mov	r3, sl
20001cd2:	0032      	movs	r2, r6
20001cd4:	9301      	str	r3, [sp, #4]
20001cd6:	4659      	mov	r1, fp
20001cd8:	4648      	mov	r0, r9
20001cda:	9600      	str	r6, [sp, #0]
20001cdc:	f001 fa24 	bl	20003128 <__pio_sm_set_pindirs_with_mask64_veneer>
20001ce0:	491b      	ldr	r1, [pc, #108]	@ (20001d50 <initialize_host_programs+0x594>)
20001ce2:	4640      	mov	r0, r8
20001ce4:	4449      	add	r1, r9
20001ce6:	0d09      	lsrs	r1, r1, #20
20001ce8:	3106      	adds	r1, #6
20001cea:	b2c9      	uxtb	r1, r1
20001cec:	f001 fa3c 	bl	20003168 <__gpio_set_function_veneer>
20001cf0:	4643      	mov	r3, r8
20001cf2:	22f8      	movs	r2, #248	@ 0xf8
20001cf4:	029b      	lsls	r3, r3, #10
20001cf6:	01d2      	lsls	r2, r2, #7
20001cf8:	4013      	ands	r3, r2
20001cfa:	4916      	ldr	r1, [pc, #88]	@ (20001d54 <initialize_host_programs+0x598>)
20001cfc:	68ea      	ldr	r2, [r5, #12]
20001cfe:	400a      	ands	r2, r1
20001d00:	431a      	orrs	r2, r3
20001d02:	e6de      	b.n	20001ac2 <initialize_host_programs+0x306>
20001d04:	4914      	ldr	r1, [pc, #80]	@ (20001d58 <initialize_host_programs+0x59c>)
20001d06:	f001 fa3f 	bl	20003188 <__pio_add_program_veneer>
20001d0a:	4680      	mov	r8, r0
20001d0c:	e602      	b.n	20001914 <initialize_host_programs+0x158>
20001d0e:	4913      	ldr	r1, [pc, #76]	@ (20001d5c <initialize_host_programs+0x5a0>)
20001d10:	f001 fa3a 	bl	20003188 <__pio_add_program_veneer>
20001d14:	0002      	movs	r2, r0
20001d16:	9003      	str	r0, [sp, #12]
20001d18:	e69a      	b.n	20001a50 <initialize_host_programs+0x294>
20001d1a:	2020      	movs	r0, #32
20001d1c:	1bc0      	subs	r0, r0, r7
20001d1e:	40c1      	lsrs	r1, r0
20001d20:	e576      	b.n	20001810 <initialize_host_programs+0x54>
20001d22:	464b      	mov	r3, r9
20001d24:	2220      	movs	r2, #32
20001d26:	1ad2      	subs	r2, r2, r3
20001d28:	2301      	movs	r3, #1
20001d2a:	40d3      	lsrs	r3, r2
20001d2c:	e567      	b.n	200017fe <initialize_host_programs+0x42>
20001d2e:	464a      	mov	r2, r9
20001d30:	2320      	movs	r3, #32
20001d32:	1a9b      	subs	r3, r3, r2
20001d34:	2201      	movs	r2, #1
20001d36:	40da      	lsrs	r2, r3
20001d38:	0013      	movs	r3, r2
20001d3a:	e781      	b.n	20001c40 <initialize_host_programs+0x484>
20001d3c:	4642      	mov	r2, r8
20001d3e:	2320      	movs	r3, #32
20001d40:	1a9b      	subs	r3, r3, r2
20001d42:	2201      	movs	r2, #1
20001d44:	40da      	lsrs	r2, r3
20001d46:	4692      	mov	sl, r2
20001d48:	e7b5      	b.n	20001cb6 <initialize_host_programs+0x4fa>
20001d4a:	46c0      	nop			@ (mov r8, r8)
20001d4c:	9fffffff 	.word	0x9fffffff
20001d50:	afe00000 	.word	0xafe00000
20001d54:	ffff83ff 	.word	0xffff83ff
20001d58:	100090d4 	.word	0x100090d4
20001d5c:	1000911c 	.word	0x1000911c

20001d60 <pio_usb_bus_usb_transfer>:
20001d60:	b5f8      	push	{r3, r4, r5, r6, r7, lr}
20001d62:	46de      	mov	lr, fp
20001d64:	464e      	mov	r6, r9
20001d66:	4657      	mov	r7, sl
20001d68:	4645      	mov	r5, r8
20001d6a:	2358      	movs	r3, #88	@ 0x58
20001d6c:	b5e0      	push	{r5, r6, r7, lr}
20001d6e:	5cc3      	ldrb	r3, [r0, r3]
20001d70:	0004      	movs	r4, r0
20001d72:	000e      	movs	r6, r1
20001d74:	4693      	mov	fp, r2
20001d76:	2b00      	cmp	r3, #0
20001d78:	d137      	bne.n	20001dea <pio_usb_bus_usb_transfer+0x8a>
20001d7a:	2301      	movs	r3, #1
20001d7c:	25d8      	movs	r5, #216	@ 0xd8
20001d7e:	4698      	mov	r8, r3
20001d80:	469c      	mov	ip, r3
20001d82:	23a0      	movs	r3, #160	@ 0xa0
20001d84:	46aa      	mov	sl, r5
20001d86:	6867      	ldr	r7, [r4, #4]
20001d88:	05db      	lsls	r3, r3, #23
20001d8a:	4699      	mov	r9, r3
20001d8c:	007b      	lsls	r3, r7, #1
20001d8e:	6821      	ldr	r1, [r4, #0]
20001d90:	19d8      	adds	r0, r3, r7
20001d92:	00c0      	lsls	r0, r0, #3
20001d94:	1808      	adds	r0, r1, r0
20001d96:	4482      	add	sl, r0
20001d98:	4655      	mov	r5, sl
20001d9a:	6aa0      	ldr	r0, [r4, #40]	@ 0x28
20001d9c:	68e2      	ldr	r2, [r4, #12]
20001d9e:	6028      	str	r0, [r5, #0]
20001da0:	4658      	mov	r0, fp
20001da2:	0192      	lsls	r2, r2, #6
20001da4:	444a      	add	r2, r9
20001da6:	6016      	str	r6, [r2, #0]
20001da8:	61d0      	str	r0, [r2, #28]
20001daa:	4642      	mov	r2, r8
20001dac:	630a      	str	r2, [r1, #48]	@ 0x30
20001dae:	4660      	mov	r0, ip
20001db0:	6b0a      	ldr	r2, [r1, #48]	@ 0x30
20001db2:	4210      	tst	r0, r2
20001db4:	d0fb      	beq.n	20001dae <pio_usb_bus_usb_transfer+0x4e>
20001db6:	2259      	movs	r2, #89	@ 0x59
20001db8:	6308      	str	r0, [r1, #48]	@ 0x30
20001dba:	5ca2      	ldrb	r2, [r4, r2]
20001dbc:	2a00      	cmp	r2, #0
20001dbe:	d00c      	beq.n	20001dda <pio_usb_bus_usb_transfer+0x7a>
20001dc0:	19db      	adds	r3, r3, r7
20001dc2:	00db      	lsls	r3, r3, #3
20001dc4:	18cb      	adds	r3, r1, r3
20001dc6:	33d4      	adds	r3, #212	@ 0xd4
20001dc8:	681a      	ldr	r2, [r3, #0]
20001dca:	2a02      	cmp	r2, #2
20001dcc:	d9fc      	bls.n	20001dc8 <pio_usb_bus_usb_transfer+0x68>
20001dce:	bcf0      	pop	{r4, r5, r6, r7}
20001dd0:	46bb      	mov	fp, r7
20001dd2:	46b2      	mov	sl, r6
20001dd4:	46a9      	mov	r9, r5
20001dd6:	46a0      	mov	r8, r4
20001dd8:	bdf8      	pop	{r3, r4, r5, r6, r7, pc}
20001dda:	19da      	adds	r2, r3, r7
20001ddc:	00d2      	lsls	r2, r2, #3
20001dde:	188b      	adds	r3, r1, r2
20001de0:	33d4      	adds	r3, #212	@ 0xd4
20001de2:	681a      	ldr	r2, [r3, #0]
20001de4:	2a01      	cmp	r2, #1
20001de6:	d8f2      	bhi.n	20001dce <pio_usb_bus_usb_transfer+0x6e>
20001de8:	e7fb      	b.n	20001de2 <pio_usb_bus_usb_transfer+0x82>
20001dea:	f7fe fc33 	bl	20000654 <send_pre>
20001dee:	e7c4      	b.n	20001d7a <pio_usb_bus_usb_transfer+0x1a>

20001df0 <pio_usb_bus_send_token>:
20001df0:	b5f0      	push	{r4, r5, r6, r7, lr}
20001df2:	0004      	movs	r4, r0
20001df4:	20f0      	movs	r0, #240	@ 0xf0
20001df6:	46de      	mov	lr, fp
20001df8:	4657      	mov	r7, sl
20001dfa:	464e      	mov	r6, r9
20001dfc:	4645      	mov	r5, r8
20001dfe:	00c0      	lsls	r0, r0, #3
20001e00:	01db      	lsls	r3, r3, #7
20001e02:	4003      	ands	r3, r0
20001e04:	207f      	movs	r0, #127	@ 0x7f
20001e06:	b5e0      	push	{r5, r6, r7, lr}
20001e08:	4002      	ands	r2, r0
20001e0a:	b085      	sub	sp, #20
20001e0c:	0015      	movs	r5, r2
20001e0e:	466f      	mov	r7, sp
20001e10:	431d      	orrs	r5, r3
20001e12:	3001      	adds	r0, #1
20001e14:	7038      	strb	r0, [r7, #0]
20001e16:	0028      	movs	r0, r5
20001e18:	7079      	strb	r1, [r7, #1]
20001e1a:	f001 f841 	bl	20002ea0 <calc_usb_crc5>
20001e1e:	ae01      	add	r6, sp, #4
20001e20:	70bd      	strb	r5, [r7, #2]
20001e22:	00c0      	lsls	r0, r0, #3
20001e24:	0a2d      	lsrs	r5, r5, #8
20001e26:	4305      	orrs	r5, r0
20001e28:	0031      	movs	r1, r6
20001e2a:	4668      	mov	r0, sp
20001e2c:	70fd      	strb	r5, [r7, #3]
20001e2e:	f7fe fc9b 	bl	20000768 <pio_usb_ll_encode_tx_data.constprop.1>
20001e32:	2358      	movs	r3, #88	@ 0x58
20001e34:	5ce3      	ldrb	r3, [r4, r3]
20001e36:	4683      	mov	fp, r0
20001e38:	2b00      	cmp	r3, #0
20001e3a:	d138      	bne.n	20001eae <pio_usb_bus_send_token+0xbe>
20001e3c:	2301      	movs	r3, #1
20001e3e:	25d8      	movs	r5, #216	@ 0xd8
20001e40:	4698      	mov	r8, r3
20001e42:	469c      	mov	ip, r3
20001e44:	23a0      	movs	r3, #160	@ 0xa0
20001e46:	46aa      	mov	sl, r5
20001e48:	6867      	ldr	r7, [r4, #4]
20001e4a:	05db      	lsls	r3, r3, #23
20001e4c:	4699      	mov	r9, r3
20001e4e:	007b      	lsls	r3, r7, #1
20001e50:	6820      	ldr	r0, [r4, #0]
20001e52:	19da      	adds	r2, r3, r7
20001e54:	00d2      	lsls	r2, r2, #3
20001e56:	1882      	adds	r2, r0, r2
20001e58:	4492      	add	sl, r2
20001e5a:	4655      	mov	r5, sl
20001e5c:	6aa2      	ldr	r2, [r4, #40]	@ 0x28
20001e5e:	68e1      	ldr	r1, [r4, #12]
20001e60:	602a      	str	r2, [r5, #0]
20001e62:	465a      	mov	r2, fp
20001e64:	0189      	lsls	r1, r1, #6
20001e66:	4449      	add	r1, r9
20001e68:	600e      	str	r6, [r1, #0]
20001e6a:	61ca      	str	r2, [r1, #28]
20001e6c:	4642      	mov	r2, r8
20001e6e:	6302      	str	r2, [r0, #48]	@ 0x30
20001e70:	4661      	mov	r1, ip
20001e72:	6b02      	ldr	r2, [r0, #48]	@ 0x30
20001e74:	4211      	tst	r1, r2
20001e76:	d0fb      	beq.n	20001e70 <pio_usb_bus_send_token+0x80>
20001e78:	2259      	movs	r2, #89	@ 0x59
20001e7a:	6301      	str	r1, [r0, #48]	@ 0x30
20001e7c:	5ca2      	ldrb	r2, [r4, r2]
20001e7e:	2a00      	cmp	r2, #0
20001e80:	d00d      	beq.n	20001e9e <pio_usb_bus_send_token+0xae>
20001e82:	19db      	adds	r3, r3, r7
20001e84:	00db      	lsls	r3, r3, #3
20001e86:	18c3      	adds	r3, r0, r3
20001e88:	33d4      	adds	r3, #212	@ 0xd4
20001e8a:	681a      	ldr	r2, [r3, #0]
20001e8c:	2a02      	cmp	r2, #2
20001e8e:	d9fc      	bls.n	20001e8a <pio_usb_bus_send_token+0x9a>
20001e90:	b005      	add	sp, #20
20001e92:	bcf0      	pop	{r4, r5, r6, r7}
20001e94:	46bb      	mov	fp, r7
20001e96:	46b2      	mov	sl, r6
20001e98:	46a9      	mov	r9, r5
20001e9a:	46a0      	mov	r8, r4
20001e9c:	bdf0      	pop	{r4, r5, r6, r7, pc}
20001e9e:	19da      	adds	r2, r3, r7
20001ea0:	00d2      	lsls	r2, r2, #3
20001ea2:	1883      	adds	r3, r0, r2
20001ea4:	33d4      	adds	r3, #212	@ 0xd4
20001ea6:	681a      	ldr	r2, [r3, #0]
20001ea8:	2a01      	cmp	r2, #1
20001eaa:	d8f1      	bhi.n	20001e90 <pio_usb_bus_send_token+0xa0>
20001eac:	e7fb      	b.n	20001ea6 <pio_usb_bus_send_token+0xb6>
20001eae:	0020      	movs	r0, r4
20001eb0:	f7fe fbd0 	bl	20000654 <send_pre>
20001eb4:	e7c2      	b.n	20001e3c <pio_usb_bus_send_token+0x4c>
20001eb6:	46c0      	nop			@ (mov r8, r8)

20001eb8 <pio_usb_bus_prepare_receive>:
20001eb8:	2101      	movs	r1, #1
20001eba:	b5f0      	push	{r4, r5, r6, r7, lr}
20001ebc:	000e      	movs	r6, r1
20001ebe:	6945      	ldr	r5, [r0, #20]
20001ec0:	46c6      	mov	lr, r8
20001ec2:	40ae      	lsls	r6, r5
20001ec4:	6902      	ldr	r2, [r0, #16]
20001ec6:	1d2b      	adds	r3, r5, #4
20001ec8:	4099      	lsls	r1, r3
20001eca:	006b      	lsls	r3, r5, #1
20001ecc:	195b      	adds	r3, r3, r5
20001ece:	6815      	ldr	r5, [r2, #0]
20001ed0:	00db      	lsls	r3, r3, #3
20001ed2:	43b5      	bics	r5, r6
20001ed4:	b500      	push	{lr}
20001ed6:	6ac7      	ldr	r7, [r0, #44]	@ 0x2c
20001ed8:	6015      	str	r5, [r2, #0]
20001eda:	6b05      	ldr	r5, [r0, #48]	@ 0x30
20001edc:	18d0      	adds	r0, r2, r3
20001ede:	4b0b      	ldr	r3, [pc, #44]	@ (20001f0c <pio_usb_bus_prepare_receive+0x54>)
20001ee0:	2480      	movs	r4, #128	@ 0x80
20001ee2:	469c      	mov	ip, r3
20001ee4:	4680      	mov	r8, r0
20001ee6:	0624      	lsls	r4, r4, #24
20001ee8:	4460      	add	r0, ip
20001eea:	6004      	str	r4, [r0, #0]
20001eec:	6004      	str	r4, [r0, #0]
20001eee:	2080      	movs	r0, #128	@ 0x80
20001ef0:	4643      	mov	r3, r8
20001ef2:	0180      	lsls	r0, r0, #6
20001ef4:	33d8      	adds	r3, #216	@ 0xd8
20001ef6:	1810      	adds	r0, r2, r0
20001ef8:	6001      	str	r1, [r0, #0]
20001efa:	601f      	str	r7, [r3, #0]
20001efc:	601d      	str	r5, [r3, #0]
20001efe:	6813      	ldr	r3, [r2, #0]
20001f00:	4333      	orrs	r3, r6
20001f02:	6013      	str	r3, [r2, #0]
20001f04:	bc80      	pop	{r7}
20001f06:	46b8      	mov	r8, r7
20001f08:	bdf0      	pop	{r4, r5, r6, r7, pc}
20001f0a:	46c0      	nop			@ (mov r8, r8)
20001f0c:	000010d0 	.word	0x000010d0

20001f10 <pio_usb_bus_wait_handshake>:
20001f10:	b5f0      	push	{r4, r5, r6, r7, lr}
20001f12:	4646      	mov	r6, r8
20001f14:	46d6      	mov	lr, sl
20001f16:	464f      	mov	r7, r9
20001f18:	2259      	movs	r2, #89	@ 0x59
20001f1a:	b5c0      	push	{r6, r7, lr}
20001f1c:	5c82      	ldrb	r2, [r0, r2]
20001f1e:	2308      	movs	r3, #8
20001f20:	4251      	negs	r1, r2
20001f22:	414a      	adcs	r2, r1
20001f24:	4c30      	ldr	r4, [pc, #192]	@ (20001fe8 <pio_usb_bus_wait_handshake+0xd8>)
20001f26:	4252      	negs	r2, r2
20001f28:	439a      	bics	r2, r3
20001f2a:	2608      	movs	r6, #8
20001f2c:	6aa5      	ldr	r5, [r4, #40]	@ 0x28
20001f2e:	320c      	adds	r2, #12
20001f30:	e003      	b.n	20001f3a <pio_usb_bus_wait_handshake+0x2a>
20001f32:	6903      	ldr	r3, [r0, #16]
20001f34:	6b19      	ldr	r1, [r3, #48]	@ 0x30
20001f36:	420e      	tst	r6, r1
20001f38:	d109      	bne.n	20001f4e <pio_usb_bus_wait_handshake+0x3e>
20001f3a:	6aa3      	ldr	r3, [r4, #40]	@ 0x28
20001f3c:	1b5b      	subs	r3, r3, r5
20001f3e:	4293      	cmp	r3, r2
20001f40:	d9f7      	bls.n	20001f32 <pio_usb_bus_wait_handshake+0x22>
20001f42:	2000      	movs	r0, #0
20001f44:	bce0      	pop	{r5, r6, r7}
20001f46:	46ba      	mov	sl, r7
20001f48:	46b1      	mov	r9, r6
20001f4a:	46a8      	mov	r8, r5
20001f4c:	bdf0      	pop	{r4, r5, r6, r7, pc}
20001f4e:	6aa6      	ldr	r6, [r4, #40]	@ 0x28
20001f50:	6aa2      	ldr	r2, [r4, #40]	@ 0x28
20001f52:	2100      	movs	r1, #0
20001f54:	1b92      	subs	r2, r2, r6
20001f56:	2a07      	cmp	r2, #7
20001f58:	d8f3      	bhi.n	20001f42 <pio_usb_bus_wait_handshake+0x32>
20001f5a:	2204      	movs	r2, #4
20001f5c:	4690      	mov	r8, r2
20001f5e:	320b      	adds	r2, #11
20001f60:	4694      	mov	ip, r2
20001f62:	4a21      	ldr	r2, [pc, #132]	@ (20001fe8 <pio_usb_bus_wait_handshake+0xd8>)
20001f64:	4692      	mov	sl, r2
20001f66:	2902      	cmp	r1, #2
20001f68:	d11e      	bne.n	20001fa8 <pio_usb_bus_wait_handshake+0x98>
20001f6a:	4644      	mov	r4, r8
20001f6c:	6b1a      	ldr	r2, [r3, #48]	@ 0x30
20001f6e:	4214      	tst	r4, r2
20001f70:	d110      	bne.n	20001f94 <pio_usb_bus_wait_handshake+0x84>
20001f72:	4652      	mov	r2, sl
20001f74:	6a92      	ldr	r2, [r2, #40]	@ 0x28
20001f76:	1b92      	subs	r2, r2, r6
20001f78:	2a07      	cmp	r2, #7
20001f7a:	d80b      	bhi.n	20001f94 <pio_usb_bus_wait_handshake+0x84>
20001f7c:	2902      	cmp	r1, #2
20001f7e:	d12f      	bne.n	20001fe0 <pio_usb_bus_wait_handshake+0xd0>
20001f80:	2404      	movs	r4, #4
20001f82:	4d19      	ldr	r5, [pc, #100]	@ (20001fe8 <pio_usb_bus_wait_handshake+0xd8>)
20001f84:	e003      	b.n	20001f8e <pio_usb_bus_wait_handshake+0x7e>
20001f86:	6aaa      	ldr	r2, [r5, #40]	@ 0x28
20001f88:	1b92      	subs	r2, r2, r6
20001f8a:	2a07      	cmp	r2, #7
20001f8c:	d802      	bhi.n	20001f94 <pio_usb_bus_wait_handshake+0x84>
20001f8e:	6b1a      	ldr	r2, [r3, #48]	@ 0x30
20001f90:	4214      	tst	r4, r2
20001f92:	d0f8      	beq.n	20001f86 <pio_usb_bus_wait_handshake+0x76>
20001f94:	000d      	movs	r5, r1
20001f96:	2d02      	cmp	r5, #2
20001f98:	d1d3      	bne.n	20001f42 <pio_usb_bus_wait_handshake+0x32>
20001f9a:	235a      	movs	r3, #90	@ 0x5a
20001f9c:	5cc3      	ldrb	r3, [r0, r3]
20001f9e:	2b80      	cmp	r3, #128	@ 0x80
20001fa0:	d1cf      	bne.n	20001f42 <pio_usb_bus_wait_handshake+0x32>
20001fa2:	3b25      	subs	r3, #37	@ 0x25
20001fa4:	5cc0      	ldrb	r0, [r0, r3]
20001fa6:	e7cd      	b.n	20001f44 <pio_usb_bus_wait_handshake+0x34>
20001fa8:	275a      	movs	r7, #90	@ 0x5a
20001faa:	6942      	ldr	r2, [r0, #20]
20001fac:	68dc      	ldr	r4, [r3, #12]
20001fae:	00d5      	lsls	r5, r2, #3
20001fb0:	46b9      	mov	r9, r7
20001fb2:	3504      	adds	r5, #4
20001fb4:	40ec      	lsrs	r4, r5
20001fb6:	4667      	mov	r7, ip
20001fb8:	1845      	adds	r5, r0, r1
20001fba:	3208      	adds	r2, #8
20001fbc:	44a9      	add	r9, r5
20001fbe:	1c4d      	adds	r5, r1, #1
20001fc0:	0092      	lsls	r2, r2, #2
20001fc2:	b22d      	sxth	r5, r5
20001fc4:	4227      	tst	r7, r4
20001fc6:	d0d0      	beq.n	20001f6a <pio_usb_bus_wait_handshake+0x5a>
20001fc8:	4649      	mov	r1, r9
20001fca:	589a      	ldr	r2, [r3, r2]
20001fcc:	0e12      	lsrs	r2, r2, #24
20001fce:	700a      	strb	r2, [r1, #0]
20001fd0:	4652      	mov	r2, sl
20001fd2:	6a96      	ldr	r6, [r2, #40]	@ 0x28
20001fd4:	6a92      	ldr	r2, [r2, #40]	@ 0x28
20001fd6:	1b92      	subs	r2, r2, r6
20001fd8:	2a07      	cmp	r2, #7
20001fda:	d8dc      	bhi.n	20001f96 <pio_usb_bus_wait_handshake+0x86>
20001fdc:	0029      	movs	r1, r5
20001fde:	e7c2      	b.n	20001f66 <pio_usb_bus_wait_handshake+0x56>
20001fe0:	000d      	movs	r5, r1
20001fe2:	0029      	movs	r1, r5
20001fe4:	e7bf      	b.n	20001f66 <pio_usb_bus_wait_handshake+0x56>
20001fe6:	46c0      	nop			@ (mov r8, r8)
20001fe8:	40054000 	.word	0x40054000

20001fec <pio_usb_bus_receive_packet_and_handshake>:
20001fec:	b5f0      	push	{r4, r5, r6, r7, lr}
20001fee:	4645      	mov	r5, r8
20001ff0:	46de      	mov	lr, fp
20001ff2:	4657      	mov	r7, sl
20001ff4:	464e      	mov	r6, r9
20001ff6:	2359      	movs	r3, #89	@ 0x59
20001ff8:	b5e0      	push	{r5, r6, r7, lr}
20001ffa:	b087      	sub	sp, #28
20001ffc:	9105      	str	r1, [sp, #20]
20001ffe:	5cc3      	ldrb	r3, [r0, r3]
20002000:	4680      	mov	r8, r0
20002002:	2b00      	cmp	r3, #0
20002004:	d000      	beq.n	20002008 <pio_usb_bus_receive_packet_and_handshake+0x1c>
20002006:	e0b4      	b.n	20002172 <pio_usb_bus_receive_packet_and_handshake+0x186>
20002008:	2200      	movs	r2, #0
2000200a:	2403      	movs	r4, #3
2000200c:	4692      	mov	sl, r2
2000200e:	4ba1      	ldr	r3, [pc, #644]	@ (20002294 <pio_usb_bus_receive_packet_and_handshake+0x2a8>)
20002010:	6a98      	ldr	r0, [r3, #40]	@ 0x28
20002012:	2508      	movs	r5, #8
20002014:	4646      	mov	r6, r8
20002016:	499f      	ldr	r1, [pc, #636]	@ (20002294 <pio_usb_bus_receive_packet_and_handshake+0x2a8>)
20002018:	e003      	b.n	20002022 <pio_usb_bus_receive_packet_and_handshake+0x36>
2000201a:	6932      	ldr	r2, [r6, #16]
2000201c:	6b13      	ldr	r3, [r2, #48]	@ 0x30
2000201e:	421d      	tst	r5, r3
20002020:	d10c      	bne.n	2000203c <pio_usb_bus_receive_packet_and_handshake+0x50>
20002022:	6a8b      	ldr	r3, [r1, #40]	@ 0x28
20002024:	1a1b      	subs	r3, r3, r0
20002026:	42a3      	cmp	r3, r4
20002028:	d9f7      	bls.n	2000201a <pio_usb_bus_receive_packet_and_handshake+0x2e>
2000202a:	2001      	movs	r0, #1
2000202c:	4240      	negs	r0, r0
2000202e:	b007      	add	sp, #28
20002030:	bcf0      	pop	{r4, r5, r6, r7}
20002032:	46bb      	mov	fp, r7
20002034:	46b2      	mov	sl, r6
20002036:	46a9      	mov	r9, r5
20002038:	46a0      	mov	r8, r4
2000203a:	bdf0      	pop	{r4, r5, r6, r7, pc}
2000203c:	6a8b      	ldr	r3, [r1, #40]	@ 0x28
2000203e:	2004      	movs	r0, #4
20002040:	469c      	mov	ip, r3
20002042:	6973      	ldr	r3, [r6, #20]
20002044:	46b0      	mov	r8, r6
20002046:	00de      	lsls	r6, r3, #3
20002048:	3308      	adds	r3, #8
2000204a:	009b      	lsls	r3, r3, #2
2000204c:	9301      	str	r3, [sp, #4]
2000204e:	2300      	movs	r3, #0
20002050:	4683      	mov	fp, r0
20002052:	4891      	ldr	r0, [pc, #580]	@ (20002298 <pio_usb_bus_receive_packet_and_handshake+0x2ac>)
20002054:	4991      	ldr	r1, [pc, #580]	@ (2000229c <pio_usb_bus_receive_packet_and_handshake+0x2b0>)
20002056:	9003      	str	r0, [sp, #12]
20002058:	205a      	movs	r0, #90	@ 0x5a
2000205a:	3604      	adds	r6, #4
2000205c:	46b1      	mov	r9, r6
2000205e:	9302      	str	r3, [sp, #8]
20002060:	2400      	movs	r4, #0
20002062:	000b      	movs	r3, r1
20002064:	270f      	movs	r7, #15
20002066:	000e      	movs	r6, r1
20002068:	0015      	movs	r5, r2
2000206a:	4440      	add	r0, r8
2000206c:	9004      	str	r0, [sp, #16]
2000206e:	4648      	mov	r0, r9
20002070:	68ea      	ldr	r2, [r5, #12]
20002072:	40c2      	lsrs	r2, r0
20002074:	4217      	tst	r7, r2
20002076:	d022      	beq.n	200020be <pio_usb_bus_receive_packet_and_handshake+0xd2>
20002078:	9a01      	ldr	r2, [sp, #4]
2000207a:	58aa      	ldr	r2, [r5, r2]
2000207c:	0e12      	lsrs	r2, r2, #24
2000207e:	2c7f      	cmp	r4, #127	@ 0x7f
20002080:	dd28      	ble.n	200020d4 <pio_usb_bus_receive_packet_and_handshake+0xe8>
20002082:	4884      	ldr	r0, [pc, #528]	@ (20002294 <pio_usb_bus_receive_packet_and_handshake+0x2a8>)
20002084:	6a80      	ldr	r0, [r0, #40]	@ 0x28
20002086:	4684      	mov	ip, r0
20002088:	0210      	lsls	r0, r2, #8
2000208a:	0a09      	lsrs	r1, r1, #8
2000208c:	4301      	orrs	r1, r0
2000208e:	20ff      	movs	r0, #255	@ 0xff
20002090:	4072      	eors	r2, r6
20002092:	4002      	ands	r2, r0
20002094:	9803      	ldr	r0, [sp, #12]
20002096:	0052      	lsls	r2, r2, #1
20002098:	5a10      	ldrh	r0, [r2, r0]
2000209a:	43ca      	mvns	r2, r1
2000209c:	b292      	uxth	r2, r2
2000209e:	1ad3      	subs	r3, r2, r3
200020a0:	425a      	negs	r2, r3
200020a2:	4153      	adcs	r3, r2
200020a4:	0a32      	lsrs	r2, r6, #8
200020a6:	b2db      	uxtb	r3, r3
200020a8:	4050      	eors	r0, r2
200020aa:	9302      	str	r3, [sp, #8]
200020ac:	0033      	movs	r3, r6
200020ae:	0006      	movs	r6, r0
200020b0:	4648      	mov	r0, r9
200020b2:	68ea      	ldr	r2, [r5, #12]
200020b4:	3401      	adds	r4, #1
200020b6:	40c2      	lsrs	r2, r0
200020b8:	b224      	sxth	r4, r4
200020ba:	4217      	tst	r7, r2
200020bc:	d1dc      	bne.n	20002078 <pio_usb_bus_receive_packet_and_handshake+0x8c>
200020be:	4658      	mov	r0, fp
200020c0:	6b2a      	ldr	r2, [r5, #48]	@ 0x30
200020c2:	4210      	tst	r0, r2
200020c4:	d10e      	bne.n	200020e4 <pio_usb_bus_receive_packet_and_handshake+0xf8>
200020c6:	4660      	mov	r0, ip
200020c8:	4a72      	ldr	r2, [pc, #456]	@ (20002294 <pio_usb_bus_receive_packet_and_handshake+0x2a8>)
200020ca:	6a92      	ldr	r2, [r2, #40]	@ 0x28
200020cc:	1a12      	subs	r2, r2, r0
200020ce:	2a07      	cmp	r2, #7
200020d0:	d9cd      	bls.n	2000206e <pio_usb_bus_receive_packet_and_handshake+0x82>
200020d2:	e7aa      	b.n	2000202a <pio_usb_bus_receive_packet_and_handshake+0x3e>
200020d4:	9804      	ldr	r0, [sp, #16]
200020d6:	5502      	strb	r2, [r0, r4]
200020d8:	486e      	ldr	r0, [pc, #440]	@ (20002294 <pio_usb_bus_receive_packet_and_handshake+0x2a8>)
200020da:	6a80      	ldr	r0, [r0, #40]	@ 0x28
200020dc:	4684      	mov	ip, r0
200020de:	2c01      	cmp	r4, #1
200020e0:	dcd2      	bgt.n	20002088 <pio_usb_bus_receive_packet_and_handshake+0x9c>
200020e2:	e7e5      	b.n	200020b0 <pio_usb_bus_receive_packet_and_handshake+0xc4>
200020e4:	4653      	mov	r3, sl
200020e6:	2b00      	cmp	r3, #0
200020e8:	d001      	beq.n	200020ee <pio_usb_bus_receive_packet_and_handshake+0x102>
200020ea:	3b03      	subs	r3, #3
200020ec:	d2fd      	bcs.n	200020ea <pio_usb_bus_receive_packet_and_handshake+0xfe>
200020ee:	9b05      	ldr	r3, [sp, #20]
200020f0:	2bd2      	cmp	r3, #210	@ 0xd2
200020f2:	d14c      	bne.n	2000218e <pio_usb_bus_receive_packet_and_handshake+0x1a2>
200020f4:	2c03      	cmp	r4, #3
200020f6:	dd98      	ble.n	2000202a <pio_usb_bus_receive_packet_and_handshake+0x3e>
200020f8:	9b02      	ldr	r3, [sp, #8]
200020fa:	2b00      	cmp	r3, #0
200020fc:	d100      	bne.n	20002100 <pio_usb_bus_receive_packet_and_handshake+0x114>
200020fe:	e794      	b.n	2000202a <pio_usb_bus_receive_packet_and_handshake+0x3e>
20002100:	2358      	movs	r3, #88	@ 0x58
20002102:	4642      	mov	r2, r8
20002104:	5cd3      	ldrb	r3, [r2, r3]
20002106:	2b00      	cmp	r3, #0
20002108:	d13d      	bne.n	20002186 <pio_usb_bus_receive_packet_and_handshake+0x19a>
2000210a:	2105      	movs	r1, #5
2000210c:	468c      	mov	ip, r1
2000210e:	3904      	subs	r1, #4
20002110:	468a      	mov	sl, r1
20002112:	4641      	mov	r1, r8
20002114:	68c8      	ldr	r0, [r1, #12]
20002116:	21a0      	movs	r1, #160	@ 0xa0
20002118:	4643      	mov	r3, r8
2000211a:	4647      	mov	r7, r8
2000211c:	05c9      	lsls	r1, r1, #23
2000211e:	4689      	mov	r9, r1
20002120:	685a      	ldr	r2, [r3, #4]
20002122:	681b      	ldr	r3, [r3, #0]
20002124:	0055      	lsls	r5, r2, #1
20002126:	18a9      	adds	r1, r5, r2
20002128:	00c9      	lsls	r1, r1, #3
2000212a:	6abf      	ldr	r7, [r7, #40]	@ 0x28
2000212c:	1859      	adds	r1, r3, r1
2000212e:	31d8      	adds	r1, #216	@ 0xd8
20002130:	600f      	str	r7, [r1, #0]
20002132:	0180      	lsls	r0, r0, #6
20002134:	495a      	ldr	r1, [pc, #360]	@ (200022a0 <pio_usb_bus_receive_packet_and_handshake+0x2b4>)
20002136:	4448      	add	r0, r9
20002138:	6001      	str	r1, [r0, #0]
2000213a:	4661      	mov	r1, ip
2000213c:	61c1      	str	r1, [r0, #28]
2000213e:	4651      	mov	r1, sl
20002140:	2601      	movs	r6, #1
20002142:	6319      	str	r1, [r3, #48]	@ 0x30
20002144:	6b19      	ldr	r1, [r3, #48]	@ 0x30
20002146:	420e      	tst	r6, r1
20002148:	d0fc      	beq.n	20002144 <pio_usb_bus_receive_packet_and_handshake+0x158>
2000214a:	2159      	movs	r1, #89	@ 0x59
2000214c:	4640      	mov	r0, r8
2000214e:	631e      	str	r6, [r3, #48]	@ 0x30
20002150:	18aa      	adds	r2, r5, r2
20002152:	00d2      	lsls	r2, r2, #3
20002154:	5c41      	ldrb	r1, [r0, r1]
20002156:	189b      	adds	r3, r3, r2
20002158:	33d4      	adds	r3, #212	@ 0xd4
2000215a:	2900      	cmp	r1, #0
2000215c:	d104      	bne.n	20002168 <pio_usb_bus_receive_packet_and_handshake+0x17c>
2000215e:	681a      	ldr	r2, [r3, #0]
20002160:	2a01      	cmp	r2, #1
20002162:	d9fc      	bls.n	2000215e <pio_usb_bus_receive_packet_and_handshake+0x172>
20002164:	1f20      	subs	r0, r4, #4
20002166:	e762      	b.n	2000202e <pio_usb_bus_receive_packet_and_handshake+0x42>
20002168:	681a      	ldr	r2, [r3, #0]
2000216a:	2a02      	cmp	r2, #2
2000216c:	d9fc      	bls.n	20002168 <pio_usb_bus_receive_packet_and_handshake+0x17c>
2000216e:	1f20      	subs	r0, r4, #4
20002170:	e75d      	b.n	2000202e <pio_usb_bus_receive_packet_and_handshake+0x42>
20002172:	2350      	movs	r3, #80	@ 0x50
20002174:	5ac2      	ldrh	r2, [r0, r3]
20002176:	240c      	movs	r4, #12
20002178:	0053      	lsls	r3, r2, #1
2000217a:	189b      	adds	r3, r3, r2
2000217c:	4a45      	ldr	r2, [pc, #276]	@ (20002294 <pio_usb_bus_receive_packet_and_handshake+0x2a8>)
2000217e:	005b      	lsls	r3, r3, #1
20002180:	469a      	mov	sl, r3
20002182:	6a90      	ldr	r0, [r2, #40]	@ 0x28
20002184:	e745      	b.n	20002012 <pio_usb_bus_receive_packet_and_handshake+0x26>
20002186:	4640      	mov	r0, r8
20002188:	f7fe fa64 	bl	20000654 <send_pre>
2000218c:	e7bd      	b.n	2000210a <pio_usb_bus_receive_packet_and_handshake+0x11e>
2000218e:	4642      	mov	r2, r8
20002190:	2358      	movs	r3, #88	@ 0x58
20002192:	5cd3      	ldrb	r3, [r2, r3]
20002194:	9a05      	ldr	r2, [sp, #20]
20002196:	2a5a      	cmp	r2, #90	@ 0x5a
20002198:	d030      	beq.n	200021fc <pio_usb_bus_receive_packet_and_handshake+0x210>
2000219a:	2b00      	cmp	r3, #0
2000219c:	d168      	bne.n	20002270 <pio_usb_bus_receive_packet_and_handshake+0x284>
2000219e:	4642      	mov	r2, r8
200021a0:	4641      	mov	r1, r8
200021a2:	6810      	ldr	r0, [r2, #0]
200021a4:	6a92      	ldr	r2, [r2, #40]	@ 0x28
200021a6:	68cc      	ldr	r4, [r1, #12]
200021a8:	4694      	mov	ip, r2
200021aa:	21a0      	movs	r1, #160	@ 0xa0
200021ac:	2201      	movs	r2, #1
200021ae:	4643      	mov	r3, r8
200021b0:	05c9      	lsls	r1, r1, #23
200021b2:	4666      	mov	r6, ip
200021b4:	4689      	mov	r9, r1
200021b6:	4692      	mov	sl, r2
200021b8:	685b      	ldr	r3, [r3, #4]
200021ba:	01a4      	lsls	r4, r4, #6
200021bc:	005a      	lsls	r2, r3, #1
200021be:	18d1      	adds	r1, r2, r3
200021c0:	00c9      	lsls	r1, r1, #3
200021c2:	1841      	adds	r1, r0, r1
200021c4:	31d8      	adds	r1, #216	@ 0xd8
200021c6:	600e      	str	r6, [r1, #0]
200021c8:	4936      	ldr	r1, [pc, #216]	@ (200022a4 <pio_usb_bus_receive_packet_and_handshake+0x2b8>)
200021ca:	444c      	add	r4, r9
200021cc:	6021      	str	r1, [r4, #0]
200021ce:	2705      	movs	r7, #5
200021d0:	4651      	mov	r1, sl
200021d2:	2501      	movs	r5, #1
200021d4:	61e7      	str	r7, [r4, #28]
200021d6:	6301      	str	r1, [r0, #48]	@ 0x30
200021d8:	6b01      	ldr	r1, [r0, #48]	@ 0x30
200021da:	420d      	tst	r5, r1
200021dc:	d0fc      	beq.n	200021d8 <pio_usb_bus_receive_packet_and_handshake+0x1ec>
200021de:	2159      	movs	r1, #89	@ 0x59
200021e0:	4644      	mov	r4, r8
200021e2:	6305      	str	r5, [r0, #48]	@ 0x30
200021e4:	5c61      	ldrb	r1, [r4, r1]
200021e6:	2900      	cmp	r1, #0
200021e8:	d039      	beq.n	2000225e <pio_usb_bus_receive_packet_and_handshake+0x272>
200021ea:	18d3      	adds	r3, r2, r3
200021ec:	00db      	lsls	r3, r3, #3
200021ee:	18c3      	adds	r3, r0, r3
200021f0:	33d4      	adds	r3, #212	@ 0xd4
200021f2:	681a      	ldr	r2, [r3, #0]
200021f4:	2a02      	cmp	r2, #2
200021f6:	d900      	bls.n	200021fa <pio_usb_bus_receive_packet_and_handshake+0x20e>
200021f8:	e717      	b.n	2000202a <pio_usb_bus_receive_packet_and_handshake+0x3e>
200021fa:	e7fa      	b.n	200021f2 <pio_usb_bus_receive_packet_and_handshake+0x206>
200021fc:	2b00      	cmp	r3, #0
200021fe:	d144      	bne.n	2000228a <pio_usb_bus_receive_packet_and_handshake+0x29e>
20002200:	4642      	mov	r2, r8
20002202:	4640      	mov	r0, r8
20002204:	6811      	ldr	r1, [r2, #0]
20002206:	6a92      	ldr	r2, [r2, #40]	@ 0x28
20002208:	68c4      	ldr	r4, [r0, #12]
2000220a:	4694      	mov	ip, r2
2000220c:	20a0      	movs	r0, #160	@ 0xa0
2000220e:	2201      	movs	r2, #1
20002210:	4643      	mov	r3, r8
20002212:	05c0      	lsls	r0, r0, #23
20002214:	4666      	mov	r6, ip
20002216:	4681      	mov	r9, r0
20002218:	4692      	mov	sl, r2
2000221a:	685b      	ldr	r3, [r3, #4]
2000221c:	01a4      	lsls	r4, r4, #6
2000221e:	005a      	lsls	r2, r3, #1
20002220:	18d0      	adds	r0, r2, r3
20002222:	00c0      	lsls	r0, r0, #3
20002224:	1808      	adds	r0, r1, r0
20002226:	30d8      	adds	r0, #216	@ 0xd8
20002228:	6006      	str	r6, [r0, #0]
2000222a:	481f      	ldr	r0, [pc, #124]	@ (200022a8 <pio_usb_bus_receive_packet_and_handshake+0x2bc>)
2000222c:	444c      	add	r4, r9
2000222e:	6020      	str	r0, [r4, #0]
20002230:	2705      	movs	r7, #5
20002232:	4650      	mov	r0, sl
20002234:	2501      	movs	r5, #1
20002236:	61e7      	str	r7, [r4, #28]
20002238:	6308      	str	r0, [r1, #48]	@ 0x30
2000223a:	6b08      	ldr	r0, [r1, #48]	@ 0x30
2000223c:	4205      	tst	r5, r0
2000223e:	d0fc      	beq.n	2000223a <pio_usb_bus_receive_packet_and_handshake+0x24e>
20002240:	2059      	movs	r0, #89	@ 0x59
20002242:	4644      	mov	r4, r8
20002244:	630d      	str	r5, [r1, #48]	@ 0x30
20002246:	5c20      	ldrb	r0, [r4, r0]
20002248:	2800      	cmp	r0, #0
2000224a:	d015      	beq.n	20002278 <pio_usb_bus_receive_packet_and_handshake+0x28c>
2000224c:	18d3      	adds	r3, r2, r3
2000224e:	00db      	lsls	r3, r3, #3
20002250:	18cb      	adds	r3, r1, r3
20002252:	33d4      	adds	r3, #212	@ 0xd4
20002254:	681a      	ldr	r2, [r3, #0]
20002256:	2a02      	cmp	r2, #2
20002258:	d900      	bls.n	2000225c <pio_usb_bus_receive_packet_and_handshake+0x270>
2000225a:	e6e6      	b.n	2000202a <pio_usb_bus_receive_packet_and_handshake+0x3e>
2000225c:	e7fa      	b.n	20002254 <pio_usb_bus_receive_packet_and_handshake+0x268>
2000225e:	18d2      	adds	r2, r2, r3
20002260:	00d2      	lsls	r2, r2, #3
20002262:	1883      	adds	r3, r0, r2
20002264:	33d4      	adds	r3, #212	@ 0xd4
20002266:	681a      	ldr	r2, [r3, #0]
20002268:	2a01      	cmp	r2, #1
2000226a:	d900      	bls.n	2000226e <pio_usb_bus_receive_packet_and_handshake+0x282>
2000226c:	e6dd      	b.n	2000202a <pio_usb_bus_receive_packet_and_handshake+0x3e>
2000226e:	e7fa      	b.n	20002266 <pio_usb_bus_receive_packet_and_handshake+0x27a>
20002270:	4640      	mov	r0, r8
20002272:	f7fe f9ef 	bl	20000654 <send_pre>
20002276:	e792      	b.n	2000219e <pio_usb_bus_receive_packet_and_handshake+0x1b2>
20002278:	18d2      	adds	r2, r2, r3
2000227a:	00d2      	lsls	r2, r2, #3
2000227c:	188b      	adds	r3, r1, r2
2000227e:	33d4      	adds	r3, #212	@ 0xd4
20002280:	681a      	ldr	r2, [r3, #0]
20002282:	2a01      	cmp	r2, #1
20002284:	d900      	bls.n	20002288 <pio_usb_bus_receive_packet_and_handshake+0x29c>
20002286:	e6d0      	b.n	2000202a <pio_usb_bus_receive_packet_and_handshake+0x3e>
20002288:	e7fa      	b.n	20002280 <pio_usb_bus_receive_packet_and_handshake+0x294>
2000228a:	4640      	mov	r0, r8
2000228c:	f7fe f9e2 	bl	20000654 <send_pre>
20002290:	e7b6      	b.n	20002200 <pio_usb_bus_receive_packet_and_handshake+0x214>
20002292:	46c0      	nop			@ (mov r8, r8)
20002294:	40054000 	.word	0x40054000
20002298:	20002f00 	.word	0x20002f00
2000229c:	0000ffff 	.word	0x0000ffff
200022a0:	2000433c 	.word	0x2000433c
200022a4:	2000611c 	.word	0x2000611c
200022a8:	200046d8 	.word	0x200046d8

200022ac <pio_usb_ll_configure_endpoint>:
200022ac:	2200      	movs	r2, #0
200022ae:	794b      	ldrb	r3, [r1, #5]
200022b0:	b510      	push	{r4, lr}
200022b2:	790c      	ldrb	r4, [r1, #4]
200022b4:	021b      	lsls	r3, r3, #8
200022b6:	4323      	orrs	r3, r4
200022b8:	80c3      	strh	r3, [r0, #6]
200022ba:	788b      	ldrb	r3, [r1, #2]
200022bc:	7103      	strb	r3, [r0, #4]
200022be:	78cb      	ldrb	r3, [r1, #3]
200022c0:	7203      	strb	r3, [r0, #8]
200022c2:	798b      	ldrb	r3, [r1, #6]
200022c4:	7243      	strb	r3, [r0, #9]
200022c6:	7282      	strb	r2, [r0, #10]
200022c8:	72c2      	strb	r2, [r0, #11]
200022ca:	bd10      	pop	{r4, pc}

200022cc <pio_usb_ll_transfer_start>:
200022cc:	b5f0      	push	{r4, r5, r6, r7, lr}
200022ce:	7b43      	ldrb	r3, [r0, #13]
200022d0:	0015      	movs	r5, r2
200022d2:	0004      	movs	r4, r0
200022d4:	000e      	movs	r6, r1
200022d6:	b093      	sub	sp, #76	@ 0x4c
200022d8:	b2da      	uxtb	r2, r3
200022da:	2b00      	cmp	r3, #0
200022dc:	d13e      	bne.n	2000235c <pio_usb_ll_transfer_start+0x90>
200022de:	33b4      	adds	r3, #180	@ 0xb4
200022e0:	50c1      	str	r1, [r0, r3]
200022e2:	3304      	adds	r3, #4
200022e4:	52c5      	strh	r5, [r0, r3]
200022e6:	3302      	adds	r3, #2
200022e8:	52c2      	strh	r2, [r0, r3]
200022ea:	22b1      	movs	r2, #177	@ 0xb1
200022ec:	2300      	movs	r3, #0
200022ee:	5483      	strb	r3, [r0, r2]
200022f0:	78c2      	ldrb	r2, [r0, #3]
200022f2:	2a00      	cmp	r2, #0
200022f4:	d108      	bne.n	20002308 <pio_usb_ll_transfer_start+0x3c>
200022f6:	7143      	strb	r3, [r0, #5]
200022f8:	2300      	movs	r3, #0
200022fa:	2201      	movs	r2, #1
200022fc:	2001      	movs	r0, #1
200022fe:	73a3      	strb	r3, [r4, #14]
20002300:	73e3      	strb	r3, [r4, #15]
20002302:	7362      	strb	r2, [r4, #13]
20002304:	b013      	add	sp, #76	@ 0x4c
20002306:	bdf0      	pop	{r4, r5, r6, r7, pc}
20002308:	88c3      	ldrh	r3, [r0, #6]
2000230a:	429d      	cmp	r5, r3
2000230c:	d301      	bcc.n	20002312 <pio_usb_ll_transfer_start+0x46>
2000230e:	88c5      	ldrh	r5, [r0, #6]
20002310:	b2ad      	uxth	r5, r5
20002312:	7ae3      	ldrb	r3, [r4, #11]
20002314:	af01      	add	r7, sp, #4
20002316:	3b01      	subs	r3, #1
20002318:	1e5a      	subs	r2, r3, #1
2000231a:	4193      	sbcs	r3, r2
2000231c:	2278      	movs	r2, #120	@ 0x78
2000231e:	425b      	negs	r3, r3
20002320:	4013      	ands	r3, r2
20002322:	334b      	adds	r3, #75	@ 0x4b
20002324:	707b      	strb	r3, [r7, #1]
20002326:	2380      	movs	r3, #128	@ 0x80
20002328:	703b      	strb	r3, [r7, #0]
2000232a:	466b      	mov	r3, sp
2000232c:	002a      	movs	r2, r5
2000232e:	1d98      	adds	r0, r3, #6
20002330:	0031      	movs	r1, r6
20002332:	f000 ffa9 	bl	20003288 <____wrap_memcpy_veneer>
20002336:	0029      	movs	r1, r5
20002338:	0030      	movs	r0, r6
2000233a:	f000 fdc7 	bl	20002ecc <calc_usb_crc16>
2000233e:	0022      	movs	r2, r4
20002340:	0003      	movs	r3, r0
20002342:	1d29      	adds	r1, r5, #4
20002344:	197d      	adds	r5, r7, r5
20002346:	70ab      	strb	r3, [r5, #2]
20002348:	0038      	movs	r0, r7
2000234a:	0a1b      	lsrs	r3, r3, #8
2000234c:	b2c9      	uxtb	r1, r1
2000234e:	3210      	adds	r2, #16
20002350:	70eb      	strb	r3, [r5, #3]
20002352:	f7fe ff73 	bl	2000123c <pio_usb_ll_encode_tx_data>
20002356:	23b0      	movs	r3, #176	@ 0xb0
20002358:	54e0      	strb	r0, [r4, r3]
2000235a:	e7cd      	b.n	200022f8 <pio_usb_ll_transfer_start+0x2c>
2000235c:	2000      	movs	r0, #0
2000235e:	e7d1      	b.n	20002304 <pio_usb_ll_transfer_start+0x38>

20002360 <pio_usb_ll_transfer_complete>:
20002360:	b530      	push	{r4, r5, lr}
20002362:	2501      	movs	r5, #1
20002364:	7802      	ldrb	r2, [r0, #0]
20002366:	4c13      	ldr	r4, [pc, #76]	@ (200023b4 <pio_usb_ll_transfer_complete+0x54>)
20002368:	0053      	lsls	r3, r2, #1
2000236a:	189b      	adds	r3, r3, r2
2000236c:	4a12      	ldr	r2, [pc, #72]	@ (200023b8 <pio_usb_ll_transfer_complete+0x58>)
2000236e:	011b      	lsls	r3, r3, #4
20002370:	189b      	adds	r3, r3, r2
20002372:	4a12      	ldr	r2, [pc, #72]	@ (200023bc <pio_usb_ll_transfer_complete+0x5c>)
20002374:	1a82      	subs	r2, r0, r2
20002376:	1092      	asrs	r2, r2, #2
20002378:	4362      	muls	r2, r4
2000237a:	002c      	movs	r4, r5
2000237c:	4094      	lsls	r4, r2
2000237e:	695a      	ldr	r2, [r3, #20]
20002380:	430a      	orrs	r2, r1
20002382:	615a      	str	r2, [r3, #20]
20002384:	2920      	cmp	r1, #32
20002386:	d00d      	beq.n	200023a4 <pio_usb_ll_transfer_complete+0x44>
20002388:	2940      	cmp	r1, #64	@ 0x40
2000238a:	d005      	beq.n	20002398 <pio_usb_ll_transfer_complete+0x38>
2000238c:	2980      	cmp	r1, #128	@ 0x80
2000238e:	d106      	bne.n	2000239e <pio_usb_ll_transfer_complete+0x3e>
20002390:	6a1a      	ldr	r2, [r3, #32]
20002392:	4322      	orrs	r2, r4
20002394:	621a      	str	r2, [r3, #32]
20002396:	e002      	b.n	2000239e <pio_usb_ll_transfer_complete+0x3e>
20002398:	69da      	ldr	r2, [r3, #28]
2000239a:	4322      	orrs	r2, r4
2000239c:	61da      	str	r2, [r3, #28]
2000239e:	2300      	movs	r3, #0
200023a0:	7343      	strb	r3, [r0, #13]
200023a2:	bd30      	pop	{r4, r5, pc}
200023a4:	699a      	ldr	r2, [r3, #24]
200023a6:	4322      	orrs	r2, r4
200023a8:	619a      	str	r2, [r3, #24]
200023aa:	78c3      	ldrb	r3, [r0, #3]
200023ac:	2b00      	cmp	r3, #0
200023ae:	d1f6      	bne.n	2000239e <pio_usb_ll_transfer_complete+0x3e>
200023b0:	7145      	strb	r5, [r0, #5]
200023b2:	e7f4      	b.n	2000239e <pio_usb_ll_transfer_complete+0x3e>
200023b4:	677d46cf 	.word	0x677d46cf
200023b8:	20006084 	.word	0x20006084
200023bc:	20004904 	.word	0x20004904

200023c0 <pio_usb_ll_transfer_continue>:
200023c0:	23b4      	movs	r3, #180	@ 0xb4
200023c2:	b5f0      	push	{r4, r5, r6, r7, lr}
200023c4:	58c5      	ldr	r5, [r0, r3]
200023c6:	0004      	movs	r4, r0
200023c8:	186d      	adds	r5, r5, r1
200023ca:	b093      	sub	sp, #76	@ 0x4c
200023cc:	50c5      	str	r5, [r0, r3]
200023ce:	2001      	movs	r0, #1
200023d0:	22ba      	movs	r2, #186	@ 0xba
200023d2:	7ae3      	ldrb	r3, [r4, #11]
200023d4:	4043      	eors	r3, r0
200023d6:	72e3      	strb	r3, [r4, #11]
200023d8:	5aa3      	ldrh	r3, [r4, r2]
200023da:	18cb      	adds	r3, r1, r3
200023dc:	b29b      	uxth	r3, r3
200023de:	52a3      	strh	r3, [r4, r2]
200023e0:	88e2      	ldrh	r2, [r4, #6]
200023e2:	428a      	cmp	r2, r1
200023e4:	d803      	bhi.n	200023ee <pio_usb_ll_transfer_continue+0x2e>
200023e6:	22b8      	movs	r2, #184	@ 0xb8
200023e8:	5aa2      	ldrh	r2, [r4, r2]
200023ea:	4293      	cmp	r3, r2
200023ec:	d306      	bcc.n	200023fc <pio_usb_ll_transfer_continue+0x3c>
200023ee:	0020      	movs	r0, r4
200023f0:	2120      	movs	r1, #32
200023f2:	f7ff ffb5 	bl	20002360 <pio_usb_ll_transfer_complete>
200023f6:	2000      	movs	r0, #0
200023f8:	b013      	add	sp, #76	@ 0x4c
200023fa:	bdf0      	pop	{r4, r5, r6, r7, pc}
200023fc:	78e1      	ldrb	r1, [r4, #3]
200023fe:	2900      	cmp	r1, #0
20002400:	d02a      	beq.n	20002458 <pio_usb_ll_transfer_continue+0x98>
20002402:	1ad2      	subs	r2, r2, r3
20002404:	88e3      	ldrh	r3, [r4, #6]
20002406:	b296      	uxth	r6, r2
20002408:	429e      	cmp	r6, r3
2000240a:	d301      	bcc.n	20002410 <pio_usb_ll_transfer_continue+0x50>
2000240c:	88e6      	ldrh	r6, [r4, #6]
2000240e:	b2b6      	uxth	r6, r6
20002410:	7ae3      	ldrb	r3, [r4, #11]
20002412:	af01      	add	r7, sp, #4
20002414:	3b01      	subs	r3, #1
20002416:	1e5a      	subs	r2, r3, #1
20002418:	4193      	sbcs	r3, r2
2000241a:	2278      	movs	r2, #120	@ 0x78
2000241c:	425b      	negs	r3, r3
2000241e:	4013      	ands	r3, r2
20002420:	334b      	adds	r3, #75	@ 0x4b
20002422:	707b      	strb	r3, [r7, #1]
20002424:	2380      	movs	r3, #128	@ 0x80
20002426:	703b      	strb	r3, [r7, #0]
20002428:	466b      	mov	r3, sp
2000242a:	0032      	movs	r2, r6
2000242c:	1d98      	adds	r0, r3, #6
2000242e:	0029      	movs	r1, r5
20002430:	f000 ff2a 	bl	20003288 <____wrap_memcpy_veneer>
20002434:	0031      	movs	r1, r6
20002436:	0028      	movs	r0, r5
20002438:	f000 fd48 	bl	20002ecc <calc_usb_crc16>
2000243c:	0022      	movs	r2, r4
2000243e:	0003      	movs	r3, r0
20002440:	1d31      	adds	r1, r6, #4
20002442:	19be      	adds	r6, r7, r6
20002444:	70b3      	strb	r3, [r6, #2]
20002446:	0038      	movs	r0, r7
20002448:	0a1b      	lsrs	r3, r3, #8
2000244a:	b2c9      	uxtb	r1, r1
2000244c:	3210      	adds	r2, #16
2000244e:	70f3      	strb	r3, [r6, #3]
20002450:	f7fe fef4 	bl	2000123c <pio_usb_ll_encode_tx_data>
20002454:	23b0      	movs	r3, #176	@ 0xb0
20002456:	54e0      	strb	r0, [r4, r3]
20002458:	2001      	movs	r0, #1
2000245a:	e7cd      	b.n	200023f8 <pio_usb_ll_transfer_continue+0x38>

2000245c <usb_tx_pre_dmdp_program>:
2000245c:	2464 2000 ff05 0000                         d$. ....

20002464 <usb_tx_pre_dmdp_program_instructions>:
20002464:	d700 73a2 f380 6ba2 f083 0000               ...s...k....

20002470 <usb_tx_dmdp_program>:
20002470:	2478 2000 ff05 0000                         x$. ....

20002478 <usb_tx_dmdp_program_instructions>:
20002478:	c700 73a2 f380 6ba2 f083 0000               ...s...k....

20002484 <usb_tx_pre_dpdm_program>:
20002484:	248c 2000 ff05 0000                         .$. ....

2000248c <usb_tx_pre_dpdm_program_instructions>:
2000248c:	cf00 6ba2 eb80 73a2 e883 0000               ...k...s....

20002498 <usb_tx_dpdm_program>:
20002498:	24a0 2000 ff05 0000                         .$. ....

200024a0 <usb_tx_dpdm_program_instructions>:
200024a0:	c700 6ba2 eb80 73a2 e883 0000               ...k...s....

200024ac <usb_tx_configure_pins>:
200024ac:	429a      	cmp	r2, r3
200024ae:	d21c      	bcs.n	200024ea <usb_tx_configure_pins+0x3e>
200024b0:	004b      	lsls	r3, r1, #1
200024b2:	185b      	adds	r3, r3, r1
200024b4:	00db      	lsls	r3, r3, #3
200024b6:	18c0      	adds	r0, r0, r3
200024b8:	30dc      	adds	r0, #220	@ 0xdc
200024ba:	6801      	ldr	r1, [r0, #0]
200024bc:	4b19      	ldr	r3, [pc, #100]	@ (20002524 <usb_tx_configure_pins+0x78>)
200024be:	4019      	ands	r1, r3
200024c0:	2380      	movs	r3, #128	@ 0x80
200024c2:	4311      	orrs	r1, r2
200024c4:	039b      	lsls	r3, r3, #14
200024c6:	430b      	orrs	r3, r1
200024c8:	6003      	str	r3, [r0, #0]
200024ca:	6801      	ldr	r1, [r0, #0]
200024cc:	4b16      	ldr	r3, [pc, #88]	@ (20002528 <usb_tx_configure_pins+0x7c>)
200024ce:	4019      	ands	r1, r3
200024d0:	0153      	lsls	r3, r2, #5
200024d2:	4319      	orrs	r1, r3
200024d4:	2380      	movs	r3, #128	@ 0x80
200024d6:	051b      	lsls	r3, r3, #20
200024d8:	430b      	orrs	r3, r1
200024da:	6003      	str	r3, [r0, #0]
200024dc:	6803      	ldr	r3, [r0, #0]
200024de:	4913      	ldr	r1, [pc, #76]	@ (2000252c <usb_tx_configure_pins+0x80>)
200024e0:	0292      	lsls	r2, r2, #10
200024e2:	400b      	ands	r3, r1
200024e4:	4313      	orrs	r3, r2
200024e6:	6003      	str	r3, [r0, #0]
200024e8:	4770      	bx	lr
200024ea:	004a      	lsls	r2, r1, #1
200024ec:	1852      	adds	r2, r2, r1
200024ee:	00d2      	lsls	r2, r2, #3
200024f0:	1880      	adds	r0, r0, r2
200024f2:	30dc      	adds	r0, #220	@ 0xdc
200024f4:	6801      	ldr	r1, [r0, #0]
200024f6:	4a0b      	ldr	r2, [pc, #44]	@ (20002524 <usb_tx_configure_pins+0x78>)
200024f8:	4011      	ands	r1, r2
200024fa:	2280      	movs	r2, #128	@ 0x80
200024fc:	4319      	orrs	r1, r3
200024fe:	0392      	lsls	r2, r2, #14
20002500:	430a      	orrs	r2, r1
20002502:	6002      	str	r2, [r0, #0]
20002504:	6801      	ldr	r1, [r0, #0]
20002506:	4a08      	ldr	r2, [pc, #32]	@ (20002528 <usb_tx_configure_pins+0x7c>)
20002508:	4011      	ands	r1, r2
2000250a:	015a      	lsls	r2, r3, #5
2000250c:	4311      	orrs	r1, r2
2000250e:	2280      	movs	r2, #128	@ 0x80
20002510:	0512      	lsls	r2, r2, #20
20002512:	430a      	orrs	r2, r1
20002514:	6002      	str	r2, [r0, #0]
20002516:	6802      	ldr	r2, [r0, #0]
20002518:	4904      	ldr	r1, [pc, #16]	@ (2000252c <usb_tx_configure_pins+0x80>)
2000251a:	029b      	lsls	r3, r3, #10
2000251c:	400a      	ands	r2, r1
2000251e:	4313      	orrs	r3, r2
20002520:	6003      	str	r3, [r0, #0]
20002522:	e7e1      	b.n	200024e8 <usb_tx_configure_pins+0x3c>
20002524:	fc0fffe0 	.word	0xfc0fffe0
20002528:	e3fffc1f 	.word	0xe3fffc1f
2000252c:	ffff83ff 	.word	0xffff83ff

20002530 <connection_check>:
20002530:	2201      	movs	r2, #1
20002532:	b570      	push	{r4, r5, r6, lr}
20002534:	0001      	movs	r1, r0
20002536:	7883      	ldrb	r3, [r0, #2]
20002538:	0010      	movs	r0, r2
2000253a:	24d0      	movs	r4, #208	@ 0xd0
2000253c:	4098      	lsls	r0, r3
2000253e:	0624      	lsls	r4, r4, #24
20002540:	6863      	ldr	r3, [r4, #4]
20002542:	4003      	ands	r3, r0
20002544:	4258      	negs	r0, r3
20002546:	4143      	adcs	r3, r0
20002548:	78c8      	ldrb	r0, [r1, #3]
2000254a:	4082      	lsls	r2, r0
2000254c:	0010      	movs	r0, r2
2000254e:	6862      	ldr	r2, [r4, #4]
20002550:	4002      	ands	r2, r0
20002552:	4250      	negs	r0, r2
20002554:	4142      	adcs	r2, r0
20002556:	0052      	lsls	r2, r2, #1
20002558:	2001      	movs	r0, #1
2000255a:	4313      	orrs	r3, r2
2000255c:	d11a      	bne.n	20002594 <connection_check+0x64>
2000255e:	4a28      	ldr	r2, [pc, #160]	@ (20002600 <connection_check+0xd0>)
20002560:	6a90      	ldr	r0, [r2, #40]	@ 0x28
20002562:	6a93      	ldr	r3, [r2, #40]	@ 0x28
20002564:	4298      	cmp	r0, r3
20002566:	d0fc      	beq.n	20002562 <connection_check+0x32>
20002568:	2001      	movs	r0, #1
2000256a:	0004      	movs	r4, r0
2000256c:	25d0      	movs	r5, #208	@ 0xd0
2000256e:	788b      	ldrb	r3, [r1, #2]
20002570:	062d      	lsls	r5, r5, #24
20002572:	409c      	lsls	r4, r3
20002574:	686b      	ldr	r3, [r5, #4]
20002576:	4023      	ands	r3, r4
20002578:	425c      	negs	r4, r3
2000257a:	4163      	adcs	r3, r4
2000257c:	78cc      	ldrb	r4, [r1, #3]
2000257e:	40a0      	lsls	r0, r4
20002580:	0004      	movs	r4, r0
20002582:	6868      	ldr	r0, [r5, #4]
20002584:	4020      	ands	r0, r4
20002586:	4244      	negs	r4, r0
20002588:	4160      	adcs	r0, r4
2000258a:	0040      	lsls	r0, r0, #1
2000258c:	4303      	orrs	r3, r0
2000258e:	2001      	movs	r0, #1
20002590:	2b00      	cmp	r3, #0
20002592:	d000      	beq.n	20002596 <connection_check+0x66>
20002594:	bd70      	pop	{r4, r5, r6, pc}
20002596:	6a90      	ldr	r0, [r2, #40]	@ 0x28
20002598:	4a19      	ldr	r2, [pc, #100]	@ (20002600 <connection_check+0xd0>)
2000259a:	6a93      	ldr	r3, [r2, #40]	@ 0x28
2000259c:	4298      	cmp	r0, r3
2000259e:	d0fc      	beq.n	2000259a <connection_check+0x6a>
200025a0:	2201      	movs	r2, #1
200025a2:	2000      	movs	r0, #0
200025a4:	2302      	movs	r3, #2
200025a6:	7388      	strb	r0, [r1, #14]
200025a8:	73ca      	strb	r2, [r1, #15]
200025aa:	694a      	ldr	r2, [r1, #20]
200025ac:	4c15      	ldr	r4, [pc, #84]	@ (20002604 <connection_check+0xd4>)
200025ae:	431a      	orrs	r2, r3
200025b0:	4b15      	ldr	r3, [pc, #84]	@ (20002608 <connection_check+0xd8>)
200025b2:	614a      	str	r2, [r1, #20]
200025b4:	1ac9      	subs	r1, r1, r3
200025b6:	1109      	asrs	r1, r1, #4
200025b8:	008b      	lsls	r3, r1, #2
200025ba:	185b      	adds	r3, r3, r1
200025bc:	011a      	lsls	r2, r3, #4
200025be:	189b      	adds	r3, r3, r2
200025c0:	021a      	lsls	r2, r3, #8
200025c2:	189b      	adds	r3, r3, r2
200025c4:	041d      	lsls	r5, r3, #16
200025c6:	195d      	adds	r5, r3, r5
200025c8:	23bc      	movs	r3, #188	@ 0xbc
200025ca:	006d      	lsls	r5, r5, #1
200025cc:	186d      	adds	r5, r5, r1
200025ce:	015b      	lsls	r3, r3, #5
200025d0:	b2ed      	uxtb	r5, r5
200025d2:	18e6      	adds	r6, r4, r3
200025d4:	e002      	b.n	200025dc <connection_check+0xac>
200025d6:	34bc      	adds	r4, #188	@ 0xbc
200025d8:	42a6      	cmp	r6, r4
200025da:	d00f      	beq.n	200025fc <connection_check+0xcc>
200025dc:	7823      	ldrb	r3, [r4, #0]
200025de:	42ab      	cmp	r3, r5
200025e0:	d1f9      	bne.n	200025d6 <connection_check+0xa6>
200025e2:	88e3      	ldrh	r3, [r4, #6]
200025e4:	2b00      	cmp	r3, #0
200025e6:	d0f6      	beq.n	200025d6 <connection_check+0xa6>
200025e8:	7b63      	ldrb	r3, [r4, #13]
200025ea:	2b00      	cmp	r3, #0
200025ec:	d0f3      	beq.n	200025d6 <connection_check+0xa6>
200025ee:	0020      	movs	r0, r4
200025f0:	2140      	movs	r1, #64	@ 0x40
200025f2:	34bc      	adds	r4, #188	@ 0xbc
200025f4:	f7ff feb4 	bl	20002360 <pio_usb_ll_transfer_complete>
200025f8:	42a6      	cmp	r6, r4
200025fa:	d1ef      	bne.n	200025dc <connection_check+0xac>
200025fc:	2000      	movs	r0, #0
200025fe:	e7c9      	b.n	20002594 <connection_check+0x64>
20002600:	40054000 	.word	0x40054000
20002604:	20004904 	.word	0x20004904
20002608:	20006084 	.word	0x20006084

2000260c <restore_fs_bus.constprop.0>:
2000260c:	b5f0      	push	{r4, r5, r6, r7, lr}
2000260e:	4657      	mov	r7, sl
20002610:	464e      	mov	r6, r9
20002612:	4645      	mov	r5, r8
20002614:	46de      	mov	lr, fp
20002616:	4b2c      	ldr	r3, [pc, #176]	@ (200026c8 <restore_fs_bus.constprop.0+0xbc>)
20002618:	b5e0      	push	{r5, r6, r7, lr}
2000261a:	695e      	ldr	r6, [r3, #20]
2000261c:	6859      	ldr	r1, [r3, #4]
2000261e:	46b0      	mov	r8, r6
20002620:	2680      	movs	r6, #128	@ 0x80
20002622:	468b      	mov	fp, r1
20002624:	2001      	movs	r0, #1
20002626:	b083      	sub	sp, #12
20002628:	0276      	lsls	r6, r6, #9
2000262a:	9601      	str	r6, [sp, #4]
2000262c:	0007      	movs	r7, r0
2000262e:	465e      	mov	r6, fp
20002630:	2259      	movs	r2, #89	@ 0x59
20002632:	2100      	movs	r1, #0
20002634:	40b7      	lsls	r7, r6
20002636:	2548      	movs	r5, #72	@ 0x48
20002638:	244a      	movs	r4, #74	@ 0x4a
2000263a:	5499      	strb	r1, [r3, r2]
2000263c:	6819      	ldr	r1, [r3, #0]
2000263e:	46ba      	mov	sl, r7
20002640:	680a      	ldr	r2, [r1, #0]
20002642:	43ba      	bics	r2, r7
20002644:	600a      	str	r2, [r1, #0]
20002646:	5b5a      	ldrh	r2, [r3, r5]
20002648:	5d1c      	ldrb	r4, [r3, r4]
2000264a:	0412      	lsls	r2, r2, #16
2000264c:	0224      	lsls	r4, r4, #8
2000264e:	4314      	orrs	r4, r2
20002650:	46a1      	mov	r9, r4
20002652:	4642      	mov	r2, r8
20002654:	0004      	movs	r4, r0
20002656:	4094      	lsls	r4, r2
20002658:	224e      	movs	r2, #78	@ 0x4e
2000265a:	4694      	mov	ip, r2
2000265c:	0072      	lsls	r2, r6, #1
2000265e:	464e      	mov	r6, r9
20002660:	445a      	add	r2, fp
20002662:	00d2      	lsls	r2, r2, #3
20002664:	188a      	adds	r2, r1, r2
20002666:	32c8      	adds	r2, #200	@ 0xc8
20002668:	6016      	str	r6, [r2, #0]
2000266a:	4656      	mov	r6, sl
2000266c:	680a      	ldr	r2, [r1, #0]
2000266e:	69dd      	ldr	r5, [r3, #28]
20002670:	4332      	orrs	r2, r6
20002672:	600a      	str	r2, [r1, #0]
20002674:	4641      	mov	r1, r8
20002676:	40a8      	lsls	r0, r5
20002678:	691a      	ldr	r2, [r3, #16]
2000267a:	0049      	lsls	r1, r1, #1
2000267c:	6816      	ldr	r6, [r2, #0]
2000267e:	4441      	add	r1, r8
20002680:	43a6      	bics	r6, r4
20002682:	00c9      	lsls	r1, r1, #3
20002684:	6016      	str	r6, [r2, #0]
20002686:	1851      	adds	r1, r2, r1
20002688:	9e01      	ldr	r6, [sp, #4]
2000268a:	31c8      	adds	r1, #200	@ 0xc8
2000268c:	600e      	str	r6, [r1, #0]
2000268e:	6811      	ldr	r1, [r2, #0]
20002690:	274c      	movs	r7, #76	@ 0x4c
20002692:	430c      	orrs	r4, r1
20002694:	6014      	str	r4, [r2, #0]
20002696:	6811      	ldr	r1, [r2, #0]
20002698:	4381      	bics	r1, r0
2000269a:	6011      	str	r1, [r2, #0]
2000269c:	4661      	mov	r1, ip
2000269e:	5c59      	ldrb	r1, [r3, r1]
200026a0:	5bdb      	ldrh	r3, [r3, r7]
200026a2:	0209      	lsls	r1, r1, #8
200026a4:	041b      	lsls	r3, r3, #16
200026a6:	4319      	orrs	r1, r3
200026a8:	006b      	lsls	r3, r5, #1
200026aa:	195b      	adds	r3, r3, r5
200026ac:	00db      	lsls	r3, r3, #3
200026ae:	18d3      	adds	r3, r2, r3
200026b0:	33c8      	adds	r3, #200	@ 0xc8
200026b2:	6019      	str	r1, [r3, #0]
200026b4:	6813      	ldr	r3, [r2, #0]
200026b6:	4318      	orrs	r0, r3
200026b8:	6010      	str	r0, [r2, #0]
200026ba:	b003      	add	sp, #12
200026bc:	bcf0      	pop	{r4, r5, r6, r7}
200026be:	46bb      	mov	fp, r7
200026c0:	46b2      	mov	sl, r6
200026c2:	46a9      	mov	r9, r5
200026c4:	46a0      	mov	r8, r4
200026c6:	bdf0      	pop	{r4, r5, r6, r7, pc}
200026c8:	200046f8 	.word	0x200046f8

200026cc <configure_tx_program.constprop.0>:
200026cc:	7b03      	ldrb	r3, [r0, #12]
200026ce:	2b00      	cmp	r3, #0
200026d0:	d007      	beq.n	200026e2 <configure_tx_program.constprop.0+0x16>
200026d2:	4806      	ldr	r0, [pc, #24]	@ (200026ec <configure_tx_program.constprop.0+0x20>)
200026d4:	4906      	ldr	r1, [pc, #24]	@ (200026f0 <configure_tx_program.constprop.0+0x24>)
200026d6:	4a07      	ldr	r2, [pc, #28]	@ (200026f4 <configure_tx_program.constprop.0+0x28>)
200026d8:	4b07      	ldr	r3, [pc, #28]	@ (200026f8 <configure_tx_program.constprop.0+0x2c>)
200026da:	63d8      	str	r0, [r3, #60]	@ 0x3c
200026dc:	6419      	str	r1, [r3, #64]	@ 0x40
200026de:	645a      	str	r2, [r3, #68]	@ 0x44
200026e0:	4770      	bx	lr
200026e2:	4804      	ldr	r0, [pc, #16]	@ (200026f4 <configure_tx_program.constprop.0+0x28>)
200026e4:	4905      	ldr	r1, [pc, #20]	@ (200026fc <configure_tx_program.constprop.0+0x30>)
200026e6:	4a01      	ldr	r2, [pc, #4]	@ (200026ec <configure_tx_program.constprop.0+0x20>)
200026e8:	e7f6      	b.n	200026d8 <configure_tx_program.constprop.0+0xc>
200026ea:	46c0      	nop			@ (mov r8, r8)
200026ec:	20002e64 	.word	0x20002e64
200026f0:	20002e50 	.word	0x20002e50
200026f4:	20002e8c 	.word	0x20002e8c
200026f8:	200046f8 	.word	0x200046f8
200026fc:	20002e78 	.word	0x20002e78

20002700 <usb_out_transaction.constprop.0.isra.0>:
20002700:	b5f8      	push	{r3, r4, r5, r6, r7, lr}
20002702:	22b8      	movs	r2, #184	@ 0xb8
20002704:	23ba      	movs	r3, #186	@ 0xba
20002706:	5a86      	ldrh	r6, [r0, r2]
20002708:	5ac2      	ldrh	r2, [r0, r3]
2000270a:	88c3      	ldrh	r3, [r0, #6]
2000270c:	1ab6      	subs	r6, r6, r2
2000270e:	b2b6      	uxth	r6, r6
20002710:	0004      	movs	r4, r0
20002712:	429e      	cmp	r6, r3
20002714:	d301      	bcc.n	2000271a <usb_out_transaction.constprop.0.isra.0+0x1a>
20002716:	88c6      	ldrh	r6, [r0, #6]
20002718:	b2b6      	uxth	r6, r6
2000271a:	4d2d      	ldr	r5, [pc, #180]	@ (200027d0 <usb_out_transaction.constprop.0.isra.0+0xd0>)
2000271c:	0028      	movs	r0, r5
2000271e:	f7ff fbcb 	bl	20001eb8 <pio_usb_bus_prepare_receive>
20002722:	7862      	ldrb	r2, [r4, #1]
20002724:	7923      	ldrb	r3, [r4, #4]
20002726:	21e1      	movs	r1, #225	@ 0xe1
20002728:	0028      	movs	r0, r5
2000272a:	b2d2      	uxtb	r2, r2
2000272c:	b2db      	uxtb	r3, r3
2000272e:	f7ff fb5f 	bl	20001df0 <pio_usb_bus_send_token>
20002732:	23b0      	movs	r3, #176	@ 0xb0
20002734:	0021      	movs	r1, r4
20002736:	5ce2      	ldrb	r2, [r4, r3]
20002738:	3110      	adds	r1, #16
2000273a:	0028      	movs	r0, r5
2000273c:	f7ff fb10 	bl	20001d60 <pio_usb_bus_usb_transfer>
20002740:	221e      	movs	r2, #30
20002742:	211e      	movs	r1, #30
20002744:	692b      	ldr	r3, [r5, #16]
20002746:	631a      	str	r2, [r3, #48]	@ 0x30
20002748:	6b1a      	ldr	r2, [r3, #48]	@ 0x30
2000274a:	4211      	tst	r1, r2
2000274c:	d1fc      	bne.n	20002748 <usb_out_transaction.constprop.0.isra.0+0x48>
2000274e:	2701      	movs	r7, #1
20002750:	0028      	movs	r0, r5
20002752:	f7ff fbdd 	bl	20001f10 <pio_usb_bus_wait_handshake>
20002756:	003a      	movs	r2, r7
20002758:	696b      	ldr	r3, [r5, #20]
2000275a:	205b      	movs	r0, #91	@ 0x5b
2000275c:	409a      	lsls	r2, r3
2000275e:	0013      	movs	r3, r2
20002760:	6929      	ldr	r1, [r5, #16]
20002762:	680a      	ldr	r2, [r1, #0]
20002764:	439a      	bics	r2, r3
20002766:	600a      	str	r2, [r1, #0]
20002768:	5c2a      	ldrb	r2, [r5, r0]
2000276a:	43db      	mvns	r3, r3
2000276c:	2ad2      	cmp	r2, #210	@ 0xd2
2000276e:	d015      	beq.n	2000279c <usb_out_transaction.constprop.0.isra.0+0x9c>
20002770:	2a5a      	cmp	r2, #90	@ 0x5a
20002772:	d009      	beq.n	20002788 <usb_out_transaction.constprop.0.isra.0+0x88>
20002774:	2a1e      	cmp	r2, #30
20002776:	d11a      	bne.n	200027ae <usb_out_transaction.constprop.0.isra.0+0xae>
20002778:	2180      	movs	r1, #128	@ 0x80
2000277a:	0020      	movs	r0, r4
2000277c:	f7ff fdf0 	bl	20002360 <pio_usb_ll_transfer_complete>
20002780:	696b      	ldr	r3, [r5, #20]
20002782:	6929      	ldr	r1, [r5, #16]
20002784:	409f      	lsls	r7, r3
20002786:	43fb      	mvns	r3, r7
20002788:	22b1      	movs	r2, #177	@ 0xb1
2000278a:	2000      	movs	r0, #0
2000278c:	54a0      	strb	r0, [r4, r2]
2000278e:	680a      	ldr	r2, [r1, #0]
20002790:	4013      	ands	r3, r2
20002792:	600b      	str	r3, [r1, #0]
20002794:	225a      	movs	r2, #90	@ 0x5a
20002796:	2300      	movs	r3, #0
20002798:	52ab      	strh	r3, [r5, r2]
2000279a:	bdf8      	pop	{r3, r4, r5, r6, r7, pc}
2000279c:	0031      	movs	r1, r6
2000279e:	0020      	movs	r0, r4
200027a0:	f7ff fe0e 	bl	200023c0 <pio_usb_ll_transfer_continue>
200027a4:	696b      	ldr	r3, [r5, #20]
200027a6:	6929      	ldr	r1, [r5, #16]
200027a8:	409f      	lsls	r7, r3
200027aa:	43fb      	mvns	r3, r7
200027ac:	e7ec      	b.n	20002788 <usb_out_transaction.constprop.0.isra.0+0x88>
200027ae:	20b1      	movs	r0, #177	@ 0xb1
200027b0:	5c22      	ldrb	r2, [r4, r0]
200027b2:	3201      	adds	r2, #1
200027b4:	b2d2      	uxtb	r2, r2
200027b6:	5422      	strb	r2, [r4, r0]
200027b8:	2a02      	cmp	r2, #2
200027ba:	d9e8      	bls.n	2000278e <usb_out_transaction.constprop.0.isra.0+0x8e>
200027bc:	2140      	movs	r1, #64	@ 0x40
200027be:	0020      	movs	r0, r4
200027c0:	f7ff fdce 	bl	20002360 <pio_usb_ll_transfer_complete>
200027c4:	696b      	ldr	r3, [r5, #20]
200027c6:	6929      	ldr	r1, [r5, #16]
200027c8:	409f      	lsls	r7, r3
200027ca:	43fb      	mvns	r3, r7
200027cc:	e7df      	b.n	2000278e <usb_out_transaction.constprop.0.isra.0+0x8e>
200027ce:	46c0      	nop			@ (mov r8, r8)
200027d0:	200046f8 	.word	0x200046f8

200027d4 <usb_in_transaction.constprop.0.isra.0>:
200027d4:	b570      	push	{r4, r5, r6, lr}
200027d6:	0005      	movs	r5, r0
200027d8:	7aeb      	ldrb	r3, [r5, #11]
200027da:	2678      	movs	r6, #120	@ 0x78
200027dc:	3b01      	subs	r3, #1
200027de:	1e5a      	subs	r2, r3, #1
200027e0:	4193      	sbcs	r3, r2
200027e2:	4c30      	ldr	r4, [pc, #192]	@ (200028a4 <usb_in_transaction.constprop.0.isra.0+0xd0>)
200027e4:	425b      	negs	r3, r3
200027e6:	0020      	movs	r0, r4
200027e8:	401e      	ands	r6, r3
200027ea:	f7ff fb65 	bl	20001eb8 <pio_usb_bus_prepare_receive>
200027ee:	786a      	ldrb	r2, [r5, #1]
200027f0:	792b      	ldrb	r3, [r5, #4]
200027f2:	2169      	movs	r1, #105	@ 0x69
200027f4:	b2d2      	uxtb	r2, r2
200027f6:	b2db      	uxtb	r3, r3
200027f8:	0020      	movs	r0, r4
200027fa:	f7ff faf9 	bl	20001df0 <pio_usb_bus_send_token>
200027fe:	221e      	movs	r2, #30
20002800:	211e      	movs	r1, #30
20002802:	6923      	ldr	r3, [r4, #16]
20002804:	364b      	adds	r6, #75	@ 0x4b
20002806:	631a      	str	r2, [r3, #48]	@ 0x30
20002808:	6b1a      	ldr	r2, [r3, #48]	@ 0x30
2000280a:	4211      	tst	r1, r2
2000280c:	d1fc      	bne.n	20002808 <usb_in_transaction.constprop.0.isra.0+0x34>
2000280e:	21d2      	movs	r1, #210	@ 0xd2
20002810:	0020      	movs	r0, r4
20002812:	f7ff fbeb 	bl	20001fec <pio_usb_bus_receive_packet_and_handshake>
20002816:	235b      	movs	r3, #91	@ 0x5b
20002818:	0002      	movs	r2, r0
2000281a:	5ce3      	ldrb	r3, [r4, r3]
2000281c:	2800      	cmp	r0, #0
2000281e:	db29      	blt.n	20002874 <usb_in_transaction.constprop.0.isra.0+0xa0>
20002820:	42b3      	cmp	r3, r6
20002822:	d00d      	beq.n	20002840 <usb_in_transaction.constprop.0.isra.0+0x6c>
20002824:	23b1      	movs	r3, #177	@ 0xb1
20002826:	2200      	movs	r2, #0
20002828:	6921      	ldr	r1, [r4, #16]
2000282a:	54ea      	strb	r2, [r5, r3]
2000282c:	2201      	movs	r2, #1
2000282e:	6960      	ldr	r0, [r4, #20]
20002830:	680b      	ldr	r3, [r1, #0]
20002832:	4082      	lsls	r2, r0
20002834:	4393      	bics	r3, r2
20002836:	600b      	str	r3, [r1, #0]
20002838:	225a      	movs	r2, #90	@ 0x5a
2000283a:	2300      	movs	r3, #0
2000283c:	52a3      	strh	r3, [r4, r2]
2000283e:	bd70      	pop	{r4, r5, r6, pc}
20002840:	23b8      	movs	r3, #184	@ 0xb8
20002842:	21ba      	movs	r1, #186	@ 0xba
20002844:	5aeb      	ldrh	r3, [r5, r3]
20002846:	5a69      	ldrh	r1, [r5, r1]
20002848:	1a5b      	subs	r3, r3, r1
2000284a:	88e9      	ldrh	r1, [r5, #6]
2000284c:	b29b      	uxth	r3, r3
2000284e:	428b      	cmp	r3, r1
20002850:	d301      	bcc.n	20002856 <usb_in_transaction.constprop.0.isra.0+0x82>
20002852:	88eb      	ldrh	r3, [r5, #6]
20002854:	b29b      	uxth	r3, r3
20002856:	b296      	uxth	r6, r2
20002858:	429e      	cmp	r6, r3
2000285a:	d901      	bls.n	20002860 <usb_in_transaction.constprop.0.isra.0+0x8c>
2000285c:	001a      	movs	r2, r3
2000285e:	001e      	movs	r6, r3
20002860:	23b4      	movs	r3, #180	@ 0xb4
20002862:	4911      	ldr	r1, [pc, #68]	@ (200028a8 <usb_in_transaction.constprop.0.isra.0+0xd4>)
20002864:	58e8      	ldr	r0, [r5, r3]
20002866:	f000 fd0f 	bl	20003288 <____wrap_memcpy_veneer>
2000286a:	0031      	movs	r1, r6
2000286c:	0028      	movs	r0, r5
2000286e:	f7ff fda7 	bl	200023c0 <pio_usb_ll_transfer_continue>
20002872:	e7d7      	b.n	20002824 <usb_in_transaction.constprop.0.isra.0+0x50>
20002874:	2b5a      	cmp	r3, #90	@ 0x5a
20002876:	d0d5      	beq.n	20002824 <usb_in_transaction.constprop.0.isra.0+0x50>
20002878:	2b1e      	cmp	r3, #30
2000287a:	d00e      	beq.n	2000289a <usb_in_transaction.constprop.0.isra.0+0xc6>
2000287c:	22b1      	movs	r2, #177	@ 0xb1
2000287e:	6921      	ldr	r1, [r4, #16]
20002880:	6b0b      	ldr	r3, [r1, #48]	@ 0x30
20002882:	5cab      	ldrb	r3, [r5, r2]
20002884:	3301      	adds	r3, #1
20002886:	b2db      	uxtb	r3, r3
20002888:	54ab      	strb	r3, [r5, r2]
2000288a:	2b02      	cmp	r3, #2
2000288c:	d9ce      	bls.n	2000282c <usb_in_transaction.constprop.0.isra.0+0x58>
2000288e:	2140      	movs	r1, #64	@ 0x40
20002890:	0028      	movs	r0, r5
20002892:	f7ff fd65 	bl	20002360 <pio_usb_ll_transfer_complete>
20002896:	6921      	ldr	r1, [r4, #16]
20002898:	e7c8      	b.n	2000282c <usb_in_transaction.constprop.0.isra.0+0x58>
2000289a:	2180      	movs	r1, #128	@ 0x80
2000289c:	0028      	movs	r0, r5
2000289e:	f7ff fd5f 	bl	20002360 <pio_usb_ll_transfer_complete>
200028a2:	e7bf      	b.n	20002824 <usb_in_transaction.constprop.0.isra.0+0x50>
200028a4:	200046f8 	.word	0x200046f8
200028a8:	20004754 	.word	0x20004754

200028ac <usb_setup_transaction.constprop.0.isra.0>:
200028ac:	b570      	push	{r4, r5, r6, lr}
200028ae:	0004      	movs	r4, r0
200028b0:	4d21      	ldr	r5, [pc, #132]	@ (20002938 <usb_setup_transaction.constprop.0.isra.0+0x8c>)
200028b2:	0028      	movs	r0, r5
200028b4:	f7ff fb00 	bl	20001eb8 <pio_usb_bus_prepare_receive>
200028b8:	7862      	ldrb	r2, [r4, #1]
200028ba:	2300      	movs	r3, #0
200028bc:	212d      	movs	r1, #45	@ 0x2d
200028be:	0028      	movs	r0, r5
200028c0:	b2d2      	uxtb	r2, r2
200028c2:	f7ff fa95 	bl	20001df0 <pio_usb_bus_send_token>
200028c6:	2300      	movs	r3, #0
200028c8:	22b0      	movs	r2, #176	@ 0xb0
200028ca:	0021      	movs	r1, r4
200028cc:	5ca2      	ldrb	r2, [r4, r2]
200028ce:	3110      	adds	r1, #16
200028d0:	72e3      	strb	r3, [r4, #11]
200028d2:	0028      	movs	r0, r5
200028d4:	f7ff fa44 	bl	20001d60 <pio_usb_bus_usb_transfer>
200028d8:	231e      	movs	r3, #30
200028da:	221e      	movs	r2, #30
200028dc:	6929      	ldr	r1, [r5, #16]
200028de:	630b      	str	r3, [r1, #48]	@ 0x30
200028e0:	0016      	movs	r6, r2
200028e2:	6b0b      	ldr	r3, [r1, #48]	@ 0x30
200028e4:	401e      	ands	r6, r3
200028e6:	421a      	tst	r2, r3
200028e8:	d1fa      	bne.n	200028e0 <usb_setup_transaction.constprop.0.isra.0+0x34>
200028ea:	0028      	movs	r0, r5
200028ec:	f7ff fb10 	bl	20001f10 <pio_usb_bus_wait_handshake>
200028f0:	2201      	movs	r2, #1
200028f2:	696b      	ldr	r3, [r5, #20]
200028f4:	6929      	ldr	r1, [r5, #16]
200028f6:	409a      	lsls	r2, r3
200028f8:	680b      	ldr	r3, [r1, #0]
200028fa:	4393      	bics	r3, r2
200028fc:	600b      	str	r3, [r1, #0]
200028fe:	28d2      	cmp	r0, #210	@ 0xd2
20002900:	d10c      	bne.n	2000291c <usb_setup_transaction.constprop.0.isra.0+0x70>
20002902:	23ba      	movs	r3, #186	@ 0xba
20002904:	2208      	movs	r2, #8
20002906:	2120      	movs	r1, #32
20002908:	52e2      	strh	r2, [r4, r3]
2000290a:	0020      	movs	r0, r4
2000290c:	f7ff fd28 	bl	20002360 <pio_usb_ll_transfer_complete>
20002910:	23b1      	movs	r3, #177	@ 0xb1
20002912:	54e6      	strb	r6, [r4, r3]
20002914:	235b      	movs	r3, #91	@ 0x5b
20002916:	2200      	movs	r2, #0
20002918:	54ea      	strb	r2, [r5, r3]
2000291a:	bd70      	pop	{r4, r5, r6, pc}
2000291c:	232d      	movs	r3, #45	@ 0x2d
2000291e:	22b1      	movs	r2, #177	@ 0xb1
20002920:	72e3      	strb	r3, [r4, #11]
20002922:	5ca3      	ldrb	r3, [r4, r2]
20002924:	3301      	adds	r3, #1
20002926:	b2db      	uxtb	r3, r3
20002928:	54a3      	strb	r3, [r4, r2]
2000292a:	2b02      	cmp	r3, #2
2000292c:	d9f2      	bls.n	20002914 <usb_setup_transaction.constprop.0.isra.0+0x68>
2000292e:	2140      	movs	r1, #64	@ 0x40
20002930:	0020      	movs	r0, r4
20002932:	f7ff fd15 	bl	20002360 <pio_usb_ll_transfer_complete>
20002936:	e7ed      	b.n	20002914 <usb_setup_transaction.constprop.0.isra.0+0x68>
20002938:	200046f8 	.word	0x200046f8

2000293c <override_pio_program.isra.0>:
2000293c:	b5f0      	push	{r4, r5, r6, r7, lr}
2000293e:	2780      	movs	r7, #128	@ 0x80
20002940:	2500      	movs	r5, #0
20002942:	01bf      	lsls	r7, r7, #6
20002944:	2a00      	cmp	r2, #0
20002946:	d00b      	beq.n	20002960 <override_pio_program.isra.0+0x24>
20002948:	006e      	lsls	r6, r5, #1
2000294a:	18ec      	adds	r4, r5, r3
2000294c:	5b8e      	ldrh	r6, [r1, r6]
2000294e:	3412      	adds	r4, #18
20002950:	00a4      	lsls	r4, r4, #2
20002952:	3501      	adds	r5, #1
20002954:	42be      	cmp	r6, r7
20002956:	d200      	bcs.n	2000295a <override_pio_program.isra.0+0x1e>
20002958:	18f6      	adds	r6, r6, r3
2000295a:	5026      	str	r6, [r4, r0]
2000295c:	42aa      	cmp	r2, r5
2000295e:	d8f3      	bhi.n	20002948 <override_pio_program.isra.0+0xc>
20002960:	bdf0      	pop	{r4, r5, r6, r7, pc}
20002962:	46c0      	nop			@ (mov r8, r8)

20002964 <configure_fullspeed_host.constprop.0>:
20002964:	b5f8      	push	{r3, r4, r5, r6, r7, lr}
20002966:	46de      	mov	lr, fp
20002968:	4657      	mov	r7, sl
2000296a:	464e      	mov	r6, r9
2000296c:	4645      	mov	r5, r8
2000296e:	2359      	movs	r3, #89	@ 0x59
20002970:	2200      	movs	r2, #0
20002972:	4c3a      	ldr	r4, [pc, #232]	@ (20002a5c <configure_fullspeed_host.constprop.0+0xf8>)
20002974:	b5e0      	push	{r5, r6, r7, lr}
20002976:	0006      	movs	r6, r0
20002978:	54e2      	strb	r2, [r4, r3]
2000297a:	f7ff fea7 	bl	200026cc <configure_tx_program.constprop.0>
2000297e:	4938      	ldr	r1, [pc, #224]	@ (20002a60 <configure_fullspeed_host.constprop.0+0xfc>)
20002980:	2280      	movs	r2, #128	@ 0x80
20002982:	468c      	mov	ip, r1
20002984:	6867      	ldr	r7, [r4, #4]
20002986:	6820      	ldr	r0, [r4, #0]
20002988:	007d      	lsls	r5, r7, #1
2000298a:	19ed      	adds	r5, r5, r7
2000298c:	00ed      	lsls	r5, r5, #3
2000298e:	1943      	adds	r3, r0, r5
20002990:	4463      	add	r3, ip
20002992:	6be1      	ldr	r1, [r4, #60]	@ 0x3c
20002994:	0612      	lsls	r2, r2, #24
20002996:	601a      	str	r2, [r3, #0]
20002998:	601a      	str	r2, [r3, #0]
2000299a:	790a      	ldrb	r2, [r1, #4]
2000299c:	68a3      	ldr	r3, [r4, #8]
2000299e:	6809      	ldr	r1, [r1, #0]
200029a0:	f7ff ffcc 	bl	2000293c <override_pio_program.isra.0>
200029a4:	234a      	movs	r3, #74	@ 0x4a
200029a6:	2248      	movs	r2, #72	@ 0x48
200029a8:	5ce3      	ldrb	r3, [r4, r3]
200029aa:	5aa2      	ldrh	r2, [r4, r2]
200029ac:	1945      	adds	r5, r0, r5
200029ae:	0412      	lsls	r2, r2, #16
200029b0:	021b      	lsls	r3, r3, #8
200029b2:	4313      	orrs	r3, r2
200029b4:	002a      	movs	r2, r5
200029b6:	32c8      	adds	r2, #200	@ 0xc8
200029b8:	6013      	str	r3, [r2, #0]
200029ba:	78b2      	ldrb	r2, [r6, #2]
200029bc:	78f3      	ldrb	r3, [r6, #3]
200029be:	0039      	movs	r1, r7
200029c0:	b2d2      	uxtb	r2, r2
200029c2:	b2db      	uxtb	r3, r3
200029c4:	f7ff fd72 	bl	200024ac <usb_tx_configure_pins>
200029c8:	2280      	movs	r2, #128	@ 0x80
200029ca:	0252      	lsls	r2, r2, #9
200029cc:	4694      	mov	ip, r2
200029ce:	224c      	movs	r2, #76	@ 0x4c
200029d0:	6a63      	ldr	r3, [r4, #36]	@ 0x24
200029d2:	35d8      	adds	r5, #216	@ 0xd8
200029d4:	602b      	str	r3, [r5, #0]
200029d6:	6963      	ldr	r3, [r4, #20]
200029d8:	4693      	mov	fp, r2
200029da:	005a      	lsls	r2, r3, #1
200029dc:	18d2      	adds	r2, r2, r3
200029de:	69e3      	ldr	r3, [r4, #28]
200029e0:	6925      	ldr	r5, [r4, #16]
200029e2:	4698      	mov	r8, r3
200029e4:	23cc      	movs	r3, #204	@ 0xcc
200029e6:	4699      	mov	r9, r3
200029e8:	78b3      	ldrb	r3, [r6, #2]
200029ea:	00d2      	lsls	r2, r2, #3
200029ec:	061b      	lsls	r3, r3, #24
200029ee:	469a      	mov	sl, r3
200029f0:	18aa      	adds	r2, r5, r2
200029f2:	4491      	add	r9, r2
200029f4:	464b      	mov	r3, r9
200029f6:	4651      	mov	r1, sl
200029f8:	681b      	ldr	r3, [r3, #0]
200029fa:	4f1a      	ldr	r7, [pc, #104]	@ (20002a64 <configure_fullspeed_host.constprop.0+0x100>)
200029fc:	32c8      	adds	r2, #200	@ 0xc8
200029fe:	403b      	ands	r3, r7
20002a00:	430b      	orrs	r3, r1
20002a02:	4649      	mov	r1, r9
20002a04:	600b      	str	r3, [r1, #0]
20002a06:	4663      	mov	r3, ip
20002a08:	6013      	str	r3, [r2, #0]
20002a0a:	22cc      	movs	r2, #204	@ 0xcc
20002a0c:	4643      	mov	r3, r8
20002a0e:	4694      	mov	ip, r2
20002a10:	005b      	lsls	r3, r3, #1
20002a12:	4443      	add	r3, r8
20002a14:	00db      	lsls	r3, r3, #3
20002a16:	18eb      	adds	r3, r5, r3
20002a18:	449c      	add	ip, r3
20002a1a:	4662      	mov	r2, ip
20002a1c:	4661      	mov	r1, ip
20002a1e:	78f5      	ldrb	r5, [r6, #3]
20002a20:	6812      	ldr	r2, [r2, #0]
20002a22:	062d      	lsls	r5, r5, #24
20002a24:	403a      	ands	r2, r7
20002a26:	432a      	orrs	r2, r5
20002a28:	600a      	str	r2, [r1, #0]
20002a2a:	78b5      	ldrb	r5, [r6, #2]
20002a2c:	001e      	movs	r6, r3
20002a2e:	4659      	mov	r1, fp
20002a30:	204e      	movs	r0, #78	@ 0x4e
20002a32:	36dc      	adds	r6, #220	@ 0xdc
20002a34:	6832      	ldr	r2, [r6, #0]
20002a36:	4f0c      	ldr	r7, [pc, #48]	@ (20002a68 <configure_fullspeed_host.constprop.0+0x104>)
20002a38:	03ed      	lsls	r5, r5, #15
20002a3a:	403a      	ands	r2, r7
20002a3c:	432a      	orrs	r2, r5
20002a3e:	6032      	str	r2, [r6, #0]
20002a40:	5c22      	ldrb	r2, [r4, r0]
20002a42:	5a61      	ldrh	r1, [r4, r1]
20002a44:	0212      	lsls	r2, r2, #8
20002a46:	0409      	lsls	r1, r1, #16
20002a48:	33c8      	adds	r3, #200	@ 0xc8
20002a4a:	430a      	orrs	r2, r1
20002a4c:	601a      	str	r2, [r3, #0]
20002a4e:	bcf0      	pop	{r4, r5, r6, r7}
20002a50:	46bb      	mov	fp, r7
20002a52:	46b2      	mov	sl, r6
20002a54:	46a9      	mov	r9, r5
20002a56:	46a0      	mov	r8, r4
20002a58:	bdf8      	pop	{r3, r4, r5, r6, r7, pc}
20002a5a:	46c0      	nop			@ (mov r8, r8)
20002a5c:	200046f8 	.word	0x200046f8
20002a60:	000010d0 	.word	0x000010d0
20002a64:	e0ffffff 	.word	0xe0ffffff
20002a68:	fff07fff 	.word	0xfff07fff

20002a6c <configure_lowspeed_host.constprop.0>:
20002a6c:	b5f8      	push	{r3, r4, r5, r6, r7, lr}
20002a6e:	46de      	mov	lr, fp
20002a70:	4657      	mov	r7, sl
20002a72:	464e      	mov	r6, r9
20002a74:	4645      	mov	r5, r8
20002a76:	2359      	movs	r3, #89	@ 0x59
20002a78:	2201      	movs	r2, #1
20002a7a:	4c3a      	ldr	r4, [pc, #232]	@ (20002b64 <configure_lowspeed_host.constprop.0+0xf8>)
20002a7c:	b5e0      	push	{r5, r6, r7, lr}
20002a7e:	0006      	movs	r6, r0
20002a80:	54e2      	strb	r2, [r4, r3]
20002a82:	f7ff fe23 	bl	200026cc <configure_tx_program.constprop.0>
20002a86:	4938      	ldr	r1, [pc, #224]	@ (20002b68 <configure_lowspeed_host.constprop.0+0xfc>)
20002a88:	2280      	movs	r2, #128	@ 0x80
20002a8a:	468c      	mov	ip, r1
20002a8c:	6867      	ldr	r7, [r4, #4]
20002a8e:	6820      	ldr	r0, [r4, #0]
20002a90:	007d      	lsls	r5, r7, #1
20002a92:	19ed      	adds	r5, r5, r7
20002a94:	00ed      	lsls	r5, r5, #3
20002a96:	1943      	adds	r3, r0, r5
20002a98:	4463      	add	r3, ip
20002a9a:	6c61      	ldr	r1, [r4, #68]	@ 0x44
20002a9c:	0612      	lsls	r2, r2, #24
20002a9e:	601a      	str	r2, [r3, #0]
20002aa0:	601a      	str	r2, [r3, #0]
20002aa2:	790a      	ldrb	r2, [r1, #4]
20002aa4:	68a3      	ldr	r3, [r4, #8]
20002aa6:	6809      	ldr	r1, [r1, #0]
20002aa8:	f7ff ff48 	bl	2000293c <override_pio_program.isra.0>
20002aac:	2352      	movs	r3, #82	@ 0x52
20002aae:	2250      	movs	r2, #80	@ 0x50
20002ab0:	5ce3      	ldrb	r3, [r4, r3]
20002ab2:	5aa2      	ldrh	r2, [r4, r2]
20002ab4:	1945      	adds	r5, r0, r5
20002ab6:	0412      	lsls	r2, r2, #16
20002ab8:	021b      	lsls	r3, r3, #8
20002aba:	4313      	orrs	r3, r2
20002abc:	002a      	movs	r2, r5
20002abe:	32c8      	adds	r2, #200	@ 0xc8
20002ac0:	6013      	str	r3, [r2, #0]
20002ac2:	78b2      	ldrb	r2, [r6, #2]
20002ac4:	78f3      	ldrb	r3, [r6, #3]
20002ac6:	0039      	movs	r1, r7
20002ac8:	b2d2      	uxtb	r2, r2
20002aca:	b2db      	uxtb	r3, r3
20002acc:	f7ff fcee 	bl	200024ac <usb_tx_configure_pins>
20002ad0:	2280      	movs	r2, #128	@ 0x80
20002ad2:	0252      	lsls	r2, r2, #9
20002ad4:	4694      	mov	ip, r2
20002ad6:	2254      	movs	r2, #84	@ 0x54
20002ad8:	6a63      	ldr	r3, [r4, #36]	@ 0x24
20002ada:	35d8      	adds	r5, #216	@ 0xd8
20002adc:	602b      	str	r3, [r5, #0]
20002ade:	6963      	ldr	r3, [r4, #20]
20002ae0:	4693      	mov	fp, r2
20002ae2:	005a      	lsls	r2, r3, #1
20002ae4:	18d2      	adds	r2, r2, r3
20002ae6:	69e3      	ldr	r3, [r4, #28]
20002ae8:	6925      	ldr	r5, [r4, #16]
20002aea:	4698      	mov	r8, r3
20002aec:	23cc      	movs	r3, #204	@ 0xcc
20002aee:	4699      	mov	r9, r3
20002af0:	78f3      	ldrb	r3, [r6, #3]
20002af2:	00d2      	lsls	r2, r2, #3
20002af4:	061b      	lsls	r3, r3, #24
20002af6:	469a      	mov	sl, r3
20002af8:	18aa      	adds	r2, r5, r2
20002afa:	4491      	add	r9, r2
20002afc:	464b      	mov	r3, r9
20002afe:	4651      	mov	r1, sl
20002b00:	681b      	ldr	r3, [r3, #0]
20002b02:	4f1a      	ldr	r7, [pc, #104]	@ (20002b6c <configure_lowspeed_host.constprop.0+0x100>)
20002b04:	32c8      	adds	r2, #200	@ 0xc8
20002b06:	403b      	ands	r3, r7
20002b08:	430b      	orrs	r3, r1
20002b0a:	4649      	mov	r1, r9
20002b0c:	600b      	str	r3, [r1, #0]
20002b0e:	4663      	mov	r3, ip
20002b10:	6013      	str	r3, [r2, #0]
20002b12:	22cc      	movs	r2, #204	@ 0xcc
20002b14:	4643      	mov	r3, r8
20002b16:	4694      	mov	ip, r2
20002b18:	005b      	lsls	r3, r3, #1
20002b1a:	4443      	add	r3, r8
20002b1c:	00db      	lsls	r3, r3, #3
20002b1e:	18eb      	adds	r3, r5, r3
20002b20:	449c      	add	ip, r3
20002b22:	4662      	mov	r2, ip
20002b24:	4661      	mov	r1, ip
20002b26:	78b5      	ldrb	r5, [r6, #2]
20002b28:	6812      	ldr	r2, [r2, #0]
20002b2a:	062d      	lsls	r5, r5, #24
20002b2c:	403a      	ands	r2, r7
20002b2e:	432a      	orrs	r2, r5
20002b30:	600a      	str	r2, [r1, #0]
20002b32:	78f5      	ldrb	r5, [r6, #3]
20002b34:	001e      	movs	r6, r3
20002b36:	4659      	mov	r1, fp
20002b38:	2056      	movs	r0, #86	@ 0x56
20002b3a:	36dc      	adds	r6, #220	@ 0xdc
20002b3c:	6832      	ldr	r2, [r6, #0]
20002b3e:	4f0c      	ldr	r7, [pc, #48]	@ (20002b70 <configure_lowspeed_host.constprop.0+0x104>)
20002b40:	03ed      	lsls	r5, r5, #15
20002b42:	403a      	ands	r2, r7
20002b44:	432a      	orrs	r2, r5
20002b46:	6032      	str	r2, [r6, #0]
20002b48:	5c22      	ldrb	r2, [r4, r0]
20002b4a:	5a61      	ldrh	r1, [r4, r1]
20002b4c:	0212      	lsls	r2, r2, #8
20002b4e:	0409      	lsls	r1, r1, #16
20002b50:	33c8      	adds	r3, #200	@ 0xc8
20002b52:	430a      	orrs	r2, r1
20002b54:	601a      	str	r2, [r3, #0]
20002b56:	bcf0      	pop	{r4, r5, r6, r7}
20002b58:	46bb      	mov	fp, r7
20002b5a:	46b2      	mov	sl, r6
20002b5c:	46a9      	mov	r9, r5
20002b5e:	46a0      	mov	r8, r4
20002b60:	bdf8      	pop	{r3, r4, r5, r6, r7, pc}
20002b62:	46c0      	nop			@ (mov r8, r8)
20002b64:	200046f8 	.word	0x200046f8
20002b68:	000010d0 	.word	0x000010d0
20002b6c:	e0ffffff 	.word	0xe0ffffff
20002b70:	fff07fff 	.word	0xfff07fff

20002b74 <configure_root_port.constprop.0>:
20002b74:	7b43      	ldrb	r3, [r0, #13]
20002b76:	b510      	push	{r4, lr}
20002b78:	2b00      	cmp	r3, #0
20002b7a:	d002      	beq.n	20002b82 <configure_root_port.constprop.0+0xe>
20002b7c:	f7ff fef2 	bl	20002964 <configure_fullspeed_host.constprop.0>
20002b80:	bd10      	pop	{r4, pc}
20002b82:	f7ff ff73 	bl	20002a6c <configure_lowspeed_host.constprop.0>
20002b86:	e7fb      	b.n	20002b80 <configure_root_port.constprop.0+0xc>

20002b88 <pio_usb_host_frame>:
20002b88:	b5f8      	push	{r3, r4, r5, r6, r7, lr}
20002b8a:	46de      	mov	lr, fp
20002b8c:	4657      	mov	r7, sl
20002b8e:	464e      	mov	r6, r9
20002b90:	4645      	mov	r5, r8
20002b92:	4ba3      	ldr	r3, [pc, #652]	@ (20002e20 <pio_usb_host_frame+0x298>)
20002b94:	b5e0      	push	{r5, r6, r7, lr}
20002b96:	781b      	ldrb	r3, [r3, #0]
20002b98:	2b00      	cmp	r3, #0
20002b9a:	d100      	bne.n	20002b9e <pio_usb_host_frame+0x16>
20002b9c:	e0b5      	b.n	20002d0a <pio_usb_host_frame+0x182>
20002b9e:	4da1      	ldr	r5, [pc, #644]	@ (20002e24 <pio_usb_host_frame+0x29c>)
20002ba0:	782b      	ldrb	r3, [r5, #0]
20002ba2:	2b00      	cmp	r3, #0
20002ba4:	d006      	beq.n	20002bb4 <pio_usb_host_frame+0x2c>
20002ba6:	7bab      	ldrb	r3, [r5, #14]
20002ba8:	2b00      	cmp	r3, #0
20002baa:	d003      	beq.n	20002bb4 <pio_usb_host_frame+0x2c>
20002bac:	7beb      	ldrb	r3, [r5, #15]
20002bae:	2b00      	cmp	r3, #0
20002bb0:	d100      	bne.n	20002bb4 <pio_usb_host_frame+0x2c>
20002bb2:	e0fb      	b.n	20002dac <pio_usb_host_frame+0x224>
20002bb4:	4b9c      	ldr	r3, [pc, #624]	@ (20002e28 <pio_usb_host_frame+0x2a0>)
20002bb6:	469a      	mov	sl, r3
20002bb8:	4b9c      	ldr	r3, [pc, #624]	@ (20002e2c <pio_usb_host_frame+0x2a4>)
20002bba:	469b      	mov	fp, r3
20002bbc:	2330      	movs	r3, #48	@ 0x30
20002bbe:	5ceb      	ldrb	r3, [r5, r3]
20002bc0:	2b00      	cmp	r3, #0
20002bc2:	d01c      	beq.n	20002bfe <pio_usb_host_frame+0x76>
20002bc4:	233e      	movs	r3, #62	@ 0x3e
20002bc6:	5ceb      	ldrb	r3, [r5, r3]
20002bc8:	2b00      	cmp	r3, #0
20002bca:	d018      	beq.n	20002bfe <pio_usb_host_frame+0x76>
20002bcc:	233f      	movs	r3, #63	@ 0x3f
20002bce:	5ceb      	ldrb	r3, [r5, r3]
20002bd0:	2b00      	cmp	r3, #0
20002bd2:	d114      	bne.n	20002bfe <pio_usb_host_frame+0x76>
20002bd4:	002c      	movs	r4, r5
20002bd6:	3430      	adds	r4, #48	@ 0x30
20002bd8:	0020      	movs	r0, r4
20002bda:	f7ff fca9 	bl	20002530 <connection_check>
20002bde:	2800      	cmp	r0, #0
20002be0:	d00d      	beq.n	20002bfe <pio_usb_host_frame+0x76>
20002be2:	0020      	movs	r0, r4
20002be4:	f7ff ffc6 	bl	20002b74 <configure_root_port.constprop.0>
20002be8:	233d      	movs	r3, #61	@ 0x3d
20002bea:	5ceb      	ldrb	r3, [r5, r3]
20002bec:	2b00      	cmp	r3, #0
20002bee:	d100      	bne.n	20002bf2 <pio_usb_host_frame+0x6a>
20002bf0:	e105      	b.n	20002dfe <pio_usb_host_frame+0x276>
20002bf2:	4653      	mov	r3, sl
20002bf4:	4659      	mov	r1, fp
20002bf6:	781a      	ldrb	r2, [r3, #0]
20002bf8:	488d      	ldr	r0, [pc, #564]	@ (20002e30 <pio_usb_host_frame+0x2a8>)
20002bfa:	f7ff f8b1 	bl	20001d60 <pio_usb_bus_usb_transfer>
20002bfe:	782b      	ldrb	r3, [r5, #0]
20002c00:	46a8      	mov	r8, r5
20002c02:	2b00      	cmp	r3, #0
20002c04:	d00b      	beq.n	20002c1e <pio_usb_host_frame+0x96>
20002c06:	2600      	movs	r6, #0
20002c08:	4643      	mov	r3, r8
20002c0a:	7b9b      	ldrb	r3, [r3, #14]
20002c0c:	2b00      	cmp	r3, #0
20002c0e:	d004      	beq.n	20002c1a <pio_usb_host_frame+0x92>
20002c10:	4643      	mov	r3, r8
20002c12:	7bdb      	ldrb	r3, [r3, #15]
20002c14:	2b00      	cmp	r3, #0
20002c16:	d100      	bne.n	20002c1a <pio_usb_host_frame+0x92>
20002c18:	e088      	b.n	20002d2c <pio_usb_host_frame+0x1a4>
20002c1a:	2e01      	cmp	r6, #1
20002c1c:	d007      	beq.n	20002c2e <pio_usb_host_frame+0xa6>
20002c1e:	2330      	movs	r3, #48	@ 0x30
20002c20:	469c      	mov	ip, r3
20002c22:	44e0      	add	r8, ip
20002c24:	4643      	mov	r3, r8
20002c26:	781b      	ldrb	r3, [r3, #0]
20002c28:	2601      	movs	r6, #1
20002c2a:	2b00      	cmp	r3, #0
20002c2c:	d1ec      	bne.n	20002c08 <pio_usb_host_frame+0x80>
20002c2e:	782b      	ldrb	r3, [r5, #0]
20002c30:	2b00      	cmp	r3, #0
20002c32:	d022      	beq.n	20002c7a <pio_usb_host_frame+0xf2>
20002c34:	7bab      	ldrb	r3, [r5, #14]
20002c36:	2b00      	cmp	r3, #0
20002c38:	d11f      	bne.n	20002c7a <pio_usb_host_frame+0xf2>
20002c3a:	2101      	movs	r1, #1
20002c3c:	000a      	movs	r2, r1
20002c3e:	20d0      	movs	r0, #208	@ 0xd0
20002c40:	78ab      	ldrb	r3, [r5, #2]
20002c42:	0600      	lsls	r0, r0, #24
20002c44:	409a      	lsls	r2, r3
20002c46:	6843      	ldr	r3, [r0, #4]
20002c48:	78ec      	ldrb	r4, [r5, #3]
20002c4a:	401a      	ands	r2, r3
20002c4c:	4253      	negs	r3, r2
20002c4e:	415a      	adcs	r2, r3
20002c50:	6843      	ldr	r3, [r0, #4]
20002c52:	0008      	movs	r0, r1
20002c54:	40a0      	lsls	r0, r4
20002c56:	4003      	ands	r3, r0
20002c58:	4258      	negs	r0, r3
20002c5a:	4143      	adcs	r3, r0
20002c5c:	005b      	lsls	r3, r3, #1
20002c5e:	4313      	orrs	r3, r2
20002c60:	3b01      	subs	r3, #1
20002c62:	b2da      	uxtb	r2, r3
20002c64:	2a01      	cmp	r2, #1
20002c66:	d808      	bhi.n	20002c7a <pio_usb_host_frame+0xf2>
20002c68:	425a      	negs	r2, r3
20002c6a:	4153      	adcs	r3, r2
20002c6c:	b2db      	uxtb	r3, r3
20002c6e:	736b      	strb	r3, [r5, #13]
20002c70:	73a9      	strb	r1, [r5, #14]
20002c72:	73e9      	strb	r1, [r5, #15]
20002c74:	696b      	ldr	r3, [r5, #20]
20002c76:	430b      	orrs	r3, r1
20002c78:	616b      	str	r3, [r5, #20]
20002c7a:	2330      	movs	r3, #48	@ 0x30
20002c7c:	5ceb      	ldrb	r3, [r5, r3]
20002c7e:	2b00      	cmp	r3, #0
20002c80:	d027      	beq.n	20002cd2 <pio_usb_host_frame+0x14a>
20002c82:	213e      	movs	r1, #62	@ 0x3e
20002c84:	5c6b      	ldrb	r3, [r5, r1]
20002c86:	2b00      	cmp	r3, #0
20002c88:	d123      	bne.n	20002cd2 <pio_usb_host_frame+0x14a>
20002c8a:	2001      	movs	r0, #1
20002c8c:	0006      	movs	r6, r0
20002c8e:	22d0      	movs	r2, #208	@ 0xd0
20002c90:	3332      	adds	r3, #50	@ 0x32
20002c92:	5ceb      	ldrb	r3, [r5, r3]
20002c94:	0612      	lsls	r2, r2, #24
20002c96:	409e      	lsls	r6, r3
20002c98:	2433      	movs	r4, #51	@ 0x33
20002c9a:	6853      	ldr	r3, [r2, #4]
20002c9c:	5d2c      	ldrb	r4, [r5, r4]
20002c9e:	4033      	ands	r3, r6
20002ca0:	0006      	movs	r6, r0
20002ca2:	40a6      	lsls	r6, r4
20002ca4:	6852      	ldr	r2, [r2, #4]
20002ca6:	425c      	negs	r4, r3
20002ca8:	4163      	adcs	r3, r4
20002caa:	4032      	ands	r2, r6
20002cac:	4254      	negs	r4, r2
20002cae:	4162      	adcs	r2, r4
20002cb0:	0052      	lsls	r2, r2, #1
20002cb2:	4313      	orrs	r3, r2
20002cb4:	3b01      	subs	r3, #1
20002cb6:	b2da      	uxtb	r2, r3
20002cb8:	2a01      	cmp	r2, #1
20002cba:	d80a      	bhi.n	20002cd2 <pio_usb_host_frame+0x14a>
20002cbc:	425a      	negs	r2, r3
20002cbe:	4153      	adcs	r3, r2
20002cc0:	223d      	movs	r2, #61	@ 0x3d
20002cc2:	b2db      	uxtb	r3, r3
20002cc4:	54ab      	strb	r3, [r5, r2]
20002cc6:	233f      	movs	r3, #63	@ 0x3f
20002cc8:	5468      	strb	r0, [r5, r1]
20002cca:	54e8      	strb	r0, [r5, r3]
20002ccc:	6c6b      	ldr	r3, [r5, #68]	@ 0x44
20002cce:	4303      	orrs	r3, r0
20002cd0:	646b      	str	r3, [r5, #68]	@ 0x44
20002cd2:	696b      	ldr	r3, [r5, #20]
20002cd4:	2b00      	cmp	r3, #0
20002cd6:	d122      	bne.n	20002d1e <pio_usb_host_frame+0x196>
20002cd8:	6c6b      	ldr	r3, [r5, #68]	@ 0x44
20002cda:	2b00      	cmp	r3, #0
20002cdc:	d11b      	bne.n	20002d16 <pio_usb_host_frame+0x18e>
20002cde:	4b55      	ldr	r3, [pc, #340]	@ (20002e34 <pio_usb_host_frame+0x2ac>)
20002ce0:	4d55      	ldr	r5, [pc, #340]	@ (20002e38 <pio_usb_host_frame+0x2b0>)
20002ce2:	681a      	ldr	r2, [r3, #0]
20002ce4:	3201      	adds	r2, #1
20002ce6:	601a      	str	r2, [r3, #0]
20002ce8:	681c      	ldr	r4, [r3, #0]
20002cea:	0564      	lsls	r4, r4, #21
20002cec:	0d60      	lsrs	r0, r4, #21
20002cee:	70a8      	strb	r0, [r5, #2]
20002cf0:	f000 f8d6 	bl	20002ea0 <calc_usb_crc5>
20002cf4:	0f64      	lsrs	r4, r4, #29
20002cf6:	00c0      	lsls	r0, r0, #3
20002cf8:	4304      	orrs	r4, r0
20002cfa:	465a      	mov	r2, fp
20002cfc:	2104      	movs	r1, #4
20002cfe:	0028      	movs	r0, r5
20002d00:	70ec      	strb	r4, [r5, #3]
20002d02:	f7fe fa9b 	bl	2000123c <pio_usb_ll_encode_tx_data>
20002d06:	4653      	mov	r3, sl
20002d08:	7018      	strb	r0, [r3, #0]
20002d0a:	bcf0      	pop	{r4, r5, r6, r7}
20002d0c:	46bb      	mov	fp, r7
20002d0e:	46b2      	mov	sl, r6
20002d10:	46a9      	mov	r9, r5
20002d12:	46a0      	mov	r8, r4
20002d14:	bdf8      	pop	{r3, r4, r5, r6, r7, pc}
20002d16:	2001      	movs	r0, #1
20002d18:	f7fd fb1e 	bl	20000358 <pio_usb_host_irq_handler>
20002d1c:	e7df      	b.n	20002cde <pio_usb_host_frame+0x156>
20002d1e:	2000      	movs	r0, #0
20002d20:	f7fd fb1a 	bl	20000358 <pio_usb_host_irq_handler>
20002d24:	6c6b      	ldr	r3, [r5, #68]	@ 0x44
20002d26:	2b00      	cmp	r3, #0
20002d28:	d0d9      	beq.n	20002cde <pio_usb_host_frame+0x156>
20002d2a:	e7f4      	b.n	20002d16 <pio_usb_host_frame+0x18e>
20002d2c:	4640      	mov	r0, r8
20002d2e:	f7ff ff21 	bl	20002b74 <configure_root_port.constprop.0>
20002d32:	23bc      	movs	r3, #188	@ 0xbc
20002d34:	4c41      	ldr	r4, [pc, #260]	@ (20002e3c <pio_usb_host_frame+0x2b4>)
20002d36:	015b      	lsls	r3, r3, #5
20002d38:	18e7      	adds	r7, r4, r3
20002d3a:	e003      	b.n	20002d44 <pio_usb_host_frame+0x1bc>
20002d3c:	34bc      	adds	r4, #188	@ 0xbc
20002d3e:	42a7      	cmp	r7, r4
20002d40:	d100      	bne.n	20002d44 <pio_usb_host_frame+0x1bc>
20002d42:	e76a      	b.n	20002c1a <pio_usb_host_frame+0x92>
20002d44:	7823      	ldrb	r3, [r4, #0]
20002d46:	429e      	cmp	r6, r3
20002d48:	d1f8      	bne.n	20002d3c <pio_usb_host_frame+0x1b4>
20002d4a:	88e3      	ldrh	r3, [r4, #6]
20002d4c:	2b00      	cmp	r3, #0
20002d4e:	d0f5      	beq.n	20002d3c <pio_usb_host_frame+0x1b4>
20002d50:	2203      	movs	r2, #3
20002d52:	7a23      	ldrb	r3, [r4, #8]
20002d54:	401a      	ands	r2, r3
20002d56:	4691      	mov	r9, r2
20002d58:	2a03      	cmp	r2, #3
20002d5a:	d03e      	beq.n	20002dda <pio_usb_host_frame+0x252>
20002d5c:	7b63      	ldrb	r3, [r4, #13]
20002d5e:	2b00      	cmp	r3, #0
20002d60:	d0ec      	beq.n	20002d3c <pio_usb_host_frame+0x1b4>
20002d62:	7be3      	ldrb	r3, [r4, #15]
20002d64:	2b00      	cmp	r3, #0
20002d66:	d1e9      	bne.n	20002d3c <pio_usb_host_frame+0x1b4>
20002d68:	2101      	movs	r1, #1
20002d6a:	78a3      	ldrb	r3, [r4, #2]
20002d6c:	73a1      	strb	r1, [r4, #14]
20002d6e:	2b00      	cmp	r3, #0
20002d70:	d002      	beq.n	20002d78 <pio_usb_host_frame+0x1f0>
20002d72:	2358      	movs	r3, #88	@ 0x58
20002d74:	4a2e      	ldr	r2, [pc, #184]	@ (20002e30 <pio_usb_host_frame+0x2a8>)
20002d76:	54d1      	strb	r1, [r2, r3]
20002d78:	7923      	ldrb	r3, [r4, #4]
20002d7a:	2b00      	cmp	r3, #0
20002d7c:	d102      	bne.n	20002d84 <pio_usb_host_frame+0x1fc>
20002d7e:	7ae3      	ldrb	r3, [r4, #11]
20002d80:	2b2d      	cmp	r3, #45	@ 0x2d
20002d82:	d048      	beq.n	20002e16 <pio_usb_host_frame+0x28e>
20002d84:	7923      	ldrb	r3, [r4, #4]
20002d86:	0020      	movs	r0, r4
20002d88:	b25b      	sxtb	r3, r3
20002d8a:	2b00      	cmp	r3, #0
20002d8c:	db2d      	blt.n	20002dea <pio_usb_host_frame+0x262>
20002d8e:	f7ff fcb7 	bl	20002700 <usb_out_transaction.constprop.0.isra.0>
20002d92:	464b      	mov	r3, r9
20002d94:	2b03      	cmp	r3, #3
20002d96:	d103      	bne.n	20002da0 <pio_usb_host_frame+0x218>
20002d98:	7a63      	ldrb	r3, [r4, #9]
20002d9a:	3b01      	subs	r3, #1
20002d9c:	b2db      	uxtb	r3, r3
20002d9e:	72a3      	strb	r3, [r4, #10]
20002da0:	78a3      	ldrb	r3, [r4, #2]
20002da2:	2b00      	cmp	r3, #0
20002da4:	d124      	bne.n	20002df0 <pio_usb_host_frame+0x268>
20002da6:	2300      	movs	r3, #0
20002da8:	73a3      	strb	r3, [r4, #14]
20002daa:	e7c7      	b.n	20002d3c <pio_usb_host_frame+0x1b4>
20002dac:	0028      	movs	r0, r5
20002dae:	f7ff fbbf 	bl	20002530 <connection_check>
20002db2:	2800      	cmp	r0, #0
20002db4:	d100      	bne.n	20002db8 <pio_usb_host_frame+0x230>
20002db6:	e6fd      	b.n	20002bb4 <pio_usb_host_frame+0x2c>
20002db8:	0028      	movs	r0, r5
20002dba:	f7ff fedb 	bl	20002b74 <configure_root_port.constprop.0>
20002dbe:	7b6b      	ldrb	r3, [r5, #13]
20002dc0:	2b00      	cmp	r3, #0
20002dc2:	d022      	beq.n	20002e0a <pio_usb_host_frame+0x282>
20002dc4:	4b18      	ldr	r3, [pc, #96]	@ (20002e28 <pio_usb_host_frame+0x2a0>)
20002dc6:	481a      	ldr	r0, [pc, #104]	@ (20002e30 <pio_usb_host_frame+0x2a8>)
20002dc8:	469a      	mov	sl, r3
20002dca:	4b18      	ldr	r3, [pc, #96]	@ (20002e2c <pio_usb_host_frame+0x2a4>)
20002dcc:	469b      	mov	fp, r3
20002dce:	4653      	mov	r3, sl
20002dd0:	4659      	mov	r1, fp
20002dd2:	781a      	ldrb	r2, [r3, #0]
20002dd4:	f7fe ffc4 	bl	20001d60 <pio_usb_bus_usb_transfer>
20002dd8:	e6f0      	b.n	20002bbc <pio_usb_host_frame+0x34>
20002dda:	7aa3      	ldrb	r3, [r4, #10]
20002ddc:	2b00      	cmp	r3, #0
20002dde:	d0bd      	beq.n	20002d5c <pio_usb_host_frame+0x1d4>
20002de0:	7aa3      	ldrb	r3, [r4, #10]
20002de2:	3b01      	subs	r3, #1
20002de4:	b2db      	uxtb	r3, r3
20002de6:	72a3      	strb	r3, [r4, #10]
20002de8:	e7a8      	b.n	20002d3c <pio_usb_host_frame+0x1b4>
20002dea:	f7ff fcf3 	bl	200027d4 <usb_in_transaction.constprop.0.isra.0>
20002dee:	e7d0      	b.n	20002d92 <pio_usb_host_frame+0x20a>
20002df0:	2358      	movs	r3, #88	@ 0x58
20002df2:	2100      	movs	r1, #0
20002df4:	4a0e      	ldr	r2, [pc, #56]	@ (20002e30 <pio_usb_host_frame+0x2a8>)
20002df6:	54d1      	strb	r1, [r2, r3]
20002df8:	f7ff fc08 	bl	2000260c <restore_fs_bus.constprop.0>
20002dfc:	e7d3      	b.n	20002da6 <pio_usb_host_frame+0x21e>
20002dfe:	2201      	movs	r2, #1
20002e00:	490f      	ldr	r1, [pc, #60]	@ (20002e40 <pio_usb_host_frame+0x2b8>)
20002e02:	480b      	ldr	r0, [pc, #44]	@ (20002e30 <pio_usb_host_frame+0x2a8>)
20002e04:	f7fe ffac 	bl	20001d60 <pio_usb_bus_usb_transfer>
20002e08:	e6f9      	b.n	20002bfe <pio_usb_host_frame+0x76>
20002e0a:	2201      	movs	r2, #1
20002e0c:	490c      	ldr	r1, [pc, #48]	@ (20002e40 <pio_usb_host_frame+0x2b8>)
20002e0e:	4808      	ldr	r0, [pc, #32]	@ (20002e30 <pio_usb_host_frame+0x2a8>)
20002e10:	f7fe ffa6 	bl	20001d60 <pio_usb_bus_usb_transfer>
20002e14:	e6ce      	b.n	20002bb4 <pio_usb_host_frame+0x2c>
20002e16:	0020      	movs	r0, r4
20002e18:	f7ff fd48 	bl	200028ac <usb_setup_transaction.constprop.0.isra.0>
20002e1c:	e7c0      	b.n	20002da0 <pio_usb_host_frame+0x218>
20002e1e:	46c0      	nop			@ (mov r8, r8)
20002e20:	20006136 	.word	0x20006136
20002e24:	20006084 	.word	0x20006084
20002e28:	20006135 	.word	0x20006135
20002e2c:	20006110 	.word	0x20006110
20002e30:	200046f8 	.word	0x200046f8
20002e34:	2000610c 	.word	0x2000610c
20002e38:	20003368 	.word	0x20003368
20002e3c:	20004904 	.word	0x20004904
20002e40:	200046d0 	.word	0x200046d0

20002e44 <sof_timer>:
20002e44:	b510      	push	{r4, lr}
20002e46:	f7ff fe9f 	bl	20002b88 <pio_usb_host_frame>
20002e4a:	2001      	movs	r0, #1
20002e4c:	bd10      	pop	{r4, pc}
20002e4e:	46c0      	nop			@ (mov r8, r8)

20002e50 <usb_tx_pre_dmdp_program>:
20002e50:	2e58 2000 ff05 0000                         X.. ....

20002e58 <usb_tx_pre_dmdp_program_instructions>:
20002e58:	d700 73a2 f380 6ba2 f083 0000               ...s...k....

20002e64 <usb_tx_dmdp_program>:
20002e64:	2e6c 2000 ff05 0000                         l.. ....

20002e6c <usb_tx_dmdp_program_instructions>:
20002e6c:	c700 73a2 f380 6ba2 f083 0000               ...s...k....

20002e78 <usb_tx_pre_dpdm_program>:
20002e78:	2e80 2000 ff05 0000                         ... ....

20002e80 <usb_tx_pre_dpdm_program_instructions>:
20002e80:	cf00 6ba2 eb80 73a2 e883 0000               ...k...s....

20002e8c <usb_tx_dpdm_program>:
20002e8c:	2e94 2000 ff05 0000                         ... ....

20002e94 <usb_tx_dpdm_program_instructions>:
20002e94:	c700 6ba2 eb80 73a2 e883 0000               ...k...s....

20002ea0 <calc_usb_crc5>:
20002ea0:	231f      	movs	r3, #31
20002ea2:	b530      	push	{r4, r5, lr}
20002ea4:	211f      	movs	r1, #31
20002ea6:	2414      	movs	r4, #20
20002ea8:	4058      	eors	r0, r3
20002eaa:	07c5      	lsls	r5, r0, #31
20002eac:	17ed      	asrs	r5, r5, #31
20002eae:	0843      	lsrs	r3, r0, #1
20002eb0:	4a05      	ldr	r2, [pc, #20]	@ (20002ec8 <calc_usb_crc5+0x28>)
20002eb2:	402c      	ands	r4, r5
20002eb4:	400b      	ands	r3, r1
20002eb6:	4063      	eors	r3, r4
20002eb8:	5cd3      	ldrb	r3, [r2, r3]
20002eba:	0980      	lsrs	r0, r0, #6
20002ebc:	4001      	ands	r1, r0
20002ebe:	404b      	eors	r3, r1
20002ec0:	5cd0      	ldrb	r0, [r2, r3]
20002ec2:	231f      	movs	r3, #31
20002ec4:	4058      	eors	r0, r3
20002ec6:	bd30      	pop	{r4, r5, pc}
20002ec8:	20003100 	.word	0x20003100

20002ecc <calc_usb_crc16>:
20002ecc:	b5f0      	push	{r4, r5, r6, r7, lr}
20002ece:	2900      	cmp	r1, #0
20002ed0:	d010      	beq.n	20002ef4 <calc_usb_crc16+0x28>
20002ed2:	2400      	movs	r4, #0
20002ed4:	26ff      	movs	r6, #255	@ 0xff
20002ed6:	4a08      	ldr	r2, [pc, #32]	@ (20002ef8 <calc_usb_crc16+0x2c>)
20002ed8:	4f08      	ldr	r7, [pc, #32]	@ (20002efc <calc_usb_crc16+0x30>)
20002eda:	5d03      	ldrb	r3, [r0, r4]
20002edc:	0a15      	lsrs	r5, r2, #8
20002ede:	4053      	eors	r3, r2
20002ee0:	4033      	ands	r3, r6
20002ee2:	005b      	lsls	r3, r3, #1
20002ee4:	5afa      	ldrh	r2, [r7, r3]
20002ee6:	3401      	adds	r4, #1
20002ee8:	406a      	eors	r2, r5
20002eea:	428c      	cmp	r4, r1
20002eec:	dbf5      	blt.n	20002eda <calc_usb_crc16+0xe>
20002eee:	43d0      	mvns	r0, r2
20002ef0:	b280      	uxth	r0, r0
20002ef2:	bdf0      	pop	{r4, r5, r6, r7, pc}
20002ef4:	2000      	movs	r0, #0
20002ef6:	e7fc      	b.n	20002ef2 <calc_usb_crc16+0x26>
20002ef8:	0000ffff 	.word	0x0000ffff
20002efc:	20002f00 	.word	0x20002f00

20002f00 <crc16_tbl>:
20002f00:	c0c10000 0140c181 03c0c301 c2410280     ......@.......A.
20002f10:	06c0c601 c7410780 c5c10500 0440c481     ......A.......@.
20002f20:	0cc0cc01 cd410d80 cfc10f00 0e40ce81     ......A.......@.
20002f30:	cac10a00 0b40cb81 09c0c901 c8410880     ......@.......A.
20002f40:	18c0d801 d9411980 dbc11b00 1a40da81     ......A.......@.
20002f50:	dec11e00 1f40df81 1dc0dd01 dc411c80     ......@.......A.
20002f60:	d4c11400 1540d581 17c0d701 d6411680     ......@.......A.
20002f70:	12c0d201 d3411380 d1c11100 1040d081     ......A.......@.
20002f80:	30c0f001 f1413180 f3c13300 3240f281     ...0.1A..3....@2
20002f90:	f6c13600 3740f781 35c0f501 f4413480     .6....@7...5.4A.
20002fa0:	fcc13c00 3d40fd81 3fc0ff01 fe413e80     .<....@=...?.>A.
20002fb0:	3ac0fa01 fb413b80 f9c13900 3840f881     ...:.;A..9....@8
20002fc0:	e8c12800 2940e981 2bc0eb01 ea412a80     .(....@)...+.*A.
20002fd0:	2ec0ee01 ef412f80 edc12d00 2c40ec81     ...../A..-....@,
20002fe0:	24c0e401 e5412580 e7c12700 2640e681     ...$.%A..'....@&
20002ff0:	e2c12200 2340e381 21c0e101 e0412080     ."....@#...!. A.
20003000:	60c0a001 a1416180 a3c16300 6240a281     ...`.aA..c....@b
20003010:	a6c16600 6740a781 65c0a501 a4416480     .f....@g...e.dA.
20003020:	acc16c00 6d40ad81 6fc0af01 ae416e80     .l....@m...o.nA.
20003030:	6ac0aa01 ab416b80 a9c16900 6840a881     ...j.kA..i....@h
20003040:	b8c17800 7940b981 7bc0bb01 ba417a80     .x....@y...{.zA.
20003050:	7ec0be01 bf417f80 bdc17d00 7c40bc81     ...~..A..}....@|
20003060:	74c0b401 b5417580 b7c17700 7640b681     ...t.uA..w....@v
20003070:	b2c17200 7340b381 71c0b101 b0417080     .r....@s...q.pA.
20003080:	90c15000 51409181 53c09301 92415280     .P....@Q...S.RA.
20003090:	56c09601 97415780 95c15500 54409481     ...V.WA..U....@T
200030a0:	5cc09c01 9d415d80 9fc15f00 5e409e81     ...\.]A.._....@^
200030b0:	9ac15a00 5b409b81 59c09901 98415880     .Z....@[...Y.XA.
200030c0:	48c08801 89414980 8bc14b00 4a408a81     ...H.IA..K....@J
200030d0:	8ec14e00 4f408f81 4dc08d01 8c414c80     .N....@O...M.LA.
200030e0:	84c14400 45408581 47c08701 86414680     .D....@E...G.FA.
200030f0:	42c08201 83414380 81c14100 40408081     ...B.CA..A....@@

20003100 <crc5_tbl>:
20003100:	1d160b00 18130e05 171c010a 1219040f     ................
20003110:	09021f14 0c071a11 0308151e 060d101b     ................

20003120 <__aeabi_idiv0>:
20003120:	4770      	bx	lr
20003122:	46c0      	nop			@ (mov r8, r8)
20003124:	0000      	movs	r0, r0
	...

20003128 <__pio_sm_set_pindirs_with_mask64_veneer>:
20003128:	b401      	push	{r0}
2000312a:	4802      	ldr	r0, [pc, #8]	@ (20003134 <__pio_sm_set_pindirs_with_mask64_veneer+0xc>)
2000312c:	4684      	mov	ip, r0
2000312e:	bc01      	pop	{r0}
20003130:	4760      	bx	ip
20003132:	bf00      	nop
20003134:	10005085 	.word	0x10005085

20003138 <__clock_get_hz_veneer>:
20003138:	b401      	push	{r0}
2000313a:	4802      	ldr	r0, [pc, #8]	@ (20003144 <__clock_get_hz_veneer+0xc>)
2000313c:	4684      	mov	ip, r0
2000313e:	bc01      	pop	{r0}
20003140:	4760      	bx	ip
20003142:	bf00      	nop
20003144:	10001c51 	.word	0x10001c51

20003148 <__pio_sm_init_veneer>:
20003148:	b401      	push	{r0}
2000314a:	4802      	ldr	r0, [pc, #8]	@ (20003154 <__pio_sm_init_veneer+0xc>)
2000314c:	4684      	mov	ip, r0
2000314e:	bc01      	pop	{r0}
20003150:	4760      	bx	ip
20003152:	bf00      	nop
20003154:	100051e5 	.word	0x100051e5

20003158 <__gpio_set_inover_veneer>:
20003158:	b401      	push	{r0}
2000315a:	4802      	ldr	r0, [pc, #8]	@ (20003164 <__gpio_set_inover_veneer+0xc>)
2000315c:	4684      	mov	ip, r0
2000315e:	bc01      	pop	{r0}
20003160:	4760      	bx	ip
20003162:	bf00      	nop
20003164:	100008f5 	.word	0x100008f5

20003168 <__gpio_set_function_veneer>:
20003168:	b401      	push	{r0}
2000316a:	4802      	ldr	r0, [pc, #8]	@ (20003174 <__gpio_set_function_veneer+0xc>)
2000316c:	4684      	mov	ip, r0
2000316e:	bc01      	pop	{r0}
20003170:	4760      	bx	ip
20003172:	bf00      	nop
20003174:	10000899 	.word	0x10000899

20003178 <____wrap___aeabi_lmul_veneer>:
20003178:	b401      	push	{r0}
2000317a:	4802      	ldr	r0, [pc, #8]	@ (20003184 <____wrap___aeabi_lmul_veneer+0xc>)
2000317c:	4684      	mov	ip, r0
2000317e:	bc01      	pop	{r0}
20003180:	4760      	bx	ip
20003182:	bf00      	nop
20003184:	10002c99 	.word	0x10002c99

20003188 <__pio_add_program_veneer>:
20003188:	b401      	push	{r0}
2000318a:	4802      	ldr	r0, [pc, #8]	@ (20003194 <__pio_add_program_veneer+0xc>)
2000318c:	4684      	mov	ip, r0
2000318e:	bc01      	pop	{r0}
20003190:	4760      	bx	ip
20003192:	bf00      	nop
20003194:	10004e35 	.word	0x10004e35

20003198 <__pio_sm_set_pins_with_mask64_veneer>:
20003198:	b401      	push	{r0}
2000319a:	4802      	ldr	r0, [pc, #8]	@ (200031a4 <__pio_sm_set_pins_with_mask64_veneer+0xc>)
2000319c:	4684      	mov	ip, r0
2000319e:	bc01      	pop	{r0}
200031a0:	4760      	bx	ip
200031a2:	bf00      	nop
200031a4:	10004fdd 	.word	0x10004fdd

200031a8 <__best_effort_wfe_or_timeout_veneer>:
200031a8:	b401      	push	{r0}
200031aa:	4802      	ldr	r0, [pc, #8]	@ (200031b4 <__best_effort_wfe_or_timeout_veneer+0xc>)
200031ac:	4684      	mov	ip, r0
200031ae:	bc01      	pop	{r0}
200031b0:	4760      	bx	ip
200031b2:	bf00      	nop
200031b4:	100015c1 	.word	0x100015c1

200031b8 <__time_us_64_veneer>:
200031b8:	b401      	push	{r0}
200031ba:	4802      	ldr	r0, [pc, #8]	@ (200031c4 <__time_us_64_veneer+0xc>)
200031bc:	4684      	mov	ip, r0
200031be:	bc01      	pop	{r0}
200031c0:	4760      	bx	ip
200031c2:	bf00      	nop
200031c4:	1000181d 	.word	0x1000181d

200031c8 <____wrap_memset_veneer>:
200031c8:	b401      	push	{r0}
200031ca:	4802      	ldr	r0, [pc, #8]	@ (200031d4 <____wrap_memset_veneer+0xc>)
200031cc:	4684      	mov	ip, r0
200031ce:	bc01      	pop	{r0}
200031d0:	4760      	bx	ip
200031d2:	bf00      	nop
200031d4:	10002e91 	.word	0x10002e91

200031d8 <____wrap___aeabi_fmul_veneer>:
200031d8:	b401      	push	{r0}
200031da:	4802      	ldr	r0, [pc, #8]	@ (200031e4 <____wrap___aeabi_fmul_veneer+0xc>)
200031dc:	4684      	mov	ip, r0
200031de:	bc01      	pop	{r0}
200031e0:	4760      	bx	ip
200031e2:	bf00      	nop
200031e4:	10002d07 	.word	0x10002d07

200031e8 <__tu_fifo_write_veneer>:
200031e8:	b401      	push	{r0}
200031ea:	4802      	ldr	r0, [pc, #8]	@ (200031f4 <__tu_fifo_write_veneer+0xc>)
200031ec:	4684      	mov	ip, r0
200031ee:	bc01      	pop	{r0}
200031f0:	4760      	bx	ip
200031f2:	bf00      	nop
200031f4:	100078ed 	.word	0x100078ed

200031f8 <____wrap___aeabi_fdiv_veneer>:
200031f8:	b401      	push	{r0}
200031fa:	4802      	ldr	r0, [pc, #8]	@ (20003204 <____wrap___aeabi_fdiv_veneer+0xc>)
200031fc:	4684      	mov	ip, r0
200031fe:	bc01      	pop	{r0}
20003200:	4760      	bx	ip
20003202:	bf00      	nop
20003204:	10002cdf 	.word	0x10002cdf

20003208 <__pio_add_program_at_offset_veneer>:
20003208:	b401      	push	{r0}
2000320a:	4802      	ldr	r0, [pc, #8]	@ (20003214 <__pio_add_program_at_offset_veneer+0xc>)
2000320c:	4684      	mov	ip, r0
2000320e:	bc01      	pop	{r0}
20003210:	4760      	bx	ip
20003212:	bf00      	nop
20003214:	10004f2d 	.word	0x10004f2d

20003218 <____wrap___aeabi_f2uiz_veneer>:
20003218:	b401      	push	{r0}
2000321a:	4802      	ldr	r0, [pc, #8]	@ (20003224 <____wrap___aeabi_f2uiz_veneer+0xc>)
2000321c:	4684      	mov	ip, r0
2000321e:	bc01      	pop	{r0}
20003220:	4760      	bx	ip
20003222:	bf00      	nop
20003224:	10002d65 	.word	0x10002d65

20003228 <__tuh_event_hook_cb_veneer>:
20003228:	b401      	push	{r0}
2000322a:	4802      	ldr	r0, [pc, #8]	@ (20003234 <__tuh_event_hook_cb_veneer+0xc>)
2000322c:	4684      	mov	ip, r0
2000322e:	bc01      	pop	{r0}
20003230:	4760      	bx	ip
20003232:	bf00      	nop
20003234:	100058f5 	.word	0x100058f5

20003238 <____wrap___aeabi_ui2f_veneer>:
20003238:	b401      	push	{r0}
2000323a:	4802      	ldr	r0, [pc, #8]	@ (20003244 <____wrap___aeabi_ui2f_veneer+0xc>)
2000323c:	4684      	mov	ip, r0
2000323e:	bc01      	pop	{r0}
20003240:	4760      	bx	ip
20003242:	bf00      	nop
20003244:	10002d15 	.word	0x10002d15

20003248 <____wrap___aeabi_fadd_veneer>:
20003248:	b401      	push	{r0}
2000324a:	4802      	ldr	r0, [pc, #8]	@ (20003254 <____wrap___aeabi_fadd_veneer+0xc>)
2000324c:	4684      	mov	ip, r0
2000324e:	bc01      	pop	{r0}
20003250:	4760      	bx	ip
20003252:	bf00      	nop
20003254:	10002cd9 	.word	0x10002cd9

20003258 <__gpio_set_pulls_veneer>:
20003258:	b401      	push	{r0}
2000325a:	4802      	ldr	r0, [pc, #8]	@ (20003264 <__gpio_set_pulls_veneer+0xc>)
2000325c:	4684      	mov	ip, r0
2000325e:	bc01      	pop	{r0}
20003260:	4760      	bx	ip
20003262:	bf00      	nop
20003264:	100008cd 	.word	0x100008cd

20003268 <____wrap___aeabi_fsub_veneer>:
20003268:	b401      	push	{r0}
2000326a:	4802      	ldr	r0, [pc, #8]	@ (20003274 <____wrap___aeabi_fsub_veneer+0xc>)
2000326c:	4684      	mov	ip, r0
2000326e:	bc01      	pop	{r0}
20003270:	4760      	bx	ip
20003272:	bf00      	nop
20003274:	10002cd3 	.word	0x10002cd3

20003278 <__pio_sm_set_consecutive_pindirs_veneer>:
20003278:	b401      	push	{r0}
2000327a:	4802      	ldr	r0, [pc, #8]	@ (20003284 <__pio_sm_set_consecutive_pindirs_veneer+0xc>)
2000327c:	4684      	mov	ip, r0
2000327e:	bc01      	pop	{r0}
20003280:	4760      	bx	ip
20003282:	bf00      	nop
20003284:	10005131 	.word	0x10005131

20003288 <____wrap_memcpy_veneer>:
20003288:	b401      	push	{r0}
2000328a:	4802      	ldr	r0, [pc, #8]	@ (20003294 <____wrap_memcpy_veneer+0xc>)
2000328c:	4684      	mov	ip, r0
2000328e:	bc01      	pop	{r0}
20003290:	4760      	bx	ip
20003292:	bf00      	nop
20003294:	10002e9d 	.word	0x10002e9d

20003298 <striped_spin_lock_num>:
20003298:	00000010                                ....

2000329c <irq_handler_chain_slots>:
2000329c:	00000000 	.word	0x00000000
200032a0:	00010000 	.word	0x00010000
	...
200032ac:	00020000 	.word	0x00020000
	...
200032b8:	00030000 	.word	0x00030000
	...
200032c4:	00ff0000 	.word	0x00ff0000
200032c8:	00000000 	.word	0x00000000

200032cc <irq_handler_chain_first_slot>:
200032cc:	b501      	push	{r0, lr}
200032ce:	6848      	ldr	r0, [r1, #4]
200032d0:	3101      	adds	r1, #1
200032d2:	468e      	mov	lr, r1
200032d4:	4700      	bx	r0

200032d6 <irq_handler_chain_remove_tail>:
200032d6:	4670      	mov	r0, lr
200032d8:	3809      	subs	r0, #9
200032da:	4901      	ldr	r1, [pc, #4]	@ (200032e0 <irq_handler_chain_remove_tail+0xa>)
200032dc:	4788      	blx	r1
200032de:	bd01      	pop	{r0, pc}
200032e0:	10000d95 	.word	0x10000d95

200032e4 <default_alarm_pool>:
	...
200032f8:	20003910 00000000                       .9. ....

20003300 <aeabi_bits_funcs>:
20003300:	00003350 	.word	0x00003350
20003304:	0000334c 	.word	0x0000334c
20003308:	00003354 	.word	0x00003354
2000330c:	00003352 	.word	0x00003352

20003310 <aeabi_bits_funcs_end>:
20003310:	0000534d 	.word	0x0000534d
20003314:	0000434d 	.word	0x0000434d
20003318:	00003453 	.word	0x00003453
2000331c:	00003443 	.word	0x00003443

20003320 <stdio_uart>:
20003320:	10004c19 10004d1d 10004c65 10004d31     .L...M..eL..1M..
20003330:	00000000 00000100                       ........

20003338 <_usbh_qdef>:
20003338:	20004274 000c0010 00000000 00000000     tB. ............
	...

20003354 <_usbh_controller>:
20003354:	000000ff                                ....

20003358 <pio_host_cfg>:
20003358:	00000000 00020100 00000000 0000ffff     ................

20003368 <sof_packet>:
20003368:	1000a580                                ....

2000336c <__malloc_sbrk_base>:
2000336c:	ffffffff                                ....

20003370 <__malloc_trim_threshold>:
20003370:	00020000 00000000                       ........

20003378 <__malloc_av_>:
	...
20003380:	20003378 20003378 20003380 20003380     x3. x3. .3. .3. 
20003390:	20003388 20003388 20003390 20003390     .3. .3. .3. .3. 
200033a0:	20003398 20003398 200033a0 200033a0     .3. .3. .3. .3. 
200033b0:	200033a8 200033a8 200033b0 200033b0     .3. .3. .3. .3. 
200033c0:	200033b8 200033b8 200033c0 200033c0     .3. .3. .3. .3. 
200033d0:	200033c8 200033c8 200033d0 200033d0     .3. .3. .3. .3. 
200033e0:	200033d8 200033d8 200033e0 200033e0     .3. .3. .3. .3. 
200033f0:	200033e8 200033e8 200033f0 200033f0     .3. .3. .3. .3. 
20003400:	200033f8 200033f8 20003400 20003400     .3. .3. .4. .4. 
20003410:	20003408 20003408 20003410 20003410     .4. .4. .4. .4. 
20003420:	20003418 20003418 20003420 20003420     .4. .4.  4.  4. 
20003430:	20003428 20003428 20003430 20003430     (4. (4. 04. 04. 
20003440:	20003438 20003438 20003440 20003440     84. 84. @4. @4. 
20003450:	20003448 20003448 20003450 20003450     H4. H4. P4. P4. 
20003460:	20003458 20003458 20003460 20003460     X4. X4. `4. `4. 
20003470:	20003468 20003468 20003470 20003470     h4. h4. p4. p4. 
20003480:	20003478 20003478 20003480 20003480     x4. x4. .4. .4. 
20003490:	20003488 20003488 20003490 20003490     .4. .4. .4. .4. 
200034a0:	20003498 20003498 200034a0 200034a0     .4. .4. .4. .4. 
200034b0:	200034a8 200034a8 200034b0 200034b0     .4. .4. .4. .4. 
200034c0:	200034b8 200034b8 200034c0 200034c0     .4. .4. .4. .4. 
200034d0:	200034c8 200034c8 200034d0 200034d0     .4. .4. .4. .4. 
200034e0:	200034d8 200034d8 200034e0 200034e0     .4. .4. .4. .4. 
200034f0:	200034e8 200034e8 200034f0 200034f0     .4. .4. .4. .4. 
20003500:	200034f8 200034f8 20003500 20003500     .4. .4. .5. .5. 
20003510:	20003508 20003508 20003510 20003510     .5. .5. .5. .5. 
20003520:	20003518 20003518 20003520 20003520     .5. .5.  5.  5. 
20003530:	20003528 20003528 20003530 20003530     (5. (5. 05. 05. 
20003540:	20003538 20003538 20003540 20003540     85. 85. @5. @5. 
20003550:	20003548 20003548 20003550 20003550     H5. H5. P5. P5. 
20003560:	20003558 20003558 20003560 20003560     X5. X5. `5. `5. 
20003570:	20003568 20003568 20003570 20003570     h5. h5. p5. p5. 
20003580:	20003578 20003578 20003580 20003580     x5. x5. .5. .5. 
20003590:	20003588 20003588 20003590 20003590     .5. .5. .5. .5. 
200035a0:	20003598 20003598 200035a0 200035a0     .5. .5. .5. .5. 
200035b0:	200035a8 200035a8 200035b0 200035b0     .5. .5. .5. .5. 
200035c0:	200035b8 200035b8 200035c0 200035c0     .5. .5. .5. .5. 
200035d0:	200035c8 200035c8 200035d0 200035d0     .5. .5. .5. .5. 
200035e0:	200035d8 200035d8 200035e0 200035e0     .5. .5. .5. .5. 
200035f0:	200035e8 200035e8 200035f0 200035f0     .5. .5. .5. .5. 
20003600:	200035f8 200035f8 20003600 20003600     .5. .5. .6. .6. 
20003610:	20003608 20003608 20003610 20003610     .6. .6. .6. .6. 
20003620:	20003618 20003618 20003620 20003620     .6. .6.  6.  6. 
20003630:	20003628 20003628 20003630 20003630     (6. (6. 06. 06. 
20003640:	20003638 20003638 20003640 20003640     86. 86. @6. @6. 
20003650:	20003648 20003648 20003650 20003650     H6. H6. P6. P6. 
20003660:	20003658 20003658 20003660 20003660     X6. X6. `6. `6. 
20003670:	20003668 20003668 20003670 20003670     h6. h6. p6. p6. 
20003680:	20003678 20003678 20003680 20003680     x6. x6. .6. .6. 
20003690:	20003688 20003688 20003690 20003690     .6. .6. .6. .6. 
200036a0:	20003698 20003698 200036a0 200036a0     .6. .6. .6. .6. 
200036b0:	200036a8 200036a8 200036b0 200036b0     .6. .6. .6. .6. 
200036c0:	200036b8 200036b8 200036c0 200036c0     .6. .6. .6. .6. 
200036d0:	200036c8 200036c8 200036d0 200036d0     .6. .6. .6. .6. 
200036e0:	200036d8 200036d8 200036e0 200036e0     .6. .6. .6. .6. 
200036f0:	200036e8 200036e8 200036f0 200036f0     .6. .6. .6. .6. 
20003700:	200036f8 200036f8 20003700 20003700     .6. .6. .7. .7. 
20003710:	20003708 20003708 20003710 20003710     .7. .7. .7. .7. 
20003720:	20003718 20003718 20003720 20003720     .7. .7.  7.  7. 
20003730:	20003728 20003728 20003730 20003730     (7. (7. 07. 07. 
20003740:	20003738 20003738 20003740 20003740     87. 87. @7. @7. 
20003750:	20003748 20003748 20003750 20003750     H7. H7. P7. P7. 
20003760:	20003758 20003758 20003760 20003760     X7. X7. `7. `7. 
20003770:	20003768 20003768 20003770 20003770     h7. h7. p7. p7. 

20003780 <_impure_ptr>:
20003780:	20003788 00000000                       .7. ....

20003788 <_impure_data>:
20003788:	00000000 20003ce8 20003d50 20003db8     .....<. P=. .=. 
	...
20003820:	00000001 00000000 abcd330e e66d1234     .........3..4.m.
20003830:	0005deec 0000000b 00000000 00000000     ................
	...

200038c8 <malloc_mutex>:
	...

200038d0 <print_mutex>:
	...
