ISO-10303-21;
HEADER;
FILE_DESCRIPTION((''),'2;1');
FILE_NAME('PDEPS09P365TXLF','2021-11-19T',('CjohnA'),('AFCI'),
'CREO PARAMETRIC BY PTC INC, 2016130','CREO PARAMETRIC BY PTC INC, 2016130','');
FILE_SCHEMA(('CONFIG_CONTROL_DESIGN'));
ENDSEC;
DATA;
#1=DIRECTION('',(-1.736481776669E-1,-9.848077530122E-1,0.E0));
#2=VECTOR('',#1,1.567384683690E0);
#3=CARTESIAN_POINT('',(7.727029457452E0,9.454344718922E-1,0.E0));
#4=LINE('4022',#3,#2);
#5=DIRECTION('',(8.191520442890E-1,-5.735764363510E-1,0.E0));
#6=VECTOR('',#5,1.103377918962E0);
#7=CARTESIAN_POINT('',(7.454855963426E0,-5.981381165583E-1,0.E0));
#8=LINE('4023',#7,#6);
#9=DIRECTION('',(1.736481776669E-1,9.848077530122E-1,0.E0));
#10=VECTOR('',#9,2.423648052832E0);
#11=CARTESIAN_POINT('',(7.937828173687E0,-3.617837084267E0,0.E0));
#12=LINE('4025',#11,#10);
#13=CARTESIAN_POINT('',(6.362135768867E0,-3.34E0,0.E0));
#14=DIRECTION('',(0.E0,0.E0,1.E0));
#15=DIRECTION('',(0.E0,-1.E0,0.E0));
#16=AXIS2_PLACEMENT_3D('',#13,#14,#15);
#18=DIRECTION('',(1.E0,0.E0,0.E0));
#19=VECTOR('',#18,1.272427153773E1);
#20=CARTESIAN_POINT('',(-6.362135768867E0,-4.94E0,0.E0));
#21=LINE('4018',#20,#19);
#22=CARTESIAN_POINT('',(-6.362135768867E0,-3.34E0,0.E0));
#23=DIRECTION('',(0.E0,0.E0,1.E0));
#24=DIRECTION('',(-9.848077530122E-1,-1.736481776669E-1,0.E0));
#25=AXIS2_PLACEMENT_3D('',#22,#23,#24);
#27=DIRECTION('',(1.736481776669E-1,-9.848077530122E-1,0.E0));
#28=VECTOR('',#27,6.783049767397E0);
#29=CARTESIAN_POINT('',(-9.115692404820E0,3.062162915733E0,0.E0));
#30=LINE('4016',#29,#28);
#31=CARTESIAN_POINT('',(-7.54E0,3.34E0,0.E0));
#32=DIRECTION('',(0.E0,0.E0,1.E0));
#33=DIRECTION('',(0.E0,1.E0,0.E0));
#34=AXIS2_PLACEMENT_3D('',#31,#32,#33);
#36=DIRECTION('',(-1.E0,0.E0,0.E0));
#37=VECTOR('',#36,1.508E1);
#38=CARTESIAN_POINT('',(7.54E0,4.94E0,0.E0));
#39=LINE('4021',#38,#37);
#40=CARTESIAN_POINT('',(7.54E0,3.34E0,0.E0));
#41=DIRECTION('',(0.E0,0.E0,1.E0));
#42=DIRECTION('',(9.848077530122E-1,-1.736481776669E-1,0.E0));
#43=AXIS2_PLACEMENT_3D('',#40,#41,#42);
#45=DIRECTION('',(1.736481776669E-1,9.848077530122E-1,0.E0));
#46=VECTOR('',#45,1.859401714565E0);
#47=CARTESIAN_POINT('',(8.792810685535E0,1.231009691265E0,0.E0));
#48=LINE('4026',#47,#46);
#49=DIRECTION('',(-9.659258262891E-1,-2.588190451025E-1,0.E0));
#50=VECTOR('',#49,1.103377918962E0);
#51=CARTESIAN_POINT('',(8.792810685535E0,1.231009691265E0,0.E0));
#52=LINE('4024',#51,#50);
#53=CARTESIAN_POINT('',(-5.48E0,1.42E0,0.E0));
#54=DIRECTION('',(0.E0,0.E0,1.E0));
#55=DIRECTION('',(0.E0,1.E0,0.E0));
#56=AXIS2_PLACEMENT_3D('',#53,#54,#55);
#58=CARTESIAN_POINT('',(-5.48E0,1.42E0,0.E0));
#59=DIRECTION('',(0.E0,0.E0,1.E0));
#60=DIRECTION('',(0.E0,-1.E0,0.E0));
#61=AXIS2_PLACEMENT_3D('',#58,#59,#60);
#63=CARTESIAN_POINT('',(-2.74E0,1.42E0,0.E0));
#64=DIRECTION('',(0.E0,0.E0,1.E0));
#65=DIRECTION('',(0.E0,1.E0,0.E0));
#66=AXIS2_PLACEMENT_3D('',#63,#64,#65);
#68=CARTESIAN_POINT('',(-2.74E0,1.42E0,0.E0));
#69=DIRECTION('',(0.E0,0.E0,1.E0));
#70=DIRECTION('',(0.E0,-1.E0,0.E0));
#71=AXIS2_PLACEMENT_3D('',#68,#69,#70);
#73=CARTESIAN_POINT('',(0.E0,1.42E0,0.E0));
#74=DIRECTION('',(0.E0,0.E0,1.E0));
#75=DIRECTION('',(0.E0,1.E0,0.E0));
#76=AXIS2_PLACEMENT_3D('',#73,#74,#75);
#78=CARTESIAN_POINT('',(0.E0,1.42E0,0.E0));
#79=DIRECTION('',(0.E0,0.E0,1.E0));
#80=DIRECTION('',(0.E0,-1.E0,0.E0));
#81=AXIS2_PLACEMENT_3D('',#78,#79,#80);
#83=CARTESIAN_POINT('',(2.74E0,1.42E0,0.E0));
#84=DIRECTION('',(0.E0,0.E0,1.E0));
#85=DIRECTION('',(0.E0,1.E0,0.E0));
#86=AXIS2_PLACEMENT_3D('',#83,#84,#85);
#88=CARTESIAN_POINT('',(2.74E0,1.42E0,0.E0));
#89=DIRECTION('',(0.E0,0.E0,1.E0));
#90=DIRECTION('',(0.E0,-1.E0,0.E0));
#91=AXIS2_PLACEMENT_3D('',#88,#89,#90);
#93=CARTESIAN_POINT('',(5.48E0,1.42E0,0.E0));
#94=DIRECTION('',(0.E0,0.E0,1.E0));
#95=DIRECTION('',(0.E0,1.E0,0.E0));
#96=AXIS2_PLACEMENT_3D('',#93,#94,#95);
#98=CARTESIAN_POINT('',(5.48E0,1.42E0,0.E0));
#99=DIRECTION('',(0.E0,0.E0,1.E0));
#100=DIRECTION('',(0.E0,-1.E0,0.E0));
#101=AXIS2_PLACEMENT_3D('',#98,#99,#100);
#103=CARTESIAN_POINT('',(-4.11E0,-1.42E0,0.E0));
#104=DIRECTION('',(0.E0,0.E0,1.E0));
#105=DIRECTION('',(0.E0,1.E0,0.E0));
#106=AXIS2_PLACEMENT_3D('',#103,#104,#105);
#108=CARTESIAN_POINT('',(-4.11E0,-1.42E0,0.E0));
#109=DIRECTION('',(0.E0,0.E0,1.E0));
#110=DIRECTION('',(0.E0,-1.E0,0.E0));
#111=AXIS2_PLACEMENT_3D('',#108,#109,#110);
#113=CARTESIAN_POINT('',(-1.37E0,-1.42E0,0.E0));
#114=DIRECTION('',(0.E0,0.E0,1.E0));
#115=DIRECTION('',(0.E0,1.E0,0.E0));
#116=AXIS2_PLACEMENT_3D('',#113,#114,#115);
#118=CARTESIAN_POINT('',(-1.37E0,-1.42E0,0.E0));
#119=DIRECTION('',(0.E0,0.E0,1.E0));
#120=DIRECTION('',(0.E0,-1.E0,0.E0));
#121=AXIS2_PLACEMENT_3D('',#118,#119,#120);
#123=CARTESIAN_POINT('',(1.37E0,-1.42E0,0.E0));
#124=DIRECTION('',(0.E0,0.E0,1.E0));
#125=DIRECTION('',(0.E0,1.E0,0.E0));
#126=AXIS2_PLACEMENT_3D('',#123,#124,#125);
#128=CARTESIAN_POINT('',(1.37E0,-1.42E0,0.E0));
#129=DIRECTION('',(0.E0,0.E0,1.E0));
#130=DIRECTION('',(0.E0,-1.E0,0.E0));
#131=AXIS2_PLACEMENT_3D('',#128,#129,#130);
#133=CARTESIAN_POINT('',(4.11E0,-1.42E0,0.E0));
#134=DIRECTION('',(0.E0,0.E0,1.E0));
#135=DIRECTION('',(0.E0,1.E0,0.E0));
#136=AXIS2_PLACEMENT_3D('',#133,#134,#135);
#138=CARTESIAN_POINT('',(4.11E0,-1.42E0,0.E0));
#139=DIRECTION('',(0.E0,0.E0,1.E0));
#140=DIRECTION('',(0.E0,-1.E0,0.E0));
#141=AXIS2_PLACEMENT_3D('',#138,#139,#140);
#143=DIRECTION('',(-1.736481776669E-1,-9.848077530122E-1,0.E0));
#144=VECTOR('',#143,1.567384683690E0);
#145=CARTESIAN_POINT('',(7.727029457452E0,9.454344718922E-1,-2.83E0));
#146=LINE('4091',#145,#144);
#147=DIRECTION('',(0.E0,0.E0,-1.E0));
#148=VECTOR('',#147,2.83E0);
#149=CARTESIAN_POINT('',(7.727029457452E0,9.454344718922E-1,0.E0));
#150=LINE('4100',#149,#148);
#151=DIRECTION('',(-1.736481776669E-1,-9.848077530122E-1,0.E0));
#152=VECTOR('',#151,2.5E0);
#153=CARTESIAN_POINT('',(8.792810685535E0,1.231009691265E0,-2.83E0));
#154=LINE('4106',#153,#152);
#155=DIRECTION('',(-9.659258262891E-1,-2.588190451025E-1,0.E0));
#156=VECTOR('',#155,1.103377918962E0);
#157=CARTESIAN_POINT('',(8.792810685535E0,1.231009691265E0,-2.83E0));
#158=LINE('4093',#157,#156);
#159=DIRECTION('',(-1.815459033978E-13,-1.031320381995E-12,-1.E0));
#160=VECTOR('',#159,3.18E0);
#161=CARTESIAN_POINT('',(9.115692404820E0,3.062162915733E0,0.E0));
#162=LINE('4114',#161,#160);
#163=DIRECTION('',(-1.736481776669E-1,-9.848077530122E-1,0.E0));
#164=VECTOR('',#163,6.783049767391E0);
#165=CARTESIAN_POINT('',(9.115692404819E0,3.062162915730E0,-3.18E0));
#166=LINE('4062',#165,#164);
#167=DIRECTION('',(0.E0,0.E0,1.E0));
#168=VECTOR('',#167,2.83E0);
#169=CARTESIAN_POINT('',(8.358690241367E0,-1.231009691265E0,-2.83E0));
#170=LINE('4098',#169,#168);
#171=DIRECTION('',(0.E0,0.E0,1.E0));
#172=VECTOR('',#171,2.83E0);
#173=CARTESIAN_POINT('',(8.792810685535E0,1.231009691265E0,-2.83E0));
#174=LINE('4099',#173,#172);
#175=CARTESIAN_POINT('',(7.54E0,3.34E0,-3.18E0));
#176=DIRECTION('',(0.E0,0.E0,-1.E0));
#177=DIRECTION('',(0.E0,1.E0,0.E0));
#178=AXIS2_PLACEMENT_3D('',#175,#176,#177);
#180=DIRECTION('',(1.050173225809E-12,0.E0,-1.E0));
#181=VECTOR('',#180,3.18E0);
#182=CARTESIAN_POINT('',(-7.54E0,4.94E0,0.E0));
#183=LINE('4120',#182,#181);
#184=DIRECTION('',(1.E0,0.E0,0.E0));
#185=VECTOR('',#184,1.507999999999E1);
#186=CARTESIAN_POINT('',(-7.539999999997E0,4.94E0,-3.18E0));
#187=LINE('4065',#186,#185);
#188=DIRECTION('',(1.003250592315E-12,0.E0,1.E0));
#189=VECTOR('',#188,3.18E0);
#190=CARTESIAN_POINT('',(7.539999999997E0,4.94E0,-3.18E0));
#191=LINE('4121',#190,#189);
#192=DIRECTION('',(1.737254644822E-13,-9.878890158740E-13,-1.E0));
#193=VECTOR('',#192,3.18E0);
#194=CARTESIAN_POINT('',(-9.115692404820E0,3.062162915733E0,0.E0));
#195=LINE('4119',#194,#193);
#196=CARTESIAN_POINT('',(-7.54E0,3.34E0,-3.18E0));
#197=DIRECTION('',(0.E0,0.E0,-1.E0));
#198=DIRECTION('',(-9.848077530122E-1,-1.736481776669E-1,0.E0));
#199=AXIS2_PLACEMENT_3D('',#196,#197,#198);
#201=DIRECTION('',(0.E0,0.E0,-1.E0));
#202=VECTOR('',#201,3.5E-1);
#203=CARTESIAN_POINT('',(-8.752077444159E0,1.E0,-2.83E0));
#204=LINE('4111',#203,#202);
#205=DIRECTION('',(-1.736481776669E-1,9.848077530122E-1,0.E0));
#206=VECTOR('',#205,2.093975102676E0);
#207=CARTESIAN_POINT('',(-8.752077444159E0,1.E0,-3.18E0));
#208=LINE('4070',#207,#206);
#209=DIRECTION('',(-1.396506949214E-13,7.947521047977E-13,-1.E0));
#210=VECTOR('',#209,3.18E0);
#211=CARTESIAN_POINT('',(-7.937828173687E0,-3.617837084267E0,0.E0));
#212=LINE('4118',#211,#210);
#213=DIRECTION('',(-1.736481776669E-1,9.848077530122E-1,0.E0));
#214=VECTOR('',#213,2.658221440944E0);
#215=CARTESIAN_POINT('',(-7.937828173687E0,-3.617837084265E0,-3.18E0));
#216=LINE('4053',#215,#214);
#217=DIRECTION('',(0.E0,0.E0,-1.E0));
#218=VECTOR('',#217,3.5E-1);
#219=CARTESIAN_POINT('',(-8.399423482742E0,-1.E0,-2.83E0));
#220=LINE('4110',#219,#218);
#221=DIRECTION('',(1.736481776669E-1,-9.848077530122E-1,0.E0));
#222=VECTOR('',#221,2.030853223771E0);
#223=CARTESIAN_POINT('',(-7.914918633741E0,1.E0,-2.83E0));
#224=LINE('4088',#223,#222);
#225=DIRECTION('',(1.E0,0.E0,0.E0));
#226=VECTOR('',#225,8.371588104185E-1);
#227=CARTESIAN_POINT('',(-8.752077444159E0,1.E0,-2.83E0));
#228=LINE('4090',#227,#226);
#229=DIRECTION('',(1.736481776669E-1,-9.848077530122E-1,0.E0));
#230=VECTOR('',#229,2.030853223771E0);
#231=CARTESIAN_POINT('',(-8.752077444159E0,1.E0,-2.83E0));
#232=LINE('4097',#231,#230);
#233=DIRECTION('',(-1.E0,0.E0,0.E0));
#234=VECTOR('',#233,8.371588104185E-1);
#235=CARTESIAN_POINT('',(-7.562264672324E0,-1.E0,-2.83E0));
#236=LINE('4089',#235,#234);
#237=DIRECTION('',(0.E0,0.E0,-1.E0));
#238=VECTOR('',#237,1.33E0);
#239=CARTESIAN_POINT('',(-7.394301458698E0,-1.952566719800E0,-3.93E0));
#240=LINE('4047',#239,#238);
#241=DIRECTION('',(0.E0,0.E0,1.E0));
#242=VECTOR('',#241,1.1E0);
#243=CARTESIAN_POINT('',(-7.914918633741E0,1.E0,-3.93E0));
#244=LINE('4108',#243,#242);
#245=CARTESIAN_POINT('',(-7.637853523828E0,-1.E0,-3.93E0));
#246=CARTESIAN_POINT('',(-7.700835605450E0,-1.E0,-3.93E0));
#247=CARTESIAN_POINT('',(-7.812225414139E0,-1.E0,-3.915425645447E0));
#248=CARTESIAN_POINT('',(-8.000172099574E0,-1.E0,-3.851444004396E0));
#249=CARTESIAN_POINT('',(-8.185797240638E0,-1.E0,-3.722158737353E0));
#250=CARTESIAN_POINT('',(-8.318217099008E0,-1.E0,-3.539668187616E0));
#251=CARTESIAN_POINT('',(-8.384217118530E0,-1.E0,-3.353739880651E0));
#252=CARTESIAN_POINT('',(-8.399423482742E0,-1.E0,-3.242982081621E0));
#253=CARTESIAN_POINT('',(-8.399423482742E0,-1.E0,-3.18E0));
#255=DIRECTION('',(0.E0,0.E0,1.E0));
#256=VECTOR('',#255,1.1E0);
#257=CARTESIAN_POINT('',(-7.562264672324E0,-1.E0,-3.93E0));
#258=LINE('4109',#257,#256);
#259=CARTESIAN_POINT('',(-7.199222358928E0,-3.487600951017E0,-3.18E0));
#260=DIRECTION('',(-1.736481776669E-1,9.848077530122E-1,0.E0));
#261=DIRECTION('',(0.E0,0.E0,-1.E0));
#262=AXIS2_PLACEMENT_3D('',#259,#260,#261);
#264=CARTESIAN_POINT('',(-6.362135768867E0,-4.19E0,-3.18E0));
#265=DIRECTION('',(-1.E0,0.E0,0.E0));
#266=DIRECTION('',(0.E0,0.E0,-1.E0));
#267=AXIS2_PLACEMENT_3D('',#264,#265,#266);
#269=DIRECTION('',(0.E0,-1.E0,0.E0));
#270=VECTOR('',#269,4.65E-1);
#271=CARTESIAN_POINT('',(-2.82E0,4.19E0,-3.93E0));
#272=LINE('4347',#271,#270);
#273=DIRECTION('',(1.E0,0.E0,0.E0));
#274=VECTOR('',#273,4.72E0);
#275=CARTESIAN_POINT('',(-7.54E0,4.19E0,-3.93E0));
#276=LINE('4370',#275,#274);
#277=CARTESIAN_POINT('',(-7.54E0,3.34E0,-3.93E0));
#278=DIRECTION('',(0.E0,0.E0,-1.E0));
#279=DIRECTION('',(-9.848077530122E-1,-1.736481776669E-1,0.E0));
#280=AXIS2_PLACEMENT_3D('',#277,#278,#279);
#282=DIRECTION('',(-1.736481776669E-1,9.848077530122E-1,0.E0));
#283=VECTOR('',#282,2.226220338210E0);
#284=CARTESIAN_POINT('',(-7.990507485245E0,1.E0,-3.93E0));
#285=LINE('4069',#284,#283);
#286=DIRECTION('',(1.E0,0.E0,0.E0));
#287=VECTOR('',#286,7.558885150415E-2);
#288=CARTESIAN_POINT('',(-7.990507485245E0,1.E0,-3.93E0));
#289=LINE('4072',#288,#287);
#290=DIRECTION('',(-1.736481776669E-1,9.848077530122E-1,0.E0));
#291=VECTOR('',#290,3.324844663316E-1);
#292=CARTESIAN_POINT('',(-7.914918633741E0,1.E0,-3.93E0));
#293=LINE('4051',#292,#291);
#294=CARTESIAN_POINT('',(-6.2E0,1.64E0,-3.93E0));
#295=DIRECTION('',(0.E0,0.E0,-1.E0));
#296=DIRECTION('',(-9.848077530122E-1,-1.736481776669E-1,0.E0));
#297=AXIS2_PLACEMENT_3D('',#294,#295,#296);
#299=DIRECTION('',(1.E0,0.E0,0.E0));
#300=VECTOR('',#299,1.24E1);
#301=CARTESIAN_POINT('',(-6.2E0,3.44E0,-3.93E0));
#302=LINE('4041',#301,#300);
#303=CARTESIAN_POINT('',(6.2E0,1.64E0,-3.93E0));
#304=DIRECTION('',(0.E0,0.E0,-1.E0));
#305=DIRECTION('',(0.E0,1.E0,0.E0));
#306=AXIS2_PLACEMENT_3D('',#303,#304,#305);
#308=DIRECTION('',(-1.736481776669E-1,-9.848077530122E-1,0.E0));
#309=VECTOR('',#308,3.330599286985E0);
#310=CARTESIAN_POINT('',(7.972653955422E0,1.327433280200E0,-3.93E0));
#311=LINE('4036',#310,#309);
#312=CARTESIAN_POINT('',(5.621647503276E0,-1.64E0,-3.93E0));
#313=DIRECTION('',(0.E0,0.E0,-1.E0));
#314=DIRECTION('',(9.848077530122E-1,-1.736481776669E-1,0.E0));
#315=AXIS2_PLACEMENT_3D('',#312,#313,#314);
#317=DIRECTION('',(-1.E0,0.E0,0.E0));
#318=VECTOR('',#317,1.124329500655E1);
#319=CARTESIAN_POINT('',(5.621647503276E0,-3.44E0,-3.93E0));
#320=LINE('4038',#319,#318);
#321=CARTESIAN_POINT('',(-5.621647503276E0,-1.64E0,-3.93E0));
#322=DIRECTION('',(0.E0,0.E0,-1.E0));
#323=DIRECTION('',(0.E0,-1.E0,0.E0));
#324=AXIS2_PLACEMENT_3D('',#321,#322,#323);
#326=DIRECTION('',(-1.736481776669E-1,9.848077530122E-1,0.E0));
#327=VECTOR('',#326,9.672615968821E-1);
#328=CARTESIAN_POINT('',(-7.394301458698E0,-1.952566719800E0,-3.93E0));
#329=LINE('4050',#328,#327);
#330=DIRECTION('',(-1.E0,0.E0,0.E0));
#331=VECTOR('',#330,7.558885150415E-2);
#332=CARTESIAN_POINT('',(-7.562264672324E0,-1.E0,-3.93E0));
#333=LINE('4071',#332,#331);
#334=DIRECTION('',(-1.736481776669E-1,9.848077530122E-1,0.E0));
#335=VECTOR('',#334,2.525976205415E0);
#336=CARTESIAN_POINT('',(-7.199222358928E0,-3.487600951017E0,-3.93E0));
#337=LINE('4054',#336,#335);
#338=CARTESIAN_POINT('',(-6.362135768867E0,-3.34E0,-3.93E0));
#339=DIRECTION('',(0.E0,0.E0,-1.E0));
#340=DIRECTION('',(0.E0,-1.E0,0.E0));
#341=AXIS2_PLACEMENT_3D('',#338,#339,#340);
#343=DIRECTION('',(-1.E0,0.E0,0.E0));
#344=VECTOR('',#343,3.542135768867E0);
#345=CARTESIAN_POINT('',(-2.82E0,-4.19E0,-3.93E0));
#346=LINE('4373',#345,#344);
#347=DIRECTION('',(0.E0,-1.E0,0.E0));
#348=VECTOR('',#347,6.65E-1);
#349=CARTESIAN_POINT('',(-2.82E0,-3.525E0,-3.93E0));
#350=LINE('4348',#349,#348);
#351=DIRECTION('',(-1.E0,0.E0,0.E0));
#352=VECTOR('',#351,1.4E-1);
#353=CARTESIAN_POINT('',(-2.68E0,-3.525E0,-3.93E0));
#354=LINE('4356',#353,#352);
#355=DIRECTION('',(1.E0,0.E0,0.E0));
#356=VECTOR('',#355,5.36E0);
#357=CARTESIAN_POINT('',(-2.68E0,-3.525E0,-3.93E0));
#358=LINE('4352',#357,#356);
#359=DIRECTION('',(1.E0,0.E0,0.E0));
#360=VECTOR('',#359,1.4E-1);
#361=CARTESIAN_POINT('',(2.68E0,-3.525E0,-3.93E0));
#362=LINE('4354',#361,#360);
#363=DIRECTION('',(0.E0,1.E0,0.E0));
#364=VECTOR('',#363,7.5E-2);
#365=CARTESIAN_POINT('',(2.82E0,-3.6E0,-3.93E0));
#366=LINE('4349',#365,#364);
#367=DIRECTION('',(1.E0,0.E0,0.E0));
#368=VECTOR('',#367,1.22E0);
#369=CARTESIAN_POINT('',(2.82E0,-3.6E0,-3.93E0));
#370=LINE('4372',#369,#368);
#371=DIRECTION('',(0.E0,1.E0,0.E0));
#372=VECTOR('',#371,5.9E-1);
#373=CARTESIAN_POINT('',(4.04E0,-4.19E0,-3.93E0));
#374=LINE('4081',#373,#372);
#375=DIRECTION('',(-1.E0,0.E0,0.E0));
#376=VECTOR('',#375,2.322135768867E0);
#377=CARTESIAN_POINT('',(6.362135768867E0,-4.19E0,-3.93E0));
#378=LINE('4057',#377,#376);
#379=CARTESIAN_POINT('',(6.362135768867E0,-3.34E0,-3.93E0));
#380=DIRECTION('',(0.E0,0.E0,-1.E0));
#381=DIRECTION('',(9.848077530122E-1,-1.736481776669E-1,0.E0));
#382=AXIS2_PLACEMENT_3D('',#379,#380,#381);
#384=DIRECTION('',(-1.736481776669E-1,-9.848077530122E-1,0.E0));
#385=VECTOR('',#384,6.783049767397E0);
#386=CARTESIAN_POINT('',(8.377086590060E0,3.192399048983E0,-3.93E0));
#387=LINE('4061',#386,#385);
#388=CARTESIAN_POINT('',(7.54E0,3.34E0,-3.93E0));
#389=DIRECTION('',(0.E0,0.E0,-1.E0));
#390=DIRECTION('',(0.E0,1.E0,0.E0));
#391=AXIS2_PLACEMENT_3D('',#388,#389,#390);
#393=DIRECTION('',(1.E0,0.E0,0.E0));
#394=VECTOR('',#393,4.72E0);
#395=CARTESIAN_POINT('',(2.82E0,4.19E0,-3.93E0));
#396=LINE('4371',#395,#394);
#397=DIRECTION('',(0.E0,1.E0,0.E0));
#398=VECTOR('',#397,4.65E-1);
#399=CARTESIAN_POINT('',(2.82E0,3.725E0,-3.93E0));
#400=LINE('4350',#399,#398);
#401=DIRECTION('',(1.E0,0.E0,0.E0));
#402=VECTOR('',#401,1.4E-1);
#403=CARTESIAN_POINT('',(2.68E0,3.725E0,-3.93E0));
#404=LINE('4353',#403,#402);
#405=DIRECTION('',(1.E0,0.E0,0.E0));
#406=VECTOR('',#405,5.36E0);
#407=CARTESIAN_POINT('',(-2.68E0,3.725E0,-3.93E0));
#408=LINE('4351',#407,#406);
#409=DIRECTION('',(-1.E0,0.E0,0.E0));
#410=VECTOR('',#409,1.4E-1);
#411=CARTESIAN_POINT('',(-2.68E0,3.725E0,-3.93E0));
#412=LINE('4355',#411,#410);
#413=CARTESIAN_POINT('',(-2.68E0,3.725E0,-4.41E0));
#414=DIRECTION('',(0.E0,-1.E0,0.E0));
#415=DIRECTION('',(-2.8E-1,0.E0,9.6E-1));
#416=AXIS2_PLACEMENT_3D('',#413,#414,#415);
#418=CARTESIAN_POINT('',(-2.68E0,4.26E0,-4.41E0));
#419=DIRECTION('',(0.E0,-1.E0,0.E0));
#420=DIRECTION('',(-2.564872139916E-1,0.E0,9.665476237924E-1));
#421=AXIS2_PLACEMENT_3D('',#418,#419,#420);
#423=DIRECTION('',(0.E0,0.E0,-1.E0));
#424=VECTOR('',#423,3.8E-1);
#425=CARTESIAN_POINT('',(-2.68E0,3.725E0,-3.93E0));
#426=LINE('4388',#425,#424);
#427=DIRECTION('',(0.E0,0.E0,-1.E0));
#428=VECTOR('',#427,3.8E-1);
#429=CARTESIAN_POINT('',(2.68E0,3.725E0,-3.93E0));
#430=LINE('4389',#429,#428);
#431=DIRECTION('',(-3.119685642568E-1,0.E0,-9.500924244070E-1));
#432=VECTOR('',#431,4.210116718378E-1);
#433=CARTESIAN_POINT('',(2.897944947177E0,3.725E0,-3.96E0));
#434=LINE('4326',#433,#432);
#435=CARTESIAN_POINT('',(2.68E0,3.725E0,-4.41E0));
#436=DIRECTION('',(0.E0,1.E0,0.E0));
#437=DIRECTION('',(2.8E-1,0.E0,9.6E-1));
#438=AXIS2_PLACEMENT_3D('',#435,#436,#437);
#440=DIRECTION('',(1.E0,0.E0,0.E0));
#441=VECTOR('',#440,5.333528307815E0);
#442=CARTESIAN_POINT('',(-2.666764153907E0,4.362046505341E0,-3.91E0));
#443=LINE('4360',#442,#441);
#444=CARTESIAN_POINT('',(2.666764153907E0,4.362046505341E0,-3.91E0));
#445=CARTESIAN_POINT('',(2.674059279666E0,4.362046505341E0,-3.91E0));
#446=CARTESIAN_POINT('',(2.688957752050E0,4.360796069273E0,-3.910296463964E0));
#447=CARTESIAN_POINT('',(2.712393335512E0,4.354894721212E0,-3.911663365721E0));
#448=CARTESIAN_POINT('',(2.736430647093E0,4.344427677853E0,-3.913968402622E0));
#449=CARTESIAN_POINT('',(2.759731568774E0,4.329058859306E0,-3.917066857621E0));
#450=CARTESIAN_POINT('',(2.780270226021E0,4.309494543517E0,-3.920527812158E0));
#451=CARTESIAN_POINT('',(2.797119082663E0,4.286091636122E0,-3.923956766866E0));
#452=CARTESIAN_POINT('',(2.805060144779E0,4.269011674674E0,-3.925881410946E0));
#453=CARTESIAN_POINT('',(2.808243606996E0,4.26E0,-3.926726188104E0));
#455=CARTESIAN_POINT('',(2.808243606996E0,4.26E0,-3.926726188104E0));
#456=CARTESIAN_POINT('',(2.812088700833E0,4.249115393121E0,-3.927746538660E0));
#457=CARTESIAN_POINT('',(2.817900025740E0,4.226565544267E0,-3.929381193237E0));
#458=CARTESIAN_POINT('',(2.82E0,4.202440288961E0,-3.93E0));
#459=CARTESIAN_POINT('',(2.82E0,4.19E0,-3.93E0));
#461=CARTESIAN_POINT('',(-7.54E0,4.19E0,-3.18E0));
#462=DIRECTION('',(1.E0,0.E0,0.E0));
#463=DIRECTION('',(0.E0,0.E0,-1.E0));
#464=AXIS2_PLACEMENT_3D('',#461,#462,#463);
#466=CARTESIAN_POINT('',(-2.82E0,4.19E0,-3.93E0));
#467=CARTESIAN_POINT('',(-2.82E0,4.198205668859E0,-3.93E0));
#468=CARTESIAN_POINT('',(-2.819089167745E0,4.214342269525E0,-3.929732907430E0));
#469=CARTESIAN_POINT('',(-2.815081693400E0,4.237965125188E0,-3.928582878457E0));
#470=CARTESIAN_POINT('',(-2.810794113811E0,4.252780081525E0,-3.927403001508E0));
#471=CARTESIAN_POINT('',(-2.808243606996E0,4.26E0,-3.926726188104E0));
#473=CARTESIAN_POINT('',(-2.808243606996E0,4.26E0,-3.926726188104E0));
#474=CARTESIAN_POINT('',(-2.805179064753E0,4.268675038633E0,-3.925912968059E0));
#475=CARTESIAN_POINT('',(-2.797561520018E0,4.285201800269E0,-3.924062366113E0));
#476=CARTESIAN_POINT('',(-2.781555163740E0,4.307930025126E0,-3.920774892966E0));
#477=CARTESIAN_POINT('',(-2.761650160334E0,4.327490160695E0,-3.917363193876E0));
#478=CARTESIAN_POINT('',(-2.738629349296E0,4.343226360950E0,-3.914223351141E0));
#479=CARTESIAN_POINT('',(-2.714249637906E0,4.354291133170E0,-3.911801523276E0));
#480=CARTESIAN_POINT('',(-2.689954752604E0,4.360677087758E0,-3.910324831200E0));
#481=CARTESIAN_POINT('',(-2.674417966333E0,4.362046505341E0,-3.91E0));
#482=CARTESIAN_POINT('',(-2.666764153907E0,4.362046505341E0,-3.91E0));
#484=CARTESIAN_POINT('',(-2.28E0,4.26E0,-3.91E0));
#485=DIRECTION('',(0.E0,0.E0,1.E0));
#486=DIRECTION('',(-3.811486559044E-1,9.245137652314E-1,0.E0));
#487=AXIS2_PLACEMENT_3D('',#484,#485,#486);
#489=DIRECTION('',(-1.E0,0.E0,0.E0));
#490=VECTOR('',#489,4.864918924724E0);
#491=CARTESIAN_POINT('',(2.432459462362E0,4.629805506093E0,-3.91E0));
#492=LINE('4270',#491,#490);
#493=CARTESIAN_POINT('',(2.28E0,4.26E0,-3.91E0));
#494=DIRECTION('',(0.E0,0.E0,1.E0));
#495=DIRECTION('',(9.669103847685E-1,2.551162633521E-1,0.E0));
#496=AXIS2_PLACEMENT_3D('',#493,#494,#495);
#498=DIRECTION('',(1.E0,0.E0,0.E0));
#499=VECTOR('',#498,3.666362648003E0);
#500=CARTESIAN_POINT('',(-6.564307595180E0,3.725E0,-3.96E0));
#501=LINE('4282',#500,#499);
#502=CARTESIAN_POINT('',(-6.564307595180E0,2.125E0,-3.96E0));
#503=DIRECTION('',(0.E0,0.E0,1.E0));
#504=DIRECTION('',(0.E0,1.E0,0.E0));
#505=AXIS2_PLACEMENT_3D('',#502,#503,#504);
#507=DIRECTION('',(-1.736481776669E-1,9.848077530122E-1,0.E0));
#508=VECTOR('',#507,4.112477778137E0);
#509=CARTESIAN_POINT('',(-7.425875728131E0,-2.202837084267E0,-3.96E0));
#510=LINE('4290',#509,#508);
#511=CARTESIAN_POINT('',(-5.850183323311E0,-1.925E0,-3.96E0));
#512=DIRECTION('',(0.E0,0.E0,1.E0));
#513=DIRECTION('',(-9.848077530122E-1,-1.736481776669E-1,0.E0));
#514=AXIS2_PLACEMENT_3D('',#511,#512,#513);
#516=DIRECTION('',(-1.E0,0.E0,0.E0));
#517=VECTOR('',#516,2.952238376134E0);
#518=CARTESIAN_POINT('',(-2.897944947177E0,-3.525E0,-3.96E0));
#519=LINE('4288',#518,#517);
#520=DIRECTION('',(0.E0,1.E0,0.E0));
#521=VECTOR('',#520,6.264172879510E-1);
#522=CARTESIAN_POINT('',(-2.897944947177E0,-4.151417287951E0,-3.96E0));
#523=LINE('4292',#522,#521);
#524=DIRECTION('',(-1.E0,0.E0,0.E0));
#525=VECTOR('',#524,3.538812639572E0);
#526=CARTESIAN_POINT('',(-2.897944947177E0,-4.151417287951E0,-3.96E0));
#527=LINE('4280',#526,#525);
#528=CARTESIAN_POINT('',(-6.436757586749E0,-3.31E0,-3.96E0));
#529=DIRECTION('',(0.E0,0.E0,-1.E0));
#530=DIRECTION('',(0.E0,-1.E0,0.E0));
#531=AXIS2_PLACEMENT_3D('',#528,#529,#530);
#533=DIRECTION('',(-1.736481776669E-1,9.848077530122E-1,0.E0));
#534=VECTOR('',#533,6.925209493061E0);
#535=CARTESIAN_POINT('',(-7.265391855441E0,-3.456110578710E0,-3.96E0));
#536=LINE('4126',#535,#534);
#537=CARTESIAN_POINT('',(-7.639307595180E0,3.51E0,-3.96E0));
#538=DIRECTION('',(0.E0,0.E0,-1.E0));
#539=DIRECTION('',(-9.848077530122E-1,-1.736481776669E-1,0.E0));
#540=AXIS2_PLACEMENT_3D('',#537,#538,#539);
#542=DIRECTION('',(1.E0,0.E0,0.E0));
#543=VECTOR('',#542,4.748162082880E0);
#544=CARTESIAN_POINT('',(-7.639307595180E0,4.351417287951E0,-3.96E0));
#545=LINE('4277',#544,#543);
#546=CARTESIAN_POINT('',(-2.28E0,4.26E0,-3.96E0));
#547=DIRECTION('',(0.E0,0.E0,1.E0));
#548=DIRECTION('',(-9.889966979949E-1,1.479375927721E-1,0.E0));
#549=AXIS2_PLACEMENT_3D('',#546,#547,#548);
#551=DIRECTION('',(0.E0,1.E0,0.E0));
#552=VECTOR('',#551,5.35E-1);
#553=CARTESIAN_POINT('',(-2.897944947177E0,3.725E0,-3.96E0));
#554=LINE('4293',#553,#552);
#555=DIRECTION('',(3.119685642568E-1,0.E0,-9.500924244070E-1));
#556=VECTOR('',#555,4.210116718378E-1);
#557=CARTESIAN_POINT('',(-2.897944947177E0,3.725E0,-3.96E0));
#558=LINE('4321',#557,#556);
#559=DIRECTION('',(1.E0,0.E0,0.E0));
#560=VECTOR('',#559,3.797705054802E0);
#561=CARTESIAN_POINT('',(-6.564307595180E0,3.725E0,-4.36E0));
#562=LINE('4296',#561,#560);
#563=DIRECTION('',(0.E0,1.E0,0.E0));
#564=VECTOR('',#563,5.35E-1);
#565=CARTESIAN_POINT('',(-2.766602540378E0,3.725E0,-4.36E0));
#566=LINE('4317',#565,#564);
#567=CARTESIAN_POINT('',(-2.28E0,4.26E0,-4.36E0));
#568=DIRECTION('',(0.E0,0.E0,1.E0));
#569=DIRECTION('',(-9.821941904702E-1,1.878684971105E-1,0.E0));
#570=AXIS2_PLACEMENT_3D('',#567,#568,#569);
#572=DIRECTION('',(1.E0,0.E0,0.E0));
#573=VECTOR('',#572,4.881369406953E0);
#574=CARTESIAN_POINT('',(-7.639307595180E0,4.351417287951E0,-4.36E0));
#575=LINE('4260',#574,#573);
#576=CARTESIAN_POINT('',(-7.639307595180E0,3.51E0,-4.36E0));
#577=DIRECTION('',(0.E0,0.E0,-1.E0));
#578=DIRECTION('',(-9.848077530122E-1,-1.736481776669E-1,0.E0));
#579=AXIS2_PLACEMENT_3D('',#576,#577,#578);
#581=DIRECTION('',(-1.736481776669E-1,9.848077530122E-1,0.E0));
#582=VECTOR('',#581,6.925209493061E0);
#583=CARTESIAN_POINT('',(-7.265391855441E0,-3.456110578710E0,-4.36E0));
#584=LINE('4178',#583,#582);
#585=CARTESIAN_POINT('',(-6.436757586749E0,-3.31E0,-4.36E0));
#586=DIRECTION('',(0.E0,0.E0,-1.E0));
#587=DIRECTION('',(0.E0,-1.E0,0.E0));
#588=AXIS2_PLACEMENT_3D('',#585,#586,#587);
#590=DIRECTION('',(-1.E0,0.E0,0.E0));
#591=VECTOR('',#590,3.670155046370E0);
#592=CARTESIAN_POINT('',(-2.766602540378E0,-4.151417287951E0,-4.36E0));
#593=LINE('4263',#592,#591);
#594=DIRECTION('',(0.E0,1.E0,0.E0));
#595=VECTOR('',#594,6.264172879510E-1);
#596=CARTESIAN_POINT('',(-2.766602540378E0,-4.151417287951E0,-4.36E0));
#597=LINE('4316',#596,#595);
#598=DIRECTION('',(-1.E0,0.E0,0.E0));
#599=VECTOR('',#598,3.083580782933E0);
#600=CARTESIAN_POINT('',(-2.766602540378E0,-3.525E0,-4.36E0));
#601=LINE('4302',#600,#599);
#602=CARTESIAN_POINT('',(-5.850183323311E0,-1.925E0,-4.36E0));
#603=DIRECTION('',(0.E0,0.E0,1.E0));
#604=DIRECTION('',(-9.848077530122E-1,-1.736481776669E-1,0.E0));
#605=AXIS2_PLACEMENT_3D('',#602,#603,#604);
#607=DIRECTION('',(-1.736481776669E-1,9.848077530122E-1,0.E0));
#608=VECTOR('',#607,4.112477778137E0);
#609=CARTESIAN_POINT('',(-7.425875728131E0,-2.202837084267E0,-4.36E0));
#610=LINE('4304',#609,#608);
#611=CARTESIAN_POINT('',(-6.564307595180E0,2.125E0,-4.36E0));
#612=DIRECTION('',(0.E0,0.E0,1.E0));
#613=DIRECTION('',(0.E0,1.E0,0.E0));
#614=AXIS2_PLACEMENT_3D('',#611,#612,#613);
#616=CARTESIAN_POINT('',(-2.68E0,3.725E0,-4.41E0));
#617=DIRECTION('',(0.E0,-1.E0,0.E0));
#618=DIRECTION('',(0.E0,0.E0,1.E0));
#619=AXIS2_PLACEMENT_3D('',#616,#617,#618);
#621=CARTESIAN_POINT('',(-2.68E0,4.26E0,-4.41E0));
#622=DIRECTION('',(0.E0,-1.E0,0.E0));
#623=DIRECTION('',(0.E0,0.E0,1.E0));
#624=AXIS2_PLACEMENT_3D('',#621,#622,#623);
#626=DIRECTION('',(1.E0,0.E0,0.E0));
#627=VECTOR('',#626,5.36E0);
#628=CARTESIAN_POINT('',(-2.68E0,3.725E0,-4.31E0));
#629=LINE('4306',#628,#627);
#630=DIRECTION('',(-9.404730369348E-13,1.E0,0.E0));
#631=VECTOR('',#630,5.35E-1);
#632=CARTESIAN_POINT('',(2.68E0,3.725E0,-4.31E0));
#633=LINE('4313',#632,#631);
#634=CARTESIAN_POINT('',(2.28E0,4.26E0,-4.31E0));
#635=DIRECTION('',(0.E0,0.E0,1.E0));
#636=DIRECTION('',(1.E0,0.E0,0.E0));
#637=AXIS2_PLACEMENT_3D('',#634,#635,#636);
#639=DIRECTION('',(-1.E0,-9.388201717006E-14,0.E0));
#640=VECTOR('',#639,4.56E0);
#641=CARTESIAN_POINT('',(2.28E0,4.66E0,-4.31E0));
#642=LINE('4251',#641,#640);
#643=CARTESIAN_POINT('',(-2.28E0,4.26E0,-4.31E0));
#644=DIRECTION('',(0.E0,0.E0,1.E0));
#645=DIRECTION('',(0.E0,1.E0,0.E0));
#646=AXIS2_PLACEMENT_3D('',#643,#644,#645);
#648=DIRECTION('',(-1.411124592047E-13,-1.E0,0.E0));
#649=VECTOR('',#648,5.35E-1);
#650=CARTESIAN_POINT('',(-2.68E0,4.26E0,-4.31E0));
#651=LINE('4314',#650,#649);
#652=CARTESIAN_POINT('',(2.68E0,3.725E0,-4.41E0));
#653=DIRECTION('',(0.E0,1.E0,0.E0));
#654=DIRECTION('',(0.E0,0.E0,1.E0));
#655=AXIS2_PLACEMENT_3D('',#652,#653,#654);
#657=DIRECTION('',(1.E0,0.E0,0.E0));
#658=VECTOR('',#657,3.797705054802E0);
#659=CARTESIAN_POINT('',(2.766602540378E0,3.725E0,-4.36E0));
#660=LINE('4297',#659,#658);
#661=CARTESIAN_POINT('',(6.564307595180E0,2.125E0,-4.36E0));
#662=DIRECTION('',(0.E0,0.E0,1.E0));
#663=DIRECTION('',(9.848077530122E-1,-1.736481776669E-1,0.E0));
#664=AXIS2_PLACEMENT_3D('',#661,#662,#663);
#666=DIRECTION('',(-1.736481776669E-1,-9.848077530122E-1,0.E0));
#667=VECTOR('',#666,4.112477778137E0);
#668=CARTESIAN_POINT('',(8.14E0,1.847162915733E0,-4.36E0));
#669=LINE('4299',#668,#667);
#670=CARTESIAN_POINT('',(5.850183323311E0,-1.925E0,-4.36E0));
#671=DIRECTION('',(0.E0,0.E0,1.E0));
#672=DIRECTION('',(0.E0,-1.E0,0.E0));
#673=AXIS2_PLACEMENT_3D('',#670,#671,#672);
#675=DIRECTION('',(-1.E0,0.E0,0.E0));
#676=VECTOR('',#675,3.083580782933E0);
#677=CARTESIAN_POINT('',(5.850183323311E0,-3.525E0,-4.36E0));
#678=LINE('4301',#677,#676);
#679=DIRECTION('',(0.E0,1.E0,0.E0));
#680=VECTOR('',#679,6.264172879510E-1);
#681=CARTESIAN_POINT('',(2.766602540378E0,-4.151417287951E0,-4.36E0));
#682=LINE('4318',#681,#680);
#683=DIRECTION('',(-1.E0,0.E0,0.E0));
#684=VECTOR('',#683,3.670155046370E0);
#685=CARTESIAN_POINT('',(6.436757586749E0,-4.151417287951E0,-4.36E0));
#686=LINE('4262',#685,#684);
#687=CARTESIAN_POINT('',(6.436757586749E0,-3.31E0,-4.36E0));
#688=DIRECTION('',(0.E0,0.E0,-1.E0));
#689=DIRECTION('',(9.848077530122E-1,-1.736481776669E-1,0.E0));
#690=AXIS2_PLACEMENT_3D('',#687,#688,#689);
#692=DIRECTION('',(-1.736481776669E-1,-9.848077530122E-1,0.E0));
#693=VECTOR('',#692,6.925209493061E0);
#694=CARTESIAN_POINT('',(8.467941863873E0,3.363889421290E0,-4.36E0));
#695=LINE('4175',#694,#693);
#696=CARTESIAN_POINT('',(7.639307595180E0,3.51E0,-4.36E0));
#697=DIRECTION('',(0.E0,0.E0,-1.E0));
#698=DIRECTION('',(0.E0,1.E0,0.E0));
#699=AXIS2_PLACEMENT_3D('',#696,#697,#698);
#701=DIRECTION('',(1.E0,0.E0,0.E0));
#702=VECTOR('',#701,4.881369406953E0);
#703=CARTESIAN_POINT('',(2.757938188228E0,4.351417287951E0,-4.36E0));
#704=LINE('4261',#703,#702);
#705=CARTESIAN_POINT('',(2.28E0,4.26E0,-4.36E0));
#706=DIRECTION('',(0.E0,0.E0,1.E0));
#707=DIRECTION('',(1.E0,0.E0,0.E0));
#708=AXIS2_PLACEMENT_3D('',#705,#706,#707);
#710=DIRECTION('',(0.E0,1.E0,0.E0));
#711=VECTOR('',#710,5.35E-1);
#712=CARTESIAN_POINT('',(2.766602540378E0,3.725E0,-4.36E0));
#713=LINE('4319',#712,#711);
#714=DIRECTION('',(0.E0,0.E0,-1.E0));
#715=VECTOR('',#714,4.E-1);
#716=CARTESIAN_POINT('',(6.564307595180E0,3.725E0,-3.96E0));
#717=LINE('4327',#716,#715);
#718=DIRECTION('',(1.E0,0.E0,0.E0));
#719=VECTOR('',#718,3.666362648003E0);
#720=CARTESIAN_POINT('',(2.897944947177E0,3.725E0,-3.96E0));
#721=LINE('4283',#720,#719);
#722=DIRECTION('',(0.E0,1.E0,0.E0));
#723=VECTOR('',#722,5.35E-1);
#724=CARTESIAN_POINT('',(2.897944947177E0,3.725E0,-3.96E0));
#725=LINE('4295',#724,#723);
#726=CARTESIAN_POINT('',(2.28E0,4.26E0,-3.96E0));
#727=DIRECTION('',(0.E0,0.E0,1.E0));
#728=DIRECTION('',(1.E0,0.E0,0.E0));
#729=AXIS2_PLACEMENT_3D('',#726,#727,#728);
#731=DIRECTION('',(1.E0,0.E0,0.E0));
#732=VECTOR('',#731,4.748162082880E0);
#733=CARTESIAN_POINT('',(2.891145512301E0,4.351417287951E0,-3.96E0));
#734=LINE('4278',#733,#732);
#735=CARTESIAN_POINT('',(7.639307595180E0,3.51E0,-3.96E0));
#736=DIRECTION('',(0.E0,0.E0,-1.E0));
#737=DIRECTION('',(0.E0,1.E0,0.E0));
#738=AXIS2_PLACEMENT_3D('',#735,#736,#737);
#740=DIRECTION('',(-1.736481776669E-1,-9.848077530122E-1,0.E0));
#741=VECTOR('',#740,6.925209493061E0);
#742=CARTESIAN_POINT('',(8.467941863873E0,3.363889421290E0,-3.96E0));
#743=LINE('4123',#742,#741);
#744=CARTESIAN_POINT('',(6.436757586749E0,-3.31E0,-3.96E0));
#745=DIRECTION('',(0.E0,0.E0,-1.E0));
#746=DIRECTION('',(9.848077530122E-1,-1.736481776669E-1,0.E0));
#747=AXIS2_PLACEMENT_3D('',#744,#745,#746);
#749=DIRECTION('',(-1.E0,0.E0,0.E0));
#750=VECTOR('',#749,3.538812639572E0);
#751=CARTESIAN_POINT('',(6.436757586749E0,-4.151417287951E0,-3.96E0));
#752=LINE('4279',#751,#750);
#753=DIRECTION('',(0.E0,1.E0,0.E0));
#754=VECTOR('',#753,6.264172879510E-1);
#755=CARTESIAN_POINT('',(2.897944947177E0,-4.151417287951E0,-3.96E0));
#756=LINE('4294',#755,#754);
#757=DIRECTION('',(-1.E0,0.E0,0.E0));
#758=VECTOR('',#757,2.952238376134E0);
#759=CARTESIAN_POINT('',(5.850183323311E0,-3.525E0,-3.96E0));
#760=LINE('4287',#759,#758);
#761=CARTESIAN_POINT('',(5.850183323311E0,-1.925E0,-3.96E0));
#762=DIRECTION('',(0.E0,0.E0,1.E0));
#763=DIRECTION('',(0.E0,-1.E0,0.E0));
#764=AXIS2_PLACEMENT_3D('',#761,#762,#763);
#766=DIRECTION('',(-1.736481776669E-1,-9.848077530122E-1,0.E0));
#767=VECTOR('',#766,4.112477778137E0);
#768=CARTESIAN_POINT('',(8.14E0,1.847162915733E0,-3.96E0));
#769=LINE('4285',#768,#767);
#770=CARTESIAN_POINT('',(6.564307595180E0,2.125E0,-3.96E0));
#771=DIRECTION('',(0.E0,0.E0,1.E0));
#772=DIRECTION('',(9.848077530122E-1,-1.736481776669E-1,0.E0));
#773=AXIS2_PLACEMENT_3D('',#770,#771,#772);
#775=CARTESIAN_POINT('',(2.68E0,4.26E0,-4.41E0));
#776=DIRECTION('',(0.E0,1.E0,0.E0));
#777=DIRECTION('',(2.564872139916E-1,0.E0,9.665476237924E-1));
#778=AXIS2_PLACEMENT_3D('',#775,#776,#777);
#780=CARTESIAN_POINT('',(2.891145512301E0,4.351417287951E0,-3.96E0));
#781=CARTESIAN_POINT('',(2.888993562424E0,4.365803565859E0,-3.96E0));
#782=CARTESIAN_POINT('',(2.882055383432E0,4.394565394988E0,-3.959225685326E0));
#783=CARTESIAN_POINT('',(2.863138506852E0,4.437666105356E0,-3.955725690012E0));
#784=CARTESIAN_POINT('',(2.834927753806E0,4.479871387204E0,-3.949991319249E0));
#785=CARTESIAN_POINT('',(2.796497326418E0,4.520073249892E0,-3.942353751336E0));
#786=CARTESIAN_POINT('',(2.747150925321E0,4.556738663700E0,-3.933474539635E0));
#787=CARTESIAN_POINT('',(2.685982543165E0,4.588082114952E0,-3.924377035058E0));
#788=CARTESIAN_POINT('',(2.614167551191E0,4.612072813674E0,-3.916441318379E0));
#789=CARTESIAN_POINT('',(2.525388976448E0,4.627428507261E0,-3.910898064192E0));
#790=CARTESIAN_POINT('',(2.464279941398E0,4.629805506093E0,-3.91E0));
#791=CARTESIAN_POINT('',(2.432459462362E0,4.629805506093E0,-3.91E0));
#793=CARTESIAN_POINT('',(-2.432459462362E0,4.629805506093E0,-3.91E0));
#794=CARTESIAN_POINT('',(-2.464652629070E0,4.629805506093E0,-3.91E0));
#795=CARTESIAN_POINT('',(-2.526277838171E0,4.627340409959E0,-3.910930743141E0));
#796=CARTESIAN_POINT('',(-2.614547208848E0,4.611960280211E0,-3.916480378184E0));
#797=CARTESIAN_POINT('',(-2.686346776377E0,4.587933357703E0,-3.924423351123E0));
#798=CARTESIAN_POINT('',(-2.747380506481E0,4.556588971640E0,-3.933514108011E0));
#799=CARTESIAN_POINT('',(-2.796651249347E0,4.519934839470E0,-3.942383240973E0));
#800=CARTESIAN_POINT('',(-2.835013755748E0,4.479759067976E0,-3.950008984481E0));
#801=CARTESIAN_POINT('',(-2.863178226698E0,4.437588462652E0,-3.955733437570E0));
#802=CARTESIAN_POINT('',(-2.882066478091E0,4.394524831734E0,-3.959227177419E0));
#803=CARTESIAN_POINT('',(-2.888995622559E0,4.365789793385E0,-3.96E0));
#804=CARTESIAN_POINT('',(-2.891145512301E0,4.351417287951E0,-3.96E0));
#806=CARTESIAN_POINT('',(-7.639307595180E0,4.351417287951E0,-3.16E0));
#807=DIRECTION('',(1.E0,0.E0,0.E0));
#808=DIRECTION('',(0.E0,0.E0,-1.E0));
#809=AXIS2_PLACEMENT_3D('',#806,#807,#808);
#811=CARTESIAN_POINT('',(-8.467941863873E0,3.363889421290E0,-3.16E0));
#812=DIRECTION('',(-1.736481776669E-1,9.848077530122E-1,0.E0));
#813=DIRECTION('',(0.E0,0.E0,-1.E0));
#814=AXIS2_PLACEMENT_3D('',#811,#812,#813);
#816=CARTESIAN_POINT('',(-7.265391855441E0,-3.456110578710E0,-3.16E0));
#817=DIRECTION('',(-1.736481776669E-1,9.848077530122E-1,0.E0));
#818=DIRECTION('',(0.E0,0.E0,-1.E0));
#819=AXIS2_PLACEMENT_3D('',#816,#817,#818);
#821=CARTESIAN_POINT('',(-6.436757586749E0,-4.151417287951E0,-3.16E0));
#822=DIRECTION('',(-1.E0,0.E0,0.E0));
#823=DIRECTION('',(0.E0,0.E0,-1.E0));
#824=AXIS2_PLACEMENT_3D('',#821,#822,#823);
#826=CARTESIAN_POINT('',(-2.897944947177E0,-4.151417287951E0,-3.96E0));
#827=CARTESIAN_POINT('',(-2.897944947177E0,-4.164097013592E0,-3.96E0));
#828=CARTESIAN_POINT('',(-2.896719873406E0,-4.189077417168E0,
-3.959403416553E0));
#829=CARTESIAN_POINT('',(-2.891255553227E0,-4.225856555420E0,
-3.956799059299E0));
#830=CARTESIAN_POINT('',(-2.885415551558E0,-4.248819943927E0,
-3.954128492208E0));
#831=CARTESIAN_POINT('',(-2.881946464532E0,-4.26E0,-3.952596867672E0));
#833=CARTESIAN_POINT('',(-2.881946464532E0,-4.26E0,-3.952596867672E0));
#834=CARTESIAN_POINT('',(-2.877789528264E0,-4.273396833292E0,
-3.950761553213E0));
#835=CARTESIAN_POINT('',(-2.867032262825E0,-4.299303231549E0,
-3.946527559129E0));
#836=CARTESIAN_POINT('',(-2.842878840786E0,-4.335963435370E0,
-3.938698060836E0));
#837=CARTESIAN_POINT('',(-2.811208264721E0,-4.368433721668E0,
-3.930210904187E0));
#838=CARTESIAN_POINT('',(-2.772799857251E0,-4.395456409549E0,
-3.922005268421E0));
#839=CARTESIAN_POINT('',(-2.729128193273E0,-4.415627156357E0,
-3.915173253219E0));
#840=CARTESIAN_POINT('',(-2.683776131102E0,-4.427434029978E0,
-3.910887616795E0));
#841=CARTESIAN_POINT('',(-2.655844558334E0,-4.429805506093E0,-3.91E0));
#842=CARTESIAN_POINT('',(-2.642168593476E0,-4.429805506093E0,-3.91E0));
#844=DIRECTION('',(-1.E0,0.E0,0.E0));
#845=VECTOR('',#844,5.284337186953E0);
#846=CARTESIAN_POINT('',(2.642168593476E0,-4.429805506093E0,-3.91E0));
#847=LINE('4335',#846,#845);
#848=CARTESIAN_POINT('',(2.642168593476E0,-4.429805506093E0,-3.91E0));
#849=CARTESIAN_POINT('',(2.655844557938E0,-4.429805506093E0,-3.91E0));
#850=CARTESIAN_POINT('',(2.683776130244E0,-4.427434030159E0,-3.910887616728E0));
#851=CARTESIAN_POINT('',(2.729128193734E0,-4.415627156273E0,-3.915173253252E0));
#852=CARTESIAN_POINT('',(2.772799858005E0,-4.395456409080E0,-3.922005268570E0));
#853=CARTESIAN_POINT('',(2.811208264696E0,-4.368433721645E0,-3.930210904189E0));
#854=CARTESIAN_POINT('',(2.842878840869E0,-4.335963435306E0,-3.938698060855E0));
#855=CARTESIAN_POINT('',(2.867032262980E0,-4.299303231256E0,-3.946527559185E0));
#856=CARTESIAN_POINT('',(2.877789528306E0,-4.273396833157E0,-3.950761553232E0));
#857=CARTESIAN_POINT('',(2.881946464532E0,-4.26E0,-3.952596867672E0));
#859=CARTESIAN_POINT('',(2.897944947177E0,-4.151417287951E0,-3.96E0));
#860=CARTESIAN_POINT('',(2.897944947177E0,-4.164097013514E0,-3.96E0));
#861=CARTESIAN_POINT('',(2.896719873411E0,-4.189077416983E0,-3.959403416556E0));
#862=CARTESIAN_POINT('',(2.891255553340E0,-4.225856554844E0,-3.956799059352E0));
#863=CARTESIAN_POINT('',(2.885415551632E0,-4.248819943687E0,-3.954128492241E0));
#864=CARTESIAN_POINT('',(2.881946464532E0,-4.26E0,-3.952596867672E0));
#866=CARTESIAN_POINT('',(6.436757586749E0,-4.151417287951E0,-3.16E0));
#867=DIRECTION('',(-1.E0,0.E0,0.E0));
#868=DIRECTION('',(0.E0,0.E0,-1.E0));
#869=AXIS2_PLACEMENT_3D('',#866,#867,#868);
#871=CARTESIAN_POINT('',(-2.68E0,-3.525E0,-4.41E0));
#872=DIRECTION('',(0.E0,-1.E0,0.E0));
#873=DIRECTION('',(-2.8E-1,0.E0,9.6E-1));
#874=AXIS2_PLACEMENT_3D('',#871,#872,#873);
#876=DIRECTION('',(-1.E0,0.E0,0.E0));
#877=VECTOR('',#876,4.106764153907E0);
#878=CARTESIAN_POINT('',(1.44E0,-4.362046505341E0,-3.91E0));
#879=LINE('4365',#878,#877);
#880=CARTESIAN_POINT('',(-2.666764153907E0,-4.362046505341E0,-3.91E0));
#881=CARTESIAN_POINT('',(-2.674042973377E0,-4.362046505341E0,-3.91E0));
#882=CARTESIAN_POINT('',(-2.688936638944E0,-4.360799238648E0,
-3.910295658923E0));
#883=CARTESIAN_POINT('',(-2.712416616829E0,-4.354896367750E0,
-3.911663216292E0));
#884=CARTESIAN_POINT('',(-2.736646214068E0,-4.344318726718E0,
-3.913992051962E0));
#885=CARTESIAN_POINT('',(-2.759836905996E0,-4.328951977665E0,
-3.917085587669E0));
#886=CARTESIAN_POINT('',(-2.780159875345E0,-4.309610642467E0,
-3.920508127506E0));
#887=CARTESIAN_POINT('',(-2.797097785416E0,-4.286143992861E0,
-3.923950971248E0));
#888=CARTESIAN_POINT('',(-2.805050468801E0,-4.269039065218E0,
-3.925878843287E0));
#889=CARTESIAN_POINT('',(-2.808243606996E0,-4.26E0,-3.926726188104E0));
#891=CARTESIAN_POINT('',(-2.808243606996E0,-4.26E0,-3.926726188104E0));
#892=CARTESIAN_POINT('',(-2.812088700833E0,-4.249115393121E0,
-3.927746538660E0));
#893=CARTESIAN_POINT('',(-2.817900025740E0,-4.226565544267E0,
-3.929381193237E0));
#894=CARTESIAN_POINT('',(-2.82E0,-4.202440288961E0,-3.93E0));
#895=CARTESIAN_POINT('',(-2.82E0,-4.19E0,-3.93E0));
#897=DIRECTION('',(5.739516606092E-13,1.E0,0.E0));
#898=VECTOR('',#897,6.6E-1);
#899=CARTESIAN_POINT('',(2.68E0,-4.26E0,-3.91E0));
#900=LINE('4387',#899,#898);
#901=CARTESIAN_POINT('',(2.28E0,-4.26E0,-3.91E0));
#902=DIRECTION('',(0.E0,0.E0,1.E0));
#903=DIRECTION('',(9.054214836909E-1,-4.245137652314E-1,0.E0));
#904=AXIS2_PLACEMENT_3D('',#901,#902,#903);
#906=CARTESIAN_POINT('',(-2.28E0,-4.26E0,-3.91E0));
#907=DIRECTION('',(0.E0,0.E0,1.E0));
#908=DIRECTION('',(-9.669103847685E-1,-2.551162633521E-1,0.E0));
#909=AXIS2_PLACEMENT_3D('',#906,#907,#908);
#911=DIRECTION('',(0.E0,-1.E0,0.E0));
#912=VECTOR('',#911,7.620465053408E-1);
#913=CARTESIAN_POINT('',(1.44E0,-3.6E0,-3.91E0));
#914=LINE('4357',#913,#912);
#915=CARTESIAN_POINT('',(1.44E0,-4.19E0,-3.18E0));
#916=DIRECTION('',(1.E0,0.E0,0.E0));
#917=DIRECTION('',(0.E0,-1.E0,0.E0));
#918=AXIS2_PLACEMENT_3D('',#915,#916,#917);
#920=DIRECTION('',(-1.E0,0.E0,0.E0));
#921=VECTOR('',#920,2.3E0);
#922=CARTESIAN_POINT('',(3.89E0,-4.94E0,-3.294674816716E0));
#923=LINE('4343',#922,#921);
#924=DIRECTION('',(0.E0,0.E0,-1.E0));
#925=VECTOR('',#924,4.646748167161E-1);
#926=CARTESIAN_POINT('',(1.59E0,-4.94E0,-2.83E0));
#927=LINE('4368',#926,#925);
#928=DIRECTION('',(0.E0,0.E0,-1.E0));
#929=VECTOR('',#928,3.5E-1);
#930=CARTESIAN_POINT('',(1.44E0,-4.94E0,-2.83E0));
#931=LINE('4113',#930,#929);
#932=DIRECTION('',(-1.E0,0.E0,0.E0));
#933=VECTOR('',#932,7.802135768865E0);
#934=CARTESIAN_POINT('',(1.44E0,-4.94E0,-3.18E0));
#935=LINE('4082',#934,#933);
#936=DIRECTION('',(-8.082982222051E-13,0.E0,-1.E0));
#937=VECTOR('',#936,3.18E0);
#938=CARTESIAN_POINT('',(6.362135768867E0,-4.94E0,0.E0));
#939=LINE('4116',#938,#937);
#940=DIRECTION('',(-1.E0,0.E0,0.E0));
#941=VECTOR('',#940,2.322135768865E0);
#942=CARTESIAN_POINT('',(6.362135768865E0,-4.94E0,-3.18E0));
#943=LINE('4058',#942,#941);
#944=DIRECTION('',(0.E0,0.E0,-1.E0));
#945=VECTOR('',#944,3.5E-1);
#946=CARTESIAN_POINT('',(4.04E0,-4.94E0,-2.83E0));
#947=LINE('4112',#946,#945);
#948=CARTESIAN_POINT('',(1.59E0,-4.151417287951E0,-3.16E0));
#949=DIRECTION('',(-1.E0,0.E0,0.E0));
#950=DIRECTION('',(0.E0,-8.866192813153E-1,-4.625E-1));
#951=AXIS2_PLACEMENT_3D('',#948,#949,#950);
#953=DIRECTION('',(0.E0,0.E0,1.E0));
#954=VECTOR('',#953,7.E-1);
#955=CARTESIAN_POINT('',(1.59E0,-3.6E0,-3.53E0));
#956=LINE('4095',#955,#954);
#957=DIRECTION('',(-1.E0,0.E0,0.E0));
#958=VECTOR('',#957,2.3E0);
#959=CARTESIAN_POINT('',(3.89E0,-4.860712713003E0,-3.53E0));
#960=LINE('4344',#959,#958);
#961=DIRECTION('',(0.E0,1.E0,0.E0));
#962=VECTOR('',#961,1.260712713003E0);
#963=CARTESIAN_POINT('',(3.89E0,-4.860712713003E0,-3.53E0));
#964=LINE('4376',#963,#962);
#965=DIRECTION('',(1.E0,0.E0,0.E0));
#966=VECTOR('',#965,2.3E0);
#967=CARTESIAN_POINT('',(1.59E0,-3.6E0,-3.53E0));
#968=LINE('4094',#967,#966);
#969=DIRECTION('',(0.E0,-1.E0,0.E0));
#970=VECTOR('',#969,1.260712713003E0);
#971=CARTESIAN_POINT('',(1.59E0,-3.6E0,-3.53E0));
#972=LINE('4375',#971,#970);
#973=CARTESIAN_POINT('',(3.89E0,-4.151417287951E0,-3.16E0));
#974=DIRECTION('',(-1.E0,0.E0,0.E0));
#975=DIRECTION('',(0.E0,-8.866192813153E-1,-4.625E-1));
#976=AXIS2_PLACEMENT_3D('',#973,#974,#975);
#978=DIRECTION('',(0.E0,0.E0,-1.E0));
#979=VECTOR('',#978,4.646748167161E-1);
#980=CARTESIAN_POINT('',(3.89E0,-4.94E0,-2.83E0));
#981=LINE('4369',#980,#979);
#982=DIRECTION('',(0.E0,0.E0,1.E0));
#983=VECTOR('',#982,7.E-1);
#984=CARTESIAN_POINT('',(3.89E0,-3.6E0,-3.53E0));
#985=LINE('4096',#984,#983);
#986=DIRECTION('',(0.E0,1.E0,0.E0));
#987=VECTOR('',#986,1.34E0);
#988=CARTESIAN_POINT('',(4.04E0,-4.94E0,-2.83E0));
#989=LINE('4084',#988,#987);
#990=DIRECTION('',(1.E0,0.E0,0.E0));
#991=VECTOR('',#990,1.5E-1);
#992=CARTESIAN_POINT('',(3.89E0,-3.6E0,-2.83E0));
#993=LINE('4087',#992,#991);
#994=DIRECTION('',(0.E0,1.E0,0.E0));
#995=VECTOR('',#994,1.34E0);
#996=CARTESIAN_POINT('',(3.89E0,-4.94E0,-2.83E0));
#997=LINE('4103',#996,#995);
#998=DIRECTION('',(1.E0,0.E0,0.E0));
#999=VECTOR('',#998,1.5E-1);
#1000=CARTESIAN_POINT('',(3.89E0,-4.94E0,-2.83E0));
#1001=LINE('4105',#1000,#999);
#1002=CARTESIAN_POINT('',(4.04E0,-4.19E0,-3.18E0));
#1003=DIRECTION('',(-1.E0,0.E0,0.E0));
#1004=DIRECTION('',(0.E0,0.E0,-1.E0));
#1005=AXIS2_PLACEMENT_3D('',#1002,#1003,#1004);
#1007=DIRECTION('',(0.E0,0.E0,-1.E0));
#1008=VECTOR('',#1007,1.1E0);
#1009=CARTESIAN_POINT('',(4.04E0,-3.6E0,-2.83E0));
#1010=LINE('4107',#1009,#1008);
#1011=CARTESIAN_POINT('',(6.362135768867E0,-4.19E0,-3.18E0));
#1012=DIRECTION('',(-1.E0,0.E0,0.E0));
#1013=DIRECTION('',(0.E0,0.E0,-1.E0));
#1014=AXIS2_PLACEMENT_3D('',#1011,#1012,#1013);
#1016=CARTESIAN_POINT('',(7.199222358928E0,-3.487600951017E0,-3.18E0));
#1017=DIRECTION('',(-1.736481776669E-1,-9.848077530122E-1,0.E0));
#1018=DIRECTION('',(0.E0,0.E0,-1.E0));
#1019=AXIS2_PLACEMENT_3D('',#1016,#1017,#1018);
#1021=DIRECTION('',(1.362990782433E-13,7.650065067794E-13,-1.E0));
#1022=VECTOR('',#1021,3.18E0);
#1023=CARTESIAN_POINT('',(7.937828173687E0,-3.617837084267E0,0.E0));
#1024=LINE('4115',#1023,#1022);
#1025=CARTESIAN_POINT('',(6.362135768867E0,-3.34E0,-3.18E0));
#1026=DIRECTION('',(0.E0,0.E0,-1.E0));
#1027=DIRECTION('',(9.848077530122E-1,-1.736481776669E-1,0.E0));
#1028=AXIS2_PLACEMENT_3D('',#1025,#1026,#1027);
#1030=CARTESIAN_POINT('',(8.377086590060E0,3.192399048983E0,-3.18E0));
#1031=DIRECTION('',(-1.736481776669E-1,-9.848077530122E-1,0.E0));
#1032=DIRECTION('',(0.E0,0.E0,-1.E0));
#1033=AXIS2_PLACEMENT_3D('',#1030,#1031,#1032);
#1035=CARTESIAN_POINT('',(7.54E0,4.19E0,-3.18E0));
#1036=DIRECTION('',(1.E0,0.E0,0.E0));
#1037=DIRECTION('',(0.E0,0.E0,-1.E0));
#1038=AXIS2_PLACEMENT_3D('',#1035,#1036,#1037);
#1040=DIRECTION('',(1.E0,0.E0,0.E0));
#1041=VECTOR('',#1040,1.24E0);
#1042=CARTESIAN_POINT('',(1.44E0,-3.6E0,-3.91E0));
#1043=LINE('4358',#1042,#1041);
#1044=DIRECTION('',(0.E0,0.E0,-1.E0));
#1045=VECTOR('',#1044,1.08E0);
#1046=CARTESIAN_POINT('',(1.44E0,-3.6E0,-2.83E0));
#1047=LINE('4377',#1046,#1045);
#1048=CARTESIAN_POINT('',(2.68E0,-3.6E0,-4.41E0));
#1049=DIRECTION('',(0.E0,1.E0,0.E0));
#1050=DIRECTION('',(1.243449787580E-14,0.E0,1.E0));
#1051=AXIS2_PLACEMENT_3D('',#1048,#1049,#1050);
#1053=DIRECTION('',(0.E0,1.E0,0.E0));
#1054=VECTOR('',#1053,1.34E0);
#1055=CARTESIAN_POINT('',(1.44E0,-4.94E0,-2.83E0));
#1056=LINE('4085',#1055,#1054);
#1057=DIRECTION('',(1.E0,0.E0,0.E0));
#1058=VECTOR('',#1057,1.5E-1);
#1059=CARTESIAN_POINT('',(1.44E0,-4.94E0,-2.83E0));
#1060=LINE('4104',#1059,#1058);
#1061=DIRECTION('',(0.E0,1.E0,0.E0));
#1062=VECTOR('',#1061,1.34E0);
#1063=CARTESIAN_POINT('',(1.59E0,-4.94E0,-2.83E0));
#1064=LINE('4102',#1063,#1062);
#1065=DIRECTION('',(1.E0,0.E0,0.E0));
#1066=VECTOR('',#1065,1.5E-1);
#1067=CARTESIAN_POINT('',(1.44E0,-3.6E0,-2.83E0));
#1068=LINE('4086',#1067,#1066);
#1069=CARTESIAN_POINT('',(2.68E0,-3.525E0,-4.41E0));
#1070=DIRECTION('',(0.E0,1.E0,0.E0));
#1071=DIRECTION('',(2.8E-1,0.E0,9.6E-1));
#1072=AXIS2_PLACEMENT_3D('',#1069,#1070,#1071);
#1074=CARTESIAN_POINT('',(2.68E0,-4.26E0,-4.41E0));
#1075=DIRECTION('',(0.E0,1.E0,0.E0));
#1076=DIRECTION('',(0.E0,0.E0,1.E0));
#1077=AXIS2_PLACEMENT_3D('',#1074,#1075,#1076);
#1079=DIRECTION('',(0.E0,0.E0,-1.E0));
#1080=VECTOR('',#1079,3.8E-1);
#1081=CARTESIAN_POINT('',(2.68E0,-3.525E0,-3.93E0));
#1082=LINE('4390',#1081,#1080);
#1083=DIRECTION('',(0.E0,0.E0,-1.E0));
#1084=VECTOR('',#1083,3.8E-1);
#1085=CARTESIAN_POINT('',(-2.68E0,-3.525E0,-3.93E0));
#1086=LINE('4391',#1085,#1084);
#1087=DIRECTION('',(3.119685642568E-1,0.E0,-9.500924244070E-1));
#1088=VECTOR('',#1087,4.210116718378E-1);
#1089=CARTESIAN_POINT('',(-2.897944947177E0,-3.525E0,-3.96E0));
#1090=LINE('4325',#1089,#1088);
#1091=DIRECTION('',(0.E0,0.E0,-1.E0));
#1092=VECTOR('',#1091,4.E-1);
#1093=CARTESIAN_POINT('',(-5.850183323311E0,-3.525E0,-3.96E0));
#1094=LINE('4324',#1093,#1092);
#1095=DIRECTION('',(0.E0,0.E0,-1.E0));
#1096=VECTOR('',#1095,4.E-1);
#1097=CARTESIAN_POINT('',(-7.425875728131E0,-2.202837084267E0,-3.96E0));
#1098=LINE('4323',#1097,#1096);
#1099=DIRECTION('',(0.E0,0.E0,-1.E0));
#1100=VECTOR('',#1099,4.E-1);
#1101=CARTESIAN_POINT('',(-8.14E0,1.847162915733E0,-3.96E0));
#1102=LINE('4322',#1101,#1100);
#1103=DIRECTION('',(0.E0,0.E0,-1.E0));
#1104=VECTOR('',#1103,4.E-1);
#1105=CARTESIAN_POINT('',(-6.564307595180E0,3.725E0,-3.96E0));
#1106=LINE('4320',#1105,#1104);
#1107=CARTESIAN_POINT('',(-2.68E0,-3.525E0,-4.41E0));
#1108=DIRECTION('',(0.E0,-1.E0,0.E0));
#1109=DIRECTION('',(0.E0,0.E0,1.E0));
#1110=AXIS2_PLACEMENT_3D('',#1107,#1108,#1109);
#1112=CARTESIAN_POINT('',(-2.766602540378E0,-4.151417287951E0,-4.36E0));
#1113=CARTESIAN_POINT('',(-2.766602540378E0,-4.163976945866E0,-4.36E0));
#1114=CARTESIAN_POINT('',(-2.766378067946E0,-4.188781141780E0,
-4.359608112141E0));
#1115=CARTESIAN_POINT('',(-2.765369217240E0,-4.225316054102E0,
-4.357901500550E0));
#1116=CARTESIAN_POINT('',(-2.764248806203E0,-4.248587792004E0,
-4.356114211429E0));
#1117=CARTESIAN_POINT('',(-2.763567331773E0,-4.26E0,-4.355077317434E0));
#1119=CARTESIAN_POINT('',(6.436757586749E0,-4.151417287951E0,-3.16E0));
#1120=DIRECTION('',(-1.E0,0.E0,0.E0));
#1121=DIRECTION('',(0.E0,0.E0,-1.E0));
#1122=AXIS2_PLACEMENT_3D('',#1119,#1120,#1121);
#1124=CARTESIAN_POINT('',(2.766602540378E0,-4.151417287951E0,-4.36E0));
#1125=CARTESIAN_POINT('',(2.766602540378E0,-4.163976945857E0,-4.36E0));
#1126=CARTESIAN_POINT('',(2.766378067947E0,-4.188781141762E0,
-4.359608112142E0));
#1127=CARTESIAN_POINT('',(2.765369217237E0,-4.225316054196E0,
-4.357901500545E0));
#1128=CARTESIAN_POINT('',(2.764248806201E0,-4.248587792045E0,
-4.356114211425E0));
#1129=CARTESIAN_POINT('',(2.763567331773E0,-4.26E0,-4.355077317434E0));
#1131=CARTESIAN_POINT('',(2.604268949458E0,-4.494200017971E0,-4.31E0));
#1132=CARTESIAN_POINT('',(2.608528829397E0,-4.494200017971E0,-4.31E0));
#1133=CARTESIAN_POINT('',(2.617329787029E0,-4.493038999320E0,
-4.310346852520E0));
#1134=CARTESIAN_POINT('',(2.631515544944E0,-4.488426218137E0,
-4.311710626278E0));
#1135=CARTESIAN_POINT('',(2.646279212378E0,-4.481193127009E0,
-4.313808346266E0));
#1136=CARTESIAN_POINT('',(2.661525212109E0,-4.471343920833E0,
-4.316586171262E0));
#1137=CARTESIAN_POINT('',(2.677112932978E0,-4.458704523044E0,
-4.320019465011E0));
#1138=CARTESIAN_POINT('',(2.692838799420E0,-4.443002174029E0,
-4.324080833539E0));
#1139=CARTESIAN_POINT('',(2.708407438417E0,-4.423890801494E0,
-4.328722251854E0));
#1140=CARTESIAN_POINT('',(2.723425872930E0,-4.400950084082E0,
-4.333861307432E0));
#1141=CARTESIAN_POINT('',(2.737366807714E0,-4.373699521833E0,
-4.339360654829E0));
#1142=CARTESIAN_POINT('',(2.749521791438E0,-4.341628925133E0,
-4.345001293461E0));
#1143=CARTESIAN_POINT('',(2.758965086064E0,-4.304242650374E0,
-4.350458935721E0));
#1144=CARTESIAN_POINT('',(2.762647893636E0,-4.275397231070E0,
-4.353678350954E0));
#1145=CARTESIAN_POINT('',(2.763567331773E0,-4.26E0,-4.355077317434E0));
#1147=DIRECTION('',(-1.E0,0.E0,0.E0));
#1148=VECTOR('',#1147,5.208537898915E0);
#1149=CARTESIAN_POINT('',(2.604268949458E0,-4.494200017971E0,-4.31E0));
#1150=LINE('4332',#1149,#1148);
#1151=CARTESIAN_POINT('',(-2.763567331773E0,-4.26E0,-4.355077317434E0));
#1152=CARTESIAN_POINT('',(-2.762647893357E0,-4.275397235732E0,
-4.353678350530E0));
#1153=CARTESIAN_POINT('',(-2.758965084350E0,-4.304242662210E0,
-4.350458934330E0));
#1154=CARTESIAN_POINT('',(-2.749521785119E0,-4.341628945315E0,
-4.345001290212E0));
#1155=CARTESIAN_POINT('',(-2.737366801350E0,-4.373699536548E0,
-4.339360652076E0));
#1156=CARTESIAN_POINT('',(-2.723425856260E0,-4.400950115165E0,
-4.333861301016E0));
#1157=CARTESIAN_POINT('',(-2.708407400095E0,-4.423890855466E0,
-4.328722239361E0));
#1158=CARTESIAN_POINT('',(-2.692838747867E0,-4.443002231600E0,
-4.324080819099E0));
#1159=CARTESIAN_POINT('',(-2.677112874101E0,-4.458704576319E0,
-4.320019450886E0));
#1160=CARTESIAN_POINT('',(-2.661525140762E0,-4.471343974546E0,
-4.316586156424E0));
#1161=CARTESIAN_POINT('',(-2.646279117952E0,-4.481193178849E0,
-4.313808331374E0));
#1162=CARTESIAN_POINT('',(-2.631515521913E0,-4.488426225733E0,
-4.311710624003E0));
#1163=CARTESIAN_POINT('',(-2.617329750908E0,-4.493039008270E0,
-4.310346849872E0));
#1164=CARTESIAN_POINT('',(-2.608528816862E0,-4.494200017971E0,-4.31E0));
#1165=CARTESIAN_POINT('',(-2.604268949458E0,-4.494200017971E0,-4.31E0));
#1167=CARTESIAN_POINT('',(-6.436757586749E0,-4.151417287951E0,-3.16E0));
#1168=DIRECTION('',(-1.E0,0.E0,0.E0));
#1169=DIRECTION('',(0.E0,0.E0,-1.E0));
#1170=AXIS2_PLACEMENT_3D('',#1167,#1168,#1169);
#1172=CARTESIAN_POINT('',(-7.265391855441E0,-3.456110578710E0,-3.16E0));
#1173=DIRECTION('',(-1.736481776669E-1,9.848077530122E-1,0.E0));
#1174=DIRECTION('',(0.E0,0.E0,-1.E0));
#1175=AXIS2_PLACEMENT_3D('',#1172,#1173,#1174);
#1177=CARTESIAN_POINT('',(-8.467941863873E0,3.363889421290E0,-3.16E0));
#1178=DIRECTION('',(-1.736481776669E-1,9.848077530122E-1,0.E0));
#1179=DIRECTION('',(0.E0,0.E0,-1.E0));
#1180=AXIS2_PLACEMENT_3D('',#1177,#1178,#1179);
#1182=CARTESIAN_POINT('',(2.757938188228E0,4.351417287951E0,-4.36E0));
#1183=CARTESIAN_POINT('',(2.753980329993E0,4.372109343431E0,-4.36E0));
#1184=CARTESIAN_POINT('',(2.742912716297E0,4.412433028828E0,-4.358939898749E0));
#1185=CARTESIAN_POINT('',(2.716624140228E0,4.470415368375E0,-4.354524035599E0));
#1186=CARTESIAN_POINT('',(2.681340804141E0,4.523328250077E0,-4.347978530816E0));
#1187=CARTESIAN_POINT('',(2.637664326683E0,4.570027827458E0,-4.340191996826E0));
#1188=CARTESIAN_POINT('',(2.586021064632E0,4.609611987497E0,-4.332083587603E0));
#1189=CARTESIAN_POINT('',(2.526495749483E0,4.641504534468E0,-4.324527750404E0));
#1190=CARTESIAN_POINT('',(2.457407579307E0,4.665556728193E0,-4.318210750010E0));
#1191=CARTESIAN_POINT('',(2.375949558167E0,4.680660690977E0,-4.313963126682E0));
#1192=CARTESIAN_POINT('',(2.313361723615E0,4.684127699939E0,-4.312954371064E0));
#1193=CARTESIAN_POINT('',(2.28E0,4.684127699939E0,-4.312954371064E0));
#1195=CARTESIAN_POINT('',(-7.639307595180E0,4.351417287951E0,-3.16E0));
#1196=DIRECTION('',(1.E0,0.E0,0.E0));
#1197=DIRECTION('',(0.E0,0.E0,-1.E0));
#1198=AXIS2_PLACEMENT_3D('',#1195,#1196,#1197);
#1200=CARTESIAN_POINT('',(-2.28E0,4.684127699939E0,-4.312954371064E0));
#1201=CARTESIAN_POINT('',(-2.313327117987E0,4.684127699939E0,
-4.312954371064E0));
#1202=CARTESIAN_POINT('',(-2.375860976425E0,4.680666247735E0,
-4.313961457452E0));
#1203=CARTESIAN_POINT('',(-2.457244385124E0,4.665597722340E0,
-4.318199440001E0));
#1204=CARTESIAN_POINT('',(-2.526382311460E0,4.641557702251E0,
-4.324514557672E0));
#1205=CARTESIAN_POINT('',(-2.585956823354E0,4.609654422108E0,
-4.332074247810E0));
#1206=CARTESIAN_POINT('',(-2.637608139859E0,4.570079066347E0,
-4.340182457101E0));
#1207=CARTESIAN_POINT('',(-2.681306084364E0,4.523373815252E0,
-4.347972050159E0));
#1208=CARTESIAN_POINT('',(-2.716604834225E0,4.470452297228E0,
-4.354520588294E0));
#1209=CARTESIAN_POINT('',(-2.742907894972E0,4.412449907243E0,
-4.358939372017E0));
#1210=CARTESIAN_POINT('',(-2.753979230787E0,4.372115090184E0,-4.36E0));
#1211=CARTESIAN_POINT('',(-2.757938188228E0,4.351417287951E0,-4.36E0));
#1213=DIRECTION('',(1.E0,0.E0,0.E0));
#1214=VECTOR('',#1213,4.56E0);
#1215=CARTESIAN_POINT('',(-2.28E0,4.684127699939E0,-4.312954371064E0));
#1216=LINE('4254',#1215,#1214);
#1217=CARTESIAN_POINT('',(2.68E0,4.26E0,-4.41E0));
#1218=DIRECTION('',(0.E0,1.E0,0.E0));
#1219=DIRECTION('',(0.E0,0.E0,1.E0));
#1220=AXIS2_PLACEMENT_3D('',#1217,#1218,#1219);
#1222=CARTESIAN_POINT('',(2.28E0,4.66E0,-4.41E0));
#1223=DIRECTION('',(-1.E0,0.E0,0.E0));
#1224=DIRECTION('',(0.E0,0.E0,1.E0));
#1225=AXIS2_PLACEMENT_3D('',#1222,#1223,#1224);
#1227=CARTESIAN_POINT('',(-2.28E0,4.66E0,-4.41E0));
#1228=DIRECTION('',(-1.E0,0.E0,0.E0));
#1229=DIRECTION('',(0.E0,0.E0,1.E0));
#1230=AXIS2_PLACEMENT_3D('',#1227,#1228,#1229);
#1232=CARTESIAN_POINT('',(7.639307595180E0,4.351417287951E0,-3.16E0));
#1233=DIRECTION('',(1.E0,0.E0,0.E0));
#1234=DIRECTION('',(0.E0,0.E0,-1.E0));
#1235=AXIS2_PLACEMENT_3D('',#1232,#1233,#1234);
#1237=CARTESIAN_POINT('',(8.467941863873E0,3.363889421290E0,-3.16E0));
#1238=DIRECTION('',(-1.736481776669E-1,-9.848077530122E-1,0.E0));
#1239=DIRECTION('',(0.E0,0.E0,-1.E0));
#1240=AXIS2_PLACEMENT_3D('',#1237,#1238,#1239);
#1242=CARTESIAN_POINT('',(7.265391855441E0,-3.456110578710E0,-3.16E0));
#1243=DIRECTION('',(-1.736481776669E-1,-9.848077530122E-1,0.E0));
#1244=DIRECTION('',(0.E0,0.E0,-1.E0));
#1245=AXIS2_PLACEMENT_3D('',#1242,#1243,#1244);
#1247=CARTESIAN_POINT('',(6.436757586749E0,-3.31E0,-1.172080402638E0));
#1248=DIRECTION('',(0.E0,0.E0,-1.E0));
#1249=DIRECTION('',(9.848077530122E-1,-1.736481776669E-1,0.E0));
#1250=AXIS2_PLACEMENT_3D('',#1247,#1248,#1249);
#1252=CARTESIAN_POINT('',(6.436757586749E0,-3.31E0,-3.201879396043E0));
#1253=DIRECTION('',(0.E0,0.E0,-1.E0));
#1254=DIRECTION('',(9.848077530122E-1,-1.736481776669E-1,0.E0));
#1255=AXIS2_PLACEMENT_3D('',#1252,#1253,#1254);
#1257=DIRECTION('',(-5.480474697130E-10,3.489949670250E-2,-9.993908270191E-1));
#1258=VECTOR('',#1257,2.031036245823E0);
#1259=CARTESIAN_POINT('',(6.436757586003E0,-5.421568423137E0,
-1.172080402636E0));
#1260=LINE('4198',#1259,#1258);
#1261=CARTESIAN_POINT('',(6.436757586749E0,-6.213693694918E0,
-4.000341091825E-1));
#1262=CARTESIAN_POINT('',(6.479296830958E0,-6.213693694918E0,
-4.000341091825E-1));
#1263=CARTESIAN_POINT('',(6.564075854569E0,-6.213068808807E0,
-4.000211972070E-1));
#1264=CARTESIAN_POINT('',(6.648415245868E0,-6.211221726320E0,-4.E-1));
#1265=CARTESIAN_POINT('',(6.690515506830E0,-6.21E0,-4.E-1));
#1267=CARTESIAN_POINT('',(9.303612808660E0,-3.815503925408E0,-1.2E0));
#1268=DIRECTION('',(-1.736481776669E-1,-9.848077530122E-1,0.E0));
#1269=DIRECTION('',(0.E0,0.E0,1.E0));
#1270=AXIS2_PLACEMENT_3D('',#1267,#1268,#1269);
#1272=DIRECTION('',(1.953992523340E-13,0.E0,-1.E0));
#1273=VECTOR('',#1272,4.E-1);
#1274=CARTESIAN_POINT('',(6.690515506830E0,-6.21E0,0.E0));
#1275=LINE('4925',#1274,#1273);
#1276=CARTESIAN_POINT('',(6.436757586749E0,-3.31E0,0.E0));
#1277=DIRECTION('',(0.E0,0.E0,1.E0));
#1278=DIRECTION('',(8.716965027534E-2,-9.961934812429E-1,0.E0));
#1279=AXIS2_PLACEMENT_3D('',#1276,#1277,#1278);
#1281=CARTESIAN_POINT('',(6.436757586749E0,-6.21E0,-5.116377376144E-5));
#1282=CARTESIAN_POINT('',(6.479242718161E0,-6.21E0,-5.116377376144E-5));
#1283=CARTESIAN_POINT('',(6.563914173426E0,-6.21E0,-3.179581055599E-5));
#1284=CARTESIAN_POINT('',(6.648308341478E0,-6.21E0,0.E0));
#1285=CARTESIAN_POINT('',(6.690515506830E0,-6.21E0,0.E0));
#1287=CARTESIAN_POINT('',(9.303612808660E0,-3.815503925408E0,-1.2E0));
#1288=DIRECTION('',(-1.736481776669E-1,-9.848077530122E-1,0.E0));
#1289=DIRECTION('',(0.E0,0.E0,1.E0));
#1290=AXIS2_PLACEMENT_3D('',#1287,#1288,#1289);
#1292=DIRECTION('',(-1.E0,0.E0,0.E0));
#1293=VECTOR('',#1292,1.75E-1);
#1294=CARTESIAN_POINT('',(1.25E1,6.21E0,0.E0));
#1295=LINE('4949',#1294,#1293);
#1296=DIRECTION('',(1.339178960014E-1,-9.909924304103E-1,0.E0));
#1297=VECTOR('',#1296,1.120089282156E0);
#1298=CARTESIAN_POINT('',(1.2325E1,6.21E0,0.E0));
#1299=LINE('4590',#1298,#1297);
#1300=DIRECTION('',(-1.339178960014E-1,-9.909924304103E-1,0.E0));
#1301=VECTOR('',#1300,1.120089282156E0);
#1302=CARTESIAN_POINT('',(1.0225E1,6.21E0,0.E0));
#1303=LINE('4595',#1302,#1301);
#1304=DIRECTION('',(-1.E0,0.E0,0.E0));
#1305=VECTOR('',#1304,3.25E-1);
#1306=CARTESIAN_POINT('',(1.0225E1,6.21E0,0.E0));
#1307=LINE('4950',#1306,#1305);
#1308=DIRECTION('',(-1.E0,0.E0,0.E0));
#1309=VECTOR('',#1308,1.745521169133E1);
#1310=CARTESIAN_POINT('',(8.727605845663E0,6.21E0,0.E0));
#1311=LINE('4951',#1310,#1309);
#1312=DIRECTION('',(-1.E0,0.E0,0.E0));
#1313=VECTOR('',#1312,3.25E-1);
#1314=CARTESIAN_POINT('',(-9.9E0,6.21E0,0.E0));
#1315=LINE('4952',#1314,#1313);
#1316=DIRECTION('',(1.339178960014E-1,-9.909924304103E-1,0.E0));
#1317=VECTOR('',#1316,1.120089282156E0);
#1318=CARTESIAN_POINT('',(-1.0225E1,6.21E0,0.E0));
#1319=LINE('4596',#1318,#1317);
#1320=DIRECTION('',(-1.339178960014E-1,-9.909924304103E-1,0.E0));
#1321=VECTOR('',#1320,1.120089282156E0);
#1322=CARTESIAN_POINT('',(-1.2325E1,6.21E0,0.E0));
#1323=LINE('4573',#1322,#1321);
#1324=DIRECTION('',(-1.E0,0.E0,0.E0));
#1325=VECTOR('',#1324,1.75E-1);
#1326=CARTESIAN_POINT('',(-1.2325E1,6.21E0,0.E0));
#1327=LINE('4953',#1326,#1325);
#1328=DIRECTION('',(1.E0,0.E0,0.E0));
#1329=VECTOR('',#1328,1.338103101366E1);
#1330=CARTESIAN_POINT('',(-6.690515506830E0,-6.21E0,0.E0));
#1331=LINE('4947',#1330,#1329);
#1332=CARTESIAN_POINT('',(-5.889803687108E0,1.685E0,0.E0));
#1333=DIRECTION('',(0.E0,0.E0,1.E0));
#1334=DIRECTION('',(0.E0,1.E0,0.E0));
#1335=AXIS2_PLACEMENT_3D('',#1332,#1333,#1334);
#1337=DIRECTION('',(-1.E0,-5.795745853098E-12,0.E0));
#1338=VECTOR('',#1337,1.177960737367E1);
#1339=CARTESIAN_POINT('',(5.889803686871E0,5.683827377510E0,0.E0));
#1340=LINE('4670',#1339,#1338);
#1341=CARTESIAN_POINT('',(5.889803687108E0,1.685E0,0.E0));
#1342=DIRECTION('',(0.E0,0.E0,1.E0));
#1343=DIRECTION('',(9.848077530122E-1,-1.736481776669E-1,0.E0));
#1344=AXIS2_PLACEMENT_3D('',#1341,#1342,#1343);
#1346=DIRECTION('',(1.736481776514E-1,9.848077530149E-1,0.E0));
#1347=VECTOR('',#1346,3.218902359055E0);
#1348=CARTESIAN_POINT('',(9.268923362629E0,-2.179389086593E0,0.E0));
#1349=LINE('4588',#1348,#1347);
#1350=CARTESIAN_POINT('',(5.330847158262E0,-1.485E0,0.E0));
#1351=DIRECTION('',(0.E0,0.E0,1.E0));
#1352=DIRECTION('',(0.E0,-1.E0,0.E0));
#1353=AXIS2_PLACEMENT_3D('',#1350,#1351,#1352);
#1355=DIRECTION('',(1.E0,8.917027184326E-12,0.E0));
#1356=VECTOR('',#1355,1.066169431577E1);
#1357=CARTESIAN_POINT('',(-5.330847157944E0,-5.483827377492E0,0.E0));
#1358=LINE('4673',#1357,#1356);
#1359=CARTESIAN_POINT('',(-5.330847158262E0,-1.485E0,0.E0));
#1360=DIRECTION('',(0.E0,0.E0,1.E0));
#1361=DIRECTION('',(-9.848077530122E-1,-1.736481776669E-1,0.E0));
#1362=AXIS2_PLACEMENT_3D('',#1359,#1360,#1361);
#1364=DIRECTION('',(1.736481777014E-1,-9.848077530061E-1,0.E0));
#1365=VECTOR('',#1364,3.218902359005E0);
#1366=CARTESIAN_POINT('',(-9.827879891396E0,9.906109128570E-1,0.E0));
#1367=LINE('4574',#1366,#1365);
#1368=CARTESIAN_POINT('',(7.639307595180E0,3.51E0,0.E0));
#1369=DIRECTION('',(0.E0,0.E0,1.E0));
#1370=DIRECTION('',(9.848077529E-1,-1.736481783036E-1,0.E0));
#1371=AXIS2_PLACEMENT_3D('',#1368,#1369,#1370);
#1373=CARTESIAN_POINT('',(7.639307595180E0,6.421081084753E0,-1.2E0));
#1374=DIRECTION('',(1.E0,0.E0,0.E0));
#1375=DIRECTION('',(0.E0,-1.759009039604E-1,9.844078788723E-1));
#1376=AXIS2_PLACEMENT_3D('',#1373,#1374,#1375);
#1378=CARTESIAN_POINT('',(8.727605845663E0,6.21E0,0.E0));
#1379=CARTESIAN_POINT('',(8.669149884174E0,6.21E0,0.E0));
#1380=CARTESIAN_POINT('',(8.552311663928E0,6.21E0,-1.190075755418E-3));
#1381=CARTESIAN_POINT('',(8.376750552128E0,6.21E0,-5.115317835248E-3));
#1382=CARTESIAN_POINT('',(8.199220347952E0,6.21E0,-9.929828185774E-3));
#1383=CARTESIAN_POINT('',(8.018090214438E0,6.21E0,-1.451375078338E-2));
#1384=CARTESIAN_POINT('',(7.832490680889E0,6.21E0,-1.785294195976E-2));
#1385=CARTESIAN_POINT('',(7.704586423379E0,6.21E0,-1.871054535321E-2));
#1386=CARTESIAN_POINT('',(7.639307595180E0,6.21E0,-1.871054535321E-2));
#1388=CARTESIAN_POINT('',(7.639307595180E0,3.51E0,0.E0));
#1389=DIRECTION('',(0.E0,0.E0,1.E0));
#1390=DIRECTION('',(7.765817368195E-1,6.300165125125E-1,0.E0));
#1391=AXIS2_PLACEMENT_3D('',#1388,#1389,#1390);
#1393=CARTESIAN_POINT('',(9.9E0,5.05E0,-1.293183647842E-2));
#1394=CARTESIAN_POINT('',(9.9E0,5.099446836168E0,-8.811547743416E-3));
#1395=CARTESIAN_POINT('',(9.9E0,5.197949041306E0,-2.337115317617E-3));
#1396=CARTESIAN_POINT('',(9.9E0,5.295527609772E0,0.E0));
#1397=CARTESIAN_POINT('',(9.9E0,5.344029152657E0,0.E0));
#1399=CARTESIAN_POINT('',(1.010969078044E1,5.05E0,0.E0));
#1400=CARTESIAN_POINT('',(1.007559155023E1,5.05E0,0.E0));
#1401=CARTESIAN_POINT('',(1.000642516785E1,5.05E0,-2.095443760301E-3));
#1402=CARTESIAN_POINT('',(9.935676696492E0,5.05E0,-8.567738118398E-3));
#1403=CARTESIAN_POINT('',(9.9E0,5.05E0,-1.293183647842E-2));
#1405=DIRECTION('',(-1.736481776669E-1,-9.848077530122E-1,0.E0));
#1406=VECTOR('',#1405,6.925209490827E0);
#1407=CARTESIAN_POINT('',(1.050616281687E1,3.004496073357E0,0.E0));
#1408=LINE('4845',#1407,#1406);
#1409=CARTESIAN_POINT('',(1.050616281709E1,3.004496074592E0,-1.2E0));
#1410=DIRECTION('',(-1.736481776669E-1,-9.848077530122E-1,0.E0));
#1411=DIRECTION('',(0.E0,0.E0,1.E0));
#1412=AXIS2_PLACEMENT_3D('',#1409,#1410,#1411);
#1414=DIRECTION('',(-1.736481776669E-1,-9.848077530122E-1,1.262265353410E-12));
#1415=VECTOR('',#1414,6.925209491866E0);
#1416=CARTESIAN_POINT('',(9.325113415319E0,3.212746949161E0,-1.158120603954E0));
#1417=LINE('4147',#1416,#1415);
#1418=DIRECTION('',(-3.436929485169E-2,6.060234441440E-3,-9.993908270191E-1));
#1419=VECTOR('',#1418,2.031036245838E0);
#1420=CARTESIAN_POINT('',(8.122563407095E0,-3.607253049663E0,
-1.158120603945E0));
#1421=LINE('4148',#1420,#1419);
#1422=DIRECTION('',(-1.736481776670E-1,-9.848077530122E-1,-1.020316198182E-12));
#1423=VECTOR('',#1422,6.925209489487E0);
#1424=CARTESIAN_POINT('',(9.255308131319E0,3.225055502627E0,-3.187919597372E0));
#1425=LINE('4149',#1424,#1423);
#1426=CARTESIAN_POINT('',(6.436757586749E0,-3.31E0,-1.158120603957E0));
#1427=DIRECTION('',(0.E0,0.E0,-1.E0));
#1428=DIRECTION('',(9.848077530122E-1,-1.736481776669E-1,0.E0));
#1429=AXIS2_PLACEMENT_3D('',#1426,#1427,#1428);
#1431=DIRECTION('',(-4.382730250466E-10,3.489949670250E-2,-9.993908270191E-1));
#1432=VECTOR('',#1431,2.031036245820E0);
#1433=CARTESIAN_POINT('',(6.436757586144E0,-5.021812092330E0,
-1.158120603954E0));
#1434=LINE('4146',#1433,#1432);
#1435=CARTESIAN_POINT('',(6.436757586749E0,-3.31E0,-3.187919597362E0));
#1436=DIRECTION('',(0.E0,0.E0,-1.E0));
#1437=DIRECTION('',(9.848077530122E-1,-1.736481776669E-1,0.E0));
#1438=AXIS2_PLACEMENT_3D('',#1435,#1436,#1437);
#1440=DIRECTION('',(-1.E0,-2.235363101169E-14,6.405453664206E-13));
#1441=VECTOR('',#1440,1.287351517220E1);
#1442=CARTESIAN_POINT('',(6.436757586144E0,-5.021812092330E0,
-1.158120603954E0));
#1443=LINE('4144',#1442,#1441);
#1444=DIRECTION('',(4.443073703375E-10,3.489949670250E-2,-9.993908270191E-1));
#1445=VECTOR('',#1444,2.031036245838E0);
#1446=CARTESIAN_POINT('',(-6.436757586060E0,-5.021812092330E0,
-1.158120603945E0));
#1447=LINE('4140',#1446,#1445);
#1448=DIRECTION('',(-1.E0,2.497535317086E-14,-7.160406157010E-13));
#1449=VECTOR('',#1448,1.287351517041E1);
#1450=CARTESIAN_POINT('',(6.436757585254E0,-4.950929949566E0,
-3.187919597370E0));
#1451=LINE('4145',#1450,#1449);
#1452=DIRECTION('',(-1.E0,0.E0,0.E0));
#1453=VECTOR('',#1452,1.287351517350E1);
#1454=CARTESIAN_POINT('',(6.436757586749E0,-6.21E0,-5.116377376144E-5));
#1455=LINE('4164',#1454,#1453);
#1456=CARTESIAN_POINT('',(6.436757586749E0,-6.221081084753E0,-1.2E0));
#1457=DIRECTION('',(-1.E0,0.E0,0.E0));
#1458=DIRECTION('',(0.E0,9.234237293759E-3,9.999573635219E-1));
#1459=AXIS2_PLACEMENT_3D('',#1456,#1457,#1458);
#1461=DIRECTION('',(0.E0,-9.234237293758E-3,-9.999573635219E-1));
#1462=VECTOR('',#1461,4.E-1);
#1463=CARTESIAN_POINT('',(6.436757586749E0,-6.21E0,-5.116377376144E-5));
#1464=LINE('4247',#1463,#1462);
#1465=DIRECTION('',(-1.E0,0.E0,0.E0));
#1466=VECTOR('',#1465,1.287351517350E1);
#1467=CARTESIAN_POINT('',(6.436757586749E0,-6.213693694918E0,
-4.000341091825E-1));
#1468=LINE('4222',#1467,#1466);
#1469=CARTESIAN_POINT('',(6.436757586749E0,-6.221081084753E0,-1.2E0));
#1470=DIRECTION('',(-1.E0,0.E0,0.E0));
#1471=DIRECTION('',(0.E0,9.234237293759E-3,9.999573635219E-1));
#1472=AXIS2_PLACEMENT_3D('',#1469,#1470,#1471);
#1474=DIRECTION('',(-1.E0,-1.483342798641E-14,4.270474924598E-13));
#1475=VECTOR('',#1474,1.287351517198E1);
#1476=CARTESIAN_POINT('',(6.436757586003E0,-5.421568423137E0,
-1.172080402636E0));
#1477=LINE('4196',#1476,#1475);
#1478=DIRECTION('',(-1.E0,3.753202244680E-14,-1.074009179098E-12));
#1479=VECTOR('',#1478,1.287351516966E1);
#1480=CARTESIAN_POINT('',(6.436757584890E0,-5.350686280374E0,
-3.201879396055E0));
#1481=LINE('4197',#1480,#1479);
#1482=DIRECTION('',(5.955621993004E-10,3.489949670250E-2,-9.993908270191E-1));
#1483=VECTOR('',#1482,2.031036245842E0);
#1484=CARTESIAN_POINT('',(-6.436757585980E0,-5.421568423138E0,
-1.172080402630E0));
#1485=LINE('4192',#1484,#1483);
#1486=CARTESIAN_POINT('',(-6.436757586749E0,-3.31E0,-1.172080402638E0));
#1487=DIRECTION('',(0.E0,0.E0,-1.E0));
#1488=DIRECTION('',(0.E0,-1.E0,0.E0));
#1489=AXIS2_PLACEMENT_3D('',#1486,#1487,#1488);
#1491=CARTESIAN_POINT('',(-6.436757586749E0,-3.31E0,-3.201879396043E0));
#1492=DIRECTION('',(0.E0,0.E0,-1.E0));
#1493=DIRECTION('',(0.E0,-1.E0,0.E0));
#1494=AXIS2_PLACEMENT_3D('',#1491,#1492,#1493);
#1496=DIRECTION('',(3.436929483368E-2,6.060234543603E-3,-9.993908270191E-1));
#1497=VECTOR('',#1496,2.031036245823E0);
#1498=CARTESIAN_POINT('',(-8.516246541E0,-3.676670007962E0,-1.172080402636E0));
#1499=LINE('4186',#1498,#1497);
#1500=CARTESIAN_POINT('',(-6.690515506830E0,-6.21E0,-4.E-1));
#1501=CARTESIAN_POINT('',(-6.648417817959E0,-6.211221651680E0,-4.E-1));
#1502=CARTESIAN_POINT('',(-6.564081006124E0,-6.213068733230E0,
-4.000211956487E-1));
#1503=CARTESIAN_POINT('',(-6.479299403069E0,-6.213693694918E0,
-4.000341091825E-1));
#1504=CARTESIAN_POINT('',(-6.436757586749E0,-6.213693694918E0,
-4.000341091825E-1));
#1506=CARTESIAN_POINT('',(-6.436757586749E0,-6.221081084753E0,-1.2E0));
#1507=DIRECTION('',(-1.E0,0.E0,0.E0));
#1508=DIRECTION('',(0.E0,9.234237293758E-3,9.999573635219E-1));
#1509=AXIS2_PLACEMENT_3D('',#1506,#1507,#1508);
#1511=DIRECTION('',(0.E0,-9.234237293758E-3,-9.999573635219E-1));
#1512=VECTOR('',#1511,4.E-1);
#1513=CARTESIAN_POINT('',(-6.436757586749E0,-6.21E0,-5.116377376011E-5));
#1514=LINE('4248',#1513,#1512);
#1515=CARTESIAN_POINT('',(-6.436757586749E0,-3.31E0,0.E0));
#1516=DIRECTION('',(0.E0,0.E0,1.E0));
#1517=DIRECTION('',(-9.848077531448E-1,-1.736481769149E-1,0.E0));
#1518=AXIS2_PLACEMENT_3D('',#1515,#1516,#1517);
#1520=CARTESIAN_POINT('',(-6.436757586749E0,-6.221081084753E0,-1.2E0));
#1521=DIRECTION('',(-1.E0,0.E0,0.E0));
#1522=DIRECTION('',(0.E0,9.234237293758E-3,9.999573635219E-1));
#1523=AXIS2_PLACEMENT_3D('',#1520,#1521,#1522);
#1525=CARTESIAN_POINT('',(-6.690515506830E0,-6.21E0,0.E0));
#1526=CARTESIAN_POINT('',(-6.648310920100E0,-6.21E0,0.E0));
#1527=CARTESIAN_POINT('',(-6.563919320941E0,-6.21E0,-3.179347297689E-5));
#1528=CARTESIAN_POINT('',(-6.479245286999E0,-6.21E0,-5.116377376011E-5));
#1529=CARTESIAN_POINT('',(-6.436757586749E0,-6.21E0,-5.116377376011E-5));
#1531=DIRECTION('',(-1.736481776669E-1,9.848077530122E-1,0.E0));
#1532=VECTOR('',#1531,6.925209490842E0);
#1533=CARTESIAN_POINT('',(-9.303612808918E0,-3.815503923948E0,0.E0));
#1534=LINE('4848',#1533,#1532);
#1535=CARTESIAN_POINT('',(-9.303612808660E0,-3.815503925408E0,-1.2E0));
#1536=DIRECTION('',(-1.736481776669E-1,9.848077530122E-1,0.E0));
#1537=DIRECTION('',(0.E0,0.E0,1.E0));
#1538=AXIS2_PLACEMENT_3D('',#1535,#1536,#1537);
#1540=CARTESIAN_POINT('',(-7.639307595180E0,3.51E0,0.E0));
#1541=DIRECTION('',(0.E0,0.E0,1.E0));
#1542=DIRECTION('',(-3.738467664755E-1,9.274904825365E-1,0.E0));
#1543=AXIS2_PLACEMENT_3D('',#1540,#1541,#1542);
#1545=CARTESIAN_POINT('',(-7.639307595180E0,6.21E0,-1.871054535321E-2));
#1546=CARTESIAN_POINT('',(-7.699939291458E0,6.21E0,-1.871054535321E-2));
#1547=CARTESIAN_POINT('',(-7.820583636889E0,6.21E0,-1.797330535984E-2));
#1548=CARTESIAN_POINT('',(-8.002043802087E0,6.21E0,-1.486496783132E-2));
#1549=CARTESIAN_POINT('',(-8.183368728855E0,6.21E0,-1.036277800636E-2));
#1550=CARTESIAN_POINT('',(-8.364669109651E0,6.21E0,-5.423654342073E-3));
#1551=CARTESIAN_POINT('',(-8.546095341326E0,6.21E0,-1.276867873994E-3));
#1552=CARTESIAN_POINT('',(-8.666967623928E0,6.21E0,0.E0));
#1553=CARTESIAN_POINT('',(-8.727605845663E0,6.21E0,0.E0));
#1555=CARTESIAN_POINT('',(-1.050616281709E1,3.004496074592E0,-1.2E0));
#1556=DIRECTION('',(-1.736481776669E-1,9.848077530122E-1,0.E0));
#1557=DIRECTION('',(0.E0,0.E0,1.E0));
#1558=AXIS2_PLACEMENT_3D('',#1555,#1556,#1557);
#1560=CARTESIAN_POINT('',(-7.639307595180E0,3.51E0,0.E0));
#1561=DIRECTION('',(0.E0,0.E0,1.E0));
#1562=DIRECTION('',(-8.486136639054E-1,5.290130900393E-1,0.E0));
#1563=AXIS2_PLACEMENT_3D('',#1560,#1561,#1562);
#1565=CARTESIAN_POINT('',(-9.9E0,5.05E0,-1.293183647842E-2));
#1566=CARTESIAN_POINT('',(-9.935713944163E0,5.05E0,-8.563181852875E-3));
#1567=CARTESIAN_POINT('',(-1.000650089248E1,5.05E0,-2.090776102228E-3));
#1568=CARTESIAN_POINT('',(-1.007562977097E1,5.05E0,0.E0));
#1569=CARTESIAN_POINT('',(-1.010969078044E1,5.05E0,0.E0));
#1571=CARTESIAN_POINT('',(-9.9E0,5.344029152657E0,0.E0));
#1572=CARTESIAN_POINT('',(-9.9E0,5.295566557028E0,0.E0));
#1573=CARTESIAN_POINT('',(-9.9E0,5.198025467580E0,-2.333522590386E-3));
#1574=CARTESIAN_POINT('',(-9.9E0,5.099484133866E0,-8.808439813877E-3));
#1575=CARTESIAN_POINT('',(-9.9E0,5.05E0,-1.293183647842E-2));
#1577=DIRECTION('',(0.E0,0.E0,-1.E0));
#1578=VECTOR('',#1577,4.E-1);
#1579=CARTESIAN_POINT('',(-8.727605845663E0,6.21E0,0.E0));
#1580=LINE('4931',#1579,#1578);
#1581=DIRECTION('',(0.E0,0.E0,-1.E0));
#1582=VECTOR('',#1581,4.E-1);
#1583=CARTESIAN_POINT('',(8.727605845663E0,6.21E0,0.E0));
#1584=LINE('4927',#1583,#1582);
#1585=DIRECTION('',(0.E0,0.E0,1.E0));
#1586=VECTOR('',#1585,4.E-1);
#1587=CARTESIAN_POINT('',(1.0225E1,6.21E0,0.E0));
#1588=LINE('4660',#1587,#1586);
#1589=DIRECTION('',(0.E0,0.E0,-1.E0));
#1590=VECTOR('',#1589,4.E-1);
#1591=CARTESIAN_POINT('',(-9.9E0,6.21E0,0.E0));
#1592=LINE('4938',#1591,#1590);
#1593=DIRECTION('',(0.E0,1.759009039604E-1,-9.844078788723E-1));
#1594=VECTOR('',#1593,4.E-1);
#1595=CARTESIAN_POINT('',(7.639307595180E0,6.21E0,-1.871054535321E-2));
#1596=LINE('4244',#1595,#1594);
#1597=DIRECTION('',(0.E0,1.759009039604E-1,-9.844078788723E-1));
#1598=VECTOR('',#1597,4.E-1);
#1599=CARTESIAN_POINT('',(-7.639307595180E0,6.21E0,-1.871054535321E-2));
#1600=LINE('4245',#1599,#1598);
#1601=DIRECTION('',(1.E0,0.E0,0.E0));
#1602=VECTOR('',#1601,1.527861519036E1);
#1603=CARTESIAN_POINT('',(-7.639307595180E0,6.21E0,-1.871054535321E-2));
#1604=LINE('4160',#1603,#1602);
#1605=CARTESIAN_POINT('',(-7.639307595180E0,6.421081084753E0,-1.2E0));
#1606=DIRECTION('',(1.E0,0.E0,0.E0));
#1607=DIRECTION('',(0.E0,-1.759009039604E-1,9.844078788723E-1));
#1608=AXIS2_PLACEMENT_3D('',#1605,#1606,#1607);
#1610=DIRECTION('',(1.E0,1.557941040661E-14,4.455972970868E-13));
#1611=VECTOR('',#1610,1.527861518936E1);
#1612=CARTESIAN_POINT('',(-7.639307594675E0,5.221812092330E0,
-1.158120603954E0));
#1613=LINE('4135',#1612,#1611);
#1614=DIRECTION('',(-8.913150872344E-10,-3.489949670250E-2,-9.993908270191E-1));
#1615=VECTOR('',#1614,2.031036245842E0);
#1616=CARTESIAN_POINT('',(7.639307594683E0,5.221812092330E0,-1.158120603947E0));
#1617=LINE('4136',#1616,#1615);
#1618=DIRECTION('',(1.E0,-2.900793206929E-14,-8.312894360538E-13));
#1619=VECTOR('',#1618,1.527861518607E1);
#1620=CARTESIAN_POINT('',(-7.639307593198E0,5.150929949566E0,
-3.187919597372E0));
#1621=LINE('4137',#1620,#1619);
#1622=CARTESIAN_POINT('',(7.639307595180E0,3.51E0,-1.158120603957E0));
#1623=DIRECTION('',(0.E0,0.E0,-1.E0));
#1624=DIRECTION('',(0.E0,1.E0,0.E0));
#1625=AXIS2_PLACEMENT_3D('',#1622,#1623,#1624);
#1627=DIRECTION('',(-3.436929505510E-2,6.060233287875E-3,-9.993908270191E-1));
#1628=VECTOR('',#1627,2.031036245822E0);
#1629=CARTESIAN_POINT('',(9.325113415319E0,3.212746949161E0,-1.158120603954E0));
#1630=LINE('4142',#1629,#1628);
#1631=CARTESIAN_POINT('',(7.639307595180E0,3.51E0,-3.187919597362E0));
#1632=DIRECTION('',(0.E0,0.E0,-1.E0));
#1633=DIRECTION('',(0.E0,1.E0,0.E0));
#1634=AXIS2_PLACEMENT_3D('',#1631,#1632,#1633);
#1636=CARTESIAN_POINT('',(7.639307595180E0,4.351417287951E0,-3.16E0));
#1637=DIRECTION('',(1.E0,0.E0,0.E0));
#1638=DIRECTION('',(0.E0,0.E0,-1.E0));
#1639=AXIS2_PLACEMENT_3D('',#1636,#1637,#1638);
#1641=CARTESIAN_POINT('',(8.467941863873E0,3.363889421290E0,-3.16E0));
#1642=DIRECTION('',(-1.736481776669E-1,-9.848077530122E-1,0.E0));
#1643=DIRECTION('',(0.E0,0.E0,-1.E0));
#1644=AXIS2_PLACEMENT_3D('',#1641,#1642,#1643);
#1646=CARTESIAN_POINT('',(7.265391855441E0,-3.456110578710E0,-3.16E0));
#1647=DIRECTION('',(-1.736481776669E-1,-9.848077530122E-1,0.E0));
#1648=DIRECTION('',(0.E0,0.E0,-1.E0));
#1649=AXIS2_PLACEMENT_3D('',#1646,#1647,#1648);
#1651=CARTESIAN_POINT('',(-7.639307595180E0,3.51E0,-1.158120603957E0));
#1652=DIRECTION('',(0.E0,0.E0,-1.E0));
#1653=DIRECTION('',(-9.848077530122E-1,-1.736481776669E-1,0.E0));
#1654=AXIS2_PLACEMENT_3D('',#1651,#1652,#1653);
#1656=DIRECTION('',(7.270469930206E-10,-3.489949670250E-2,-9.993908270191E-1));
#1657=VECTOR('',#1656,2.031036245822E0);
#1658=CARTESIAN_POINT('',(-7.639307594675E0,5.221812092330E0,
-1.158120603954E0));
#1659=LINE('4129',#1658,#1657);
#1660=CARTESIAN_POINT('',(-7.639307595180E0,3.51E0,-3.187919597362E0));
#1661=DIRECTION('',(0.E0,0.E0,-1.E0));
#1662=DIRECTION('',(-9.848077530122E-1,-1.736481776669E-1,0.E0));
#1663=AXIS2_PLACEMENT_3D('',#1660,#1661,#1662);
#1665=DIRECTION('',(-1.736481776670E-1,9.848077530122E-1,9.114294588385E-13));
#1666=VECTOR('',#1665,6.925209491958E0);
#1667=CARTESIAN_POINT('',(-8.122563407080E0,-3.607253049746E0,
-1.158120603954E0));
#1668=LINE('4132',#1667,#1666);
#1669=DIRECTION('',(3.436929508363E-2,6.060233126076E-3,-9.993908270191E-1));
#1670=VECTOR('',#1669,2.031036245842E0);
#1671=CARTESIAN_POINT('',(-9.325113415321E0,3.212746949169E0,
-1.158120603947E0));
#1672=LINE('4131',#1671,#1670);
#1673=DIRECTION('',(-1.736481776669E-1,9.848077530122E-1,-2.144773776979E-12));
#1674=VECTOR('',#1673,6.925209489258E0);
#1675=CARTESIAN_POINT('',(-8.052758123491E0,-3.594944493949E0,
-3.187919597370E0));
#1676=LINE('4133',#1675,#1674);
#1677=CARTESIAN_POINT('',(-6.436757586749E0,-3.31E0,-1.158120603957E0));
#1678=DIRECTION('',(0.E0,0.E0,-1.E0));
#1679=DIRECTION('',(0.E0,-1.E0,0.E0));
#1680=AXIS2_PLACEMENT_3D('',#1677,#1678,#1679);
#1682=DIRECTION('',(3.436929485274E-2,6.060234435497E-3,-9.993908270191E-1));
#1683=VECTOR('',#1682,2.031036245820E0);
#1684=CARTESIAN_POINT('',(-8.122563407080E0,-3.607253049746E0,
-1.158120603954E0));
#1685=LINE('4134',#1684,#1683);
#1686=CARTESIAN_POINT('',(-6.436757586749E0,-3.31E0,-3.187919597362E0));
#1687=DIRECTION('',(0.E0,0.E0,-1.E0));
#1688=DIRECTION('',(0.E0,-1.E0,0.E0));
#1689=AXIS2_PLACEMENT_3D('',#1686,#1687,#1688);
#1691=DIRECTION('',(1.E0,0.E0,0.E0));
#1692=VECTOR('',#1691,1.527861519036E1);
#1693=CARTESIAN_POINT('',(-7.639307595180E0,6.280360361584E0,
-4.124736969021E-1));
#1694=LINE('4212',#1693,#1692);
#1695=CARTESIAN_POINT('',(-7.639307595180E0,6.421081084753E0,-1.2E0));
#1696=DIRECTION('',(1.E0,0.E0,0.E0));
#1697=DIRECTION('',(0.E0,-1.759009039604E-1,9.844078788723E-1));
#1698=AXIS2_PLACEMENT_3D('',#1695,#1696,#1697);
#1700=CARTESIAN_POINT('',(-1.0075E1,4.858928988032E0,-4.101132290765E-1));
#1701=CARTESIAN_POINT('',(-1.007937943008E1,4.862408764804E0,
-4.092275678617E-1));
#1702=CARTESIAN_POINT('',(-1.008912084145E1,4.868780423785E0,
-4.074824870063E-1));
#1703=CARTESIAN_POINT('',(-1.010655399149E1,4.876737631309E0,
-4.050584595137E-1));
#1704=CARTESIAN_POINT('',(-1.012685090346E1,4.883125782605E0,
-4.029460917297E-1));
#1705=CARTESIAN_POINT('',(-1.014950356162E1,4.887778503344E0,
-4.013120697540E-1));
#1706=CARTESIAN_POINT('',(-1.017434910695E1,4.890668331234E0,
-4.002562112312E-1));
#1707=CARTESIAN_POINT('',(-1.019238922612E1,4.891355287257E0,-4.E-1));
#1708=CARTESIAN_POINT('',(-1.020177723449E1,4.891355287257E0,-4.E-1));
#1710=CARTESIAN_POINT('',(-1.050616281709E1,3.004496074592E0,-1.2E0));
#1711=DIRECTION('',(-1.736481776669E-1,9.848077530122E-1,0.E0));
#1712=DIRECTION('',(0.E0,0.E0,1.E0));
#1713=AXIS2_PLACEMENT_3D('',#1710,#1711,#1712);
#1715=CARTESIAN_POINT('',(-7.639307595180E0,6.280360361584E0,
-4.124736969021E-1));
#1716=CARTESIAN_POINT('',(-7.701519316671E0,6.280360361584E0,
-4.124736969021E-1));
#1717=CARTESIAN_POINT('',(-7.825307164139E0,6.278896003320E0,
-4.119822035732E-1));
#1718=CARTESIAN_POINT('',(-8.010618701974E0,6.272395750282E0,
-4.099099785542E-1));
#1719=CARTESIAN_POINT('',(-8.194094737898E0,6.261848002586E0,
-4.069085186709E-1));
#1720=CARTESIAN_POINT('',(-8.375141045823E0,6.247656756960E0,
-4.036157695614E-1));
#1721=CARTESIAN_POINT('',(-8.553332664308E0,6.230301104148E0,
-4.008512452493E-1));
#1722=CARTESIAN_POINT('',(-8.669792584946E0,6.217008551880E0,-4.E-1));
#1723=CARTESIAN_POINT('',(-8.727605845663E0,6.21E0,-4.E-1));
#1725=CARTESIAN_POINT('',(-9.9E0,5.344029152657E0,-4.E-1));
#1726=CARTESIAN_POINT('',(-9.907903592154E0,5.301978494535E0,-4.E-1));
#1727=CARTESIAN_POINT('',(-9.923932593833E0,5.216422543457E0,
-4.015556817269E-1));
#1728=CARTESIAN_POINT('',(-9.940234295128E0,5.127951496731E0,
-4.058722932093E-1));
#1729=CARTESIAN_POINT('',(-9.948402110575E0,5.082971867436E0,
-4.086212243189E-1));
#1731=CARTESIAN_POINT('',(-9.948402110575E0,5.082971867436E0,
-4.086212243189E-1));
#1732=CARTESIAN_POINT('',(-9.976227067326E0,5.077076949570E0,
-4.057087879019E-1));
#1733=CARTESIAN_POINT('',(-1.001886366427E1,5.068208377092E0,
-4.023493023257E-1));
#1734=CARTESIAN_POINT('',(-1.006032264393E1,5.059825333201E0,
-4.007602680521E-1));
#1735=CARTESIAN_POINT('',(-1.0075E1,5.056887459713E0,-4.004127217930E-1));
#1737=CARTESIAN_POINT('',(-1.0075E1,5.056887459713E0,-4.004127217930E-1));
#1738=CARTESIAN_POINT('',(-1.0075E1,5.024757701511E0,-4.009662361586E-1));
#1739=CARTESIAN_POINT('',(-1.0075E1,4.959634865586E0,-4.031790736397E-1));
#1740=CARTESIAN_POINT('',(-1.0075E1,4.892787700442E0,-4.074798703264E-1));
#1741=CARTESIAN_POINT('',(-1.0075E1,4.858928988032E0,-4.101132290765E-1));
#1743=CARTESIAN_POINT('',(-7.639307595180E0,3.51E0,-4.2E-1));
#1744=DIRECTION('',(0.E0,0.E0,1.E0));
#1745=DIRECTION('',(-8.911122382803E-1,4.537829644082E-1,0.E0));
#1746=AXIS2_PLACEMENT_3D('',#1743,#1744,#1745);
#1748=CARTESIAN_POINT('',(-1.0075E1,4.750332780053E0,-4.2E-1));
#1749=CARTESIAN_POINT('',(-1.0075E1,4.738631177894E0,-4.212101590558E-1));
#1750=CARTESIAN_POINT('',(-1.0075E1,4.715207854124E0,-4.237194466433E-1));
#1751=CARTESIAN_POINT('',(-1.0075E1,4.691743110922E0,-4.263944476659E-1));
#1752=CARTESIAN_POINT('',(-1.0075E1,4.68E0,-4.277702772713E-1));
#1754=CARTESIAN_POINT('',(-1.0075E1,4.68E0,-4.277702772713E-1));
#1755=CARTESIAN_POINT('',(-1.008074373067E1,4.68E0,-4.263693611456E-1));
#1756=CARTESIAN_POINT('',(-1.009224670927E1,4.68E0,-4.236736341971E-1));
#1757=CARTESIAN_POINT('',(-1.010378053235E1,4.68E0,-4.211893818474E-1));
#1758=CARTESIAN_POINT('',(-1.010955513261E1,4.68E0,-4.2E-1));
#1760=CARTESIAN_POINT('',(-1.0075E1,4.78E0,-1.E-1));
#1761=DIRECTION('',(-1.E0,0.E0,0.E0));
#1762=DIRECTION('',(0.E0,1.E0,0.E0));
#1763=AXIS2_PLACEMENT_3D('',#1760,#1761,#1762);
#1765=CARTESIAN_POINT('',(-1.0075E1,4.78E0,-1.E-1));
#1766=DIRECTION('',(-1.E0,0.E0,0.E0));
#1767=DIRECTION('',(0.E0,1.E0,0.E0));
#1768=AXIS2_PLACEMENT_3D('',#1765,#1766,#1767);
#1770=DIRECTION('',(0.E0,0.E0,1.E0));
#1771=VECTOR('',#1770,4.E-1);
#1772=CARTESIAN_POINT('',(-1.0075E1,4.78E0,-8.2E-1));
#1773=LINE('4776',#1772,#1771);
#1774=CARTESIAN_POINT('',(-1.0075E1,4.78E0,-1.E-1));
#1775=DIRECTION('',(-1.E0,0.E0,0.E0));
#1776=DIRECTION('',(0.E0,2.466530875998E-1,-9.691038408641E-1));
#1777=AXIS2_PLACEMENT_3D('',#1774,#1775,#1776);
#1779=CARTESIAN_POINT('',(-1.010969078044E1,5.05E0,-2.717556403732E-1));
#1780=CARTESIAN_POINT('',(-1.010400244851E1,5.050690999908E0,
-2.706693879811E-1));
#1781=CARTESIAN_POINT('',(-1.009253290043E1,5.052070178579E0,
-2.684723415632E-1));
#1782=CARTESIAN_POINT('',(-1.008087585746E1,5.053438406880E0,
-2.662322918573E-1));
#1783=CARTESIAN_POINT('',(-1.0075E1,5.054118443268E0,-2.651032375830E-1));
#1785=CARTESIAN_POINT('',(-1.0075E1,5.054118443268E0,-2.651032375830E-1));
#1786=CARTESIAN_POINT('',(-1.0075E1,5.054538497191E0,-2.878164898828E-1));
#1787=CARTESIAN_POINT('',(-1.0075E1,5.055416314698E0,-3.330813875301E-1));
#1788=CARTESIAN_POINT('',(-1.0075E1,5.056380494607E0,-3.780228954414E-1));
#1789=CARTESIAN_POINT('',(-1.0075E1,5.056887459713E0,-4.004127217930E-1));
#1791=DIRECTION('',(0.E0,0.E0,-1.E0));
#1792=VECTOR('',#1791,2.717556403732E-1);
#1793=CARTESIAN_POINT('',(-1.010969078044E1,5.05E0,0.E0));
#1794=LINE('4929',#1793,#1792);
#1795=DIRECTION('',(-1.E0,0.E0,0.E0));
#1796=VECTOR('',#1795,2.4E0);
#1797=CARTESIAN_POINT('',(-1.0075E1,5.1E0,-1.E-1));
#1798=LINE('4774',#1797,#1796);
#1799=DIRECTION('',(1.E0,0.E0,0.E0));
#1800=VECTOR('',#1799,2.390309219562E0);
#1801=CARTESIAN_POINT('',(-1.25E1,5.05E0,0.E0));
#1802=LINE('4882',#1801,#1800);
#1803=DIRECTION('',(0.E0,0.E0,-1.E0));
#1804=VECTOR('',#1803,4.E-1);
#1805=CARTESIAN_POINT('',(-1.25E1,5.05E0,0.E0));
#1806=LINE('4932',#1805,#1804);
#1807=DIRECTION('',(-1.385134476533E-14,0.E0,1.E0));
#1808=VECTOR('',#1807,1.282443596268E-1);
#1809=CARTESIAN_POINT('',(-1.2475E1,5.05E0,-4.E-1));
#1810=LINE('4884',#1809,#1808);
#1811=DIRECTION('',(-1.E0,0.E0,0.E0));
#1812=VECTOR('',#1811,2.365309219562E0);
#1813=CARTESIAN_POINT('',(-1.010969078044E1,5.05E0,-2.717556403732E-1));
#1814=LINE('4883',#1813,#1812);
#1815=DIRECTION('',(0.E0,-1.E0,0.E0));
#1816=VECTOR('',#1815,1.16E0);
#1817=CARTESIAN_POINT('',(-1.25E1,6.21E0,0.E0));
#1818=LINE('4881',#1817,#1816);
#1819=DIRECTION('',(0.E0,0.E0,-1.E0));
#1820=VECTOR('',#1819,4.E-1);
#1821=CARTESIAN_POINT('',(-1.25E1,6.21E0,0.E0));
#1822=LINE('4933',#1821,#1820);
#1823=DIRECTION('',(0.E0,0.E0,1.E0));
#1824=VECTOR('',#1823,4.E-1);
#1825=CARTESIAN_POINT('',(-1.2325E1,6.21E0,0.E0));
#1826=LINE('4691',#1825,#1824);
#1827=DIRECTION('',(0.E0,0.E0,-1.E0));
#1828=VECTOR('',#1827,8.E-1);
#1829=CARTESIAN_POINT('',(-1.3735E1,6.21E0,4.E-1));
#1830=LINE('4983',#1829,#1828);
#1831=DIRECTION('',(0.E0,0.E0,1.E0));
#1832=VECTOR('',#1831,4.E-1);
#1833=CARTESIAN_POINT('',(-1.2475E1,5.1E0,0.E0));
#1834=LINE('4647',#1833,#1832);
#1835=CARTESIAN_POINT('',(-1.2475E1,5.1E0,0.E0));
#1836=DIRECTION('',(-1.E0,0.E0,0.E0));
#1837=DIRECTION('',(0.E0,0.E0,1.E0));
#1838=AXIS2_PLACEMENT_3D('',#1835,#1836,#1837);
#1840=DIRECTION('',(-1.776356839400E-14,0.E0,-1.E0));
#1841=VECTOR('',#1840,1.E-1);
#1842=CARTESIAN_POINT('',(-1.2475E1,5.5E0,0.E0));
#1843=LINE('4763',#1842,#1841);
#1844=DIRECTION('',(0.E0,-1.E0,0.E0));
#1845=VECTOR('',#1844,4.E-1);
#1846=CARTESIAN_POINT('',(-1.2475E1,5.5E0,0.E0));
#1847=LINE('4782',#1846,#1845);
#1848=DIRECTION('',(0.E0,0.E0,-1.E0));
#1849=VECTOR('',#1848,1.E-1);
#1850=CARTESIAN_POINT('',(-1.2475E1,5.1E0,0.E0));
#1851=LINE('4772',#1850,#1849);
#1852=DIRECTION('',(-1.E0,0.E0,0.E0));
#1853=VECTOR('',#1852,2.4E0);
#1854=CARTESIAN_POINT('',(-1.0075E1,5.5E0,0.E0));
#1855=LINE('4767',#1854,#1853);
#1856=DIRECTION('',(0.E0,0.E0,-1.E0));
#1857=VECTOR('',#1856,1.E-1);
#1858=CARTESIAN_POINT('',(-1.0075E1,5.5E0,0.E0));
#1859=LINE('4759',#1858,#1857);
#1860=DIRECTION('',(0.E0,-1.E0,0.E0));
#1861=VECTOR('',#1860,4.E-1);
#1862=CARTESIAN_POINT('',(-1.0075E1,5.5E0,-1.E-1));
#1863=LINE('4779',#1862,#1861);
#1864=DIRECTION('',(1.776356839400E-14,0.E0,-1.E0));
#1865=VECTOR('',#1864,1.E-1);
#1866=CARTESIAN_POINT('',(-1.0075E1,5.1E0,0.E0));
#1867=LINE('4771',#1866,#1865);
#1868=DIRECTION('',(-1.E0,0.E0,0.E0));
#1869=VECTOR('',#1868,2.4E0);
#1870=CARTESIAN_POINT('',(-1.0075E1,5.1E0,0.E0));
#1871=LINE('4813',#1870,#1869);
#1872=DIRECTION('',(0.E0,0.E0,1.E0));
#1873=VECTOR('',#1872,4.E-1);
#1874=CARTESIAN_POINT('',(-1.0075E1,5.1E0,0.E0));
#1875=LINE('4648',#1874,#1873);
#1876=CARTESIAN_POINT('',(-1.0075E1,5.1E0,0.E0));
#1877=DIRECTION('',(-1.E0,0.E0,0.E0));
#1878=DIRECTION('',(0.E0,0.E0,1.E0));
#1879=AXIS2_PLACEMENT_3D('',#1876,#1877,#1878);
#1881=DIRECTION('',(0.E0,-1.E0,0.E0));
#1882=VECTOR('',#1881,4.E-1);
#1883=CARTESIAN_POINT('',(-1.0075E1,5.5E0,0.E0));
#1884=LINE('4781',#1883,#1882);
#1885=DIRECTION('',(0.E0,0.E0,1.E0));
#1886=VECTOR('',#1885,4.E-1);
#1887=CARTESIAN_POINT('',(-1.0225E1,6.21E0,0.E0));
#1888=LINE('4661',#1887,#1886);
#1889=DIRECTION('',(1.339178960014E-1,-9.909924304103E-1,0.E0));
#1890=VECTOR('',#1889,1.120089282156E0);
#1891=CARTESIAN_POINT('',(1.2325E1,6.21E0,4.E-1));
#1892=LINE('4635',#1891,#1890);
#1893=DIRECTION('',(-1.E0,0.E0,0.E0));
#1894=VECTOR('',#1893,1.41E0);
#1895=CARTESIAN_POINT('',(1.3735E1,6.21E0,4.E-1));
#1896=LINE('4641',#1895,#1894);
#1897=CARTESIAN_POINT('',(1.3735E1,4.61E0,4.E-1));
#1898=DIRECTION('',(0.E0,0.E0,-1.E0));
#1899=DIRECTION('',(0.E0,1.E0,0.E0));
#1900=AXIS2_PLACEMENT_3D('',#1897,#1898,#1899);
#1902=DIRECTION('',(0.E0,1.E0,0.E0));
#1903=VECTOR('',#1902,9.22E0);
#1904=CARTESIAN_POINT('',(1.5335E1,-4.61E0,4.E-1));
#1905=LINE('4639',#1904,#1903);
#1906=CARTESIAN_POINT('',(1.3735E1,-4.61E0,4.E-1));
#1907=DIRECTION('',(0.E0,0.E0,-1.E0));
#1908=DIRECTION('',(1.E0,0.E0,0.E0));
#1909=AXIS2_PLACEMENT_3D('',#1906,#1907,#1908);
#1911=DIRECTION('',(1.E0,0.E0,0.E0));
#1912=VECTOR('',#1911,1.41E0);
#1913=CARTESIAN_POINT('',(1.2325E1,-6.21E0,4.E-1));
#1914=LINE('4680',#1913,#1912);
#1915=DIRECTION('',(1.137604814572E-1,9.935082047264E-1,0.E0));
#1916=VECTOR('',#1915,1.318559820410E0);
#1917=CARTESIAN_POINT('',(1.2325E1,-6.21E0,4.E-1));
#1918=LINE('4637',#1917,#1916);
#1919=DIRECTION('',(-1.137604814572E-1,9.935082047264E-1,0.E0));
#1920=VECTOR('',#1919,1.318559820410E0);
#1921=CARTESIAN_POINT('',(1.0225E1,-6.21E0,4.E-1));
#1922=LINE('4636',#1921,#1920);
#1923=DIRECTION('',(1.E0,0.E0,0.E0));
#1924=VECTOR('',#1923,2.045E1);
#1925=CARTESIAN_POINT('',(-1.0225E1,-6.21E0,4.E-1));
#1926=LINE('4602',#1925,#1924);
#1927=DIRECTION('',(1.137604814572E-1,9.935082047264E-1,0.E0));
#1928=VECTOR('',#1927,1.318559820410E0);
#1929=CARTESIAN_POINT('',(-1.0225E1,-6.21E0,4.E-1));
#1930=LINE('4665',#1929,#1928);
#1931=DIRECTION('',(-1.137604814572E-1,9.935082047264E-1,0.E0));
#1932=VECTOR('',#1931,1.318559820410E0);
#1933=CARTESIAN_POINT('',(-1.2325E1,-6.21E0,4.E-1));
#1934=LINE('4664',#1933,#1932);
#1935=DIRECTION('',(1.E0,0.E0,0.E0));
#1936=VECTOR('',#1935,1.41E0);
#1937=CARTESIAN_POINT('',(-1.3735E1,-6.21E0,4.E-1));
#1938=LINE('4601',#1937,#1936);
#1939=CARTESIAN_POINT('',(-1.3735E1,-4.61E0,4.E-1));
#1940=DIRECTION('',(0.E0,0.E0,-1.E0));
#1941=DIRECTION('',(0.E0,-1.E0,0.E0));
#1942=AXIS2_PLACEMENT_3D('',#1939,#1940,#1941);
#1944=DIRECTION('',(0.E0,-1.E0,0.E0));
#1945=VECTOR('',#1944,9.22E0);
#1946=CARTESIAN_POINT('',(-1.5335E1,4.61E0,4.E-1));
#1947=LINE('4599',#1946,#1945);
#1948=CARTESIAN_POINT('',(-1.3735E1,4.61E0,4.E-1));
#1949=DIRECTION('',(0.E0,0.E0,-1.E0));
#1950=DIRECTION('',(-1.E0,0.E0,0.E0));
#1951=AXIS2_PLACEMENT_3D('',#1948,#1949,#1950);
#1953=DIRECTION('',(-1.E0,0.E0,0.E0));
#1954=VECTOR('',#1953,1.41E0);
#1955=CARTESIAN_POINT('',(-1.2325E1,6.21E0,4.E-1));
#1956=LINE('4679',#1955,#1954);
#1957=DIRECTION('',(-1.339178960014E-1,-9.909924304103E-1,0.E0));
#1958=VECTOR('',#1957,1.120089282156E0);
#1959=CARTESIAN_POINT('',(-1.2325E1,6.21E0,4.E-1));
#1960=LINE('4597',#1959,#1958);
#1961=DIRECTION('',(1.339178960014E-1,-9.909924304103E-1,0.E0));
#1962=VECTOR('',#1961,1.120089282156E0);
#1963=CARTESIAN_POINT('',(-1.0225E1,6.21E0,4.E-1));
#1964=LINE('4646',#1963,#1962);
#1965=DIRECTION('',(-1.E0,0.E0,0.E0));
#1966=VECTOR('',#1965,2.045E1);
#1967=CARTESIAN_POINT('',(1.0225E1,6.21E0,4.E-1));
#1968=LINE('4645',#1967,#1966);
#1969=DIRECTION('',(-1.339178960014E-1,-9.909924304103E-1,0.E0));
#1970=VECTOR('',#1969,1.120089282156E0);
#1971=CARTESIAN_POINT('',(1.0225E1,6.21E0,4.E-1));
#1972=LINE('4644',#1971,#1970);
#1973=CARTESIAN_POINT('',(-5.889803687108E0,1.685E0,4.E-1));
#1974=DIRECTION('',(0.E0,0.E0,1.E0));
#1975=DIRECTION('',(0.E0,1.E0,0.E0));
#1976=AXIS2_PLACEMENT_3D('',#1973,#1974,#1975);
#1978=DIRECTION('',(1.736481776899E-1,-9.848077530082E-1,0.E0));
#1979=VECTOR('',#1978,3.218902359005E0);
#1980=CARTESIAN_POINT('',(-9.827879891414E0,9.906109128537E-1,4.E-1));
#1981=LINE('4603',#1980,#1979);
#1982=CARTESIAN_POINT('',(-5.330847158262E0,-1.485E0,4.E-1));
#1983=DIRECTION('',(0.E0,0.E0,1.E0));
#1984=DIRECTION('',(-9.848077530122E-1,-1.736481776669E-1,0.E0));
#1985=AXIS2_PLACEMENT_3D('',#1982,#1983,#1984);
#1987=DIRECTION('',(1.E0,5.944684789551E-12,0.E0));
#1988=VECTOR('',#1987,1.066169431577E1);
#1989=CARTESIAN_POINT('',(-5.330847157944E0,-5.483827377517E0,4.E-1));
#1990=LINE('4685',#1989,#1988);
#1991=CARTESIAN_POINT('',(5.330847158262E0,-1.485E0,4.E-1));
#1992=DIRECTION('',(0.E0,0.E0,1.E0));
#1993=DIRECTION('',(0.E0,-1.E0,0.E0));
#1994=AXIS2_PLACEMENT_3D('',#1991,#1992,#1993);
#1996=DIRECTION('',(1.736481776566E-1,9.848077530140E-1,0.E0));
#1997=VECTOR('',#1996,3.218902359055E0);
#1998=CARTESIAN_POINT('',(9.268923362654E0,-2.179389086597E0,4.E-1));
#1999=LINE('4633',#1998,#1997);
#2000=CARTESIAN_POINT('',(5.889803687108E0,1.685E0,4.E-1));
#2001=DIRECTION('',(0.E0,0.E0,1.E0));
#2002=DIRECTION('',(9.848077530122E-1,-1.736481776669E-1,0.E0));
#2003=AXIS2_PLACEMENT_3D('',#2000,#2001,#2002);
#2005=DIRECTION('',(-1.E0,-3.863780302290E-12,0.E0));
#2006=VECTOR('',#2005,1.177960737367E1);
#2007=CARTESIAN_POINT('',(5.889803686871E0,5.683827377529E0,4.E-1));
#2008=LINE('4682',#2007,#2006);
#2009=CARTESIAN_POINT('',(1.2495E1,0.E0,4.E-1));
#2010=DIRECTION('',(0.E0,0.E0,-1.E0));
#2011=DIRECTION('',(-1.E0,0.E0,0.E0));
#2012=AXIS2_PLACEMENT_3D('',#2009,#2010,#2011);
#2014=CARTESIAN_POINT('',(1.2495E1,0.E0,4.E-1));
#2015=DIRECTION('',(0.E0,0.E0,-1.E0));
#2016=DIRECTION('',(1.E0,0.E0,0.E0));
#2017=AXIS2_PLACEMENT_3D('',#2014,#2015,#2016);
#2019=CARTESIAN_POINT('',(-1.2495E1,0.E0,4.E-1));
#2020=DIRECTION('',(0.E0,0.E0,-1.E0));
#2021=DIRECTION('',(-1.E0,0.E0,0.E0));
#2022=AXIS2_PLACEMENT_3D('',#2019,#2020,#2021);
#2024=CARTESIAN_POINT('',(-1.2495E1,0.E0,4.E-1));
#2025=DIRECTION('',(0.E0,0.E0,-1.E0));
#2026=DIRECTION('',(1.E0,0.E0,0.E0));
#2027=AXIS2_PLACEMENT_3D('',#2024,#2025,#2026);
#2029=DIRECTION('',(0.E0,0.E0,1.E0));
#2030=VECTOR('',#2029,4.E-1);
#2031=CARTESIAN_POINT('',(1.2325E1,6.21E0,0.E0));
#2032=LINE('4654',#2031,#2030);
#2033=DIRECTION('',(0.E0,0.E0,1.E0));
#2034=VECTOR('',#2033,8.E-1);
#2035=CARTESIAN_POINT('',(1.3735E1,6.21E0,-4.E-1));
#2036=LINE('4982',#2035,#2034);
#2037=DIRECTION('',(0.E0,0.E0,-1.E0));
#2038=VECTOR('',#2037,4.E-1);
#2039=CARTESIAN_POINT('',(1.25E1,6.21E0,0.E0));
#2040=LINE('4923',#2039,#2038);
#2041=DIRECTION('',(0.E0,-1.665334536938E-14,1.E0));
#2042=VECTOR('',#2041,8.E-1);
#2043=CARTESIAN_POINT('',(1.5335E1,4.61E0,-4.E-1));
#2044=LINE('4981',#2043,#2042);
#2045=DIRECTION('',(0.E0,1.776356839400E-14,1.E0));
#2046=VECTOR('',#2045,8.E-1);
#2047=CARTESIAN_POINT('',(1.5335E1,-4.61E0,-4.E-1));
#2048=LINE('4980',#2047,#2046);
#2049=DIRECTION('',(0.E0,0.E0,1.E0));
#2050=VECTOR('',#2049,4.E-1);
#2051=CARTESIAN_POINT('',(1.2325E1,-6.21E0,0.E0));
#2052=LINE('4692',#2051,#2050);
#2053=DIRECTION('',(0.E0,0.E0,-1.E0));
#2054=VECTOR('',#2053,8.E-1);
#2055=CARTESIAN_POINT('',(1.3735E1,-6.21E0,4.E-1));
#2056=LINE('4984',#2055,#2054);
#2057=DIRECTION('',(0.E0,1.E0,0.E0));
#2058=VECTOR('',#2057,1.36E0);
#2059=CARTESIAN_POINT('',(1.25E1,-6.21E0,0.E0));
#2060=LINE('4895',#2059,#2058);
#2061=DIRECTION('',(0.E0,0.E0,-1.E0));
#2062=VECTOR('',#2061,4.E-1);
#2063=CARTESIAN_POINT('',(1.25E1,-6.21E0,0.E0));
#2064=LINE('4942',#2063,#2062);
#2065=DIRECTION('',(1.E0,0.E0,0.E0));
#2066=VECTOR('',#2065,3.25E-1);
#2067=CARTESIAN_POINT('',(9.9E0,-6.21E0,0.E0));
#2068=LINE('4948',#2067,#2066);
#2069=DIRECTION('',(-1.137604814572E-1,9.935082047264E-1,0.E0));
#2070=VECTOR('',#2069,1.318559820410E0);
#2071=CARTESIAN_POINT('',(1.0225E1,-6.21E0,0.E0));
#2072=LINE('4591',#2071,#2070);
#2073=DIRECTION('',(1.137604814572E-1,9.935082047264E-1,0.E0));
#2074=VECTOR('',#2073,1.318559820410E0);
#2075=CARTESIAN_POINT('',(1.2325E1,-6.21E0,0.E0));
#2076=LINE('4592',#2075,#2074);
#2077=DIRECTION('',(1.E0,0.E0,0.E0));
#2078=VECTOR('',#2077,1.75E-1);
#2079=CARTESIAN_POINT('',(1.2325E1,-6.21E0,0.E0));
#2080=LINE('4954',#2079,#2078);
#2081=DIRECTION('',(-1.E0,0.E0,0.E0));
#2082=VECTOR('',#2081,2.6E0);
#2083=CARTESIAN_POINT('',(1.25E1,-4.85E0,0.E0));
#2084=LINE('4896',#2083,#2082);
#2085=DIRECTION('',(0.E0,0.E0,-1.E0));
#2086=VECTOR('',#2085,4.E-1);
#2087=CARTESIAN_POINT('',(1.25E1,-4.85E0,0.E0));
#2088=LINE('4943',#2087,#2086);
#2089=DIRECTION('',(1.385134476533E-14,0.E0,1.E0));
#2090=VECTOR('',#2089,1.282443596268E-1);
#2091=CARTESIAN_POINT('',(1.2475E1,-4.85E0,-4.E-1));
#2092=LINE('4899',#2091,#2090);
#2093=DIRECTION('',(1.E0,0.E0,0.E0));
#2094=VECTOR('',#2093,2.4E0);
#2095=CARTESIAN_POINT('',(1.0075E1,-4.85E0,-2.717556403732E-1));
#2096=LINE('4897',#2095,#2094);
#2097=DIRECTION('',(0.E0,0.E0,1.E0));
#2098=VECTOR('',#2097,1.282443596268E-1);
#2099=CARTESIAN_POINT('',(1.0075E1,-4.85E0,-4.E-1));
#2100=LINE('4898',#2099,#2098);
#2101=CARTESIAN_POINT('',(1.2495E1,0.E0,-4.E-1));
#2102=DIRECTION('',(0.E0,0.E0,-1.E0));
#2103=DIRECTION('',(-1.E0,0.E0,0.E0));
#2104=AXIS2_PLACEMENT_3D('',#2101,#2102,#2103);
#2106=DIRECTION('',(-1.736481777129E-1,-9.848077530041E-1,0.E0));
#2107=VECTOR('',#2106,3.998864927872E0);
#2108=CARTESIAN_POINT('',(9.998008416206E0,1.226092592912E-1,-4.E-1));
#2109=LINE('5028',#2108,#2107);
#2110=CARTESIAN_POINT('',(6.436757586749E0,-3.31E0,-4.E-1));
#2111=DIRECTION('',(0.E0,0.E0,-1.E0));
#2112=DIRECTION('',(9.848077530122E-1,-1.736481776669E-1,0.E0));
#2113=AXIS2_PLACEMENT_3D('',#2110,#2111,#2112);
#2115=DIRECTION('',(-1.E0,0.E0,0.E0));
#2116=VECTOR('',#2115,3.209484493170E0);
#2117=CARTESIAN_POINT('',(9.9E0,-6.21E0,-4.E-1));
#2118=LINE('4172',#2117,#2116);
#2119=DIRECTION('',(0.E0,1.E0,0.E0));
#2120=VECTOR('',#2119,1.36E0);
#2121=CARTESIAN_POINT('',(9.9E0,-6.21E0,-4.E-1));
#2122=LINE('4338',#2121,#2120);
#2123=DIRECTION('',(-1.E0,0.E0,0.E0));
#2124=VECTOR('',#2123,1.75E-1);
#2125=CARTESIAN_POINT('',(1.0075E1,-4.85E0,-4.E-1));
#2126=LINE('4941',#2125,#2124);
#2127=DIRECTION('',(0.E0,-1.E0,0.E0));
#2128=VECTOR('',#2127,1.586447127434E-1);
#2129=CARTESIAN_POINT('',(1.0075E1,-4.691355287257E0,-4.E-1));
#2130=LINE('4854',#2129,#2128);
#2131=DIRECTION('',(1.E0,0.E0,0.E0));
#2132=VECTOR('',#2131,2.4E0);
#2133=CARTESIAN_POINT('',(1.0075E1,-4.691355287257E0,-4.E-1));
#2134=LINE('4853',#2133,#2132);
#2135=DIRECTION('',(0.E0,-1.E0,0.E0));
#2136=VECTOR('',#2135,1.586447127434E-1);
#2137=CARTESIAN_POINT('',(1.2475E1,-4.691355287257E0,-4.E-1));
#2138=LINE('4855',#2137,#2136);
#2139=DIRECTION('',(-1.E0,0.E0,0.E0));
#2140=VECTOR('',#2139,2.5E-2);
#2141=CARTESIAN_POINT('',(1.25E1,-4.85E0,-4.E-1));
#2142=LINE('4940',#2141,#2140);
#2143=DIRECTION('',(0.E0,1.E0,0.E0));
#2144=VECTOR('',#2143,1.36E0);
#2145=CARTESIAN_POINT('',(1.25E1,-6.21E0,-4.E-1));
#2146=LINE('4337',#2145,#2144);
#2147=DIRECTION('',(-1.E0,0.E0,0.E0));
#2148=VECTOR('',#2147,1.235E0);
#2149=CARTESIAN_POINT('',(1.3735E1,-6.21E0,-4.E-1));
#2150=LINE('4171',#2149,#2148);
#2151=CARTESIAN_POINT('',(1.3735E1,-4.61E0,-4.E-1));
#2152=DIRECTION('',(0.E0,0.E0,1.E0));
#2153=DIRECTION('',(0.E0,-1.E0,0.E0));
#2154=AXIS2_PLACEMENT_3D('',#2151,#2152,#2153);
#2156=DIRECTION('',(0.E0,-1.E0,0.E0));
#2157=VECTOR('',#2156,9.22E0);
#2158=CARTESIAN_POINT('',(1.5335E1,4.61E0,-4.E-1));
#2159=LINE('4169',#2158,#2157);
#2160=CARTESIAN_POINT('',(1.3735E1,4.61E0,-4.E-1));
#2161=DIRECTION('',(0.E0,0.E0,1.E0));
#2162=DIRECTION('',(1.E0,0.E0,0.E0));
#2163=AXIS2_PLACEMENT_3D('',#2160,#2161,#2162);
#2165=DIRECTION('',(1.E0,0.E0,0.E0));
#2166=VECTOR('',#2165,1.235E0);
#2167=CARTESIAN_POINT('',(1.25E1,6.21E0,-4.E-1));
#2168=LINE('4167',#2167,#2166);
#2169=DIRECTION('',(0.E0,-1.E0,0.E0));
#2170=VECTOR('',#2169,1.16E0);
#2171=CARTESIAN_POINT('',(1.25E1,6.21E0,-4.E-1));
#2172=LINE('4166',#2171,#2170);
#2173=DIRECTION('',(1.E0,3.552713678800E-14,0.E0));
#2174=VECTOR('',#2173,2.5E-2);
#2175=CARTESIAN_POINT('',(1.2475E1,5.05E0,-4.E-1));
#2176=LINE('4913',#2175,#2174);
#2177=DIRECTION('',(0.E0,1.E0,0.E0));
#2178=VECTOR('',#2177,1.586447127434E-1);
#2179=CARTESIAN_POINT('',(1.2475E1,4.891355287257E0,-4.E-1));
#2180=LINE('4852',#2179,#2178);
#2181=DIRECTION('',(-1.E0,0.E0,0.E0));
#2182=VECTOR('',#2181,2.273222765512E0);
#2183=CARTESIAN_POINT('',(1.2475E1,4.891355287257E0,-4.E-1));
#2184=LINE('4851',#2183,#2182);
#2185=CARTESIAN_POINT('',(7.639307595180E0,3.51E0,-4.E-1));
#2186=DIRECTION('',(0.E0,0.E0,-1.E0));
#2187=DIRECTION('',(8.802467415727E-1,4.745162525674E-1,0.E0));
#2188=AXIS2_PLACEMENT_3D('',#2185,#2186,#2187);
#2190=DIRECTION('',(-1.736481776280E-1,-9.848077530191E-1,0.E0));
#2191=VECTOR('',#2190,2.300641586003E0);
#2192=CARTESIAN_POINT('',(1.050616281689E1,3.004496073990E0,-4.E-1));
#2193=LINE('5027',#2192,#2191);
#2194=CARTESIAN_POINT('',(1.2495E1,0.E0,-4.E-1));
#2195=DIRECTION('',(0.E0,0.E0,-1.E0));
#2196=DIRECTION('',(-9.553357607565E-1,2.955225612704E-1,0.E0));
#2197=AXIS2_PLACEMENT_3D('',#2194,#2195,#2196);
#2199=CARTESIAN_POINT('',(1.2495E1,0.E0,-4.E-1));
#2200=DIRECTION('',(0.E0,0.E0,-1.E0));
#2201=DIRECTION('',(1.E0,0.E0,0.E0));
#2202=AXIS2_PLACEMENT_3D('',#2199,#2200,#2201);
#2204=CARTESIAN_POINT('',(1.2495E1,0.E0,-5.9E0));
#2205=DIRECTION('',(0.E0,0.E0,-1.E0));
#2206=DIRECTION('',(-1.E0,0.E0,0.E0));
#2207=AXIS2_PLACEMENT_3D('',#2204,#2205,#2206);
#2209=DIRECTION('',(0.E0,0.E0,1.E0));
#2210=VECTOR('',#2209,5.5E0);
#2211=CARTESIAN_POINT('',(1.4995E1,0.E0,-5.9E0));
#2212=LINE('5032',#2211,#2210);
#2213=CARTESIAN_POINT('',(1.2495E1,0.E0,-5.9E0));
#2214=DIRECTION('',(0.E0,0.E0,1.E0));
#2215=DIRECTION('',(-1.E0,0.E0,0.E0));
#2216=AXIS2_PLACEMENT_3D('',#2213,#2214,#2215);
#2218=DIRECTION('',(0.E0,0.E0,1.E0));
#2219=VECTOR('',#2218,5.5E0);
#2220=CARTESIAN_POINT('',(9.995E0,0.E0,-5.9E0));
#2221=LINE('5031',#2220,#2219);
#2222=CARTESIAN_POINT('',(1.2495E1,0.E0,-5.9E0));
#2223=DIRECTION('',(0.E0,0.E0,1.E0));
#2224=DIRECTION('',(-1.E0,0.E0,0.E0));
#2225=AXIS2_PLACEMENT_3D('',#2222,#2223,#2224);
#2227=CARTESIAN_POINT('',(1.2495E1,0.E0,-5.9E0));
#2228=DIRECTION('',(0.E0,0.E0,-1.E0));
#2229=DIRECTION('',(-1.E0,0.E0,0.E0));
#2230=AXIS2_PLACEMENT_3D('',#2227,#2228,#2229);
#2232=DIRECTION('',(0.E0,0.E0,-1.E0));
#2233=VECTOR('',#2232,6.55E0);
#2234=CARTESIAN_POINT('',(1.0855E1,0.E0,6.5E-1));
#2235=LINE('4985',#2234,#2233);
#2236=DIRECTION('',(0.E0,0.E0,-1.E0));
#2237=VECTOR('',#2236,6.55E0);
#2238=CARTESIAN_POINT('',(1.4135E1,0.E0,6.5E-1));
#2239=LINE('4987',#2238,#2237);
#2240=CARTESIAN_POINT('',(1.2495E1,0.E0,6.5E-1));
#2241=DIRECTION('',(0.E0,0.E0,1.E0));
#2242=DIRECTION('',(-1.E0,0.E0,0.E0));
#2243=AXIS2_PLACEMENT_3D('',#2240,#2241,#2242);
#2245=CARTESIAN_POINT('',(1.2495E1,0.E0,6.5E-1));
#2246=DIRECTION('',(0.E0,0.E0,-1.E0));
#2247=DIRECTION('',(-1.E0,0.E0,0.E0));
#2248=AXIS2_PLACEMENT_3D('',#2245,#2246,#2247);
#2250=CARTESIAN_POINT('',(1.2495E1,0.E0,7.5E-1));
#2251=DIRECTION('',(0.E0,0.E0,-1.E0));
#2252=DIRECTION('',(-1.E0,0.E0,0.E0));
#2253=AXIS2_PLACEMENT_3D('',#2250,#2251,#2252);
#2255=CARTESIAN_POINT('',(1.0755E1,0.E0,6.5E-1));
#2256=DIRECTION('',(0.E0,1.E0,0.E0));
#2257=DIRECTION('',(0.E0,0.E0,1.E0));
#2258=AXIS2_PLACEMENT_3D('',#2255,#2256,#2257);
#2260=CARTESIAN_POINT('',(1.4235E1,0.E0,6.5E-1));
#2261=DIRECTION('',(0.E0,-1.E0,0.E0));
#2262=DIRECTION('',(0.E0,0.E0,1.E0));
#2263=AXIS2_PLACEMENT_3D('',#2260,#2261,#2262);
#2265=CARTESIAN_POINT('',(1.2495E1,0.E0,7.5E-1));
#2266=DIRECTION('',(0.E0,0.E0,1.E0));
#2267=DIRECTION('',(-1.E0,0.E0,0.E0));
#2268=AXIS2_PLACEMENT_3D('',#2265,#2266,#2267);
#2270=CARTESIAN_POINT('',(1.2495E1,0.E0,7.5E-1));
#2271=DIRECTION('',(0.E0,0.E0,1.E0));
#2272=DIRECTION('',(-1.E0,0.E0,0.E0));
#2273=AXIS2_PLACEMENT_3D('',#2270,#2271,#2272);
#2275=CARTESIAN_POINT('',(1.2495E1,0.E0,7.5E-1));
#2276=DIRECTION('',(0.E0,0.E0,-1.E0));
#2277=DIRECTION('',(-1.E0,0.E0,0.E0));
#2278=AXIS2_PLACEMENT_3D('',#2275,#2276,#2277);
#2280=CARTESIAN_POINT('',(1.0245E1,0.E0,6.75E-1));
#2281=DIRECTION('',(0.E0,1.E0,0.E0));
#2282=DIRECTION('',(-1.E0,0.E0,0.E0));
#2283=AXIS2_PLACEMENT_3D('',#2280,#2281,#2282);
#2285=CARTESIAN_POINT('',(1.4745E1,0.E0,6.75E-1));
#2286=DIRECTION('',(0.E0,-1.E0,0.E0));
#2287=DIRECTION('',(1.E0,0.E0,0.E0));
#2288=AXIS2_PLACEMENT_3D('',#2285,#2286,#2287);
#2290=CARTESIAN_POINT('',(1.2495E1,0.E0,6.75E-1));
#2291=DIRECTION('',(0.E0,0.E0,1.E0));
#2292=DIRECTION('',(-1.E0,0.E0,0.E0));
#2293=AXIS2_PLACEMENT_3D('',#2290,#2291,#2292);
#2295=CARTESIAN_POINT('',(1.2495E1,0.E0,6.75E-1));
#2296=DIRECTION('',(0.E0,0.E0,-1.E0));
#2297=DIRECTION('',(-1.E0,0.E0,0.E0));
#2298=AXIS2_PLACEMENT_3D('',#2295,#2296,#2297);
#2300=CARTESIAN_POINT('',(1.2495E1,0.E0,6.25E-1));
#2301=DIRECTION('',(0.E0,0.E0,-1.E0));
#2302=DIRECTION('',(-1.E0,0.E0,0.E0));
#2303=AXIS2_PLACEMENT_3D('',#2300,#2301,#2302);
#2305=DIRECTION('',(0.E0,0.E0,1.E0));
#2306=VECTOR('',#2305,5.E-2);
#2307=CARTESIAN_POINT('',(1.017E1,0.E0,6.25E-1));
#2308=LINE('4997',#2307,#2306);
#2309=DIRECTION('',(0.E0,0.E0,1.E0));
#2310=VECTOR('',#2309,5.E-2);
#2311=CARTESIAN_POINT('',(1.482E1,0.E0,6.25E-1));
#2312=LINE('5002',#2311,#2310);
#2313=CARTESIAN_POINT('',(1.2495E1,0.E0,6.25E-1));
#2314=DIRECTION('',(0.E0,0.E0,1.E0));
#2315=DIRECTION('',(-1.E0,0.E0,0.E0));
#2316=AXIS2_PLACEMENT_3D('',#2313,#2314,#2315);
#2318=CARTESIAN_POINT('',(1.0245E1,0.E0,6.25E-1));
#2319=DIRECTION('',(0.E0,1.E0,0.E0));
#2320=DIRECTION('',(0.E0,0.E0,-1.E0));
#2321=AXIS2_PLACEMENT_3D('',#2318,#2319,#2320);
#2323=CARTESIAN_POINT('',(1.4745E1,0.E0,6.25E-1));
#2324=DIRECTION('',(0.E0,-1.E0,0.E0));
#2325=DIRECTION('',(0.E0,0.E0,-1.E0));
#2326=AXIS2_PLACEMENT_3D('',#2323,#2324,#2325);
#2328=CARTESIAN_POINT('',(1.2495E1,0.E0,5.5E-1));
#2329=DIRECTION('',(0.E0,0.E0,1.E0));
#2330=DIRECTION('',(-1.E0,0.E0,0.E0));
#2331=AXIS2_PLACEMENT_3D('',#2328,#2329,#2330);
#2333=CARTESIAN_POINT('',(1.2495E1,0.E0,5.5E-1));
#2334=DIRECTION('',(0.E0,0.E0,-1.E0));
#2335=DIRECTION('',(-1.E0,0.E0,0.E0));
#2336=AXIS2_PLACEMENT_3D('',#2333,#2334,#2335);
#2338=CARTESIAN_POINT('',(1.2495E1,0.E0,5.5E-1));
#2339=DIRECTION('',(0.E0,0.E0,1.E0));
#2340=DIRECTION('',(-1.E0,0.E0,0.E0));
#2341=AXIS2_PLACEMENT_3D('',#2338,#2339,#2340);
#2343=CARTESIAN_POINT('',(1.2495E1,0.E0,5.5E-1));
#2344=DIRECTION('',(0.E0,0.E0,-1.E0));
#2345=DIRECTION('',(-1.E0,0.E0,0.E0));
#2346=AXIS2_PLACEMENT_3D('',#2343,#2344,#2345);
#2348=CARTESIAN_POINT('',(1.0595E1,0.E0,5.E-1));
#2349=DIRECTION('',(0.E0,-1.E0,0.E0));
#2350=DIRECTION('',(1.E0,0.E0,0.E0));
#2351=AXIS2_PLACEMENT_3D('',#2348,#2349,#2350);
#2353=CARTESIAN_POINT('',(1.4395E1,0.E0,5.E-1));
#2354=DIRECTION('',(0.E0,1.E0,0.E0));
#2355=DIRECTION('',(-1.E0,0.E0,0.E0));
#2356=AXIS2_PLACEMENT_3D('',#2353,#2354,#2355);
#2358=CARTESIAN_POINT('',(1.2495E1,0.E0,5.E-1));
#2359=DIRECTION('',(0.E0,0.E0,1.E0));
#2360=DIRECTION('',(-1.E0,0.E0,0.E0));
#2361=AXIS2_PLACEMENT_3D('',#2358,#2359,#2360);
#2363=CARTESIAN_POINT('',(1.2495E1,0.E0,5.E-1));
#2364=DIRECTION('',(0.E0,0.E0,-1.E0));
#2365=DIRECTION('',(-1.E0,0.E0,0.E0));
#2366=AXIS2_PLACEMENT_3D('',#2363,#2364,#2365);
#2368=CARTESIAN_POINT('',(1.2495E1,0.E0,-4.E-1));
#2369=DIRECTION('',(0.E0,0.E0,-1.E0));
#2370=DIRECTION('',(-1.E0,0.E0,0.E0));
#2371=AXIS2_PLACEMENT_3D('',#2368,#2369,#2370);
#2373=DIRECTION('',(0.E0,0.E0,1.E0));
#2374=VECTOR('',#2373,9.E-1);
#2375=CARTESIAN_POINT('',(1.0645E1,0.E0,-4.E-1));
#2376=LINE('4986',#2375,#2374);
#2377=DIRECTION('',(0.E0,0.E0,1.E0));
#2378=VECTOR('',#2377,9.E-1);
#2379=CARTESIAN_POINT('',(1.4345E1,0.E0,-4.E-1));
#2380=LINE('4988',#2379,#2378);
#2381=CARTESIAN_POINT('',(1.2495E1,0.E0,-4.E-1));
#2382=DIRECTION('',(0.E0,0.E0,1.E0));
#2383=DIRECTION('',(-1.E0,0.E0,0.E0));
#2384=AXIS2_PLACEMENT_3D('',#2381,#2382,#2383);
#2386=CARTESIAN_POINT('',(1.2495E1,0.E0,-4.E-1));
#2387=DIRECTION('',(0.E0,0.E0,1.E0));
#2388=DIRECTION('',(1.E0,0.E0,0.E0));
#2389=AXIS2_PLACEMENT_3D('',#2386,#2387,#2388);
#2391=CARTESIAN_POINT('',(1.2495E1,0.E0,0.E0));
#2392=DIRECTION('',(0.E0,0.E0,1.E0));
#2393=DIRECTION('',(1.E0,0.E0,0.E0));
#2394=AXIS2_PLACEMENT_3D('',#2391,#2392,#2393);
#2396=DIRECTION('',(0.E0,0.E0,-1.E0));
#2397=VECTOR('',#2396,4.E-1);
#2398=CARTESIAN_POINT('',(1.4545E1,0.E0,0.E0));
#2399=LINE('5030',#2398,#2397);
#2400=CARTESIAN_POINT('',(1.2495E1,0.E0,-4.E-1));
#2401=DIRECTION('',(0.E0,0.E0,1.E0));
#2402=DIRECTION('',(-1.E0,0.E0,0.E0));
#2403=AXIS2_PLACEMENT_3D('',#2400,#2401,#2402);
#2405=CARTESIAN_POINT('',(1.2495E1,0.E0,0.E0));
#2406=DIRECTION('',(0.E0,0.E0,1.E0));
#2407=DIRECTION('',(-1.E0,0.E0,0.E0));
#2408=AXIS2_PLACEMENT_3D('',#2405,#2406,#2407);
#2410=DIRECTION('',(0.E0,0.E0,-1.E0));
#2411=VECTOR('',#2410,4.E-1);
#2412=CARTESIAN_POINT('',(1.0445E1,0.E0,0.E0));
#2413=LINE('5029',#2412,#2411);
#2414=CARTESIAN_POINT('',(1.2495E1,0.E0,0.E0));
#2415=DIRECTION('',(0.E0,0.E0,-1.E0));
#2416=DIRECTION('',(-1.E0,0.E0,0.E0));
#2417=AXIS2_PLACEMENT_3D('',#2414,#2415,#2416);
#2419=CARTESIAN_POINT('',(1.2495E1,0.E0,0.E0));
#2420=DIRECTION('',(0.E0,0.E0,-1.E0));
#2421=DIRECTION('',(1.E0,0.E0,0.E0));
#2422=AXIS2_PLACEMENT_3D('',#2419,#2420,#2421);
#2424=DIRECTION('',(0.E0,0.E0,1.E0));
#2425=VECTOR('',#2424,4.E-1);
#2426=CARTESIAN_POINT('',(1.0545E1,0.E0,0.E0));
#2427=LINE('4659',#2426,#2425);
#2428=DIRECTION('',(0.E0,0.E0,1.E0));
#2429=VECTOR('',#2428,4.E-1);
#2430=CARTESIAN_POINT('',(1.4445E1,0.E0,0.E0));
#2431=LINE('4658',#2430,#2429);
#2432=CARTESIAN_POINT('',(9.998008416206E0,1.226092592912E-1,-4.E-1));
#2433=CARTESIAN_POINT('',(1.000143374033E1,1.923674941784E-1,-4.E-1));
#2434=CARTESIAN_POINT('',(1.001407164586E1,3.310337017112E-1,
-4.002542195365E-1));
#2435=CARTESIAN_POINT('',(1.005046973881E1,5.374575445360E-1,
-4.002542195365E-1));
#2436=CARTESIAN_POINT('',(1.008602062842E1,6.720835747657E-1,-4.E-1));
#2437=CARTESIAN_POINT('',(1.010666059811E1,7.388064031761E-1,-4.E-1));
#2439=CARTESIAN_POINT('',(1.050616281709E1,3.004496074592E0,-1.2E0));
#2440=DIRECTION('',(-1.736481776669E-1,-9.848077530122E-1,0.E0));
#2441=DIRECTION('',(0.E0,0.E0,1.E0));
#2442=AXIS2_PLACEMENT_3D('',#2439,#2440,#2441);
#2444=CARTESIAN_POINT('',(1.020177723449E1,4.891355287257E0,-4.E-1));
#2445=CARTESIAN_POINT('',(1.019226351036E1,4.891355287257E0,-4.E-1));
#2446=CARTESIAN_POINT('',(1.017404579959E1,4.890649378011E0,
-4.002632758414E-1));
#2447=CARTESIAN_POINT('',(1.014916859119E1,4.887724487354E0,
-4.013315577553E-1));
#2448=CARTESIAN_POINT('',(1.012667885630E1,4.883071502942E0,
-4.029642146325E-1));
#2449=CARTESIAN_POINT('',(1.010674890795E1,4.876795673562E0,
-4.050387822078E-1));
#2450=CARTESIAN_POINT('',(1.008943913778E1,4.868954242029E0,
-4.074318259763E-1));
#2451=CARTESIAN_POINT('',(1.007950483741E1,4.862508410080E0,
-4.092022064774E-1));
#2452=CARTESIAN_POINT('',(1.0075E1,4.858928988032E0,-4.101132290765E-1));
#2454=CARTESIAN_POINT('',(1.0075E1,4.858928988032E0,-4.101132290765E-1));
#2455=CARTESIAN_POINT('',(1.0075E1,4.892787700540E0,-4.074798703187E-1));
#2456=CARTESIAN_POINT('',(1.0075E1,4.959634865876E0,-4.031790736224E-1));
#2457=CARTESIAN_POINT('',(1.0075E1,5.024757701983E0,-4.009662361441E-1));
#2458=CARTESIAN_POINT('',(1.0075E1,5.056887460274E0,-4.004127217834E-1));
#2460=CARTESIAN_POINT('',(1.0075E1,5.056887460274E0,-4.004127217834E-1));
#2461=CARTESIAN_POINT('',(1.006030379867E1,5.059829106069E0,
-4.007607143346E-1));
#2462=CARTESIAN_POINT('',(1.001882232666E1,5.068216831575E0,
-4.023515761823E-1));
#2463=CARTESIAN_POINT('',(9.976198047433E0,5.077083097644E0,
-4.057118254123E-1));
#2464=CARTESIAN_POINT('',(9.948402110575E0,5.082971867436E0,
-4.086212243189E-1));
#2466=CARTESIAN_POINT('',(9.948402110575E0,5.082971867436E0,
-4.086212243189E-1));
#2467=CARTESIAN_POINT('',(9.940240451459E0,5.127917594216E0,
-4.058743651623E-1));
#2468=CARTESIAN_POINT('',(9.923945226934E0,5.216354727170E0,
-4.015580768784E-1));
#2469=CARTESIAN_POINT('',(9.907909943923E0,5.301944700270E0,-4.E-1));
#2470=CARTESIAN_POINT('',(9.9E0,5.344029152657E0,-4.E-1));
#2472=CARTESIAN_POINT('',(8.727605845663E0,6.21E0,-4.E-1));
#2473=CARTESIAN_POINT('',(8.671873179940E0,6.216756326737E0,-4.E-1));
#2474=CARTESIAN_POINT('',(8.559342628360E0,6.229628711830E0,
-4.007933838369E-1));
#2475=CARTESIAN_POINT('',(8.387077037693E0,6.246563535347E0,
-4.034102118902E-1));
#2476=CARTESIAN_POINT('',(8.210020409601E0,6.260731736476E0,
-4.066198854572E-1));
#2477=CARTESIAN_POINT('',(8.026941949135E0,6.271632380920E0,
-4.096758338556E-1));
#2478=CARTESIAN_POINT('',(7.837517479195E0,6.278657931395E0,
-4.119019613065E-1));
#2479=CARTESIAN_POINT('',(7.706287550030E0,6.280360361584E0,
-4.124736969021E-1));
#2480=CARTESIAN_POINT('',(7.639307595180E0,6.280360361584E0,
-4.124736969021E-1));
#2482=CARTESIAN_POINT('',(7.639307595180E0,6.421081084753E0,-1.2E0));
#2483=DIRECTION('',(1.E0,0.E0,0.E0));
#2484=DIRECTION('',(0.E0,-1.759009039604E-1,9.844078788723E-1));
#2485=AXIS2_PLACEMENT_3D('',#2482,#2483,#2484);
#2487=CARTESIAN_POINT('',(7.639307595180E0,3.51E0,-4.2E-1));
#2488=DIRECTION('',(0.E0,0.E0,1.E0));
#2489=DIRECTION('',(9.037544346028E-1,4.280513075974E-1,0.E0));
#2490=AXIS2_PLACEMENT_3D('',#2487,#2488,#2489);
#2492=CARTESIAN_POINT('',(1.010955513261E1,4.68E0,-4.2E-1));
#2493=CARTESIAN_POINT('',(1.010377938875E1,4.68E0,-4.211896173921E-1));
#2494=CARTESIAN_POINT('',(1.009224443021E1,4.68E0,-4.236741466615E-1));
#2495=CARTESIAN_POINT('',(1.008074259631E1,4.68E0,-4.263696378181E-1));
#2496=CARTESIAN_POINT('',(1.0075E1,4.68E0,-4.277702772713E-1));
#2498=CARTESIAN_POINT('',(1.0075E1,4.68E0,-4.277702772713E-1));
#2499=CARTESIAN_POINT('',(1.0075E1,4.691743110922E0,-4.263944476659E-1));
#2500=CARTESIAN_POINT('',(1.0075E1,4.715207854124E0,-4.237194466433E-1));
#2501=CARTESIAN_POINT('',(1.0075E1,4.738631177894E0,-4.212101590558E-1));
#2502=CARTESIAN_POINT('',(1.0075E1,4.750332780053E0,-4.2E-1));
#2504=CARTESIAN_POINT('',(1.2475E1,4.78E0,-1.E-1));
#2505=DIRECTION('',(-1.E0,0.E0,0.E0));
#2506=DIRECTION('',(0.E0,1.E0,0.E0));
#2507=AXIS2_PLACEMENT_3D('',#2504,#2505,#2506);
#2509=CARTESIAN_POINT('',(1.2475E1,4.78E0,-1.E-1));
#2510=DIRECTION('',(-1.E0,0.E0,0.E0));
#2511=DIRECTION('',(0.E0,1.E0,0.E0));
#2512=AXIS2_PLACEMENT_3D('',#2509,#2510,#2511);
#2514=DIRECTION('',(0.E0,0.E0,1.E0));
#2515=VECTOR('',#2514,4.E-1);
#2516=CARTESIAN_POINT('',(1.2475E1,4.78E0,-8.2E-1));
#2517=LINE('4751',#2516,#2515);
#2518=CARTESIAN_POINT('',(1.2475E1,4.78E0,-1.E-1));
#2519=DIRECTION('',(-1.E0,0.E0,0.E0));
#2520=DIRECTION('',(0.E0,3.479852726770E-1,-9.374999999999E-1));
#2521=AXIS2_PLACEMENT_3D('',#2518,#2519,#2520);
#2523=DIRECTION('',(1.E0,0.E0,0.E0));
#2524=VECTOR('',#2523,2.390309219562E0);
#2525=CARTESIAN_POINT('',(1.010969078044E1,5.05E0,0.E0));
#2526=LINE('4871',#2525,#2524);
#2527=DIRECTION('',(-1.307319205563E-14,0.E0,-1.E0));
#2528=VECTOR('',#2527,2.717556403732E-1);
#2529=CARTESIAN_POINT('',(1.010969078044E1,5.05E0,0.E0));
#2530=LINE('4922',#2529,#2528);
#2531=DIRECTION('',(-1.E0,0.E0,0.E0));
#2532=VECTOR('',#2531,2.365309219562E0);
#2533=CARTESIAN_POINT('',(1.2475E1,5.05E0,-2.717556403732E-1));
#2534=LINE('4872',#2533,#2532);
#2535=DIRECTION('',(0.E0,0.E0,1.E0));
#2536=VECTOR('',#2535,1.282443596268E-1);
#2537=CARTESIAN_POINT('',(1.2475E1,5.05E0,-4.E-1));
#2538=LINE('4873',#2537,#2536);
#2539=CARTESIAN_POINT('',(1.0075E1,5.054118443696E0,-2.651032368718E-1));
#2540=CARTESIAN_POINT('',(1.008087540803E1,5.053438459260E0,
-2.662322048979E-1));
#2541=CARTESIAN_POINT('',(1.009253200184E1,5.052070285581E0,
-2.684721687625E-1));
#2542=CARTESIAN_POINT('',(1.010400199925E1,5.050691054483E0,
-2.706693021892E-1));
#2543=CARTESIAN_POINT('',(1.010969078044E1,5.05E0,-2.717556403732E-1));
#2545=DIRECTION('',(1.210052764384E-1,8.242966859087E-2,-9.892234696013E-1));
#2546=VECTOR('',#2545,4.E-1);
#2547=CARTESIAN_POINT('',(9.9E0,5.05E0,-1.293183647842E-2));
#2548=LINE('4246',#2547,#2546);
#2549=CARTESIAN_POINT('',(1.0075E1,5.056887460274E0,-4.004127217834E-1));
#2550=CARTESIAN_POINT('',(1.0075E1,5.056380495665E0,-3.780229178883E-1));
#2551=CARTESIAN_POINT('',(1.0075E1,5.055416316128E0,-3.330814323192E-1));
#2552=CARTESIAN_POINT('',(1.0075E1,5.054538498067E0,-2.878165118641E-1));
#2553=CARTESIAN_POINT('',(1.0075E1,5.054118443696E0,-2.651032368718E-1));
#2555=DIRECTION('',(-1.E0,0.E0,0.E0));
#2556=VECTOR('',#2555,2.4E0);
#2557=CARTESIAN_POINT('',(1.2475E1,5.1E0,-1.E-1));
#2558=LINE('4749',#2557,#2556);
#2559=CARTESIAN_POINT('',(1.0075E1,4.78E0,-1.E-1));
#2560=DIRECTION('',(-1.E0,0.E0,0.E0));
#2561=DIRECTION('',(0.E0,2.466530875998E-1,-9.691038408641E-1));
#2562=AXIS2_PLACEMENT_3D('',#2559,#2560,#2561);
#2564=CARTESIAN_POINT('',(1.0075E1,4.78E0,-1.E-1));
#2565=DIRECTION('',(-1.E0,0.E0,0.E0));
#2566=DIRECTION('',(0.E0,1.E0,0.E0));
#2567=AXIS2_PLACEMENT_3D('',#2564,#2565,#2566);
#2569=DIRECTION('',(0.E0,-1.E0,0.E0));
#2570=VECTOR('',#2569,4.E-1);
#2571=CARTESIAN_POINT('',(1.0075E1,5.5E0,-1.E-1));
#2572=LINE('4755',#2571,#2570);
#2573=CARTESIAN_POINT('',(1.0075E1,4.78E0,-1.E-1));
#2574=DIRECTION('',(-1.E0,0.E0,0.E0));
#2575=DIRECTION('',(0.E0,1.E0,0.E0));
#2576=AXIS2_PLACEMENT_3D('',#2573,#2574,#2575);
#2578=DIRECTION('',(0.E0,-1.E0,0.E0));
#2579=VECTOR('',#2578,1.E-1);
#2580=CARTESIAN_POINT('',(1.0075E1,4.78E0,-8.2E-1));
#2581=LINE('4740',#2580,#2579);
#2582=DIRECTION('',(0.E0,0.E0,1.E0));
#2583=VECTOR('',#2582,4.E-1);
#2584=CARTESIAN_POINT('',(1.0075E1,4.78E0,-8.2E-1));
#2585=LINE('4753',#2584,#2583);
#2586=DIRECTION('',(5.987608015117E-14,-1.E0,2.993804007559E-14));
#2587=VECTOR('',#2586,2.966721994685E-2);
#2588=CARTESIAN_POINT('',(1.0075E1,4.78E0,-4.2E-1));
#2589=LINE('4959',#2588,#2587);
#2590=DIRECTION('',(-1.E0,0.E0,0.E0));
#2591=VECTOR('',#2590,2.365444867391E0);
#2592=CARTESIAN_POINT('',(1.2475E1,4.68E0,-4.2E-1));
#2593=LINE('4960',#2592,#2591);
#2594=DIRECTION('',(-1.E0,0.E0,0.E0));
#2595=VECTOR('',#2594,2.4E0);
#2596=CARTESIAN_POINT('',(1.2475E1,4.68E0,-8.2E-1));
#2597=LINE('4745',#2596,#2595);
#2598=DIRECTION('',(0.E0,0.E0,1.E0));
#2599=VECTOR('',#2598,3.922297227287E-1);
#2600=CARTESIAN_POINT('',(1.0075E1,4.68E0,-8.2E-1));
#2601=LINE('4961',#2600,#2599);
#2602=DIRECTION('',(-1.E0,0.E0,0.E0));
#2603=VECTOR('',#2602,2.4E0);
#2604=CARTESIAN_POINT('',(1.2475E1,4.78E0,-4.2E-1));
#2605=LINE('4750',#2604,#2603);
#2606=DIRECTION('',(0.E0,-1.E0,0.E0));
#2607=VECTOR('',#2606,1.E-1);
#2608=CARTESIAN_POINT('',(1.2475E1,4.78E0,-8.2E-1));
#2609=LINE('4736',#2608,#2607);
#2610=DIRECTION('',(0.E0,0.E0,1.E0));
#2611=VECTOR('',#2610,4.E-1);
#2612=CARTESIAN_POINT('',(1.2475E1,4.68E0,-8.2E-1));
#2613=LINE('4752',#2612,#2611);
#2614=DIRECTION('',(0.E0,-1.E0,0.E0));
#2615=VECTOR('',#2614,1.E-1);
#2616=CARTESIAN_POINT('',(1.2475E1,4.78E0,-4.2E-1));
#2617=LINE('4747',#2616,#2615);
#2618=DIRECTION('',(-1.E0,0.E0,0.E0));
#2619=VECTOR('',#2618,2.4E0);
#2620=CARTESIAN_POINT('',(1.2475E1,4.78E0,-8.2E-1));
#2621=LINE('4744',#2620,#2619);
#2622=DIRECTION('',(-1.E0,0.E0,0.E0));
#2623=VECTOR('',#2622,2.4E0);
#2624=CARTESIAN_POINT('',(1.2475E1,5.5E0,-1.E-1));
#2625=LINE('4743',#2624,#2623);
#2626=DIRECTION('',(-1.E0,0.E0,0.E0));
#2627=VECTOR('',#2626,2.4E0);
#2628=CARTESIAN_POINT('',(1.2475E1,5.5E0,0.E0));
#2629=LINE('4742',#2628,#2627);
#2630=DIRECTION('',(0.E0,0.E0,-1.E0));
#2631=VECTOR('',#2630,1.E-1);
#2632=CARTESIAN_POINT('',(1.2475E1,5.5E0,0.E0));
#2633=LINE('4734',#2632,#2631);
#2634=DIRECTION('',(0.E0,-1.E0,0.E0));
#2635=VECTOR('',#2634,4.E-1);
#2636=CARTESIAN_POINT('',(1.2475E1,5.5E0,-1.E-1));
#2637=LINE('4754',#2636,#2635);
#2638=DIRECTION('',(0.E0,0.E0,-1.E0));
#2639=VECTOR('',#2638,1.E-1);
#2640=CARTESIAN_POINT('',(1.2475E1,5.1E0,0.E0));
#2641=LINE('4746',#2640,#2639);
#2642=DIRECTION('',(-1.E0,0.E0,0.E0));
#2643=VECTOR('',#2642,2.4E0);
#2644=CARTESIAN_POINT('',(1.2475E1,5.1E0,0.E0));
#2645=LINE('4812',#2644,#2643);
#2646=DIRECTION('',(-1.776356839400E-14,0.E0,-1.E0));
#2647=VECTOR('',#2646,1.E-1);
#2648=CARTESIAN_POINT('',(1.0075E1,5.5E0,0.E0));
#2649=LINE('4738',#2648,#2647);
#2650=DIRECTION('',(0.E0,-1.E0,0.E0));
#2651=VECTOR('',#2650,4.E-1);
#2652=CARTESIAN_POINT('',(1.0075E1,5.5E0,0.E0));
#2653=LINE('4757',#2652,#2651);
#2654=DIRECTION('',(-3.552713678801E-14,0.E0,-1.E0));
#2655=VECTOR('',#2654,1.E-1);
#2656=CARTESIAN_POINT('',(1.0075E1,5.1E0,0.E0));
#2657=LINE('4748',#2656,#2655);
#2658=CARTESIAN_POINT('',(1.0075E1,5.1E0,0.E0));
#2659=DIRECTION('',(-1.E0,0.E0,0.E0));
#2660=DIRECTION('',(0.E0,0.E0,1.E0));
#2661=AXIS2_PLACEMENT_3D('',#2658,#2659,#2660);
#2663=DIRECTION('',(-1.E0,0.E0,0.E0));
#2664=VECTOR('',#2663,2.4E0);
#2665=CARTESIAN_POINT('',(1.2475E1,5.1E0,4.E-1));
#2666=LINE('4741',#2665,#2664);
#2667=DIRECTION('',(0.E0,0.E0,1.E0));
#2668=VECTOR('',#2667,4.E-1);
#2669=CARTESIAN_POINT('',(1.2475E1,5.1E0,0.E0));
#2670=LINE('4653',#2669,#2668);
#2671=CARTESIAN_POINT('',(1.2475E1,5.1E0,0.E0));
#2672=DIRECTION('',(-1.E0,0.E0,0.E0));
#2673=DIRECTION('',(0.E0,0.E0,1.E0));
#2674=AXIS2_PLACEMENT_3D('',#2671,#2672,#2673);
#2676=DIRECTION('',(0.E0,-1.E0,0.E0));
#2677=VECTOR('',#2676,4.E-1);
#2678=CARTESIAN_POINT('',(1.2475E1,5.5E0,0.E0));
#2679=LINE('4756',#2678,#2677);
#2680=DIRECTION('',(0.E0,0.E0,1.E0));
#2681=VECTOR('',#2680,4.E-1);
#2682=CARTESIAN_POINT('',(1.0075E1,5.1E0,0.E0));
#2683=LINE('4652',#2682,#2681);
#2684=DIRECTION('',(0.E0,0.E0,-1.E0));
#2685=VECTOR('',#2684,4.E-1);
#2686=CARTESIAN_POINT('',(9.9E0,5.344029152657E0,0.E0));
#2687=LINE('4926',#2686,#2685);
#2688=DIRECTION('',(0.E0,-1.E0,0.E0));
#2689=VECTOR('',#2688,8.659708473432E-1);
#2690=CARTESIAN_POINT('',(9.9E0,6.21E0,0.E0));
#2691=LINE('4894',#2690,#2689);
#2692=DIRECTION('',(0.E0,0.E0,-1.E0));
#2693=VECTOR('',#2692,4.E-1);
#2694=CARTESIAN_POINT('',(9.9E0,6.21E0,0.E0));
#2695=LINE('4939',#2694,#2693);
#2696=DIRECTION('',(0.E0,-1.E0,0.E0));
#2697=VECTOR('',#2696,8.659708473432E-1);
#2698=CARTESIAN_POINT('',(9.9E0,6.21E0,-4.E-1));
#2699=LINE('4242',#2698,#2697);
#2700=DIRECTION('',(1.E0,0.E0,0.E0));
#2701=VECTOR('',#2700,1.172394154337E0);
#2702=CARTESIAN_POINT('',(8.727605845663E0,6.21E0,-4.E-1));
#2703=LINE('4243',#2702,#2701);
#2704=CARTESIAN_POINT('',(7.639307595180E0,3.51E0,-4.E-1));
#2705=DIRECTION('',(0.E0,0.E0,-1.E0));
#2706=DIRECTION('',(3.738467664755E-1,9.274904825365E-1,0.E0));
#2707=AXIS2_PLACEMENT_3D('',#2704,#2705,#2706);
#2709=DIRECTION('',(0.E0,-1.E0,0.E0));
#2710=VECTOR('',#2709,1.16E0);
#2711=CARTESIAN_POINT('',(1.25E1,6.21E0,0.E0));
#2712=LINE('4874',#2711,#2710);
#2713=DIRECTION('',(0.E0,0.E0,-1.E0));
#2714=VECTOR('',#2713,4.E-1);
#2715=CARTESIAN_POINT('',(1.25E1,5.05E0,0.E0));
#2716=LINE('4921',#2715,#2714);
#2717=CARTESIAN_POINT('',(7.639307595180E0,3.51E0,-1.172080402638E0));
#2718=DIRECTION('',(0.E0,0.E0,-1.E0));
#2719=DIRECTION('',(0.E0,1.E0,0.E0));
#2720=AXIS2_PLACEMENT_3D('',#2717,#2718,#2719);
#2722=CARTESIAN_POINT('',(7.639307595180E0,3.51E0,-3.201879396043E0));
#2723=DIRECTION('',(0.E0,0.E0,-1.E0));
#2724=DIRECTION('',(0.E0,1.E0,0.E0));
#2725=AXIS2_PLACEMENT_3D('',#2722,#2723,#2724);
#2727=DIRECTION('',(-3.436929508629E-2,6.060233110971E-3,-9.993908270191E-1));
#2728=VECTOR('',#2727,2.031036245826E0);
#2729=CARTESIAN_POINT('',(9.718796549194E0,3.143329990689E0,-1.172080402636E0));
#2730=LINE('4194',#2729,#2728);
#2731=DIRECTION('',(1.E0,1.046378310904E-14,2.970842421041E-13));
#2732=VECTOR('',#2731,1.527861518918E1);
#2733=CARTESIAN_POINT('',(-7.639307594557E0,5.621568423137E0,
-1.172080402636E0));
#2734=LINE('4187',#2733,#2732);
#2735=DIRECTION('',(1.E0,-4.359909629951E-14,-1.246876022038E-12));
#2736=VECTOR('',#2735,1.527861518503E1);
#2737=CARTESIAN_POINT('',(-7.639307592715E0,5.550686280373E0,
-3.201879396058E0));
#2738=LINE('4189',#2737,#2736);
#2739=DIRECTION('',(-1.139537502660E-9,-3.489949670250E-2,-9.993908270191E-1));
#2740=VECTOR('',#2739,2.031036245850E0);
#2741=CARTESIAN_POINT('',(7.639307594625E0,5.621568423137E0,-1.172080402631E0));
#2742=LINE('4188',#2741,#2740);
#2743=CARTESIAN_POINT('',(-7.639307595180E0,3.51E0,-1.172080402638E0));
#2744=DIRECTION('',(0.E0,0.E0,-1.E0));
#2745=DIRECTION('',(-9.848077530122E-1,-1.736481776669E-1,0.E0));
#2746=AXIS2_PLACEMENT_3D('',#2743,#2744,#2745);
#2748=CARTESIAN_POINT('',(-7.639307595180E0,3.51E0,-3.201879396043E0));
#2749=DIRECTION('',(0.E0,0.E0,-1.E0));
#2750=DIRECTION('',(-9.848077530122E-1,-1.736481776669E-1,0.E0));
#2751=AXIS2_PLACEMENT_3D('',#2748,#2749,#2750);
#2753=DIRECTION('',(9.066779819836E-10,-3.489949670250E-2,-9.993908270191E-1));
#2754=VECTOR('',#2753,2.031036245826E0);
#2755=CARTESIAN_POINT('',(-7.639307594557E0,5.621568423137E0,
-1.172080402636E0));
#2756=LINE('4181',#2755,#2754);
#2757=DIRECTION('',(-1.736481776670E-1,9.848077530122E-1,6.076623902204E-13));
#2758=VECTOR('',#2757,6.925209491759E0);
#2759=CARTESIAN_POINT('',(-8.516246541E0,-3.676670007962E0,-1.172080402636E0));
#2760=LINE('4184',#2759,#2758);
#2761=DIRECTION('',(-1.736481776668E-1,9.848077530122E-1,-3.216968286501E-12));
#2762=VECTOR('',#2761,6.925209488331E0);
#2763=CARTESIAN_POINT('',(-8.446441257449E0,-3.664361451946E0,
-3.201879396055E0));
#2764=LINE('4185',#2763,#2762);
#2765=DIRECTION('',(3.436929512673E-2,6.060232881622E-3,-9.993908270191E-1));
#2766=VECTOR('',#2765,2.031036245850E0);
#2767=CARTESIAN_POINT('',(-9.718796549205E0,3.143329990756E0,
-1.172080402631E0));
#2768=LINE('4183',#2767,#2766);
#2769=CARTESIAN_POINT('',(-1.010666059811E1,7.388064031761E-1,-4.E-1));
#2770=CARTESIAN_POINT('',(-1.008602062842E1,6.720835747657E-1,-4.E-1));
#2771=CARTESIAN_POINT('',(-1.005046973881E1,5.374575445360E-1,
-4.002542195365E-1));
#2772=CARTESIAN_POINT('',(-1.001407164586E1,3.310337017112E-1,
-4.002542195365E-1));
#2773=CARTESIAN_POINT('',(-1.000143374033E1,1.923674941785E-1,-4.E-1));
#2774=CARTESIAN_POINT('',(-9.998008416206E0,1.226092592912E-1,-4.E-1));
#2776=CARTESIAN_POINT('',(-9.303612808660E0,-3.815503925408E0,-1.2E0));
#2777=DIRECTION('',(-1.736481776669E-1,9.848077530122E-1,0.E0));
#2778=DIRECTION('',(0.E0,0.E0,1.E0));
#2779=AXIS2_PLACEMENT_3D('',#2776,#2777,#2778);
#2781=CARTESIAN_POINT('',(-1.2495E1,0.E0,-5.9E0));
#2782=DIRECTION('',(0.E0,0.E0,-1.E0));
#2783=DIRECTION('',(-1.E0,0.E0,0.E0));
#2784=AXIS2_PLACEMENT_3D('',#2781,#2782,#2783);
#2786=CARTESIAN_POINT('',(-1.2495E1,0.E0,-4.E-1));
#2787=DIRECTION('',(0.E0,0.E0,-1.E0));
#2788=DIRECTION('',(-1.E0,0.E0,0.E0));
#2789=AXIS2_PLACEMENT_3D('',#2786,#2787,#2788);
#2791=DIRECTION('',(-1.736481776E-1,9.848077530240E-1,0.E0));
#2792=VECTOR('',#2791,2.300641586267E0);
#2793=CARTESIAN_POINT('',(-1.010666059811E1,7.388064031761E-1,-4.E-1));
#2794=LINE('5076',#2793,#2792);
#2795=CARTESIAN_POINT('',(-7.639307595180E0,3.51E0,-4.E-1));
#2796=DIRECTION('',(0.E0,0.E0,-1.E0));
#2797=DIRECTION('',(-9.848077530122E-1,-1.736481776669E-1,0.E0));
#2798=AXIS2_PLACEMENT_3D('',#2795,#2796,#2797);
#2800=DIRECTION('',(-1.E0,0.E0,0.E0));
#2801=VECTOR('',#2800,2.273222765512E0);
#2802=CARTESIAN_POINT('',(-1.020177723449E1,4.891355287257E0,-4.E-1));
#2803=LINE('4866',#2802,#2801);
#2804=DIRECTION('',(1.119707558281E-14,1.E0,0.E0));
#2805=VECTOR('',#2804,1.586447127434E-1);
#2806=CARTESIAN_POINT('',(-1.2475E1,4.891355287257E0,-4.E-1));
#2807=LINE('4867',#2806,#2805);
#2808=DIRECTION('',(1.E0,-3.552713678800E-14,0.E0));
#2809=VECTOR('',#2808,2.5E-2);
#2810=CARTESIAN_POINT('',(-1.25E1,5.05E0,-4.E-1));
#2811=LINE('4918',#2810,#2809);
#2812=DIRECTION('',(0.E0,-1.E0,0.E0));
#2813=VECTOR('',#2812,1.16E0);
#2814=CARTESIAN_POINT('',(-1.25E1,6.21E0,-4.E-1));
#2815=LINE('4231',#2814,#2813);
#2816=DIRECTION('',(1.E0,0.E0,0.E0));
#2817=VECTOR('',#2816,1.235E0);
#2818=CARTESIAN_POINT('',(-1.3735E1,6.21E0,-4.E-1));
#2819=LINE('4239',#2818,#2817);
#2820=CARTESIAN_POINT('',(-1.3735E1,4.61E0,-4.E-1));
#2821=DIRECTION('',(0.E0,0.E0,1.E0));
#2822=DIRECTION('',(0.E0,1.E0,0.E0));
#2823=AXIS2_PLACEMENT_3D('',#2820,#2821,#2822);
#2825=DIRECTION('',(0.E0,1.E0,0.E0));
#2826=VECTOR('',#2825,9.22E0);
#2827=CARTESIAN_POINT('',(-1.5335E1,-4.61E0,-4.E-1));
#2828=LINE('4237',#2827,#2826);
#2829=CARTESIAN_POINT('',(-1.3735E1,-4.61E0,-4.E-1));
#2830=DIRECTION('',(0.E0,0.E0,1.E0));
#2831=DIRECTION('',(-1.E0,0.E0,0.E0));
#2832=AXIS2_PLACEMENT_3D('',#2829,#2830,#2831);
#2834=DIRECTION('',(-1.E0,0.E0,0.E0));
#2835=VECTOR('',#2834,1.235E0);
#2836=CARTESIAN_POINT('',(-1.25E1,-6.21E0,-4.E-1));
#2837=LINE('4235',#2836,#2835);
#2838=DIRECTION('',(0.E0,1.E0,0.E0));
#2839=VECTOR('',#2838,1.36E0);
#2840=CARTESIAN_POINT('',(-1.25E1,-6.21E0,-4.E-1));
#2841=LINE('4234',#2840,#2839);
#2842=DIRECTION('',(-1.E0,0.E0,0.E0));
#2843=VECTOR('',#2842,2.5E-2);
#2844=CARTESIAN_POINT('',(-1.2475E1,-4.85E0,-4.E-1));
#2845=LINE('4920',#2844,#2843);
#2846=DIRECTION('',(0.E0,-1.E0,0.E0));
#2847=VECTOR('',#2846,1.586447127434E-1);
#2848=CARTESIAN_POINT('',(-1.2475E1,-4.691355287257E0,-4.E-1));
#2849=LINE('4869',#2848,#2847);
#2850=DIRECTION('',(1.E0,0.E0,0.E0));
#2851=VECTOR('',#2850,2.4E0);
#2852=CARTESIAN_POINT('',(-1.2475E1,-4.691355287257E0,-4.E-1));
#2853=LINE('4868',#2852,#2851);
#2854=DIRECTION('',(0.E0,-1.E0,0.E0));
#2855=VECTOR('',#2854,1.586447127434E-1);
#2856=CARTESIAN_POINT('',(-1.0075E1,-4.691355287257E0,-4.E-1));
#2857=LINE('4870',#2856,#2855);
#2858=DIRECTION('',(-1.E0,0.E0,0.E0));
#2859=VECTOR('',#2858,1.75E-1);
#2860=CARTESIAN_POINT('',(-9.9E0,-4.85E0,-4.E-1));
#2861=LINE('4919',#2860,#2859);
#2862=DIRECTION('',(0.E0,1.E0,0.E0));
#2863=VECTOR('',#2862,1.36E0);
#2864=CARTESIAN_POINT('',(-9.9E0,-6.21E0,-4.E-1));
#2865=LINE('4233',#2864,#2863);
#2866=DIRECTION('',(-1.E0,0.E0,0.E0));
#2867=VECTOR('',#2866,3.209484493170E0);
#2868=CARTESIAN_POINT('',(-6.690515506830E0,-6.21E0,-4.E-1));
#2869=LINE('4232',#2868,#2867);
#2870=CARTESIAN_POINT('',(-6.436757586749E0,-3.31E0,-4.E-1));
#2871=DIRECTION('',(0.E0,0.E0,-1.E0));
#2872=DIRECTION('',(-8.716965027533E-2,-9.961934812429E-1,0.E0));
#2873=AXIS2_PLACEMENT_3D('',#2870,#2871,#2872);
#2875=DIRECTION('',(-1.736481776929E-1,9.848077530076E-1,0.E0));
#2876=VECTOR('',#2875,3.998864927621E0);
#2877=CARTESIAN_POINT('',(-9.303612808685E0,-3.815503924660E0,-4.E-1));
#2878=LINE('5075',#2877,#2876);
#2879=CARTESIAN_POINT('',(-1.2495E1,0.E0,-4.E-1));
#2880=DIRECTION('',(0.E0,0.E0,-1.E0));
#2881=DIRECTION('',(9.987966335174E-1,4.904370371648E-2,0.E0));
#2882=AXIS2_PLACEMENT_3D('',#2879,#2880,#2881);
#2884=CARTESIAN_POINT('',(-1.2495E1,0.E0,-4.E-1));
#2885=DIRECTION('',(0.E0,0.E0,-1.E0));
#2886=DIRECTION('',(1.E0,0.E0,0.E0));
#2887=AXIS2_PLACEMENT_3D('',#2884,#2885,#2886);
#2889=CARTESIAN_POINT('',(-1.2475E1,4.78E0,-1.E-1));
#2890=DIRECTION('',(-1.E0,0.E0,0.E0));
#2891=DIRECTION('',(0.E0,3.479852726770E-1,-9.374999999999E-1));
#2892=AXIS2_PLACEMENT_3D('',#2889,#2890,#2891);
#2894=CARTESIAN_POINT('',(-1.2475E1,4.78E0,-1.E-1));
#2895=DIRECTION('',(-1.E0,0.E0,0.E0));
#2896=DIRECTION('',(0.E0,1.E0,0.E0));
#2897=AXIS2_PLACEMENT_3D('',#2894,#2895,#2896);
#2899=DIRECTION('',(0.E0,-1.E0,0.E0));
#2900=VECTOR('',#2899,4.E-1);
#2901=CARTESIAN_POINT('',(-1.2475E1,5.5E0,-1.E-1));
#2902=LINE('4780',#2901,#2900);
#2903=CARTESIAN_POINT('',(-1.2475E1,4.78E0,-1.E-1));
#2904=DIRECTION('',(-1.E0,0.E0,0.E0));
#2905=DIRECTION('',(0.E0,1.E0,0.E0));
#2906=AXIS2_PLACEMENT_3D('',#2903,#2904,#2905);
#2908=DIRECTION('',(-1.776356839400E-14,-1.E0,0.E0));
#2909=VECTOR('',#2908,1.E-1);
#2910=CARTESIAN_POINT('',(-1.2475E1,4.78E0,-8.2E-1));
#2911=LINE('4765',#2910,#2909);
#2912=DIRECTION('',(0.E0,0.E0,1.E0));
#2913=VECTOR('',#2912,4.E-1);
#2914=CARTESIAN_POINT('',(-1.2475E1,4.78E0,-8.2E-1));
#2915=LINE('4778',#2914,#2913);
#2916=DIRECTION('',(1.776356839400E-14,-1.E0,0.E0));
#2917=VECTOR('',#2916,1.E-1);
#2918=CARTESIAN_POINT('',(-1.2475E1,4.78E0,-4.2E-1));
#2919=LINE('4773',#2918,#2917);
#2920=DIRECTION('',(-1.E0,0.E0,0.E0));
#2921=VECTOR('',#2920,2.4E0);
#2922=CARTESIAN_POINT('',(-1.0075E1,4.78E0,-8.2E-1));
#2923=LINE('4769',#2922,#2921);
#2924=DIRECTION('',(5.987608015114E-14,-1.E0,3.555142258974E-14));
#2925=VECTOR('',#2924,2.966721994687E-2);
#2926=CARTESIAN_POINT('',(-1.0075E1,4.78E0,-4.2E-1));
#2927=LINE('4964',#2926,#2925);
#2928=DIRECTION('',(1.776356839400E-14,-1.E0,0.E0));
#2929=VECTOR('',#2928,1.E-1);
#2930=CARTESIAN_POINT('',(-1.0075E1,4.78E0,-8.2E-1));
#2931=LINE('4761',#2930,#2929);
#2932=DIRECTION('',(0.E0,0.E0,1.E0));
#2933=VECTOR('',#2932,3.922297227287E-1);
#2934=CARTESIAN_POINT('',(-1.0075E1,4.68E0,-8.2E-1));
#2935=LINE('4968',#2934,#2933);
#2936=DIRECTION('',(-1.E0,0.E0,0.E0));
#2937=VECTOR('',#2936,2.4E0);
#2938=CARTESIAN_POINT('',(-1.0075E1,4.78E0,-4.2E-1));
#2939=LINE('4775',#2938,#2937);
#2940=DIRECTION('',(-1.E0,0.E0,0.E0));
#2941=VECTOR('',#2940,2.4E0);
#2942=CARTESIAN_POINT('',(-1.0075E1,4.68E0,-8.2E-1));
#2943=LINE('4770',#2942,#2941);
#2944=DIRECTION('',(0.E0,0.E0,1.E0));
#2945=VECTOR('',#2944,4.E-1);
#2946=CARTESIAN_POINT('',(-1.2475E1,4.68E0,-8.2E-1));
#2947=LINE('4777',#2946,#2945);
#2948=DIRECTION('',(-1.E0,0.E0,0.E0));
#2949=VECTOR('',#2948,2.365444867391E0);
#2950=CARTESIAN_POINT('',(-1.010955513261E1,4.68E0,-4.2E-1));
#2951=LINE('4967',#2950,#2949);
#2952=DIRECTION('',(-1.E0,0.E0,0.E0));
#2953=VECTOR('',#2952,2.4E0);
#2954=CARTESIAN_POINT('',(-1.0075E1,5.5E0,-1.E-1));
#2955=LINE('4768',#2954,#2953);
#2956=DIRECTION('',(0.E0,-1.776356839400E-14,1.E0));
#2957=VECTOR('',#2956,8.E-1);
#2958=CARTESIAN_POINT('',(-1.5335E1,4.61E0,-4.E-1));
#2959=LINE('4977',#2958,#2957);
#2960=DIRECTION('',(0.E0,1.665334536938E-14,1.E0));
#2961=VECTOR('',#2960,8.E-1);
#2962=CARTESIAN_POINT('',(-1.5335E1,-4.61E0,-4.E-1));
#2963=LINE('4978',#2962,#2961);
#2964=DIRECTION('',(0.E0,0.E0,1.E0));
#2965=VECTOR('',#2964,8.E-1);
#2966=CARTESIAN_POINT('',(-1.3735E1,-6.21E0,-4.E-1));
#2967=LINE('4979',#2966,#2965);
#2968=DIRECTION('',(0.E0,0.E0,-1.E0));
#2969=VECTOR('',#2968,4.E-1);
#2970=CARTESIAN_POINT('',(-1.25E1,-6.21E0,0.E0));
#2971=LINE('4937',#2970,#2969);
#2972=DIRECTION('',(0.E0,0.E0,1.E0));
#2973=VECTOR('',#2972,4.E-1);
#2974=CARTESIAN_POINT('',(-1.2325E1,-6.21E0,0.E0));
#2975=LINE('4666',#2974,#2973);
#2976=DIRECTION('',(1.E0,0.E0,0.E0));
#2977=VECTOR('',#2976,1.75E-1);
#2978=CARTESIAN_POINT('',(-1.25E1,-6.21E0,0.E0));
#2979=LINE('4945',#2978,#2977);
#2980=DIRECTION('',(-1.137604814572E-1,9.935082047264E-1,0.E0));
#2981=VECTOR('',#2980,1.318559820410E0);
#2982=CARTESIAN_POINT('',(-1.2325E1,-6.21E0,0.E0));
#2983=LINE('4662',#2982,#2981);
#2984=DIRECTION('',(1.137604814572E-1,9.935082047264E-1,0.E0));
#2985=VECTOR('',#2984,1.318559820410E0);
#2986=CARTESIAN_POINT('',(-1.0225E1,-6.21E0,0.E0));
#2987=LINE('4663',#2986,#2985);
#2988=DIRECTION('',(1.E0,0.E0,0.E0));
#2989=VECTOR('',#2988,3.25E-1);
#2990=CARTESIAN_POINT('',(-1.0225E1,-6.21E0,0.E0));
#2991=LINE('4946',#2990,#2989);
#2992=DIRECTION('',(0.E0,1.E0,0.E0));
#2993=VECTOR('',#2992,1.36E0);
#2994=CARTESIAN_POINT('',(-9.9E0,-6.21E0,0.E0));
#2995=LINE('4885',#2994,#2993);
#2996=DIRECTION('',(0.E0,0.E0,-1.E0));
#2997=VECTOR('',#2996,4.E-1);
#2998=CARTESIAN_POINT('',(-9.9E0,-6.21E0,0.E0));
#2999=LINE('4934',#2998,#2997);
#3000=DIRECTION('',(2.442490654175E-14,0.E0,-1.E0));
#3001=VECTOR('',#3000,4.E-1);
#3002=CARTESIAN_POINT('',(-6.690515506830E0,-6.21E0,0.E0));
#3003=LINE('4928',#3002,#3001);
#3004=DIRECTION('',(0.E0,0.E0,1.E0));
#3005=VECTOR('',#3004,4.E-1);
#3006=CARTESIAN_POINT('',(-1.0225E1,-6.21E0,0.E0));
#3007=LINE('4649',#3006,#3005);
#3008=DIRECTION('',(0.E0,0.E0,-1.E0));
#3009=VECTOR('',#3008,4.E-1);
#3010=CARTESIAN_POINT('',(9.9E0,-6.21E0,0.E0));
#3011=LINE('4924',#3010,#3009);
#3012=DIRECTION('',(0.E0,0.E0,1.E0));
#3013=VECTOR('',#3012,4.E-1);
#3014=CARTESIAN_POINT('',(-1.0075E1,-4.9E0,0.E0));
#3015=LINE('4668',#3014,#3013);
#3016=CARTESIAN_POINT('',(-1.0075E1,-4.9E0,0.E0));
#3017=DIRECTION('',(1.E0,0.E0,0.E0));
#3018=DIRECTION('',(0.E0,0.E0,1.E0));
#3019=AXIS2_PLACEMENT_3D('',#3016,#3017,#3018);
#3021=DIRECTION('',(1.776356839400E-14,0.E0,-1.E0));
#3022=VECTOR('',#3021,1.E-1);
#3023=CARTESIAN_POINT('',(-1.0075E1,-5.3E0,0.E0));
#3024=LINE('4788',#3023,#3022);
#3025=DIRECTION('',(0.E0,1.E0,0.E0));
#3026=VECTOR('',#3025,4.E-1);
#3027=CARTESIAN_POINT('',(-1.0075E1,-5.3E0,0.E0));
#3028=LINE('4810',#3027,#3026);
#3029=DIRECTION('',(3.552713678801E-14,0.E0,-1.E0));
#3030=VECTOR('',#3029,1.E-1);
#3031=CARTESIAN_POINT('',(-1.0075E1,-4.9E0,0.E0));
#3032=LINE('4798',#3031,#3030);
#3033=DIRECTION('',(1.E0,0.E0,0.E0));
#3034=VECTOR('',#3033,2.4E0);
#3035=CARTESIAN_POINT('',(-1.2475E1,-5.3E0,0.E0));
#3036=LINE('4792',#3035,#3034);
#3037=DIRECTION('',(0.E0,1.776356839400E-14,-1.E0));
#3038=VECTOR('',#3037,1.E-1);
#3039=CARTESIAN_POINT('',(-1.2475E1,-5.3E0,0.E0));
#3040=LINE('4784',#3039,#3038);
#3041=DIRECTION('',(0.E0,1.E0,0.E0));
#3042=VECTOR('',#3041,4.E-1);
#3043=CARTESIAN_POINT('',(-1.2475E1,-5.3E0,-1.E-1));
#3044=LINE('4807',#3043,#3042);
#3045=DIRECTION('',(0.E0,0.E0,-1.E0));
#3046=VECTOR('',#3045,1.E-1);
#3047=CARTESIAN_POINT('',(-1.2475E1,-4.9E0,0.E0));
#3048=LINE('4796',#3047,#3046);
#3049=CARTESIAN_POINT('',(-1.2475E1,-4.58E0,-1.E-1));
#3050=DIRECTION('',(1.E0,0.E0,0.E0));
#3051=DIRECTION('',(0.E0,-1.E0,0.E0));
#3052=AXIS2_PLACEMENT_3D('',#3049,#3050,#3051);
#3054=CARTESIAN_POINT('',(-1.2475E1,-4.58E0,-1.E-1));
#3055=DIRECTION('',(1.E0,0.E0,0.E0));
#3056=DIRECTION('',(0.E0,-1.E0,0.E0));
#3057=AXIS2_PLACEMENT_3D('',#3054,#3055,#3056);
#3059=DIRECTION('',(0.E0,0.E0,1.E0));
#3060=VECTOR('',#3059,4.E-1);
#3061=CARTESIAN_POINT('',(-1.2475E1,-4.58E0,-8.2E-1));
#3062=LINE('4803',#3061,#3060);
#3063=CARTESIAN_POINT('',(-1.2475E1,-4.58E0,-1.E-1));
#3064=DIRECTION('',(1.E0,0.E0,0.E0));
#3065=DIRECTION('',(0.E0,-3.479852726770E-1,-9.374999999999E-1));
#3066=AXIS2_PLACEMENT_3D('',#3063,#3064,#3065);
#3068=DIRECTION('',(-1.E0,0.E0,0.E0));
#3069=VECTOR('',#3068,2.6E0);
#3070=CARTESIAN_POINT('',(-9.9E0,-4.85E0,0.E0));
#3071=LINE('4886',#3070,#3069);
#3072=DIRECTION('',(0.E0,0.E0,-1.E0));
#3073=VECTOR('',#3072,4.E-1);
#3074=CARTESIAN_POINT('',(-9.9E0,-4.85E0,0.E0));
#3075=LINE('4935',#3074,#3073);
#3076=DIRECTION('',(0.E0,0.E0,1.E0));
#3077=VECTOR('',#3076,1.282443596268E-1);
#3078=CARTESIAN_POINT('',(-1.0075E1,-4.85E0,-4.E-1));
#3079=LINE('4889',#3078,#3077);
#3080=DIRECTION('',(1.E0,0.E0,0.E0));
#3081=VECTOR('',#3080,2.4E0);
#3082=CARTESIAN_POINT('',(-1.2475E1,-4.85E0,-2.717556403732E-1));
#3083=LINE('4887',#3082,#3081);
#3084=DIRECTION('',(0.E0,0.E0,1.E0));
#3085=VECTOR('',#3084,1.282443596268E-1);
#3086=CARTESIAN_POINT('',(-1.2475E1,-4.85E0,-4.E-1));
#3087=LINE('4888',#3086,#3085);
#3088=CARTESIAN_POINT('',(-1.0075E1,-4.58E0,-1.E-1));
#3089=DIRECTION('',(1.E0,0.E0,0.E0));
#3090=DIRECTION('',(0.E0,-3.479852726770E-1,-9.374999999999E-1));
#3091=AXIS2_PLACEMENT_3D('',#3088,#3089,#3090);
#3093=CARTESIAN_POINT('',(-1.0075E1,-4.58E0,-1.E-1));
#3094=DIRECTION('',(1.E0,0.E0,0.E0));
#3095=DIRECTION('',(0.E0,-1.E0,0.E0));
#3096=AXIS2_PLACEMENT_3D('',#3093,#3094,#3095);
#3098=DIRECTION('',(0.E0,1.E0,0.E0));
#3099=VECTOR('',#3098,4.E-1);
#3100=CARTESIAN_POINT('',(-1.0075E1,-5.3E0,-1.E-1));
#3101=LINE('4808',#3100,#3099);
#3102=CARTESIAN_POINT('',(-1.0075E1,-4.58E0,-1.E-1));
#3103=DIRECTION('',(1.E0,0.E0,0.E0));
#3104=DIRECTION('',(0.E0,-1.E0,0.E0));
#3105=AXIS2_PLACEMENT_3D('',#3102,#3103,#3104);
#3107=DIRECTION('',(1.E0,0.E0,0.E0));
#3108=VECTOR('',#3107,2.4E0);
#3109=CARTESIAN_POINT('',(-1.2475E1,-4.58E0,-4.2E-1));
#3110=LINE('4801',#3109,#3108);
#3111=DIRECTION('',(0.E0,1.E0,0.E0));
#3112=VECTOR('',#3111,1.E-1);
#3113=CARTESIAN_POINT('',(-1.2475E1,-4.58E0,-8.2E-1));
#3114=LINE('4786',#3113,#3112);
#3115=DIRECTION('',(0.E0,0.E0,1.E0));
#3116=VECTOR('',#3115,4.E-1);
#3117=CARTESIAN_POINT('',(-1.2475E1,-4.48E0,-8.2E-1));
#3118=LINE('4804',#3117,#3116);
#3119=DIRECTION('',(0.E0,1.E0,0.E0));
#3120=VECTOR('',#3119,1.E-1);
#3121=CARTESIAN_POINT('',(-1.2475E1,-4.58E0,-4.2E-1));
#3122=LINE('4797',#3121,#3120);
#3123=DIRECTION('',(1.E0,0.E0,0.E0));
#3124=VECTOR('',#3123,2.4E0);
#3125=CARTESIAN_POINT('',(-1.2475E1,-4.58E0,-8.2E-1));
#3126=LINE('4794',#3125,#3124);
#3127=DIRECTION('',(1.E0,0.E0,0.E0));
#3128=VECTOR('',#3127,2.4E0);
#3129=CARTESIAN_POINT('',(-1.2475E1,-5.3E0,-1.E-1));
#3130=LINE('4793',#3129,#3128);
#3131=DIRECTION('',(0.E0,1.E0,0.E0));
#3132=VECTOR('',#3131,1.E-1);
#3133=CARTESIAN_POINT('',(-1.0075E1,-4.58E0,-8.2E-1));
#3134=LINE('4790',#3133,#3132);
#3135=DIRECTION('',(0.E0,0.E0,1.E0));
#3136=VECTOR('',#3135,4.E-1);
#3137=CARTESIAN_POINT('',(-1.0075E1,-4.58E0,-8.2E-1));
#3138=LINE('4806',#3137,#3136);
#3139=DIRECTION('',(-1.776356839400E-14,1.E0,0.E0));
#3140=VECTOR('',#3139,1.E-1);
#3141=CARTESIAN_POINT('',(-1.0075E1,-4.58E0,-4.2E-1));
#3142=LINE('4799',#3141,#3140);
#3143=DIRECTION('',(1.E0,0.E0,0.E0));
#3144=VECTOR('',#3143,2.4E0);
#3145=CARTESIAN_POINT('',(-1.2475E1,-4.48E0,-8.2E-1));
#3146=LINE('4795',#3145,#3144);
#3147=DIRECTION('',(0.E0,0.E0,1.E0));
#3148=VECTOR('',#3147,4.E-1);
#3149=CARTESIAN_POINT('',(-1.0075E1,-4.48E0,-8.2E-1));
#3150=LINE('4805',#3149,#3148);
#3151=DIRECTION('',(1.E0,0.E0,0.E0));
#3152=VECTOR('',#3151,2.4E0);
#3153=CARTESIAN_POINT('',(-1.2475E1,-4.48E0,-4.2E-1));
#3154=LINE('4802',#3153,#3152);
#3155=DIRECTION('',(1.E0,0.E0,0.E0));
#3156=VECTOR('',#3155,2.4E0);
#3157=CARTESIAN_POINT('',(-1.2475E1,-4.9E0,-1.E-1));
#3158=LINE('4800',#3157,#3156);
#3159=DIRECTION('',(1.E0,0.E0,0.E0));
#3160=VECTOR('',#3159,2.4E0);
#3161=CARTESIAN_POINT('',(-1.2475E1,-4.9E0,0.E0));
#3162=LINE('4811',#3161,#3160);
#3163=DIRECTION('',(0.E0,1.E0,0.E0));
#3164=VECTOR('',#3163,1.36E0);
#3165=CARTESIAN_POINT('',(-1.25E1,-6.21E0,0.E0));
#3166=LINE('4890',#3165,#3164);
#3167=DIRECTION('',(0.E0,0.E0,-1.E0));
#3168=VECTOR('',#3167,4.E-1);
#3169=CARTESIAN_POINT('',(-1.25E1,-4.85E0,0.E0));
#3170=LINE('4936',#3169,#3168);
#3171=DIRECTION('',(0.E0,0.E0,1.E0));
#3172=VECTOR('',#3171,4.E-1);
#3173=CARTESIAN_POINT('',(-1.2475E1,-4.9E0,0.E0));
#3174=LINE('4667',#3173,#3172);
#3175=CARTESIAN_POINT('',(-1.2475E1,-4.9E0,0.E0));
#3176=DIRECTION('',(1.E0,0.E0,0.E0));
#3177=DIRECTION('',(0.E0,0.E0,1.E0));
#3178=AXIS2_PLACEMENT_3D('',#3175,#3176,#3177);
#3180=DIRECTION('',(0.E0,1.E0,0.E0));
#3181=VECTOR('',#3180,4.E-1);
#3182=CARTESIAN_POINT('',(-1.2475E1,-5.3E0,0.E0));
#3183=LINE('4809',#3182,#3181);
#3184=DIRECTION('',(1.E0,0.E0,0.E0));
#3185=VECTOR('',#3184,2.4E0);
#3186=CARTESIAN_POINT('',(-1.2475E1,-4.9E0,4.E-1));
#3187=LINE('4791',#3186,#3185);
#3188=DIRECTION('',(0.E0,0.E0,1.E0));
#3189=VECTOR('',#3188,4.E-1);
#3190=CARTESIAN_POINT('',(1.0225E1,-6.21E0,0.E0));
#3191=LINE('4655',#3190,#3189);
#3192=CARTESIAN_POINT('',(1.0075E1,-4.9E0,0.E0));
#3193=DIRECTION('',(1.E0,0.E0,0.E0));
#3194=DIRECTION('',(0.E0,0.E0,1.E0));
#3195=AXIS2_PLACEMENT_3D('',#3192,#3193,#3194);
#3197=DIRECTION('',(0.E0,1.E0,0.E0));
#3198=VECTOR('',#3197,4.E-1);
#3199=CARTESIAN_POINT('',(1.0075E1,-5.3E0,0.E0));
#3200=LINE('4841',#3199,#3198);
#3201=DIRECTION('',(0.E0,0.E0,1.E0));
#3202=VECTOR('',#3201,4.E-1);
#3203=CARTESIAN_POINT('',(1.0075E1,-4.9E0,0.E0));
#3204=LINE('4656',#3203,#3202);
#3205=DIRECTION('',(1.E0,0.E0,0.E0));
#3206=VECTOR('',#3205,2.4E0);
#3207=CARTESIAN_POINT('',(1.0075E1,-4.9E0,4.E-1));
#3208=LINE('4822',#3207,#3206);
#3209=CARTESIAN_POINT('',(1.2475E1,-4.9E0,0.E0));
#3210=DIRECTION('',(1.E0,0.E0,0.E0));
#3211=DIRECTION('',(0.E0,0.E0,1.E0));
#3212=AXIS2_PLACEMENT_3D('',#3209,#3210,#3211);
#3214=DIRECTION('',(0.E0,0.E0,1.E0));
#3215=VECTOR('',#3214,4.E-1);
#3216=CARTESIAN_POINT('',(1.2475E1,-4.9E0,0.E0));
#3217=LINE('4657',#3216,#3215);
#3218=DIRECTION('',(1.776356839400E-14,0.E0,-1.E0));
#3219=VECTOR('',#3218,1.E-1);
#3220=CARTESIAN_POINT('',(1.2475E1,-5.3E0,0.E0));
#3221=LINE('4819',#3220,#3219);
#3222=DIRECTION('',(0.E0,1.E0,0.E0));
#3223=VECTOR('',#3222,4.E-1);
#3224=CARTESIAN_POINT('',(1.2475E1,-5.3E0,0.E0));
#3225=LINE('4842',#3224,#3223);
#3226=DIRECTION('',(0.E0,0.E0,-1.E0));
#3227=VECTOR('',#3226,1.E-1);
#3228=CARTESIAN_POINT('',(1.2475E1,-4.9E0,0.E0));
#3229=LINE('4829',#3228,#3227);
#3230=DIRECTION('',(1.E0,0.E0,0.E0));
#3231=VECTOR('',#3230,2.4E0);
#3232=CARTESIAN_POINT('',(1.0075E1,-5.3E0,0.E0));
#3233=LINE('4823',#3232,#3231);
#3234=DIRECTION('',(0.E0,1.776356839400E-14,-1.E0));
#3235=VECTOR('',#3234,1.E-1);
#3236=CARTESIAN_POINT('',(1.0075E1,-5.3E0,0.E0));
#3237=LINE('4815',#3236,#3235);
#3238=DIRECTION('',(0.E0,1.E0,0.E0));
#3239=VECTOR('',#3238,4.E-1);
#3240=CARTESIAN_POINT('',(1.0075E1,-5.3E0,-1.E-1));
#3241=LINE('4839',#3240,#3239);
#3242=DIRECTION('',(-1.776356839400E-14,0.E0,-1.E0));
#3243=VECTOR('',#3242,1.E-1);
#3244=CARTESIAN_POINT('',(1.0075E1,-4.9E0,0.E0));
#3245=LINE('4827',#3244,#3243);
#3246=CARTESIAN_POINT('',(1.0075E1,-4.58E0,-1.E-1));
#3247=DIRECTION('',(1.E0,0.E0,0.E0));
#3248=DIRECTION('',(0.E0,-1.E0,0.E0));
#3249=AXIS2_PLACEMENT_3D('',#3246,#3247,#3248);
#3251=CARTESIAN_POINT('',(1.0075E1,-4.58E0,-1.E-1));
#3252=DIRECTION('',(1.E0,0.E0,0.E0));
#3253=DIRECTION('',(0.E0,-1.E0,0.E0));
#3254=AXIS2_PLACEMENT_3D('',#3251,#3252,#3253);
#3256=DIRECTION('',(0.E0,0.E0,1.E0));
#3257=VECTOR('',#3256,4.E-1);
#3258=CARTESIAN_POINT('',(1.0075E1,-4.58E0,-8.2E-1));
#3259=LINE('4835',#3258,#3257);
#3260=CARTESIAN_POINT('',(1.0075E1,-4.58E0,-1.E-1));
#3261=DIRECTION('',(1.E0,0.E0,0.E0));
#3262=DIRECTION('',(0.E0,-3.479852726770E-1,-9.374999999999E-1));
#3263=AXIS2_PLACEMENT_3D('',#3260,#3261,#3262);
#3265=DIRECTION('',(1.E0,0.E0,0.E0));
#3266=VECTOR('',#3265,2.4E0);
#3267=CARTESIAN_POINT('',(1.0075E1,-4.9E0,-1.E-1));
#3268=LINE('4832',#3267,#3266);
#3269=CARTESIAN_POINT('',(1.2475E1,-4.58E0,-1.E-1));
#3270=DIRECTION('',(1.E0,0.E0,0.E0));
#3271=DIRECTION('',(0.E0,-3.479852726770E-1,-9.374999999999E-1));
#3272=AXIS2_PLACEMENT_3D('',#3269,#3270,#3271);
#3274=CARTESIAN_POINT('',(1.2475E1,-4.58E0,-1.E-1));
#3275=DIRECTION('',(1.E0,0.E0,0.E0));
#3276=DIRECTION('',(0.E0,-1.E0,0.E0));
#3277=AXIS2_PLACEMENT_3D('',#3274,#3275,#3276);
#3279=DIRECTION('',(0.E0,1.E0,0.E0));
#3280=VECTOR('',#3279,4.E-1);
#3281=CARTESIAN_POINT('',(1.2475E1,-5.3E0,-1.E-1));
#3282=LINE('4840',#3281,#3280);
#3283=CARTESIAN_POINT('',(1.2475E1,-4.58E0,-1.E-1));
#3284=DIRECTION('',(1.E0,0.E0,0.E0));
#3285=DIRECTION('',(0.E0,-1.E0,0.E0));
#3286=AXIS2_PLACEMENT_3D('',#3283,#3284,#3285);
#3288=DIRECTION('',(1.E0,0.E0,0.E0));
#3289=VECTOR('',#3288,2.4E0);
#3290=CARTESIAN_POINT('',(1.0075E1,-4.58E0,-4.2E-1));
#3291=LINE('4833',#3290,#3289);
#3292=DIRECTION('',(-1.776356839400E-14,1.E0,0.E0));
#3293=VECTOR('',#3292,1.E-1);
#3294=CARTESIAN_POINT('',(1.0075E1,-4.58E0,-8.2E-1));
#3295=LINE('4817',#3294,#3293);
#3296=DIRECTION('',(0.E0,0.E0,1.E0));
#3297=VECTOR('',#3296,4.E-1);
#3298=CARTESIAN_POINT('',(1.0075E1,-4.48E0,-8.2E-1));
#3299=LINE('4836',#3298,#3297);
#3300=DIRECTION('',(-1.776356839400E-14,1.E0,0.E0));
#3301=VECTOR('',#3300,1.E-1);
#3302=CARTESIAN_POINT('',(1.0075E1,-4.58E0,-4.2E-1));
#3303=LINE('4828',#3302,#3301);
#3304=DIRECTION('',(1.E0,0.E0,0.E0));
#3305=VECTOR('',#3304,2.4E0);
#3306=CARTESIAN_POINT('',(1.0075E1,-4.58E0,-8.2E-1));
#3307=LINE('4825',#3306,#3305);
#3308=DIRECTION('',(1.E0,0.E0,0.E0));
#3309=VECTOR('',#3308,2.4E0);
#3310=CARTESIAN_POINT('',(1.0075E1,-5.3E0,-1.E-1));
#3311=LINE('4824',#3310,#3309);
#3312=DIRECTION('',(1.776356839400E-14,1.E0,0.E0));
#3313=VECTOR('',#3312,1.E-1);
#3314=CARTESIAN_POINT('',(1.2475E1,-4.58E0,-8.2E-1));
#3315=LINE('4821',#3314,#3313);
#3316=DIRECTION('',(0.E0,0.E0,1.E0));
#3317=VECTOR('',#3316,4.E-1);
#3318=CARTESIAN_POINT('',(1.2475E1,-4.58E0,-8.2E-1));
#3319=LINE('4838',#3318,#3317);
#3320=DIRECTION('',(-1.776356839400E-14,1.E0,0.E0));
#3321=VECTOR('',#3320,1.E-1);
#3322=CARTESIAN_POINT('',(1.2475E1,-4.58E0,-4.2E-1));
#3323=LINE('4830',#3322,#3321);
#3324=DIRECTION('',(1.E0,0.E0,0.E0));
#3325=VECTOR('',#3324,2.4E0);
#3326=CARTESIAN_POINT('',(1.0075E1,-4.48E0,-8.2E-1));
#3327=LINE('4826',#3326,#3325);
#3328=DIRECTION('',(0.E0,0.E0,1.E0));
#3329=VECTOR('',#3328,4.E-1);
#3330=CARTESIAN_POINT('',(1.2475E1,-4.48E0,-8.2E-1));
#3331=LINE('4837',#3330,#3329);
#3332=DIRECTION('',(1.E0,0.E0,0.E0));
#3333=VECTOR('',#3332,2.4E0);
#3334=CARTESIAN_POINT('',(1.0075E1,-4.48E0,-4.2E-1));
#3335=LINE('4834',#3334,#3333);
#3336=DIRECTION('',(1.E0,0.E0,0.E0));
#3337=VECTOR('',#3336,2.4E0);
#3338=CARTESIAN_POINT('',(1.0075E1,-4.9E0,0.E0));
#3339=LINE('4831',#3338,#3337);
#3340=DIRECTION('',(0.E0,1.E0,0.E0));
#3341=VECTOR('',#3340,1.36E0);
#3342=CARTESIAN_POINT('',(9.9E0,-6.21E0,0.E0));
#3343=LINE('4900',#3342,#3341);
#3344=DIRECTION('',(0.E0,0.E0,-1.E0));
#3345=VECTOR('',#3344,4.E-1);
#3346=CARTESIAN_POINT('',(9.9E0,-4.85E0,0.E0));
#3347=LINE('4944',#3346,#3345);
#3348=DIRECTION('',(0.E0,0.E0,1.E0));
#3349=VECTOR('',#3348,5.5E0);
#3350=CARTESIAN_POINT('',(-9.995E0,0.E0,-5.9E0));
#3351=LINE('5080',#3350,#3349);
#3352=CARTESIAN_POINT('',(-1.2495E1,0.E0,-5.9E0));
#3353=DIRECTION('',(0.E0,0.E0,1.E0));
#3354=DIRECTION('',(-1.E0,0.E0,0.E0));
#3355=AXIS2_PLACEMENT_3D('',#3352,#3353,#3354);
#3357=DIRECTION('',(0.E0,0.E0,1.E0));
#3358=VECTOR('',#3357,5.5E0);
#3359=CARTESIAN_POINT('',(-1.4995E1,0.E0,-5.9E0));
#3360=LINE('5079',#3359,#3358);
#3361=CARTESIAN_POINT('',(-1.2495E1,0.E0,-5.9E0));
#3362=DIRECTION('',(0.E0,0.E0,1.E0));
#3363=DIRECTION('',(-1.E0,0.E0,0.E0));
#3364=AXIS2_PLACEMENT_3D('',#3361,#3362,#3363);
#3366=CARTESIAN_POINT('',(-1.2495E1,0.E0,-5.9E0));
#3367=DIRECTION('',(0.E0,0.E0,-1.E0));
#3368=DIRECTION('',(-1.E0,0.E0,0.E0));
#3369=AXIS2_PLACEMENT_3D('',#3366,#3367,#3368);
#3371=DIRECTION('',(0.E0,0.E0,-1.E0));
#3372=VECTOR('',#3371,6.55E0);
#3373=CARTESIAN_POINT('',(-1.4135E1,0.E0,6.5E-1));
#3374=LINE('5033',#3373,#3372);
#3375=DIRECTION('',(0.E0,0.E0,-1.E0));
#3376=VECTOR('',#3375,6.55E0);
#3377=CARTESIAN_POINT('',(-1.0855E1,0.E0,6.5E-1));
#3378=LINE('5035',#3377,#3376);
#3379=CARTESIAN_POINT('',(-1.2495E1,0.E0,6.5E-1));
#3380=DIRECTION('',(0.E0,0.E0,1.E0));
#3381=DIRECTION('',(-1.E0,0.E0,0.E0));
#3382=AXIS2_PLACEMENT_3D('',#3379,#3380,#3381);
#3384=CARTESIAN_POINT('',(-1.2495E1,0.E0,6.5E-1));
#3385=DIRECTION('',(0.E0,0.E0,-1.E0));
#3386=DIRECTION('',(-1.E0,0.E0,0.E0));
#3387=AXIS2_PLACEMENT_3D('',#3384,#3385,#3386);
#3389=CARTESIAN_POINT('',(-1.2495E1,0.E0,7.5E-1));
#3390=DIRECTION('',(0.E0,0.E0,-1.E0));
#3391=DIRECTION('',(-1.E0,0.E0,0.E0));
#3392=AXIS2_PLACEMENT_3D('',#3389,#3390,#3391);
#3394=CARTESIAN_POINT('',(-1.4235E1,0.E0,6.5E-1));
#3395=DIRECTION('',(0.E0,1.E0,0.E0));
#3396=DIRECTION('',(0.E0,0.E0,1.E0));
#3397=AXIS2_PLACEMENT_3D('',#3394,#3395,#3396);
#3399=CARTESIAN_POINT('',(-1.0755E1,0.E0,6.5E-1));
#3400=DIRECTION('',(0.E0,-1.E0,0.E0));
#3401=DIRECTION('',(0.E0,0.E0,1.E0));
#3402=AXIS2_PLACEMENT_3D('',#3399,#3400,#3401);
#3404=CARTESIAN_POINT('',(-1.2495E1,0.E0,7.5E-1));
#3405=DIRECTION('',(0.E0,0.E0,1.E0));
#3406=DIRECTION('',(-1.E0,0.E0,0.E0));
#3407=AXIS2_PLACEMENT_3D('',#3404,#3405,#3406);
#3409=CARTESIAN_POINT('',(-1.2495E1,0.E0,7.5E-1));
#3410=DIRECTION('',(0.E0,0.E0,1.E0));
#3411=DIRECTION('',(-1.E0,0.E0,0.E0));
#3412=AXIS2_PLACEMENT_3D('',#3409,#3410,#3411);
#3414=CARTESIAN_POINT('',(-1.2495E1,0.E0,7.5E-1));
#3415=DIRECTION('',(0.E0,0.E0,-1.E0));
#3416=DIRECTION('',(-1.E0,0.E0,0.E0));
#3417=AXIS2_PLACEMENT_3D('',#3414,#3415,#3416);
#3419=CARTESIAN_POINT('',(-1.4745E1,0.E0,6.75E-1));
#3420=DIRECTION('',(0.E0,1.E0,0.E0));
#3421=DIRECTION('',(-1.E0,0.E0,0.E0));
#3422=AXIS2_PLACEMENT_3D('',#3419,#3420,#3421);
#3424=CARTESIAN_POINT('',(-1.0245E1,0.E0,6.75E-1));
#3425=DIRECTION('',(0.E0,-1.E0,0.E0));
#3426=DIRECTION('',(1.E0,0.E0,0.E0));
#3427=AXIS2_PLACEMENT_3D('',#3424,#3425,#3426);
#3429=CARTESIAN_POINT('',(-1.2495E1,0.E0,6.75E-1));
#3430=DIRECTION('',(0.E0,0.E0,1.E0));
#3431=DIRECTION('',(-1.E0,0.E0,0.E0));
#3432=AXIS2_PLACEMENT_3D('',#3429,#3430,#3431);
#3434=CARTESIAN_POINT('',(-1.2495E1,0.E0,6.75E-1));
#3435=DIRECTION('',(0.E0,0.E0,-1.E0));
#3436=DIRECTION('',(-1.E0,0.E0,0.E0));
#3437=AXIS2_PLACEMENT_3D('',#3434,#3435,#3436);
#3439=CARTESIAN_POINT('',(-1.2495E1,0.E0,6.25E-1));
#3440=DIRECTION('',(0.E0,0.E0,-1.E0));
#3441=DIRECTION('',(-1.E0,0.E0,0.E0));
#3442=AXIS2_PLACEMENT_3D('',#3439,#3440,#3441);
#3444=DIRECTION('',(0.E0,0.E0,1.E0));
#3445=VECTOR('',#3444,5.E-2);
#3446=CARTESIAN_POINT('',(-1.482E1,0.E0,6.25E-1));
#3447=LINE('5045',#3446,#3445);
#3448=DIRECTION('',(0.E0,0.E0,1.E0));
#3449=VECTOR('',#3448,5.E-2);
#3450=CARTESIAN_POINT('',(-1.017E1,0.E0,6.25E-1));
#3451=LINE('5050',#3450,#3449);
#3452=CARTESIAN_POINT('',(-1.2495E1,0.E0,6.25E-1));
#3453=DIRECTION('',(0.E0,0.E0,1.E0));
#3454=DIRECTION('',(-1.E0,0.E0,0.E0));
#3455=AXIS2_PLACEMENT_3D('',#3452,#3453,#3454);
#3457=CARTESIAN_POINT('',(-1.4745E1,0.E0,6.25E-1));
#3458=DIRECTION('',(0.E0,1.E0,0.E0));
#3459=DIRECTION('',(0.E0,0.E0,-1.E0));
#3460=AXIS2_PLACEMENT_3D('',#3457,#3458,#3459);
#3462=CARTESIAN_POINT('',(-1.0245E1,0.E0,6.25E-1));
#3463=DIRECTION('',(0.E0,-1.E0,0.E0));
#3464=DIRECTION('',(0.E0,0.E0,-1.E0));
#3465=AXIS2_PLACEMENT_3D('',#3462,#3463,#3464);
#3467=CARTESIAN_POINT('',(-1.2495E1,0.E0,5.5E-1));
#3468=DIRECTION('',(0.E0,0.E0,1.E0));
#3469=DIRECTION('',(-1.E0,0.E0,0.E0));
#3470=AXIS2_PLACEMENT_3D('',#3467,#3468,#3469);
#3472=CARTESIAN_POINT('',(-1.2495E1,0.E0,5.5E-1));
#3473=DIRECTION('',(0.E0,0.E0,-1.E0));
#3474=DIRECTION('',(-1.E0,0.E0,0.E0));
#3475=AXIS2_PLACEMENT_3D('',#3472,#3473,#3474);
#3477=CARTESIAN_POINT('',(-1.2495E1,0.E0,5.5E-1));
#3478=DIRECTION('',(0.E0,0.E0,1.E0));
#3479=DIRECTION('',(-1.E0,0.E0,0.E0));
#3480=AXIS2_PLACEMENT_3D('',#3477,#3478,#3479);
#3482=CARTESIAN_POINT('',(-1.2495E1,0.E0,5.5E-1));
#3483=DIRECTION('',(0.E0,0.E0,-1.E0));
#3484=DIRECTION('',(-1.E0,0.E0,0.E0));
#3485=AXIS2_PLACEMENT_3D('',#3482,#3483,#3484);
#3487=CARTESIAN_POINT('',(-1.4395E1,0.E0,5.E-1));
#3488=DIRECTION('',(0.E0,-1.E0,0.E0));
#3489=DIRECTION('',(1.E0,0.E0,0.E0));
#3490=AXIS2_PLACEMENT_3D('',#3487,#3488,#3489);
#3492=CARTESIAN_POINT('',(-1.0595E1,0.E0,5.E-1));
#3493=DIRECTION('',(0.E0,1.E0,0.E0));
#3494=DIRECTION('',(-1.E0,0.E0,0.E0));
#3495=AXIS2_PLACEMENT_3D('',#3492,#3493,#3494);
#3497=CARTESIAN_POINT('',(-1.2495E1,0.E0,5.E-1));
#3498=DIRECTION('',(0.E0,0.E0,1.E0));
#3499=DIRECTION('',(-1.E0,0.E0,0.E0));
#3500=AXIS2_PLACEMENT_3D('',#3497,#3498,#3499);
#3502=CARTESIAN_POINT('',(-1.2495E1,0.E0,5.E-1));
#3503=DIRECTION('',(0.E0,0.E0,-1.E0));
#3504=DIRECTION('',(-1.E0,0.E0,0.E0));
#3505=AXIS2_PLACEMENT_3D('',#3502,#3503,#3504);
#3507=CARTESIAN_POINT('',(-1.2495E1,0.E0,-4.E-1));
#3508=DIRECTION('',(0.E0,0.E0,-1.E0));
#3509=DIRECTION('',(-1.E0,0.E0,0.E0));
#3510=AXIS2_PLACEMENT_3D('',#3507,#3508,#3509);
#3512=DIRECTION('',(0.E0,0.E0,1.E0));
#3513=VECTOR('',#3512,9.E-1);
#3514=CARTESIAN_POINT('',(-1.4345E1,0.E0,-4.E-1));
#3515=LINE('5034',#3514,#3513);
#3516=DIRECTION('',(0.E0,0.E0,1.E0));
#3517=VECTOR('',#3516,9.E-1);
#3518=CARTESIAN_POINT('',(-1.0645E1,0.E0,-4.E-1));
#3519=LINE('5036',#3518,#3517);
#3520=CARTESIAN_POINT('',(-1.2495E1,0.E0,-4.E-1));
#3521=DIRECTION('',(0.E0,0.E0,1.E0));
#3522=DIRECTION('',(-1.E0,0.E0,0.E0));
#3523=AXIS2_PLACEMENT_3D('',#3520,#3521,#3522);
#3525=CARTESIAN_POINT('',(-1.2495E1,0.E0,-4.E-1));
#3526=DIRECTION('',(0.E0,0.E0,1.E0));
#3527=DIRECTION('',(1.E0,0.E0,0.E0));
#3528=AXIS2_PLACEMENT_3D('',#3525,#3526,#3527);
#3530=CARTESIAN_POINT('',(-1.2495E1,0.E0,0.E0));
#3531=DIRECTION('',(0.E0,0.E0,1.E0));
#3532=DIRECTION('',(1.E0,0.E0,0.E0));
#3533=AXIS2_PLACEMENT_3D('',#3530,#3531,#3532);
#3535=DIRECTION('',(0.E0,0.E0,-1.E0));
#3536=VECTOR('',#3535,4.E-1);
#3537=CARTESIAN_POINT('',(-1.0445E1,0.E0,0.E0));
#3538=LINE('5078',#3537,#3536);
#3539=CARTESIAN_POINT('',(-1.2495E1,0.E0,-4.E-1));
#3540=DIRECTION('',(0.E0,0.E0,1.E0));
#3541=DIRECTION('',(-1.E0,0.E0,0.E0));
#3542=AXIS2_PLACEMENT_3D('',#3539,#3540,#3541);
#3544=CARTESIAN_POINT('',(-1.2495E1,0.E0,0.E0));
#3545=DIRECTION('',(0.E0,0.E0,1.E0));
#3546=DIRECTION('',(-1.E0,0.E0,0.E0));
#3547=AXIS2_PLACEMENT_3D('',#3544,#3545,#3546);
#3549=DIRECTION('',(0.E0,0.E0,-1.E0));
#3550=VECTOR('',#3549,4.E-1);
#3551=CARTESIAN_POINT('',(-1.4545E1,0.E0,0.E0));
#3552=LINE('5077',#3551,#3550);
#3553=CARTESIAN_POINT('',(-1.2495E1,0.E0,0.E0));
#3554=DIRECTION('',(0.E0,0.E0,-1.E0));
#3555=DIRECTION('',(-1.E0,0.E0,0.E0));
#3556=AXIS2_PLACEMENT_3D('',#3553,#3554,#3555);
#3558=CARTESIAN_POINT('',(-1.2495E1,0.E0,0.E0));
#3559=DIRECTION('',(0.E0,0.E0,-1.E0));
#3560=DIRECTION('',(1.E0,0.E0,0.E0));
#3561=AXIS2_PLACEMENT_3D('',#3558,#3559,#3560);
#3563=DIRECTION('',(0.E0,0.E0,1.E0));
#3564=VECTOR('',#3563,4.E-1);
#3565=CARTESIAN_POINT('',(-1.4445E1,0.E0,0.E0));
#3566=LINE('4651',#3565,#3564);
#3567=DIRECTION('',(0.E0,0.E0,1.E0));
#3568=VECTOR('',#3567,4.E-1);
#3569=CARTESIAN_POINT('',(-1.0545E1,0.E0,0.E0));
#3570=LINE('4650',#3569,#3568);
#3571=DIRECTION('',(-1.736481776669E-1,-9.848077530122E-1,8.415636743523E-13));
#3572=VECTOR('',#3571,6.925209491668E0);
#3573=CARTESIAN_POINT('',(9.718796549194E0,3.143329990689E0,-1.172080402636E0));
#3574=LINE('4199',#3573,#3572);
#3575=DIRECTION('',(-1.736481776670E-1,-9.848077530122E-1,-1.530442234232E-12));
#3576=VECTOR('',#3575,6.925209488617E0);
#3577=CARTESIAN_POINT('',(9.648991265130E0,3.155638543796E0,-3.201879396058E0));
#3578=LINE('4201',#3577,#3576);
#3579=DIRECTION('',(-3.436929482543E-2,6.060234590396E-3,-9.993908270191E-1));
#3580=VECTOR('',#3579,2.031036245842E0);
#3581=CARTESIAN_POINT('',(8.516246541004E0,-3.676670007939E0,
-1.172080402630E0));
#3582=LINE('4200',#3581,#3580);
#3583=DIRECTION('',(-1.E0,0.E0,0.E0));
#3584=VECTOR('',#3583,2.4E0);
#3585=CARTESIAN_POINT('',(-1.0075E1,5.1E0,4.E-1));
#3586=LINE('4766',#3585,#3584);
#3587=CARTESIAN_POINT('',(-5.889803687108E0,5.683827377566E0,1.2E0));
#3588=DIRECTION('',(-1.E0,0.E0,0.E0));
#3589=DIRECTION('',(0.E0,0.E0,-1.E0));
#3590=AXIS2_PLACEMENT_3D('',#3587,#3588,#3589);
#3592=CARTESIAN_POINT('',(5.889803687108E0,5.683827377567E0,1.2E0));
#3593=DIRECTION('',(-1.E0,0.E0,0.E0));
#3594=DIRECTION('',(0.E0,0.E0,-1.E0));
#3595=AXIS2_PLACEMENT_3D('',#3592,#3593,#3594);
#3597=CARTESIAN_POINT('',(9.827879891493E0,9.906109130809E-1,1.2E0));
#3598=DIRECTION('',(1.736481776669E-1,9.848077530122E-1,0.E0));
#3599=DIRECTION('',(0.E0,0.E0,-1.E0));
#3600=AXIS2_PLACEMENT_3D('',#3597,#3598,#3599);
#3602=CARTESIAN_POINT('',(9.268923362647E0,-2.179389086919E0,1.2E0));
#3603=DIRECTION('',(1.736481776669E-1,9.848077530122E-1,0.E0));
#3604=DIRECTION('',(0.E0,0.E0,-1.E0));
#3605=AXIS2_PLACEMENT_3D('',#3602,#3603,#3604);
#3607=CARTESIAN_POINT('',(5.330847158262E0,-5.483827377566E0,1.2E0));
#3608=DIRECTION('',(1.E0,0.E0,0.E0));
#3609=DIRECTION('',(0.E0,0.E0,-1.E0));
#3610=AXIS2_PLACEMENT_3D('',#3607,#3608,#3609);
#3612=CARTESIAN_POINT('',(-5.330847158262E0,-5.483827377567E0,1.2E0));
#3613=DIRECTION('',(1.E0,0.E0,0.E0));
#3614=DIRECTION('',(0.E0,0.E0,-1.E0));
#3615=AXIS2_PLACEMENT_3D('',#3612,#3613,#3614);
#3617=CARTESIAN_POINT('',(-9.268923362647E0,-2.179389086919E0,1.2E0));
#3618=DIRECTION('',(1.736481776669E-1,-9.848077530122E-1,0.E0));
#3619=DIRECTION('',(0.E0,0.E0,-1.E0));
#3620=AXIS2_PLACEMENT_3D('',#3617,#3618,#3619);
#3622=CARTESIAN_POINT('',(-9.827879891493E0,9.906109130809E-1,1.2E0));
#3623=DIRECTION('',(1.736481776669E-1,-9.848077530122E-1,0.E0));
#3624=DIRECTION('',(0.E0,0.E0,-1.E0));
#3625=AXIS2_PLACEMENT_3D('',#3622,#3623,#3624);
#3627=DIRECTION('',(1.736481776669E-1,-9.848077530122E-1,-2.072686121957E-12));
#3628=VECTOR('',#3627,3.218902357432E0);
#3629=CARTESIAN_POINT('',(-9.040513623608E0,1.129444829255E0,1.172080402637E0));
#3630=LINE('4625',#3629,#3628);
#3631=DIRECTION('',(1.736481776670E-1,-9.848077530122E-1,1.149783082423E-12));
#3632=VECTOR('',#3631,3.218902357732E0);
#3633=CARTESIAN_POINT('',(-8.903991265378E0,1.153517403980E0,5.141879396049E0));
#3634=LINE('4627',#3633,#3632);
#3635=DIRECTION('',(3.436929496354E-2,6.060233807147E-3,9.993908270191E-1));
#3636=VECTOR('',#3635,3.972218761767E0);
#3637=CARTESIAN_POINT('',(-8.481557095153E0,-2.040555168533E0,
1.172080402630E0));
#3638=LINE('4626',#3637,#3636);
#3639=CARTESIAN_POINT('',(-5.889803687108E0,1.685E0,1.172080402638E0));
#3640=DIRECTION('',(0.E0,0.E0,1.E0));
#3641=DIRECTION('',(0.E0,1.E0,0.E0));
#3642=AXIS2_PLACEMENT_3D('',#3639,#3640,#3641);
#3644=CARTESIAN_POINT('',(-5.889803687108E0,1.685E0,5.141879396043E0));
#3645=DIRECTION('',(0.E0,0.E0,1.E0));
#3646=DIRECTION('',(0.E0,1.E0,0.E0));
#3647=AXIS2_PLACEMENT_3D('',#3644,#3645,#3646);
#3649=DIRECTION('',(3.436929495041E-2,6.060233881600E-3,9.993908270191E-1));
#3650=VECTOR('',#3649,3.972218761757E0);
#3651=CARTESIAN_POINT('',(-9.040513623608E0,1.129444829255E0,1.172080402637E0));
#3652=LINE('4620',#3651,#3650);
#3653=DIRECTION('',(-1.E0,1.342113991641E-14,-3.835769328076E-13));
#3654=VECTOR('',#3653,1.177960737249E1);
#3655=CARTESIAN_POINT('',(5.889803686562E0,4.884314715951E0,1.172080402637E0));
#3656=LINE('4613',#3655,#3654);
#3657=DIRECTION('',(-1.E0,-2.729467780941E-14,7.824222973156E-13));
#3658=VECTOR('',#3657,1.177960737168E1);
#3659=CARTESIAN_POINT('',(5.889803686069E0,4.745686280374E0,5.141879396049E0));
#3660=LINE('4615',#3659,#3658);
#3661=DIRECTION('',(7.996362991016E-11,-3.489949670250E-2,9.993908270191E-1));
#3662=VECTOR('',#3661,3.972218761770E0);
#3663=CARTESIAN_POINT('',(-5.889803685932E0,4.884314715951E0,1.172080402632E0));
#3664=LINE('4614',#3663,#3662);
#3665=CARTESIAN_POINT('',(5.889803687108E0,1.685E0,1.172080402638E0));
#3666=DIRECTION('',(0.E0,0.E0,1.E0));
#3667=DIRECTION('',(9.848077530122E-1,-1.736481776669E-1,0.E0));
#3668=AXIS2_PLACEMENT_3D('',#3665,#3666,#3667);
#3670=CARTESIAN_POINT('',(5.889803687108E0,1.685E0,5.141879396043E0));
#3671=DIRECTION('',(0.E0,0.E0,1.E0));
#3672=DIRECTION('',(9.848077530122E-1,-1.736481776669E-1,0.E0));
#3673=AXIS2_PLACEMENT_3D('',#3670,#3671,#3672);
#3675=DIRECTION('',(-1.241688673624E-10,-3.489949670250E-2,9.993908270191E-1));
#3676=VECTOR('',#3675,3.972218761757E0);
#3677=CARTESIAN_POINT('',(5.889803686562E0,4.884314715951E0,1.172080402637E0));
#3678=LINE('4607',#3677,#3676);
#3679=DIRECTION('',(1.736481776670E-1,9.848077530122E-1,-1.262705742953E-12));
#3680=VECTOR('',#3679,3.218902357763E0);
#3681=CARTESIAN_POINT('',(8.481557094985E0,-2.040555169481E0,1.172080402636E0));
#3682=LINE('4610',#3681,#3680);
#3683=DIRECTION('',(1.736481776668E-1,9.848077530122E-1,3.520262194999E-12));
#3684=VECTOR('',#3683,3.218902357510E0);
#3685=CARTESIAN_POINT('',(8.345034736830E0,-2.016482594333E0,5.141879396047E0));
#3686=LINE('4611',#3685,#3684);
#3687=DIRECTION('',(-3.436929494273E-2,6.060233925134E-3,9.993908270191E-1));
#3688=VECTOR('',#3687,3.972218761770E0);
#3689=CARTESIAN_POINT('',(9.040513623499E0,1.129444828634E0,1.172080402632E0));
#3690=LINE('4609',#3689,#3688);
#3691=CARTESIAN_POINT('',(5.330847158262E0,-1.485E0,1.172080402638E0));
#3692=DIRECTION('',(0.E0,0.E0,1.E0));
#3693=DIRECTION('',(0.E0,-1.E0,0.E0));
#3694=AXIS2_PLACEMENT_3D('',#3691,#3692,#3693);
#3696=CARTESIAN_POINT('',(5.330847158262E0,-1.485E0,5.141879396043E0));
#3697=DIRECTION('',(0.E0,0.E0,1.E0));
#3698=DIRECTION('',(0.E0,-1.E0,0.E0));
#3699=AXIS2_PLACEMENT_3D('',#3696,#3697,#3698);
#3701=DIRECTION('',(-3.436929493165E-2,6.060233987967E-3,9.993908270191E-1));
#3702=VECTOR('',#3701,3.972218761755E0);
#3703=CARTESIAN_POINT('',(8.481557094985E0,-2.040555169481E0,1.172080402636E0));
#3704=LINE('4612',#3703,#3702);
#3705=DIRECTION('',(1.E0,-2.032655673878E-14,-5.832014020043E-13));
#3706=VECTOR('',#3705,1.066169431409E1);
#3707=CARTESIAN_POINT('',(-5.330847157524E0,-4.684314715951E0,
1.172080402636E0));
#3708=LINE('4622',#3707,#3706);
#3709=DIRECTION('',(1.E0,1.907697333118E-14,5.455681150475E-13));
#3710=VECTOR('',#3709,1.066169431494E1);
#3711=CARTESIAN_POINT('',(-5.330847157588E0,-4.545686280374E0,
5.141879396047E0));
#3712=LINE('4623',#3711,#3710);
#3713=DIRECTION('',(1.997698852950E-10,3.489949670250E-2,9.993908270191E-1));
#3714=VECTOR('',#3713,3.972218761767E0);
#3715=CARTESIAN_POINT('',(5.330847156562E0,-4.684314715952E0,1.172080402630E0));
#3716=LINE('4618',#3715,#3714);
#3717=CARTESIAN_POINT('',(-5.330847158262E0,-1.485E0,1.172080402638E0));
#3718=DIRECTION('',(0.E0,0.E0,1.E0));
#3719=DIRECTION('',(-9.848077530122E-1,-1.736481776669E-1,0.E0));
#3720=AXIS2_PLACEMENT_3D('',#3717,#3718,#3719);
#3722=CARTESIAN_POINT('',(-5.330847158262E0,-1.485E0,5.141879396043E0));
#3723=DIRECTION('',(0.E0,0.E0,1.E0));
#3724=DIRECTION('',(-9.848077530122E-1,-1.736481776669E-1,0.E0));
#3725=AXIS2_PLACEMENT_3D('',#3722,#3723,#3724);
#3727=DIRECTION('',(-1.616118438319E-11,3.489949670250E-2,9.993908270191E-1));
#3728=VECTOR('',#3727,3.972218761755E0);
#3729=CARTESIAN_POINT('',(-5.330847157524E0,-4.684314715951E0,
1.172080402636E0));
#3730=LINE('4624',#3729,#3728);
#3731=CARTESIAN_POINT('',(-5.330847158262E0,-1.485E0,5.994862842258E0));
#3732=DIRECTION('',(0.E0,0.E0,-1.E0));
#3733=DIRECTION('',(0.E0,-1.E0,0.E0));
#3734=AXIS2_PLACEMENT_3D('',#3731,#3732,#3733);
#3736=CARTESIAN_POINT('',(-7.163985335027E0,-1.808231719930E0,5.1E0));
#3737=DIRECTION('',(1.736481776669E-1,-9.848077530122E-1,0.E0));
#3738=DIRECTION('',(-6.561385564918E-1,-1.156949305926E-1,7.457190340336E-1));
#3739=AXIS2_PLACEMENT_3D('',#3736,#3737,#3738);
#3741=DIRECTION('',(0.E0,0.E0,1.E0));
#3742=VECTOR('',#3741,8.669432214667E-1);
#3743=CARTESIAN_POINT('',(-5.330847158262E0,-4.145929948773E0,
5.127919620083E0));
#3744=LINE('4729',#3743,#3742);
#3745=CARTESIAN_POINT('',(-5.330847158262E0,-1.485E0,5.127919642803E0));
#3746=DIRECTION('',(0.E0,0.E0,-1.E0));
#3747=DIRECTION('',(0.E0,-1.E0,0.E0));
#3748=AXIS2_PLACEMENT_3D('',#3745,#3746,#3747);
#3750=CARTESIAN_POINT('',(-5.330847158262E0,-1.485E0,1.158120603957E0));
#3751=DIRECTION('',(0.E0,0.E0,1.E0));
#3752=DIRECTION('',(-9.848077530122E-1,-1.736481776669E-1,0.E0));
#3753=AXIS2_PLACEMENT_3D('',#3750,#3751,#3752);
#3755=DIRECTION('',(-1.627021045994E-10,3.489949670250E-2,9.993908270191E-1));
#3756=VECTOR('',#3755,3.972218784486E0);
#3757=CARTESIAN_POINT('',(-5.330847157616E0,-4.284558385144E0,
1.158120603954E0));
#3758=LINE('4715',#3757,#3756);
#3759=DIRECTION('',(1.736481775536E-1,-9.848077530322E-1,-3.296863506329E-9));
#3760=VECTOR('',#3759,3.218902359678E0);
#3761=CARTESIAN_POINT('',(-8.510308130517E0,1.222934363561E0,5.127919630695E0));
#3762=LINE('4699',#3761,#3760);
#3763=DIRECTION('',(1.736481776668E-1,-9.848077530122E-1,-3.108787747627E-12));
#3764=VECTOR('',#3763,3.218902357613E0);
#3765=CARTESIAN_POINT('',(-8.646830489725E0,1.198861787677E0,1.158120603955E0));
#3766=LINE('4583',#3765,#3764);
#3767=DIRECTION('',(3.436929499823E-2,6.060233610388E-3,9.993908270191E-1));
#3768=VECTOR('',#3767,3.972218784495E0);
#3769=CARTESIAN_POINT('',(-8.087873961238E0,-1.971138210289E0,
1.158120603945E0));
#3770=LINE('4716',#3769,#3768);
#3771=DIRECTION('',(0.E0,0.E0,1.E0));
#3772=VECTOR('',#3771,8.669432214667E-1);
#3773=CARTESIAN_POINT('',(-7.951351602036E0,-1.947065636504E0,
5.127919620083E0));
#3774=LINE('4730',#3773,#3772);
#3775=DIRECTION('',(1.736481775535E-1,-9.848077530322E-1,-1.028601960097E-10));
#3776=VECTOR('',#3775,3.218902359678E0);
#3777=CARTESIAN_POINT('',(-8.510308130517E0,1.222934363561E0,5.994862841880E0));
#3778=LINE('4703',#3777,#3776);
#3779=CARTESIAN_POINT('',(-7.722941863873E0,1.361768280070E0,5.1E0));
#3780=DIRECTION('',(1.736481776669E-1,-9.848077530122E-1,0.E0));
#3781=DIRECTION('',(-6.561385564918E-1,-1.156949305926E-1,7.457190340336E-1));
#3782=AXIS2_PLACEMENT_3D('',#3779,#3780,#3781);
#3784=CARTESIAN_POINT('',(-5.889803687108E0,1.685E0,5.994862842920E0));
#3785=DIRECTION('',(0.E0,0.E0,-1.E0));
#3786=DIRECTION('',(-9.848077530122E-1,-1.736481776669E-1,0.E0));
#3787=AXIS2_PLACEMENT_3D('',#3784,#3785,#3786);
#3789=CARTESIAN_POINT('',(-5.889803687108E0,3.546417287951E0,5.1E0));
#3790=DIRECTION('',(-1.E0,0.E0,0.E0));
#3791=DIRECTION('',(0.E0,6.662605513461E-1,7.457190340336E-1));
#3792=AXIS2_PLACEMENT_3D('',#3789,#3790,#3791);
#3794=DIRECTION('',(0.E0,0.E0,1.E0));
#3795=VECTOR('',#3794,8.669432111855E-1);
#3796=CARTESIAN_POINT('',(-8.510308130517E0,1.222934363561E0,5.127919630695E0));
#3797=LINE('4731',#3796,#3795);
#3798=CARTESIAN_POINT('',(-5.889803687108E0,1.685E0,5.127919664028E0));
#3799=DIRECTION('',(0.E0,0.E0,-1.E0));
#3800=DIRECTION('',(-9.848077530122E-1,-1.736481776669E-1,0.E0));
#3801=AXIS2_PLACEMENT_3D('',#3798,#3799,#3800);
#3803=CARTESIAN_POINT('',(-5.889803687108E0,1.685E0,1.158120603957E0));
#3804=DIRECTION('',(0.E0,0.E0,1.E0));
#3805=DIRECTION('',(0.E0,1.E0,0.E0));
#3806=AXIS2_PLACEMENT_3D('',#3803,#3804,#3805);
#3808=DIRECTION('',(3.436929490797E-2,6.060234122291E-3,9.993908270191E-1));
#3809=VECTOR('',#3808,3.972218795104E0);
#3810=CARTESIAN_POINT('',(-8.646830489725E0,1.198861787677E0,1.158120603955E0));
#3811=LINE('4714',#3810,#3809);
#3812=DIRECTION('',(-1.E0,0.E0,-2.084800666486E-13));
#3813=VECTOR('',#3812,1.177960737422E1);
#3814=CARTESIAN_POINT('',(5.889803687108E0,4.345929948402E0,5.127919630697E0));
#3815=LINE('4695',#3814,#3813);
#3816=DIRECTION('',(-1.E0,2.005631021191E-14,-5.753182744153E-13));
#3817=VECTOR('',#3816,1.177960737264E1);
#3818=CARTESIAN_POINT('',(5.889803686630E0,4.484558385144E0,1.158120603955E0));
#3819=LINE('4579',#3818,#3817);
#3820=DIRECTION('',(-2.763748539486E-10,-3.489949670250E-2,9.993908270191E-1));
#3821=VECTOR('',#3820,3.972218795111E0);
#3822=CARTESIAN_POINT('',(-5.889803686010E0,4.484558385144E0,1.158120603948E0));
#3823=LINE('4712',#3822,#3821);
#3824=DIRECTION('',(0.E0,0.E0,1.E0));
#3825=VECTOR('',#3824,8.669432111854E-1);
#3826=CARTESIAN_POINT('',(-5.889803687108E0,4.345929948402E0,5.127919630695E0));
#3827=LINE('4732',#3826,#3825);
#3828=DIRECTION('',(-1.E0,0.E0,0.E0));
#3829=VECTOR('',#3828,1.177960737422E1);
#3830=CARTESIAN_POINT('',(5.889803687108E0,4.345929948402E0,5.994862841880E0));
#3831=LINE('4701',#3830,#3829);
#3832=CARTESIAN_POINT('',(5.889803687108E0,3.546417287951E0,5.1E0));
#3833=DIRECTION('',(-1.E0,0.E0,0.E0));
#3834=DIRECTION('',(0.E0,6.662605513461E-1,7.457190340336E-1));
#3835=AXIS2_PLACEMENT_3D('',#3832,#3833,#3834);
#3837=CARTESIAN_POINT('',(5.889803687108E0,1.685E0,5.994862842920E0));
#3838=DIRECTION('',(0.E0,0.E0,-1.E0));
#3839=DIRECTION('',(0.E0,1.E0,0.E0));
#3840=AXIS2_PLACEMENT_3D('',#3837,#3838,#3839);
#3842=CARTESIAN_POINT('',(7.722941863873E0,1.361768280070E0,5.1E0));
#3843=DIRECTION('',(1.736481776669E-1,9.848077530122E-1,0.E0));
#3844=DIRECTION('',(6.561385564918E-1,-1.156949305926E-1,7.457190340336E-1));
#3845=AXIS2_PLACEMENT_3D('',#3842,#3843,#3844);
#3847=DIRECTION('',(0.E0,0.E0,1.E0));
#3848=VECTOR('',#3847,8.669432111831E-1);
#3849=CARTESIAN_POINT('',(5.889803687108E0,4.345929948402E0,5.127919630697E0));
#3850=LINE('4725',#3849,#3848);
#3851=CARTESIAN_POINT('',(5.889803687108E0,1.685E0,5.127919664033E0));
#3852=DIRECTION('',(0.E0,0.E0,-1.E0));
#3853=DIRECTION('',(0.E0,1.E0,0.E0));
#3854=AXIS2_PLACEMENT_3D('',#3851,#3852,#3853);
#3856=CARTESIAN_POINT('',(5.889803687108E0,1.685E0,1.158120603957E0));
#3857=DIRECTION('',(0.E0,0.E0,1.E0));
#3858=DIRECTION('',(9.848077530122E-1,-1.736481776669E-1,0.E0));
#3859=AXIS2_PLACEMENT_3D('',#3856,#3857,#3858);
#3861=DIRECTION('',(1.202353380917E-10,-3.489949670250E-2,9.993908270191E-1));
#3862=VECTOR('',#3861,3.972218795107E0);
#3863=CARTESIAN_POINT('',(5.889803686630E0,4.484558385144E0,1.158120603955E0));
#3864=LINE('4709',#3863,#3862);
#3865=DIRECTION('',(1.736481775535E-1,9.848077530322E-1,3.297149365525E-9));
#3866=VECTOR('',#3865,3.218902359678E0);
#3867=CARTESIAN_POINT('',(7.951351602036E0,-1.947065636504E0,5.127919620084E0));
#3868=LINE('4694',#3867,#3866);
#3869=DIRECTION('',(1.736481776670E-1,9.848077530122E-1,-1.893955142130E-12));
#3870=VECTOR('',#3869,3.218902357934E0);
#3871=CARTESIAN_POINT('',(8.087873961074E0,-1.971138211216E0,1.158120603954E0));
#3872=LINE('4578',#3871,#3870);
#3873=DIRECTION('',(-3.436929488086E-2,6.060234276059E-3,9.993908270191E-1));
#3874=VECTOR('',#3873,3.972218795114E0);
#3875=CARTESIAN_POINT('',(8.646830489617E0,1.198861787066E0,1.158120603948E0));
#3876=LINE('4710',#3875,#3874);
#3877=DIRECTION('',(0.E0,0.E0,1.E0));
#3878=VECTOR('',#3877,8.669432111830E-1);
#3879=CARTESIAN_POINT('',(8.510308130517E0,1.222934363561E0,5.127919630697E0));
#3880=LINE('4726',#3879,#3878);
#3881=DIRECTION('',(1.736481775535E-1,9.848077530322E-1,1.028717848961E-10));
#3882=VECTOR('',#3881,3.218902359678E0);
#3883=CARTESIAN_POINT('',(7.951351602036E0,-1.947065636504E0,5.994862841549E0));
#3884=LINE('4707',#3883,#3882);
#3885=CARTESIAN_POINT('',(7.163985335027E0,-1.808231719930E0,5.1E0));
#3886=DIRECTION('',(1.736481776669E-1,9.848077530122E-1,0.E0));
#3887=DIRECTION('',(6.561385564918E-1,-1.156949305926E-1,7.457190340336E-1));
#3888=AXIS2_PLACEMENT_3D('',#3885,#3886,#3887);
#3890=CARTESIAN_POINT('',(5.330847158262E0,-1.485E0,5.994862842258E0));
#3891=DIRECTION('',(0.E0,0.E0,-1.E0));
#3892=DIRECTION('',(9.848077530122E-1,-1.736481776669E-1,0.E0));
#3893=AXIS2_PLACEMENT_3D('',#3890,#3891,#3892);
#3895=CARTESIAN_POINT('',(5.330847158262E0,-3.346417287951E0,5.1E0));
#3896=DIRECTION('',(1.E0,0.E0,0.E0));
#3897=DIRECTION('',(0.E0,-6.662605513461E-1,7.457190340336E-1));
#3898=AXIS2_PLACEMENT_3D('',#3895,#3896,#3897);
#3900=DIRECTION('',(0.E0,0.E0,1.E0));
#3901=VECTOR('',#3900,8.669432214651E-1);
#3902=CARTESIAN_POINT('',(7.951351602036E0,-1.947065636504E0,5.127919620084E0));
#3903=LINE('4727',#3902,#3901);
#3904=CARTESIAN_POINT('',(5.330847158262E0,-1.485E0,5.127919642806E0));
#3905=DIRECTION('',(0.E0,0.E0,-1.E0));
#3906=DIRECTION('',(9.848077530122E-1,-1.736481776669E-1,0.E0));
#3907=AXIS2_PLACEMENT_3D('',#3904,#3905,#3906);
#3909=CARTESIAN_POINT('',(5.330847158262E0,-1.485E0,1.158120603957E0));
#3910=DIRECTION('',(0.E0,0.E0,1.E0));
#3911=DIRECTION('',(0.E0,-1.E0,0.E0));
#3912=AXIS2_PLACEMENT_3D('',#3909,#3910,#3911);
#3914=DIRECTION('',(-3.436929495710E-2,6.060233843652E-3,9.993908270191E-1));
#3915=VECTOR('',#3914,3.972218784488E0);
#3916=CARTESIAN_POINT('',(8.087873961074E0,-1.971138211216E0,1.158120603954E0));
#3917=LINE('4711',#3916,#3915);
#3918=DIRECTION('',(1.E0,0.E0,1.507830642983E-13));
#3919=VECTOR('',#3918,1.066169431652E1);
#3920=CARTESIAN_POINT('',(-5.330847158262E0,-4.145929948773E0,
5.127919620083E0));
#3921=LINE('4698',#3920,#3919);
#3922=DIRECTION('',(1.E0,-3.057314066799E-14,-8.747916897945E-13));
#3923=VECTOR('',#3922,1.066169431429E1);
#3924=CARTESIAN_POINT('',(-5.330847157616E0,-4.284558385144E0,
1.158120603954E0));
#3925=LINE('4582',#3924,#3923);
#3926=DIRECTION('',(3.995645876326E-10,3.489949670250E-2,9.993908270191E-1));
#3927=VECTOR('',#3926,3.972218784497E0);
#3928=CARTESIAN_POINT('',(5.330847156675E0,-4.284558385144E0,1.158120603945E0));
#3929=LINE('4713',#3928,#3927);
#3930=DIRECTION('',(0.E0,0.E0,1.E0));
#3931=VECTOR('',#3930,8.669432214651E-1);
#3932=CARTESIAN_POINT('',(5.330847158262E0,-4.145929948773E0,5.127919620084E0));
#3933=LINE('4728',#3932,#3931);
#3934=DIRECTION('',(1.E0,0.E0,0.E0));
#3935=VECTOR('',#3934,1.066169431652E1);
#3936=CARTESIAN_POINT('',(-5.330847158262E0,-4.145929948773E0,
5.994862841549E0));
#3937=LINE('4705',#3936,#3935);
#3938=CARTESIAN_POINT('',(-5.330847158262E0,-3.346417287951E0,5.1E0));
#3939=DIRECTION('',(1.E0,0.E0,0.E0));
#3940=DIRECTION('',(0.E0,-6.662605513461E-1,7.457190340336E-1));
#3941=AXIS2_PLACEMENT_3D('',#3938,#3939,#3940);
#3943=CARTESIAN_POINT('',(-5.330847158262E0,-5.483827377567E0,1.2E0));
#3944=DIRECTION('',(1.E0,0.E0,0.E0));
#3945=DIRECTION('',(0.E0,0.E0,-1.E0));
#3946=AXIS2_PLACEMENT_3D('',#3943,#3944,#3945);
#3948=CARTESIAN_POINT('',(5.330847158262E0,-5.483827377566E0,1.2E0));
#3949=DIRECTION('',(1.E0,0.E0,0.E0));
#3950=DIRECTION('',(0.E0,0.E0,-1.E0));
#3951=AXIS2_PLACEMENT_3D('',#3948,#3949,#3950);
#3953=CARTESIAN_POINT('',(9.268923362647E0,-2.179389086919E0,1.2E0));
#3954=DIRECTION('',(1.736481776669E-1,9.848077530122E-1,0.E0));
#3955=DIRECTION('',(0.E0,0.E0,-1.E0));
#3956=AXIS2_PLACEMENT_3D('',#3953,#3954,#3955);
#3958=CARTESIAN_POINT('',(9.827879891493E0,9.906109130809E-1,1.2E0));
#3959=DIRECTION('',(1.736481776669E-1,9.848077530122E-1,0.E0));
#3960=DIRECTION('',(0.E0,0.E0,-1.E0));
#3961=AXIS2_PLACEMENT_3D('',#3958,#3959,#3960);
#3963=CARTESIAN_POINT('',(5.889803687108E0,5.683827377567E0,1.2E0));
#3964=DIRECTION('',(-1.E0,0.E0,0.E0));
#3965=DIRECTION('',(0.E0,0.E0,-1.E0));
#3966=AXIS2_PLACEMENT_3D('',#3963,#3964,#3965);
#3968=CARTESIAN_POINT('',(-5.889803687108E0,5.683827377566E0,1.2E0));
#3969=DIRECTION('',(-1.E0,0.E0,0.E0));
#3970=DIRECTION('',(0.E0,0.E0,-1.E0));
#3971=AXIS2_PLACEMENT_3D('',#3968,#3969,#3970);
#3973=CARTESIAN_POINT('',(-9.827879891493E0,9.906109130809E-1,1.2E0));
#3974=DIRECTION('',(1.736481776669E-1,-9.848077530122E-1,0.E0));
#3975=DIRECTION('',(0.E0,0.E0,-1.E0));
#3976=AXIS2_PLACEMENT_3D('',#3973,#3974,#3975);
#3978=CARTESIAN_POINT('',(-9.268923362647E0,-2.179389086919E0,1.2E0));
#3979=DIRECTION('',(1.736481776669E-1,-9.848077530122E-1,0.E0));
#3980=DIRECTION('',(0.E0,0.E0,-1.E0));
#3981=AXIS2_PLACEMENT_3D('',#3978,#3979,#3980);
#3983=DIRECTION('',(-1.210052764384E-1,8.242966859087E-2,-9.892234696013E-1));
#3984=VECTOR('',#3983,4.E-1);
#3985=CARTESIAN_POINT('',(-9.9E0,5.05E0,-1.293183647842E-2));
#3986=LINE('4249',#3985,#3984);
#3987=DIRECTION('',(0.E0,-1.E0,0.E0));
#3988=VECTOR('',#3987,8.659708473432E-1);
#3989=CARTESIAN_POINT('',(-9.9E0,6.21E0,0.E0));
#3990=LINE('4893',#3989,#3988);
#3991=DIRECTION('',(0.E0,0.E0,-1.E0));
#3992=VECTOR('',#3991,4.E-1);
#3993=CARTESIAN_POINT('',(-9.9E0,5.344029152657E0,0.E0));
#3994=LINE('4930',#3993,#3992);
#3995=DIRECTION('',(0.E0,-1.E0,0.E0));
#3996=VECTOR('',#3995,8.659708473432E-1);
#3997=CARTESIAN_POINT('',(-9.9E0,6.21E0,-4.E-1));
#3998=LINE('4240',#3997,#3996);
#3999=CARTESIAN_POINT('',(-7.639307595180E0,3.51E0,-4.E-1));
#4000=DIRECTION('',(0.E0,0.E0,-1.E0));
#4001=DIRECTION('',(-7.765817368195E-1,6.300165125125E-1,0.E0));
#4002=AXIS2_PLACEMENT_3D('',#3999,#4000,#4001);
#4004=DIRECTION('',(1.E0,0.E0,0.E0));
#4005=VECTOR('',#4004,1.172394154337E0);
#4006=CARTESIAN_POINT('',(-9.9E0,6.21E0,-4.E-1));
#4007=LINE('4241',#4006,#4005);
#4008=CARTESIAN_POINT('',(2.68E0,-3.525E0,-4.41E0));
#4009=DIRECTION('',(0.E0,1.E0,0.E0));
#4010=DIRECTION('',(0.E0,0.E0,1.E0));
#4011=AXIS2_PLACEMENT_3D('',#4008,#4009,#4010);
#4013=CARTESIAN_POINT('',(2.68E0,-4.26E0,-4.41E0));
#4014=DIRECTION('',(0.E0,1.E0,0.E0));
#4015=DIRECTION('',(0.E0,0.E0,1.E0));
#4016=AXIS2_PLACEMENT_3D('',#4013,#4014,#4015);
#4018=DIRECTION('',(1.E0,0.E0,0.E0));
#4019=VECTOR('',#4018,5.36E0);
#4020=CARTESIAN_POINT('',(-2.68E0,-3.525E0,-4.31E0));
#4021=LINE('4307',#4020,#4019);
#4022=DIRECTION('',(6.851662094830E-13,-1.E0,0.E0));
#4023=VECTOR('',#4022,7.35E-1);
#4024=CARTESIAN_POINT('',(-2.68E0,-3.525E0,-4.31E0));
#4025=LINE('4315',#4024,#4023);
#4026=CARTESIAN_POINT('',(-2.28E0,-4.26E0,-4.31E0));
#4027=DIRECTION('',(0.E0,0.E0,1.E0));
#4028=DIRECTION('',(-1.E0,0.E0,0.E0));
#4029=AXIS2_PLACEMENT_3D('',#4026,#4027,#4028);
#4031=CARTESIAN_POINT('',(2.28E0,-4.26E0,-4.31E0));
#4032=DIRECTION('',(0.E0,0.E0,1.E0));
#4033=DIRECTION('',(8.106723736440E-1,-5.855000449277E-1,0.E0));
#4034=AXIS2_PLACEMENT_3D('',#4031,#4032,#4033);
#4036=DIRECTION('',(1.021103081152E-13,1.E0,0.E0));
#4037=VECTOR('',#4036,7.35E-1);
#4038=CARTESIAN_POINT('',(2.68E0,-4.26E0,-4.31E0));
#4039=LINE('4312',#4038,#4037);
#4040=CARTESIAN_POINT('',(-2.68E0,-4.26E0,-4.41E0));
#4041=DIRECTION('',(0.E0,-1.E0,0.E0));
#4042=DIRECTION('',(0.E0,0.E0,1.E0));
#4043=AXIS2_PLACEMENT_3D('',#4040,#4041,#4042);
#4045=DIRECTION('',(-3.119685642568E-1,0.E0,-9.500924244070E-1));
#4046=VECTOR('',#4045,4.210116718378E-1);
#4047=CARTESIAN_POINT('',(2.897944947177E0,-3.525E0,-3.96E0));
#4048=LINE('4329',#4047,#4046);
#4049=DIRECTION('',(0.E0,0.E0,-1.E0));
#4050=VECTOR('',#4049,4.E-1);
#4051=CARTESIAN_POINT('',(5.850183323311E0,-3.525E0,-3.96E0));
#4052=LINE('4328',#4051,#4050);
#4053=DIRECTION('',(0.E0,0.E0,-1.E0));
#4054=VECTOR('',#4053,4.E-1);
#4055=CARTESIAN_POINT('',(7.425875728131E0,-2.202837084267E0,-3.96E0));
#4056=LINE('4330',#4055,#4054);
#4057=DIRECTION('',(0.E0,0.E0,-1.E0));
#4058=VECTOR('',#4057,4.E-1);
#4059=CARTESIAN_POINT('',(8.14E0,1.847162915733E0,-3.96E0));
#4060=LINE('4331',#4059,#4058);
#4061=DIRECTION('',(7.747820554239E-13,0.E0,-1.E0));
#4062=VECTOR('',#4061,3.18E0);
#4063=CARTESIAN_POINT('',(-6.362135768867E0,-4.94E0,0.E0));
#4064=LINE('4117',#4063,#4062);
#4065=CARTESIAN_POINT('',(-6.362135768867E0,-3.34E0,-3.18E0));
#4066=DIRECTION('',(0.E0,0.E0,-1.E0));
#4067=DIRECTION('',(0.E0,-1.E0,0.E0));
#4068=AXIS2_PLACEMENT_3D('',#4065,#4066,#4067);
#4070=CARTESIAN_POINT('',(-2.68E0,-4.26E0,-4.41E0));
#4071=DIRECTION('',(0.E0,-1.E0,0.E0));
#4072=DIRECTION('',(-2.564872139916E-1,0.E0,9.665476237924E-1));
#4073=AXIS2_PLACEMENT_3D('',#4070,#4071,#4072);
#4075=CARTESIAN_POINT('',(-8.377086590060E0,3.192399048983E0,-3.18E0));
#4076=DIRECTION('',(-1.736481776669E-1,9.848077530122E-1,0.E0));
#4077=DIRECTION('',(0.E0,0.E0,-1.E0));
#4078=AXIS2_PLACEMENT_3D('',#4075,#4076,#4077);
#4080=CARTESIAN_POINT('',(-8.752077444159E0,1.E0,-3.18E0));
#4081=CARTESIAN_POINT('',(-8.752077444159E0,1.E0,-3.242982081621E0));
#4082=CARTESIAN_POINT('',(-8.736871079946E0,1.E0,-3.353739880651E0));
#4083=CARTESIAN_POINT('',(-8.670871060425E0,1.E0,-3.539668187616E0));
#4084=CARTESIAN_POINT('',(-8.538451202055E0,1.E0,-3.722158737353E0));
#4085=CARTESIAN_POINT('',(-8.352826060991E0,1.E0,-3.851444004396E0));
#4086=CARTESIAN_POINT('',(-8.164879375556E0,1.E0,-3.915425645447E0));
#4087=CARTESIAN_POINT('',(-8.053489566867E0,1.E0,-3.93E0));
#4088=CARTESIAN_POINT('',(-7.990507485245E0,1.E0,-3.93E0));
#4090=DIRECTION('',(0.E0,0.E0,-1.E0));
#4091=VECTOR('',#4090,1.33E0);
#4092=CARTESIAN_POINT('',(-7.972653955422E0,1.327433280200E0,-3.93E0));
#4093=LINE('4048',#4092,#4091);
#4094=CARTESIAN_POINT('',(6.2E0,1.64E0,-5.26E0));
#4095=DIRECTION('',(0.E0,0.E0,-1.E0));
#4096=DIRECTION('',(0.E0,1.E0,0.E0));
#4097=AXIS2_PLACEMENT_3D('',#4094,#4095,#4096);
#4099=DIRECTION('',(1.E0,0.E0,0.E0));
#4100=VECTOR('',#4099,1.24E1);
#4101=CARTESIAN_POINT('',(-6.2E0,3.44E0,-5.26E0));
#4102=LINE('4034',#4101,#4100);
#4103=CARTESIAN_POINT('',(-6.2E0,1.64E0,-5.26E0));
#4104=DIRECTION('',(0.E0,0.E0,-1.E0));
#4105=DIRECTION('',(-9.848077530122E-1,-1.736481776669E-1,0.E0));
#4106=AXIS2_PLACEMENT_3D('',#4103,#4104,#4105);
#4108=DIRECTION('',(-1.736481776669E-1,9.848077530122E-1,0.E0));
#4109=VECTOR('',#4108,3.330599286985E0);
#4110=CARTESIAN_POINT('',(-7.394301458698E0,-1.952566719800E0,-5.26E0));
#4111=LINE('4032',#4110,#4109);
#4112=CARTESIAN_POINT('',(-5.621647503276E0,-1.64E0,-5.26E0));
#4113=DIRECTION('',(0.E0,0.E0,-1.E0));
#4114=DIRECTION('',(0.E0,-1.E0,0.E0));
#4115=AXIS2_PLACEMENT_3D('',#4112,#4113,#4114);
#4117=DIRECTION('',(-1.E0,0.E0,0.E0));
#4118=VECTOR('',#4117,1.124329500655E1);
#4119=CARTESIAN_POINT('',(5.621647503276E0,-3.44E0,-5.26E0));
#4120=LINE('4030',#4119,#4118);
#4121=CARTESIAN_POINT('',(5.621647503276E0,-1.64E0,-5.26E0));
#4122=DIRECTION('',(0.E0,0.E0,-1.E0));
#4123=DIRECTION('',(9.848077530122E-1,-1.736481776669E-1,0.E0));
#4124=AXIS2_PLACEMENT_3D('',#4121,#4122,#4123);
#4126=DIRECTION('',(-1.736481776669E-1,-9.848077530122E-1,0.E0));
#4127=VECTOR('',#4126,3.330599286985E0);
#4128=CARTESIAN_POINT('',(7.972653955422E0,1.327433280200E0,-5.26E0));
#4129=LINE('4028',#4128,#4127);
#4130=CARTESIAN_POINT('',(-5.48E0,1.42E0,-5.26E0));
#4131=DIRECTION('',(0.E0,0.E0,1.E0));
#4132=DIRECTION('',(0.E0,1.E0,0.E0));
#4133=AXIS2_PLACEMENT_3D('',#4130,#4131,#4132);
#4135=CARTESIAN_POINT('',(-5.48E0,1.42E0,-5.26E0));
#4136=DIRECTION('',(0.E0,0.E0,1.E0));
#4137=DIRECTION('',(0.E0,-1.E0,0.E0));
#4138=AXIS2_PLACEMENT_3D('',#4135,#4136,#4137);
#4140=CARTESIAN_POINT('',(-2.74E0,1.42E0,-5.26E0));
#4141=DIRECTION('',(0.E0,0.E0,1.E0));
#4142=DIRECTION('',(0.E0,1.E0,0.E0));
#4143=AXIS2_PLACEMENT_3D('',#4140,#4141,#4142);
#4145=CARTESIAN_POINT('',(-2.74E0,1.42E0,-5.26E0));
#4146=DIRECTION('',(0.E0,0.E0,1.E0));
#4147=DIRECTION('',(0.E0,-1.E0,0.E0));
#4148=AXIS2_PLACEMENT_3D('',#4145,#4146,#4147);
#4150=CARTESIAN_POINT('',(0.E0,1.42E0,-5.26E0));
#4151=DIRECTION('',(0.E0,0.E0,1.E0));
#4152=DIRECTION('',(0.E0,1.E0,0.E0));
#4153=AXIS2_PLACEMENT_3D('',#4150,#4151,#4152);
#4155=CARTESIAN_POINT('',(0.E0,1.42E0,-5.26E0));
#4156=DIRECTION('',(0.E0,0.E0,1.E0));
#4157=DIRECTION('',(0.E0,-1.E0,0.E0));
#4158=AXIS2_PLACEMENT_3D('',#4155,#4156,#4157);
#4160=CARTESIAN_POINT('',(2.74E0,1.42E0,-5.26E0));
#4161=DIRECTION('',(0.E0,0.E0,1.E0));
#4162=DIRECTION('',(0.E0,1.E0,0.E0));
#4163=AXIS2_PLACEMENT_3D('',#4160,#4161,#4162);
#4165=CARTESIAN_POINT('',(2.74E0,1.42E0,-5.26E0));
#4166=DIRECTION('',(0.E0,0.E0,1.E0));
#4167=DIRECTION('',(0.E0,-1.E0,0.E0));
#4168=AXIS2_PLACEMENT_3D('',#4165,#4166,#4167);
#4170=CARTESIAN_POINT('',(5.48E0,1.42E0,-5.26E0));
#4171=DIRECTION('',(0.E0,0.E0,1.E0));
#4172=DIRECTION('',(0.E0,1.E0,0.E0));
#4173=AXIS2_PLACEMENT_3D('',#4170,#4171,#4172);
#4175=CARTESIAN_POINT('',(5.48E0,1.42E0,-5.26E0));
#4176=DIRECTION('',(0.E0,0.E0,1.E0));
#4177=DIRECTION('',(0.E0,-1.E0,0.E0));
#4178=AXIS2_PLACEMENT_3D('',#4175,#4176,#4177);
#4180=CARTESIAN_POINT('',(-4.11E0,-1.42E0,-5.26E0));
#4181=DIRECTION('',(0.E0,0.E0,1.E0));
#4182=DIRECTION('',(0.E0,1.E0,0.E0));
#4183=AXIS2_PLACEMENT_3D('',#4180,#4181,#4182);
#4185=CARTESIAN_POINT('',(-4.11E0,-1.42E0,-5.26E0));
#4186=DIRECTION('',(0.E0,0.E0,1.E0));
#4187=DIRECTION('',(0.E0,-1.E0,0.E0));
#4188=AXIS2_PLACEMENT_3D('',#4185,#4186,#4187);
#4190=CARTESIAN_POINT('',(-1.37E0,-1.42E0,-5.26E0));
#4191=DIRECTION('',(0.E0,0.E0,1.E0));
#4192=DIRECTION('',(0.E0,1.E0,0.E0));
#4193=AXIS2_PLACEMENT_3D('',#4190,#4191,#4192);
#4195=CARTESIAN_POINT('',(-1.37E0,-1.42E0,-5.26E0));
#4196=DIRECTION('',(0.E0,0.E0,1.E0));
#4197=DIRECTION('',(0.E0,-1.E0,0.E0));
#4198=AXIS2_PLACEMENT_3D('',#4195,#4196,#4197);
#4200=CARTESIAN_POINT('',(1.37E0,-1.42E0,-5.26E0));
#4201=DIRECTION('',(0.E0,0.E0,1.E0));
#4202=DIRECTION('',(0.E0,1.E0,0.E0));
#4203=AXIS2_PLACEMENT_3D('',#4200,#4201,#4202);
#4205=CARTESIAN_POINT('',(1.37E0,-1.42E0,-5.26E0));
#4206=DIRECTION('',(0.E0,0.E0,1.E0));
#4207=DIRECTION('',(0.E0,-1.E0,0.E0));
#4208=AXIS2_PLACEMENT_3D('',#4205,#4206,#4207);
#4210=CARTESIAN_POINT('',(4.11E0,-1.42E0,-5.26E0));
#4211=DIRECTION('',(0.E0,0.E0,1.E0));
#4212=DIRECTION('',(0.E0,1.E0,0.E0));
#4213=AXIS2_PLACEMENT_3D('',#4210,#4211,#4212);
#4215=CARTESIAN_POINT('',(4.11E0,-1.42E0,-5.26E0));
#4216=DIRECTION('',(0.E0,0.E0,1.E0));
#4217=DIRECTION('',(0.E0,-1.E0,0.E0));
#4218=AXIS2_PLACEMENT_3D('',#4215,#4216,#4217);
#4220=DIRECTION('',(0.E0,0.E0,-1.E0));
#4221=VECTOR('',#4220,1.33E0);
#4222=CARTESIAN_POINT('',(6.2E0,3.44E0,-3.93E0));
#4223=LINE('4042',#4222,#4221);
#4224=DIRECTION('',(0.E0,0.E0,-1.E0));
#4225=VECTOR('',#4224,1.33E0);
#4226=CARTESIAN_POINT('',(-6.2E0,3.44E0,-3.93E0));
#4227=LINE('4049',#4226,#4225);
#4228=DIRECTION('',(0.E0,0.E0,-1.E0));
#4229=VECTOR('',#4228,1.33E0);
#4230=CARTESIAN_POINT('',(7.972653955422E0,1.327433280200E0,-3.93E0));
#4231=LINE('4043',#4230,#4229);
#4232=DIRECTION('',(0.E0,0.E0,-1.E0));
#4233=VECTOR('',#4232,1.33E0);
#4234=CARTESIAN_POINT('',(7.394301458698E0,-1.952566719800E0,-3.93E0));
#4235=LINE('4044',#4234,#4233);
#4236=DIRECTION('',(0.E0,0.E0,-1.E0));
#4237=VECTOR('',#4236,1.33E0);
#4238=CARTESIAN_POINT('',(5.621647503276E0,-3.44E0,-3.93E0));
#4239=LINE('4045',#4238,#4237);
#4240=DIRECTION('',(0.E0,0.E0,-1.E0));
#4241=VECTOR('',#4240,1.33E0);
#4242=CARTESIAN_POINT('',(-5.621647503276E0,-3.44E0,-3.93E0));
#4243=LINE('4046',#4242,#4241);
#4244=CARTESIAN_POINT('',(-5.48E0,1.42E0,-1.05E1));
#4245=DIRECTION('',(0.E0,0.E0,-1.E0));
#4246=DIRECTION('',(0.E0,-1.E0,0.E0));
#4247=AXIS2_PLACEMENT_3D('',#4244,#4245,#4246);
#4249=DIRECTION('',(-4.033567373237E-11,0.E0,-1.E0));
#4250=VECTOR('',#4249,5.24E0);
#4251=CARTESIAN_POINT('',(-5.48E0,1.735E0,-5.26E0));
#4252=LINE('4409',#4251,#4250);
#4253=CARTESIAN_POINT('',(-5.48E0,1.42E0,-1.05E1));
#4254=DIRECTION('',(0.E0,0.E0,-1.E0));
#4255=DIRECTION('',(0.E0,1.E0,0.E0));
#4256=AXIS2_PLACEMENT_3D('',#4253,#4254,#4255);
#4258=DIRECTION('',(4.033584323207E-11,0.E0,-1.E0));
#4259=VECTOR('',#4258,5.24E0);
#4260=CARTESIAN_POINT('',(-5.48E0,1.105E0,-5.26E0));
#4261=LINE('4410',#4260,#4259);
#4262=CARTESIAN_POINT('',(-5.48E0,1.535E0,-1.05E1));
#4263=DIRECTION('',(1.E0,0.E0,0.E0));
#4264=DIRECTION('',(0.E0,0.E0,-1.E0));
#4265=AXIS2_PLACEMENT_3D('',#4262,#4263,#4264);
#4267=CARTESIAN_POINT('',(-5.48E0,1.42E0,-1.07E1));
#4268=DIRECTION('',(0.E0,0.E0,-1.E0));
#4269=DIRECTION('',(0.E0,1.E0,0.E0));
#4270=AXIS2_PLACEMENT_3D('',#4267,#4268,#4269);
#4272=CARTESIAN_POINT('',(-5.48E0,1.42E0,-1.07E1));
#4273=DIRECTION('',(0.E0,0.E0,-1.E0));
#4274=DIRECTION('',(0.E0,-1.E0,0.E0));
#4275=AXIS2_PLACEMENT_3D('',#4272,#4273,#4274);
#4277=CARTESIAN_POINT('',(-5.48E0,1.305E0,-1.05E1));
#4278=DIRECTION('',(-1.E0,0.E0,0.E0));
#4279=DIRECTION('',(0.E0,0.E0,-1.E0));
#4280=AXIS2_PLACEMENT_3D('',#4277,#4278,#4279);
#4282=CARTESIAN_POINT('',(-2.74E0,1.42E0,-1.05E1));
#4283=DIRECTION('',(0.E0,0.E0,-1.E0));
#4284=DIRECTION('',(0.E0,-1.E0,0.E0));
#4285=AXIS2_PLACEMENT_3D('',#4282,#4283,#4284);
#4287=DIRECTION('',(-4.033567373237E-11,0.E0,-1.E0));
#4288=VECTOR('',#4287,5.24E0);
#4289=CARTESIAN_POINT('',(-2.74E0,1.735E0,-5.26E0));
#4290=LINE('4429',#4289,#4288);
#4291=CARTESIAN_POINT('',(-2.74E0,1.42E0,-1.05E1));
#4292=DIRECTION('',(0.E0,0.E0,-1.E0));
#4293=DIRECTION('',(0.E0,1.E0,0.E0));
#4294=AXIS2_PLACEMENT_3D('',#4291,#4292,#4293);
#4296=DIRECTION('',(4.033575848222E-11,0.E0,-1.E0));
#4297=VECTOR('',#4296,5.24E0);
#4298=CARTESIAN_POINT('',(-2.74E0,1.105E0,-5.26E0));
#4299=LINE('4430',#4298,#4297);
#4300=CARTESIAN_POINT('',(-2.74E0,1.535E0,-1.05E1));
#4301=DIRECTION('',(1.E0,0.E0,0.E0));
#4302=DIRECTION('',(0.E0,0.E0,-1.E0));
#4303=AXIS2_PLACEMENT_3D('',#4300,#4301,#4302);
#4305=CARTESIAN_POINT('',(-2.74E0,1.42E0,-1.07E1));
#4306=DIRECTION('',(0.E0,0.E0,-1.E0));
#4307=DIRECTION('',(0.E0,1.E0,0.E0));
#4308=AXIS2_PLACEMENT_3D('',#4305,#4306,#4307);
#4310=CARTESIAN_POINT('',(-2.74E0,1.42E0,-1.07E1));
#4311=DIRECTION('',(0.E0,0.E0,-1.E0));
#4312=DIRECTION('',(0.E0,-1.E0,0.E0));
#4313=AXIS2_PLACEMENT_3D('',#4310,#4311,#4312);
#4315=CARTESIAN_POINT('',(-2.74E0,1.305E0,-1.05E1));
#4316=DIRECTION('',(-1.E0,0.E0,0.E0));
#4317=DIRECTION('',(0.E0,0.E0,-1.E0));
#4318=AXIS2_PLACEMENT_3D('',#4315,#4316,#4317);
#4320=CARTESIAN_POINT('',(0.E0,1.42E0,-1.05E1));
#4321=DIRECTION('',(0.E0,0.E0,-1.E0));
#4322=DIRECTION('',(0.E0,-1.E0,0.E0));
#4323=AXIS2_PLACEMENT_3D('',#4320,#4321,#4322);
#4325=DIRECTION('',(-4.033574586281E-11,0.E0,-1.E0));
#4326=VECTOR('',#4325,5.24E0);
#4327=CARTESIAN_POINT('',(0.E0,1.735E0,-5.26E0));
#4328=LINE('4449',#4327,#4326);
#4329=CARTESIAN_POINT('',(0.E0,1.42E0,-1.05E1));
#4330=DIRECTION('',(0.E0,0.E0,-1.E0));
#4331=DIRECTION('',(0.E0,1.E0,0.E0));
#4332=AXIS2_PLACEMENT_3D('',#4329,#4330,#4331);
#4334=DIRECTION('',(4.033574484108E-11,0.E0,-1.E0));
#4335=VECTOR('',#4334,5.24E0);
#4336=CARTESIAN_POINT('',(0.E0,1.105E0,-5.26E0));
#4337=LINE('4450',#4336,#4335);
#4338=CARTESIAN_POINT('',(0.E0,1.535E0,-1.05E1));
#4339=DIRECTION('',(1.E0,0.E0,0.E0));
#4340=DIRECTION('',(0.E0,0.E0,-1.E0));
#4341=AXIS2_PLACEMENT_3D('',#4338,#4339,#4340);
#4343=CARTESIAN_POINT('',(0.E0,1.42E0,-1.07E1));
#4344=DIRECTION('',(0.E0,0.E0,-1.E0));
#4345=DIRECTION('',(0.E0,1.E0,0.E0));
#4346=AXIS2_PLACEMENT_3D('',#4343,#4344,#4345);
#4348=CARTESIAN_POINT('',(0.E0,1.42E0,-1.07E1));
#4349=DIRECTION('',(0.E0,0.E0,-1.E0));
#4350=DIRECTION('',(0.E0,-1.E0,0.E0));
#4351=AXIS2_PLACEMENT_3D('',#4348,#4349,#4350);
#4353=CARTESIAN_POINT('',(0.E0,1.305E0,-1.05E1));
#4354=DIRECTION('',(-1.E0,0.E0,0.E0));
#4355=DIRECTION('',(0.E0,0.E0,-1.E0));
#4356=AXIS2_PLACEMENT_3D('',#4353,#4354,#4355);
#4358=CARTESIAN_POINT('',(2.74E0,1.42E0,-1.05E1));
#4359=DIRECTION('',(0.E0,0.E0,-1.E0));
#4360=DIRECTION('',(0.E0,-1.E0,0.E0));
#4361=AXIS2_PLACEMENT_3D('',#4358,#4359,#4360);
#4363=DIRECTION('',(-4.033575848222E-11,0.E0,-1.E0));
#4364=VECTOR('',#4363,5.24E0);
#4365=CARTESIAN_POINT('',(2.74E0,1.735E0,-5.26E0));
#4366=LINE('4469',#4365,#4364);
#4367=CARTESIAN_POINT('',(2.74E0,1.42E0,-1.05E1));
#4368=DIRECTION('',(0.E0,0.E0,-1.E0));
#4369=DIRECTION('',(0.E0,1.E0,0.E0));
#4370=AXIS2_PLACEMENT_3D('',#4367,#4368,#4369);
#4372=DIRECTION('',(4.033567373237E-11,0.E0,-1.E0));
#4373=VECTOR('',#4372,5.24E0);
#4374=CARTESIAN_POINT('',(2.74E0,1.105E0,-5.26E0));
#4375=LINE('4470',#4374,#4373);
#4376=CARTESIAN_POINT('',(2.74E0,1.535E0,-1.05E1));
#4377=DIRECTION('',(1.E0,0.E0,0.E0));
#4378=DIRECTION('',(0.E0,0.E0,-1.E0));
#4379=AXIS2_PLACEMENT_3D('',#4376,#4377,#4378);
#4381=CARTESIAN_POINT('',(2.74E0,1.42E0,-1.07E1));
#4382=DIRECTION('',(0.E0,0.E0,-1.E0));
#4383=DIRECTION('',(0.E0,1.E0,0.E0));
#4384=AXIS2_PLACEMENT_3D('',#4381,#4382,#4383);
#4386=CARTESIAN_POINT('',(2.74E0,1.42E0,-1.07E1));
#4387=DIRECTION('',(0.E0,0.E0,-1.E0));
#4388=DIRECTION('',(0.E0,-1.E0,0.E0));
#4389=AXIS2_PLACEMENT_3D('',#4386,#4387,#4388);
#4391=CARTESIAN_POINT('',(2.74E0,1.305E0,-1.05E1));
#4392=DIRECTION('',(-1.E0,0.E0,0.E0));
#4393=DIRECTION('',(0.E0,0.E0,-1.E0));
#4394=AXIS2_PLACEMENT_3D('',#4391,#4392,#4393);
#4396=CARTESIAN_POINT('',(5.48E0,1.42E0,-1.05E1));
#4397=DIRECTION('',(0.E0,0.E0,-1.E0));
#4398=DIRECTION('',(0.E0,-1.E0,0.E0));
#4399=AXIS2_PLACEMENT_3D('',#4396,#4397,#4398);
#4401=DIRECTION('',(-4.033584323207E-11,0.E0,-1.E0));
#4402=VECTOR('',#4401,5.24E0);
#4403=CARTESIAN_POINT('',(5.48E0,1.735E0,-5.26E0));
#4404=LINE('4489',#4403,#4402);
#4405=CARTESIAN_POINT('',(5.48E0,1.42E0,-1.05E1));
#4406=DIRECTION('',(0.E0,0.E0,-1.E0));
#4407=DIRECTION('',(0.E0,1.E0,0.E0));
#4408=AXIS2_PLACEMENT_3D('',#4405,#4406,#4407);
#4410=DIRECTION('',(4.033567373237E-11,0.E0,-1.E0));
#4411=VECTOR('',#4410,5.24E0);
#4412=CARTESIAN_POINT('',(5.48E0,1.105E0,-5.26E0));
#4413=LINE('4490',#4412,#4411);
#4414=CARTESIAN_POINT('',(5.48E0,1.535E0,-1.05E1));
#4415=DIRECTION('',(1.E0,0.E0,0.E0));
#4416=DIRECTION('',(0.E0,0.E0,-1.E0));
#4417=AXIS2_PLACEMENT_3D('',#4414,#4415,#4416);
#4419=CARTESIAN_POINT('',(5.48E0,1.42E0,-1.07E1));
#4420=DIRECTION('',(0.E0,0.E0,-1.E0));
#4421=DIRECTION('',(0.E0,1.E0,0.E0));
#4422=AXIS2_PLACEMENT_3D('',#4419,#4420,#4421);
#4424=CARTESIAN_POINT('',(5.48E0,1.42E0,-1.07E1));
#4425=DIRECTION('',(0.E0,0.E0,-1.E0));
#4426=DIRECTION('',(0.E0,-1.E0,0.E0));
#4427=AXIS2_PLACEMENT_3D('',#4424,#4425,#4426);
#4429=CARTESIAN_POINT('',(5.48E0,1.305E0,-1.05E1));
#4430=DIRECTION('',(-1.E0,0.E0,0.E0));
#4431=DIRECTION('',(0.E0,0.E0,-1.E0));
#4432=AXIS2_PLACEMENT_3D('',#4429,#4430,#4431);
#4434=CARTESIAN_POINT('',(-4.11E0,-1.42E0,-1.05E1));
#4435=DIRECTION('',(0.E0,0.E0,-1.E0));
#4436=DIRECTION('',(0.E0,-1.E0,0.E0));
#4437=AXIS2_PLACEMENT_3D('',#4434,#4435,#4436);
#4439=DIRECTION('',(-4.033584323207E-11,0.E0,-1.E0));
#4440=VECTOR('',#4439,5.24E0);
#4441=CARTESIAN_POINT('',(-4.11E0,-1.105E0,-5.26E0));
#4442=LINE('4509',#4441,#4440);
#4443=CARTESIAN_POINT('',(-4.11E0,-1.42E0,-1.05E1));
#4444=DIRECTION('',(0.E0,0.E0,-1.E0));
#4445=DIRECTION('',(0.E0,1.E0,0.E0));
#4446=AXIS2_PLACEMENT_3D('',#4443,#4444,#4445);
#4448=DIRECTION('',(4.033550423267E-11,0.E0,-1.E0));
#4449=VECTOR('',#4448,5.24E0);
#4450=CARTESIAN_POINT('',(-4.11E0,-1.735E0,-5.26E0));
#4451=LINE('4510',#4450,#4449);
#4452=CARTESIAN_POINT('',(-4.11E0,-1.305E0,-1.05E1));
#4453=DIRECTION('',(1.E0,0.E0,0.E0));
#4454=DIRECTION('',(0.E0,0.E0,-1.E0));
#4455=AXIS2_PLACEMENT_3D('',#4452,#4453,#4454);
#4457=CARTESIAN_POINT('',(-4.11E0,-1.42E0,-1.07E1));
#4458=DIRECTION('',(0.E0,0.E0,-1.E0));
#4459=DIRECTION('',(0.E0,1.E0,0.E0));
#4460=AXIS2_PLACEMENT_3D('',#4457,#4458,#4459);
#4462=CARTESIAN_POINT('',(-4.11E0,-1.42E0,-1.07E1));
#4463=DIRECTION('',(0.E0,0.E0,-1.E0));
#4464=DIRECTION('',(0.E0,-1.E0,0.E0));
#4465=AXIS2_PLACEMENT_3D('',#4462,#4463,#4464);
#4467=CARTESIAN_POINT('',(-4.11E0,-1.535E0,-1.05E1));
#4468=DIRECTION('',(-1.E0,0.E0,0.E0));
#4469=DIRECTION('',(0.E0,0.E0,-1.E0));
#4470=AXIS2_PLACEMENT_3D('',#4467,#4468,#4469);
#4472=CARTESIAN_POINT('',(-1.37E0,-1.42E0,-1.05E1));
#4473=DIRECTION('',(0.E0,0.E0,-1.E0));
#4474=DIRECTION('',(0.E0,-1.E0,0.E0));
#4475=AXIS2_PLACEMENT_3D('',#4472,#4473,#4474);
#4477=DIRECTION('',(-4.033575848222E-11,0.E0,-1.E0));
#4478=VECTOR('',#4477,5.24E0);
#4479=CARTESIAN_POINT('',(-1.37E0,-1.105E0,-5.26E0));
#4480=LINE('4529',#4479,#4478);
#4481=CARTESIAN_POINT('',(-1.37E0,-1.42E0,-1.05E1));
#4482=DIRECTION('',(0.E0,0.E0,-1.E0));
#4483=DIRECTION('',(0.E0,1.E0,0.E0));
#4484=AXIS2_PLACEMENT_3D('',#4481,#4482,#4483);
#4486=DIRECTION('',(4.033580085714E-11,0.E0,-1.E0));
#4487=VECTOR('',#4486,5.24E0);
#4488=CARTESIAN_POINT('',(-1.37E0,-1.735E0,-5.26E0));
#4489=LINE('4530',#4488,#4487);
#4490=CARTESIAN_POINT('',(-1.37E0,-1.305E0,-1.05E1));
#4491=DIRECTION('',(1.E0,0.E0,0.E0));
#4492=DIRECTION('',(0.E0,0.E0,-1.E0));
#4493=AXIS2_PLACEMENT_3D('',#4490,#4491,#4492);
#4495=CARTESIAN_POINT('',(-1.37E0,-1.42E0,-1.07E1));
#4496=DIRECTION('',(0.E0,0.E0,-1.E0));
#4497=DIRECTION('',(0.E0,1.E0,0.E0));
#4498=AXIS2_PLACEMENT_3D('',#4495,#4496,#4497);
#4500=CARTESIAN_POINT('',(-1.37E0,-1.42E0,-1.07E1));
#4501=DIRECTION('',(0.E0,0.E0,-1.E0));
#4502=DIRECTION('',(0.E0,-1.E0,0.E0));
#4503=AXIS2_PLACEMENT_3D('',#4500,#4501,#4502);
#4505=CARTESIAN_POINT('',(-1.37E0,-1.535E0,-1.05E1));
#4506=DIRECTION('',(-1.E0,0.E0,0.E0));
#4507=DIRECTION('',(0.E0,0.E0,-1.E0));
#4508=AXIS2_PLACEMENT_3D('',#4505,#4506,#4507);
#4510=CARTESIAN_POINT('',(1.37E0,-1.42E0,-1.05E1));
#4511=DIRECTION('',(0.E0,0.E0,-1.E0));
#4512=DIRECTION('',(0.E0,-1.E0,0.E0));
#4513=AXIS2_PLACEMENT_3D('',#4510,#4511,#4512);
#4515=DIRECTION('',(-4.033571610729E-11,0.E0,-1.E0));
#4516=VECTOR('',#4515,5.24E0);
#4517=CARTESIAN_POINT('',(1.37E0,-1.105E0,-5.26E0));
#4518=LINE('4549',#4517,#4516);
#4519=CARTESIAN_POINT('',(1.37E0,-1.42E0,-1.05E1));
#4520=DIRECTION('',(0.E0,0.E0,-1.E0));
#4521=DIRECTION('',(0.E0,1.E0,0.E0));
#4522=AXIS2_PLACEMENT_3D('',#4519,#4520,#4521);
#4524=DIRECTION('',(4.033575848222E-11,0.E0,-1.E0));
#4525=VECTOR('',#4524,5.24E0);
#4526=CARTESIAN_POINT('',(1.37E0,-1.735E0,-5.26E0));
#4527=LINE('4550',#4526,#4525);
#4528=CARTESIAN_POINT('',(1.37E0,-1.305E0,-1.05E1));
#4529=DIRECTION('',(1.E0,0.E0,0.E0));
#4530=DIRECTION('',(0.E0,0.E0,-1.E0));
#4531=AXIS2_PLACEMENT_3D('',#4528,#4529,#4530);
#4533=CARTESIAN_POINT('',(1.37E0,-1.42E0,-1.07E1));
#4534=DIRECTION('',(0.E0,0.E0,-1.E0));
#4535=DIRECTION('',(0.E0,1.E0,0.E0));
#4536=AXIS2_PLACEMENT_3D('',#4533,#4534,#4535);
#4538=CARTESIAN_POINT('',(1.37E0,-1.42E0,-1.07E1));
#4539=DIRECTION('',(0.E0,0.E0,-1.E0));
#4540=DIRECTION('',(0.E0,-1.E0,0.E0));
#4541=AXIS2_PLACEMENT_3D('',#4538,#4539,#4540);
#4543=CARTESIAN_POINT('',(1.37E0,-1.535E0,-1.05E1));
#4544=DIRECTION('',(-1.E0,0.E0,0.E0));
#4545=DIRECTION('',(0.E0,0.E0,-1.E0));
#4546=AXIS2_PLACEMENT_3D('',#4543,#4544,#4545);
#4548=CARTESIAN_POINT('',(4.11E0,-1.42E0,-1.05E1));
#4549=DIRECTION('',(0.E0,0.E0,-1.E0));
#4550=DIRECTION('',(0.E0,-1.E0,0.E0));
#4551=AXIS2_PLACEMENT_3D('',#4548,#4549,#4550);
#4553=DIRECTION('',(-4.033550423267E-11,0.E0,-1.E0));
#4554=VECTOR('',#4553,5.24E0);
#4555=CARTESIAN_POINT('',(4.11E0,-1.105E0,-5.26E0));
#4556=LINE('4569',#4555,#4554);
#4557=CARTESIAN_POINT('',(4.11E0,-1.42E0,-1.05E1));
#4558=DIRECTION('',(0.E0,0.E0,-1.E0));
#4559=DIRECTION('',(0.E0,1.E0,0.E0));
#4560=AXIS2_PLACEMENT_3D('',#4557,#4558,#4559);
#4562=DIRECTION('',(4.033584323207E-11,0.E0,-1.E0));
#4563=VECTOR('',#4562,5.24E0);
#4564=CARTESIAN_POINT('',(4.11E0,-1.735E0,-5.26E0));
#4565=LINE('4570',#4564,#4563);
#4566=CARTESIAN_POINT('',(4.11E0,-1.305E0,-1.05E1));
#4567=DIRECTION('',(1.E0,0.E0,0.E0));
#4568=DIRECTION('',(0.E0,0.E0,-1.E0));
#4569=AXIS2_PLACEMENT_3D('',#4566,#4567,#4568);
#4571=CARTESIAN_POINT('',(4.11E0,-1.42E0,-1.07E1));
#4572=DIRECTION('',(0.E0,0.E0,-1.E0));
#4573=DIRECTION('',(0.E0,1.E0,0.E0));
#4574=AXIS2_PLACEMENT_3D('',#4571,#4572,#4573);
#4576=CARTESIAN_POINT('',(4.11E0,-1.42E0,-1.07E1));
#4577=DIRECTION('',(0.E0,0.E0,-1.E0));
#4578=DIRECTION('',(0.E0,-1.E0,0.E0));
#4579=AXIS2_PLACEMENT_3D('',#4576,#4577,#4578);
#4581=CARTESIAN_POINT('',(4.11E0,-1.535E0,-1.05E1));
#4582=DIRECTION('',(-1.E0,0.E0,0.E0));
#4583=DIRECTION('',(0.E0,0.E0,-1.E0));
#4584=AXIS2_PLACEMENT_3D('',#4581,#4582,#4583);
#4586=DIRECTION('',(8.191520442890E-1,-5.735764363510E-1,0.E0));
#4587=VECTOR('',#4586,1.103377918962E0);
#4588=CARTESIAN_POINT('',(7.454855963426E0,-5.981381165583E-1,-2.83E0));
#4589=LINE('4092',#4588,#4587);
#4590=DIRECTION('',(0.E0,0.E0,-1.E0));
#4591=VECTOR('',#4590,2.83E0);
#4592=CARTESIAN_POINT('',(7.454855963426E0,-5.981381165583E-1,0.E0));
#4593=LINE('4101',#4592,#4591);
#4594=CARTESIAN_POINT('',(-5.48E0,1.42E0,5.2E0));
#4595=DIRECTION('',(0.E0,0.E0,-1.E0));
#4596=DIRECTION('',(0.E0,-1.E0,0.E0));
#4597=AXIS2_PLACEMENT_3D('',#4594,#4595,#4596);
#4599=DIRECTION('',(6.538359597331E-13,0.E0,-1.E0));
#4600=VECTOR('',#4599,5.2E0);
#4601=CARTESIAN_POINT('',(-5.480000000003E0,9.25E-1,5.2E0));
#4602=LINE('4412',#4601,#4600);
#4603=CARTESIAN_POINT('',(-5.48E0,1.42E0,5.2E0));
#4604=DIRECTION('',(0.E0,0.E0,-1.E0));
#4605=DIRECTION('',(0.E0,1.E0,0.E0));
#4606=AXIS2_PLACEMENT_3D('',#4603,#4604,#4605);
#4608=DIRECTION('',(-6.540067632753E-13,0.E0,-1.E0));
#4609=VECTOR('',#4608,5.2E0);
#4610=CARTESIAN_POINT('',(-5.479999999997E0,1.915E0,5.2E0));
#4611=LINE('4411',#4610,#4609);
#4612=CARTESIAN_POINT('',(-5.480000000013E0,1.515E0,5.2E0));
#4613=DIRECTION('',(1.E0,1.406604971388E-10,0.E0));
#4614=DIRECTION('',(-1.406608163279E-10,1.E0,-1.776356839400E-14));
#4615=AXIS2_PLACEMENT_3D('',#4612,#4613,#4614);
#4617=CARTESIAN_POINT('',(-5.479999999987E0,1.325E0,5.2E0));
#4618=DIRECTION('',(-1.E0,-1.406611008226E-10,0.E0));
#4619=DIRECTION('',(1.406608163279E-10,-1.E0,-1.776356839400E-14));
#4620=AXIS2_PLACEMENT_3D('',#4617,#4618,#4619);
#4622=CARTESIAN_POINT('',(-5.48E0,1.42E0,5.6E0));
#4623=DIRECTION('',(0.E0,0.E0,-1.E0));
#4624=DIRECTION('',(0.E0,-1.E0,0.E0));
#4625=AXIS2_PLACEMENT_3D('',#4622,#4623,#4624);
#4627=CARTESIAN_POINT('',(-5.48E0,1.42E0,5.6E0));
#4628=DIRECTION('',(0.E0,0.E0,-1.E0));
#4629=DIRECTION('',(0.E0,1.E0,0.E0));
#4630=AXIS2_PLACEMENT_3D('',#4627,#4628,#4629);
#4632=CARTESIAN_POINT('',(-2.74E0,1.42E0,5.2E0));
#4633=DIRECTION('',(0.E0,0.E0,-1.E0));
#4634=DIRECTION('',(0.E0,-1.E0,0.E0));
#4635=AXIS2_PLACEMENT_3D('',#4632,#4633,#4634);
#4637=DIRECTION('',(6.539213615042E-13,0.E0,-1.E0));
#4638=VECTOR('',#4637,5.2E0);
#4639=CARTESIAN_POINT('',(-2.740000000003E0,9.25E-1,5.2E0));
#4640=LINE('4432',#4639,#4638);
#4641=CARTESIAN_POINT('',(-2.74E0,1.42E0,5.2E0));
#4642=DIRECTION('',(0.E0,0.E0,-1.E0));
#4643=DIRECTION('',(0.E0,1.E0,0.E0));
#4644=AXIS2_PLACEMENT_3D('',#4641,#4642,#4643);
#4646=DIRECTION('',(-6.538359597331E-13,0.E0,-1.E0));
#4647=VECTOR('',#4646,5.2E0);
#4648=CARTESIAN_POINT('',(-2.739999999997E0,1.915E0,5.2E0));
#4649=LINE('4431',#4648,#4647);
#4650=CARTESIAN_POINT('',(-2.740000000013E0,1.515E0,5.2E0));
#4651=DIRECTION('',(1.E0,1.406604971388E-10,0.E0));
#4652=DIRECTION('',(-1.406608163279E-10,1.E0,-1.776356839400E-14));
#4653=AXIS2_PLACEMENT_3D('',#4650,#4651,#4652);
#4655=CARTESIAN_POINT('',(-2.739999999987E0,1.325E0,5.2E0));
#4656=DIRECTION('',(-1.E0,-1.406611008226E-10,0.E0));
#4657=DIRECTION('',(1.406608163279E-10,-1.E0,-1.776356839400E-14));
#4658=AXIS2_PLACEMENT_3D('',#4655,#4656,#4657);
#4660=CARTESIAN_POINT('',(-2.74E0,1.42E0,5.6E0));
#4661=DIRECTION('',(0.E0,0.E0,-1.E0));
#4662=DIRECTION('',(0.E0,-1.E0,0.E0));
#4663=AXIS2_PLACEMENT_3D('',#4660,#4661,#4662);
#4665=CARTESIAN_POINT('',(-2.74E0,1.42E0,5.6E0));
#4666=DIRECTION('',(0.E0,0.E0,-1.E0));
#4667=DIRECTION('',(0.E0,1.E0,0.E0));
#4668=AXIS2_PLACEMENT_3D('',#4665,#4666,#4667);
#4670=CARTESIAN_POINT('',(0.E0,1.42E0,5.2E0));
#4671=DIRECTION('',(0.E0,0.E0,-1.E0));
#4672=DIRECTION('',(0.E0,-1.E0,0.E0));
#4673=AXIS2_PLACEMENT_3D('',#4670,#4671,#4672);
#4675=DIRECTION('',(6.539400225804E-13,0.E0,-1.E0));
#4676=VECTOR('',#4675,5.2E0);
#4677=CARTESIAN_POINT('',(-3.400402861185E-12,9.25E-1,5.2E0));
#4678=LINE('4452',#4677,#4676);
#4679=CARTESIAN_POINT('',(0.E0,1.42E0,5.2E0));
#4680=DIRECTION('',(0.E0,0.E0,-1.E0));
#4681=DIRECTION('',(0.E0,1.E0,0.E0));
#4682=AXIS2_PLACEMENT_3D('',#4679,#4680,#4681);
#4684=DIRECTION('',(-6.539592994163E-13,0.E0,-1.E0));
#4685=VECTOR('',#4684,5.2E0);
#4686=CARTESIAN_POINT('',(3.400527736948E-12,1.915E0,5.2E0));
#4687=LINE('4451',#4686,#4685);
#4688=CARTESIAN_POINT('',(-1.336274754044E-11,1.515E0,5.2E0));
#4689=DIRECTION('',(1.E0,1.406604971388E-10,0.E0));
#4690=DIRECTION('',(-1.406604971388E-10,1.E0,-1.776356839400E-14));
#4691=AXIS2_PLACEMENT_3D('',#4688,#4689,#4690);
#4693=CARTESIAN_POINT('',(1.336280521999E-11,1.325E0,5.2E0));
#4694=DIRECTION('',(-1.E0,-1.406611008226E-10,0.E0));
#4695=DIRECTION('',(1.406611008226E-10,-1.E0,-1.776356839400E-14));
#4696=AXIS2_PLACEMENT_3D('',#4693,#4694,#4695);
#4698=CARTESIAN_POINT('',(0.E0,1.42E0,5.6E0));
#4699=DIRECTION('',(0.E0,0.E0,-1.E0));
#4700=DIRECTION('',(0.E0,-1.E0,0.E0));
#4701=AXIS2_PLACEMENT_3D('',#4698,#4699,#4700);
#4703=CARTESIAN_POINT('',(0.E0,1.42E0,5.6E0));
#4704=DIRECTION('',(0.E0,0.E0,-1.E0));
#4705=DIRECTION('',(0.E0,1.E0,0.E0));
#4706=AXIS2_PLACEMENT_3D('',#4703,#4704,#4705);
#4708=CARTESIAN_POINT('',(2.74E0,1.42E0,5.2E0));
#4709=DIRECTION('',(0.E0,0.E0,-1.E0));
#4710=DIRECTION('',(0.E0,-1.E0,0.E0));
#4711=AXIS2_PLACEMENT_3D('',#4708,#4709,#4710);
#4713=DIRECTION('',(6.538359597331E-13,0.E0,-1.E0));
#4714=VECTOR('',#4713,5.2E0);
#4715=CARTESIAN_POINT('',(2.739999999997E0,9.25E-1,5.2E0));
#4716=LINE('4472',#4715,#4714);
#4717=CARTESIAN_POINT('',(2.74E0,1.42E0,5.2E0));
#4718=DIRECTION('',(0.E0,0.E0,-1.E0));
#4719=DIRECTION('',(0.E0,1.E0,0.E0));
#4720=AXIS2_PLACEMENT_3D('',#4717,#4718,#4719);
#4722=DIRECTION('',(-6.539213615042E-13,0.E0,-1.E0));
#4723=VECTOR('',#4722,5.2E0);
#4724=CARTESIAN_POINT('',(2.740000000003E0,1.915E0,5.2E0));
#4725=LINE('4471',#4724,#4723);
#4726=CARTESIAN_POINT('',(2.739999999987E0,1.515E0,5.2E0));
#4727=DIRECTION('',(1.E0,1.406604971388E-10,0.E0));
#4728=DIRECTION('',(-1.406608163279E-10,1.E0,-1.776356839400E-14));
#4729=AXIS2_PLACEMENT_3D('',#4726,#4727,#4728);
#4731=CARTESIAN_POINT('',(2.740000000013E0,1.325E0,5.2E0));
#4732=DIRECTION('',(-1.E0,-1.406611008226E-10,0.E0));
#4733=DIRECTION('',(1.406608163279E-10,-1.E0,-1.776356839400E-14));
#4734=AXIS2_PLACEMENT_3D('',#4731,#4732,#4733);
#4736=CARTESIAN_POINT('',(2.74E0,1.42E0,5.6E0));
#4737=DIRECTION('',(0.E0,0.E0,-1.E0));
#4738=DIRECTION('',(0.E0,-1.E0,0.E0));
#4739=AXIS2_PLACEMENT_3D('',#4736,#4737,#4738);
#4741=CARTESIAN_POINT('',(2.74E0,1.42E0,5.6E0));
#4742=DIRECTION('',(0.E0,0.E0,-1.E0));
#4743=DIRECTION('',(0.E0,1.E0,0.E0));
#4744=AXIS2_PLACEMENT_3D('',#4741,#4742,#4743);
#4746=CARTESIAN_POINT('',(5.48E0,1.42E0,5.2E0));
#4747=DIRECTION('',(0.E0,0.E0,-1.E0));
#4748=DIRECTION('',(0.E0,-1.E0,0.E0));
#4749=AXIS2_PLACEMENT_3D('',#4746,#4747,#4748);
#4751=DIRECTION('',(6.540067632753E-13,0.E0,-1.E0));
#4752=VECTOR('',#4751,5.2E0);
#4753=CARTESIAN_POINT('',(5.479999999997E0,9.25E-1,5.2E0));
#4754=LINE('4492',#4753,#4752);
#4755=CARTESIAN_POINT('',(5.48E0,1.42E0,5.2E0));
#4756=DIRECTION('',(0.E0,0.E0,-1.E0));
#4757=DIRECTION('',(0.E0,1.E0,0.E0));
#4758=AXIS2_PLACEMENT_3D('',#4755,#4756,#4757);
#4760=DIRECTION('',(-6.538359597331E-13,0.E0,-1.E0));
#4761=VECTOR('',#4760,5.2E0);
#4762=CARTESIAN_POINT('',(5.480000000003E0,1.915E0,5.2E0));
#4763=LINE('4491',#4762,#4761);
#4764=CARTESIAN_POINT('',(5.479999999987E0,1.515E0,5.2E0));
#4765=DIRECTION('',(1.E0,1.406604971388E-10,0.E0));
#4766=DIRECTION('',(-1.406608163279E-10,1.E0,-1.776356839400E-14));
#4767=AXIS2_PLACEMENT_3D('',#4764,#4765,#4766);
#4769=CARTESIAN_POINT('',(5.480000000013E0,1.325E0,5.2E0));
#4770=DIRECTION('',(-1.E0,-1.406611008226E-10,0.E0));
#4771=DIRECTION('',(1.406608163279E-10,-1.E0,-1.776356839400E-14));
#4772=AXIS2_PLACEMENT_3D('',#4769,#4770,#4771);
#4774=CARTESIAN_POINT('',(5.48E0,1.42E0,5.6E0));
#4775=DIRECTION('',(0.E0,0.E0,-1.E0));
#4776=DIRECTION('',(0.E0,-1.E0,0.E0));
#4777=AXIS2_PLACEMENT_3D('',#4774,#4775,#4776);
#4779=CARTESIAN_POINT('',(5.48E0,1.42E0,5.6E0));
#4780=DIRECTION('',(0.E0,0.E0,-1.E0));
#4781=DIRECTION('',(0.E0,1.E0,0.E0));
#4782=AXIS2_PLACEMENT_3D('',#4779,#4780,#4781);
#4784=CARTESIAN_POINT('',(-4.11E0,-1.42E0,5.2E0));
#4785=DIRECTION('',(0.E0,0.E0,-1.E0));
#4786=DIRECTION('',(0.E0,-1.E0,0.E0));
#4787=AXIS2_PLACEMENT_3D('',#4784,#4785,#4786);
#4789=DIRECTION('',(6.541775668176E-13,0.E0,-1.E0));
#4790=VECTOR('',#4789,5.2E0);
#4791=CARTESIAN_POINT('',(-4.110000000003E0,-1.915E0,5.2E0));
#4792=LINE('4512',#4791,#4790);
#4793=CARTESIAN_POINT('',(-4.11E0,-1.42E0,5.2E0));
#4794=DIRECTION('',(0.E0,0.E0,-1.E0));
#4795=DIRECTION('',(0.E0,1.E0,0.E0));
#4796=AXIS2_PLACEMENT_3D('',#4793,#4794,#4795);
#4798=DIRECTION('',(-6.538359597331E-13,0.E0,-1.E0));
#4799=VECTOR('',#4798,5.2E0);
#4800=CARTESIAN_POINT('',(-4.109999999997E0,-9.25E-1,5.2E0));
#4801=LINE('4511',#4800,#4799);
#4802=CARTESIAN_POINT('',(-4.110000000013E0,-1.325E0,5.2E0));
#4803=DIRECTION('',(1.E0,1.406604971388E-10,0.E0));
#4804=DIRECTION('',(-1.406608163279E-10,1.E0,-1.776356839400E-14));
#4805=AXIS2_PLACEMENT_3D('',#4802,#4803,#4804);
#4807=CARTESIAN_POINT('',(-4.109999999987E0,-1.515E0,5.2E0));
#4808=DIRECTION('',(-1.E0,-1.406611008226E-10,0.E0));
#4809=DIRECTION('',(1.406608163279E-10,-1.E0,-1.776356839400E-14));
#4810=AXIS2_PLACEMENT_3D('',#4807,#4808,#4809);
#4812=CARTESIAN_POINT('',(-4.11E0,-1.42E0,5.6E0));
#4813=DIRECTION('',(0.E0,0.E0,-1.E0));
#4814=DIRECTION('',(0.E0,-1.E0,0.E0));
#4815=AXIS2_PLACEMENT_3D('',#4812,#4813,#4814);
#4817=CARTESIAN_POINT('',(-4.11E0,-1.42E0,5.6E0));
#4818=DIRECTION('',(0.E0,0.E0,-1.E0));
#4819=DIRECTION('',(0.E0,1.E0,0.E0));
#4820=AXIS2_PLACEMENT_3D('',#4817,#4818,#4819);
#4822=CARTESIAN_POINT('',(-1.37E0,-1.42E0,5.2E0));
#4823=DIRECTION('',(0.E0,0.E0,-1.E0));
#4824=DIRECTION('',(0.E0,-1.E0,0.E0));
#4825=AXIS2_PLACEMENT_3D('',#4822,#4823,#4824);
#4827=DIRECTION('',(6.540494641609E-13,0.E0,-1.E0));
#4828=VECTOR('',#4827,5.2E0);
#4829=CARTESIAN_POINT('',(-1.370000000003E0,-1.915E0,5.2E0));
#4830=LINE('4532',#4829,#4828);
#4831=CARTESIAN_POINT('',(-1.37E0,-1.42E0,5.2E0));
#4832=DIRECTION('',(0.E0,0.E0,-1.E0));
#4833=DIRECTION('',(0.E0,1.E0,0.E0));
#4834=AXIS2_PLACEMENT_3D('',#4831,#4832,#4833);
#4836=DIRECTION('',(-6.539213615042E-13,0.E0,-1.E0));
#4837=VECTOR('',#4836,5.2E0);
#4838=CARTESIAN_POINT('',(-1.369999999997E0,-9.25E-1,5.2E0));
#4839=LINE('4531',#4838,#4837);
#4840=CARTESIAN_POINT('',(-1.370000000013E0,-1.325E0,5.2E0));
#4841=DIRECTION('',(1.E0,1.406604971388E-10,0.E0));
#4842=DIRECTION('',(-1.406602612164E-10,1.E0,-1.776356839400E-14));
#4843=AXIS2_PLACEMENT_3D('',#4840,#4841,#4842);
#4845=CARTESIAN_POINT('',(-1.369999999987E0,-1.515E0,5.2E0));
#4846=DIRECTION('',(-1.E0,-1.406611008226E-10,0.E0));
#4847=DIRECTION('',(1.406613714394E-10,-1.E0,-1.776356839400E-14));
#4848=AXIS2_PLACEMENT_3D('',#4845,#4846,#4847);
#4850=CARTESIAN_POINT('',(-1.37E0,-1.42E0,5.6E0));
#4851=DIRECTION('',(0.E0,0.E0,-1.E0));
#4852=DIRECTION('',(0.E0,-1.E0,0.E0));
#4853=AXIS2_PLACEMENT_3D('',#4850,#4851,#4852);
#4855=CARTESIAN_POINT('',(-1.37E0,-1.42E0,5.6E0));
#4856=DIRECTION('',(0.E0,0.E0,-1.E0));
#4857=DIRECTION('',(0.E0,1.E0,0.E0));
#4858=AXIS2_PLACEMENT_3D('',#4855,#4856,#4857);
#4860=CARTESIAN_POINT('',(1.37E0,-1.42E0,5.2E0));
#4861=DIRECTION('',(0.E0,0.E0,-1.E0));
#4862=DIRECTION('',(0.E0,-1.E0,0.E0));
#4863=AXIS2_PLACEMENT_3D('',#4860,#4861,#4862);
#4865=DIRECTION('',(6.539640623898E-13,0.E0,-1.E0));
#4866=VECTOR('',#4865,5.2E0);
#4867=CARTESIAN_POINT('',(1.369999999997E0,-1.915E0,5.2E0));
#4868=LINE('4552',#4867,#4866);
#4869=CARTESIAN_POINT('',(1.37E0,-1.42E0,5.2E0));
#4870=DIRECTION('',(0.E0,0.E0,-1.E0));
#4871=DIRECTION('',(0.E0,1.E0,0.E0));
#4872=AXIS2_PLACEMENT_3D('',#4869,#4870,#4871);
#4874=DIRECTION('',(-6.539640623898E-13,0.E0,-1.E0));
#4875=VECTOR('',#4874,5.2E0);
#4876=CARTESIAN_POINT('',(1.370000000003E0,-9.25E-1,5.2E0));
#4877=LINE('4551',#4876,#4875);
#4878=CARTESIAN_POINT('',(1.369999999987E0,-1.325E0,5.2E0));
#4879=DIRECTION('',(1.E0,1.406604971388E-10,0.E0));
#4880=DIRECTION('',(-1.406602612164E-10,1.E0,-1.776356839400E-14));
#4881=AXIS2_PLACEMENT_3D('',#4878,#4879,#4880);
#4883=CARTESIAN_POINT('',(1.370000000013E0,-1.515E0,5.2E0));
#4884=DIRECTION('',(-1.E0,-1.406611008226E-10,0.E0));
#4885=DIRECTION('',(1.406613714394E-10,-1.E0,-1.776356839400E-14));
#4886=AXIS2_PLACEMENT_3D('',#4883,#4884,#4885);
#4888=CARTESIAN_POINT('',(1.37E0,-1.42E0,5.6E0));
#4889=DIRECTION('',(0.E0,0.E0,-1.E0));
#4890=DIRECTION('',(0.E0,-1.E0,0.E0));
#4891=AXIS2_PLACEMENT_3D('',#4888,#4889,#4890);
#4893=CARTESIAN_POINT('',(1.37E0,-1.42E0,5.6E0));
#4894=DIRECTION('',(0.E0,0.E0,-1.E0));
#4895=DIRECTION('',(0.E0,1.E0,0.E0));
#4896=AXIS2_PLACEMENT_3D('',#4893,#4894,#4895);
#4898=CARTESIAN_POINT('',(4.11E0,-1.42E0,5.2E0));
#4899=DIRECTION('',(0.E0,0.E0,-1.E0));
#4900=DIRECTION('',(0.E0,-1.E0,0.E0));
#4901=AXIS2_PLACEMENT_3D('',#4898,#4899,#4900);
#4903=DIRECTION('',(6.538359597331E-13,0.E0,-1.E0));
#4904=VECTOR('',#4903,5.2E0);
#4905=CARTESIAN_POINT('',(4.109999999997E0,-1.915E0,5.2E0));
#4906=LINE('4572',#4905,#4904);
#4907=CARTESIAN_POINT('',(4.11E0,-1.42E0,5.2E0));
#4908=DIRECTION('',(0.E0,0.E0,-1.E0));
#4909=DIRECTION('',(0.E0,1.E0,0.E0));
#4910=AXIS2_PLACEMENT_3D('',#4907,#4908,#4909);
#4912=DIRECTION('',(-6.541775668176E-13,0.E0,-1.E0));
#4913=VECTOR('',#4912,5.2E0);
#4914=CARTESIAN_POINT('',(4.110000000003E0,-9.25E-1,5.2E0));
#4915=LINE('4571',#4914,#4913);
#4916=CARTESIAN_POINT('',(4.109999999987E0,-1.325E0,5.2E0));
#4917=DIRECTION('',(1.E0,1.406604971388E-10,0.E0));
#4918=DIRECTION('',(-1.406608163279E-10,1.E0,-1.776356839400E-14));
#4919=AXIS2_PLACEMENT_3D('',#4916,#4917,#4918);
#4921=CARTESIAN_POINT('',(4.110000000013E0,-1.515E0,5.2E0));
#4922=DIRECTION('',(-1.E0,-1.406611008226E-10,0.E0));
#4923=DIRECTION('',(1.406608163279E-10,-1.E0,-1.776356839400E-14));
#4924=AXIS2_PLACEMENT_3D('',#4921,#4922,#4923);
#4926=CARTESIAN_POINT('',(4.11E0,-1.42E0,5.6E0));
#4927=DIRECTION('',(0.E0,0.E0,-1.E0));
#4928=DIRECTION('',(0.E0,-1.E0,0.E0));
#4929=AXIS2_PLACEMENT_3D('',#4926,#4927,#4928);
#4931=CARTESIAN_POINT('',(4.11E0,-1.42E0,5.6E0));
#4932=DIRECTION('',(0.E0,0.E0,-1.E0));
#4933=DIRECTION('',(0.E0,1.E0,0.E0));
#4934=AXIS2_PLACEMENT_3D('',#4931,#4932,#4933);
#4936=CARTESIAN_POINT('',(-7.54E0,4.94E0,0.E0));
#4937=CARTESIAN_POINT('',(-9.115692404820E0,3.062162915733E0,0.E0));
#4938=VERTEX_POINT('',#4936);
#4939=VERTEX_POINT('',#4937);
#4940=CARTESIAN_POINT('',(-7.937828173687E0,-3.617837084267E0,0.E0));
#4941=VERTEX_POINT('',#4940);
#4942=CARTESIAN_POINT('',(-6.362135768867E0,-4.94E0,0.E0));
#4943=VERTEX_POINT('',#4942);
#4944=CARTESIAN_POINT('',(6.362135768867E0,-4.94E0,0.E0));
#4945=VERTEX_POINT('',#4944);
#4946=CARTESIAN_POINT('',(7.937828173687E0,-3.617837084267E0,0.E0));
#4947=VERTEX_POINT('',#4946);
#4948=CARTESIAN_POINT('',(9.115692404820E0,3.062162915733E0,0.E0));
#4949=CARTESIAN_POINT('',(7.54E0,4.94E0,0.E0));
#4950=VERTEX_POINT('',#4948);
#4951=VERTEX_POINT('',#4949);
#4952=CARTESIAN_POINT('',(7.727029457452E0,9.454344718922E-1,0.E0));
#4953=CARTESIAN_POINT('',(7.454855963426E0,-5.981381165583E-1,0.E0));
#4954=VERTEX_POINT('',#4952);
#4955=VERTEX_POINT('',#4953);
#4956=CARTESIAN_POINT('',(8.358690241367E0,-1.231009691265E0,0.E0));
#4957=VERTEX_POINT('',#4956);
#4958=CARTESIAN_POINT('',(8.792810685535E0,1.231009691265E0,0.E0));
#4959=VERTEX_POINT('',#4958);
#4960=CARTESIAN_POINT('',(6.2E0,3.44E0,-5.26E0));
#4961=CARTESIAN_POINT('',(7.972653955422E0,1.327433280200E0,-5.26E0));
#4962=VERTEX_POINT('',#4960);
#4963=VERTEX_POINT('',#4961);
#4964=CARTESIAN_POINT('',(7.394301458698E0,-1.952566719800E0,-5.26E0));
#4965=VERTEX_POINT('',#4964);
#4966=CARTESIAN_POINT('',(5.621647503276E0,-3.44E0,-5.26E0));
#4967=VERTEX_POINT('',#4966);
#4968=CARTESIAN_POINT('',(-5.621647503276E0,-3.44E0,-5.26E0));
#4969=VERTEX_POINT('',#4968);
#4970=CARTESIAN_POINT('',(-7.394301458698E0,-1.952566719800E0,-5.26E0));
#4971=VERTEX_POINT('',#4970);
#4972=CARTESIAN_POINT('',(-7.972653955422E0,1.327433280200E0,-5.26E0));
#4973=VERTEX_POINT('',#4972);
#4974=CARTESIAN_POINT('',(-6.2E0,3.44E0,-5.26E0));
#4975=VERTEX_POINT('',#4974);
#4976=CARTESIAN_POINT('',(6.2E0,3.44E0,-3.93E0));
#4977=CARTESIAN_POINT('',(7.972653955422E0,1.327433280200E0,-3.93E0));
#4978=VERTEX_POINT('',#4976);
#4979=VERTEX_POINT('',#4977);
#4980=CARTESIAN_POINT('',(7.394301458698E0,-1.952566719800E0,-3.93E0));
#4981=VERTEX_POINT('',#4980);
#4982=CARTESIAN_POINT('',(5.621647503276E0,-3.44E0,-3.93E0));
#4983=VERTEX_POINT('',#4982);
#4984=CARTESIAN_POINT('',(-5.621647503276E0,-3.44E0,-3.93E0));
#4985=VERTEX_POINT('',#4984);
#4986=CARTESIAN_POINT('',(-7.394301458698E0,-1.952566719800E0,-3.93E0));
#4987=VERTEX_POINT('',#4986);
#4988=CARTESIAN_POINT('',(-7.972653955422E0,1.327433280200E0,-3.93E0));
#4989=CARTESIAN_POINT('',(-6.2E0,3.44E0,-3.93E0));
#4990=VERTEX_POINT('',#4988);
#4991=VERTEX_POINT('',#4989);
#4992=CARTESIAN_POINT('',(-7.562264672324E0,-1.E0,-3.93E0));
#4993=VERTEX_POINT('',#4992);
#4994=CARTESIAN_POINT('',(-7.914918633741E0,1.E0,-3.93E0));
#4995=VERTEX_POINT('',#4994);
#4996=VERTEX_POINT('',#245);
#4997=VERTEX_POINT('',#253);
#4998=CARTESIAN_POINT('',(-7.937828173687E0,-3.617837084265E0,-3.18E0));
#4999=VERTEX_POINT('',#4998);
#5000=CARTESIAN_POINT('',(-7.199222358928E0,-3.487600951017E0,-3.93E0));
#5001=VERTEX_POINT('',#5000);
#5002=CARTESIAN_POINT('',(-6.362135768867E0,-4.19E0,-3.93E0));
#5003=VERTEX_POINT('',#5002);
#5004=CARTESIAN_POINT('',(-6.362135768867E0,-4.94E0,-3.18E0));
#5005=VERTEX_POINT('',#5004);
#5006=CARTESIAN_POINT('',(6.362135768867E0,-4.19E0,-3.93E0));
#5007=CARTESIAN_POINT('',(4.04E0,-4.19E0,-3.93E0));
#5008=VERTEX_POINT('',#5006);
#5009=VERTEX_POINT('',#5007);
#5010=CARTESIAN_POINT('',(6.362135768865E0,-4.94E0,-3.18E0));
#5011=CARTESIAN_POINT('',(4.04E0,-4.94E0,-3.18E0));
#5012=VERTEX_POINT('',#5010);
#5013=VERTEX_POINT('',#5011);
#5014=CARTESIAN_POINT('',(7.199222358928E0,-3.487600951017E0,-3.93E0));
#5015=VERTEX_POINT('',#5014);
#5016=CARTESIAN_POINT('',(7.937828173687E0,-3.617837084267E0,-3.18E0));
#5017=VERTEX_POINT('',#5016);
#5018=CARTESIAN_POINT('',(8.377086590060E0,3.192399048983E0,-3.93E0));
#5019=VERTEX_POINT('',#5018);
#5020=CARTESIAN_POINT('',(9.115692404819E0,3.062162915730E0,-3.18E0));
#5021=VERTEX_POINT('',#5020);
#5022=CARTESIAN_POINT('',(7.54E0,4.19E0,-3.93E0));
#5023=VERTEX_POINT('',#5022);
#5024=CARTESIAN_POINT('',(7.54E0,4.94E0,-3.18E0));
#5025=VERTEX_POINT('',#5024);
#5026=CARTESIAN_POINT('',(-7.539999999997E0,4.94E0,-3.18E0));
#5027=VERTEX_POINT('',#5026);
#5028=CARTESIAN_POINT('',(-8.377086590060E0,3.192399048983E0,-3.93E0));
#5029=CARTESIAN_POINT('',(-7.54E0,4.19E0,-3.93E0));
#5030=VERTEX_POINT('',#5028);
#5031=VERTEX_POINT('',#5029);
#5032=CARTESIAN_POINT('',(-9.115692404820E0,3.062162915733E0,-3.18E0));
#5033=VERTEX_POINT('',#5032);
#5034=VERTEX_POINT('',#4080);
#5035=VERTEX_POINT('',#4088);
#5036=CARTESIAN_POINT('',(4.04E0,-3.6E0,-3.93E0));
#5037=VERTEX_POINT('',#5036);
#5038=CARTESIAN_POINT('',(1.44E0,-4.94E0,-3.18E0));
#5039=VERTEX_POINT('',#5038);
#5040=CARTESIAN_POINT('',(4.04E0,-4.94E0,-2.83E0));
#5041=CARTESIAN_POINT('',(4.04E0,-3.6E0,-2.83E0));
#5042=VERTEX_POINT('',#5040);
#5043=VERTEX_POINT('',#5041);
#5044=CARTESIAN_POINT('',(1.44E0,-4.94E0,-2.83E0));
#5045=CARTESIAN_POINT('',(1.44E0,-3.6E0,-2.83E0));
#5046=VERTEX_POINT('',#5044);
#5047=VERTEX_POINT('',#5045);
#5048=CARTESIAN_POINT('',(1.59E0,-3.6E0,-2.83E0));
#5049=VERTEX_POINT('',#5048);
#5050=CARTESIAN_POINT('',(3.89E0,-3.6E0,-2.83E0));
#5051=VERTEX_POINT('',#5050);
#5052=CARTESIAN_POINT('',(-7.914918633741E0,1.E0,-2.83E0));
#5053=CARTESIAN_POINT('',(-7.562264672324E0,-1.E0,-2.83E0));
#5054=VERTEX_POINT('',#5052);
#5055=VERTEX_POINT('',#5053);
#5056=CARTESIAN_POINT('',(-8.399423482742E0,-1.E0,-2.83E0));
#5057=VERTEX_POINT('',#5056);
#5058=CARTESIAN_POINT('',(-8.752077444159E0,1.E0,-2.83E0));
#5059=VERTEX_POINT('',#5058);
#5060=CARTESIAN_POINT('',(7.727029457452E0,9.454344718922E-1,-2.83E0));
#5061=CARTESIAN_POINT('',(7.454855963426E0,-5.981381165583E-1,-2.83E0));
#5062=VERTEX_POINT('',#5060);
#5063=VERTEX_POINT('',#5061);
#5064=CARTESIAN_POINT('',(8.358690241367E0,-1.231009691265E0,-2.83E0));
#5065=VERTEX_POINT('',#5064);
#5066=CARTESIAN_POINT('',(8.792810685535E0,1.231009691265E0,-2.83E0));
#5067=VERTEX_POINT('',#5066);
#5068=CARTESIAN_POINT('',(1.59E0,-3.6E0,-3.53E0));
#5069=CARTESIAN_POINT('',(3.89E0,-3.6E0,-3.53E0));
#5070=VERTEX_POINT('',#5068);
#5071=VERTEX_POINT('',#5069);
#5072=CARTESIAN_POINT('',(1.59E0,-4.94E0,-2.83E0));
#5073=VERTEX_POINT('',#5072);
#5074=CARTESIAN_POINT('',(3.89E0,-4.94E0,-2.83E0));
#5075=VERTEX_POINT('',#5074);
#5076=CARTESIAN_POINT('',(7.639307595180E0,4.351417287951E0,-3.96E0));
#5077=CARTESIAN_POINT('',(8.467941863873E0,3.363889421290E0,-3.96E0));
#5078=VERTEX_POINT('',#5076);
#5079=VERTEX_POINT('',#5077);
#5080=CARTESIAN_POINT('',(7.265391855441E0,-3.456110578710E0,-3.96E0));
#5081=VERTEX_POINT('',#5080);
#5082=CARTESIAN_POINT('',(6.436757586749E0,-4.151417287951E0,-3.96E0));
#5083=VERTEX_POINT('',#5082);
#5084=CARTESIAN_POINT('',(-6.436757586749E0,-4.151417287951E0,-3.96E0));
#5085=CARTESIAN_POINT('',(-7.265391855441E0,-3.456110578710E0,-3.96E0));
#5086=VERTEX_POINT('',#5084);
#5087=VERTEX_POINT('',#5085);
#5088=CARTESIAN_POINT('',(-8.467941863873E0,3.363889421290E0,-3.96E0));
#5089=VERTEX_POINT('',#5088);
#5090=CARTESIAN_POINT('',(-7.639307595180E0,4.351417287951E0,-3.96E0));
#5091=VERTEX_POINT('',#5090);
#5092=CARTESIAN_POINT('',(-9.325113415407E0,3.212746949659E0,
-1.158120603957E0));
#5093=CARTESIAN_POINT('',(-7.639307595180E0,5.221812092330E0,
-1.158120603957E0));
#5094=VERTEX_POINT('',#5092);
#5095=VERTEX_POINT('',#5093);
#5096=CARTESIAN_POINT('',(-7.639307593198E0,5.150929949566E0,
-3.187919597372E0));
#5097=VERTEX_POINT('',#5096);
#5098=CARTESIAN_POINT('',(-9.255308131663E0,3.225055504579E0,
-3.187919597362E0));
#5099=VERTEX_POINT('',#5098);
#5100=CARTESIAN_POINT('',(-8.122563407080E0,-3.607253049746E0,
-1.158120603954E0));
#5101=VERTEX_POINT('',#5100);
#5102=CARTESIAN_POINT('',(-8.052758123491E0,-3.594944493949E0,
-3.187919597370E0));
#5103=VERTEX_POINT('',#5102);
#5104=CARTESIAN_POINT('',(7.639307594683E0,5.221812092330E0,-1.158120603947E0));
#5105=VERTEX_POINT('',#5104);
#5106=CARTESIAN_POINT('',(7.639307592872E0,5.150929949566E0,-3.187919597385E0));
#5107=VERTEX_POINT('',#5106);
#5108=CARTESIAN_POINT('',(-6.436757586749E0,-5.021812092330E0,
-1.158120603957E0));
#5109=VERTEX_POINT('',#5108);
#5110=CARTESIAN_POINT('',(-6.436757586749E0,-4.950929949566E0,
-3.187919597362E0));
#5111=VERTEX_POINT('',#5110);
#5112=CARTESIAN_POINT('',(9.325113415407E0,3.212746949659E0,-1.158120603957E0));
#5113=VERTEX_POINT('',#5112);
#5114=CARTESIAN_POINT('',(9.255308131319E0,3.225055502627E0,-3.187919597372E0));
#5115=VERTEX_POINT('',#5114);
#5116=CARTESIAN_POINT('',(6.436757586144E0,-5.021812092330E0,
-1.158120603954E0));
#5117=VERTEX_POINT('',#5116);
#5118=CARTESIAN_POINT('',(6.436757585254E0,-4.950929949566E0,
-3.187919597370E0));
#5119=VERTEX_POINT('',#5118);
#5120=CARTESIAN_POINT('',(8.122563407095E0,-3.607253049663E0,
-1.158120603945E0));
#5121=VERTEX_POINT('',#5120);
#5122=CARTESIAN_POINT('',(8.052758123507E0,-3.594944493854E0,
-3.187919597379E0));
#5123=VERTEX_POINT('',#5122);
#5124=CARTESIAN_POINT('',(-7.639307595180E0,6.21E0,-1.871054535321E-2));
#5125=CARTESIAN_POINT('',(7.639307595180E0,6.21E0,-1.871054535321E-2));
#5126=VERTEX_POINT('',#5124);
#5127=VERTEX_POINT('',#5125);
#5128=CARTESIAN_POINT('',(6.436757586749E0,-6.21E0,-5.116377375991E-5));
#5129=VERTEX_POINT('',#5128);
#5130=CARTESIAN_POINT('',(-6.436757586749E0,-6.21E0,-5.116377376011E-5));
#5131=VERTEX_POINT('',#5130);
#5132=CARTESIAN_POINT('',(1.25E1,6.21E0,-4.E-1));
#5133=CARTESIAN_POINT('',(1.25E1,5.05E0,-4.E-1));
#5134=VERTEX_POINT('',#5132);
#5135=VERTEX_POINT('',#5133);
#5136=CARTESIAN_POINT('',(1.3735E1,6.21E0,-4.E-1));
#5137=VERTEX_POINT('',#5136);
#5138=CARTESIAN_POINT('',(1.5335E1,4.61E0,-4.E-1));
#5139=VERTEX_POINT('',#5138);
#5140=CARTESIAN_POINT('',(1.5335E1,-4.61E0,-4.E-1));
#5141=VERTEX_POINT('',#5140);
#5142=CARTESIAN_POINT('',(1.3735E1,-6.21E0,-4.E-1));
#5143=VERTEX_POINT('',#5142);
#5144=CARTESIAN_POINT('',(1.25E1,-6.21E0,-4.E-1));
#5145=VERTEX_POINT('',#5144);
#5146=CARTESIAN_POINT('',(9.9E0,-6.21E0,-4.E-1));
#5147=CARTESIAN_POINT('',(6.690515506830E0,-6.21E0,-4.E-1));
#5148=VERTEX_POINT('',#5146);
#5149=VERTEX_POINT('',#5147);
#5150=CARTESIAN_POINT('',(9.303612808660E0,-3.815503925408E0,-4.E-1));
#5151=VERTEX_POINT('',#5150);
#5152=CARTESIAN_POINT('',(7.639307595180E0,4.351417287951E0,-4.36E0));
#5153=CARTESIAN_POINT('',(8.467941863873E0,3.363889421290E0,-4.36E0));
#5154=VERTEX_POINT('',#5152);
#5155=VERTEX_POINT('',#5153);
#5156=CARTESIAN_POINT('',(7.265391855441E0,-3.456110578710E0,-4.36E0));
#5157=VERTEX_POINT('',#5156);
#5158=CARTESIAN_POINT('',(6.436757586749E0,-4.151417287951E0,-4.36E0));
#5159=VERTEX_POINT('',#5158);
#5160=CARTESIAN_POINT('',(-6.436757586749E0,-4.151417287951E0,-4.36E0));
#5161=CARTESIAN_POINT('',(-7.265391855441E0,-3.456110578710E0,-4.36E0));
#5162=VERTEX_POINT('',#5160);
#5163=VERTEX_POINT('',#5161);
#5164=CARTESIAN_POINT('',(-8.467941863873E0,3.363889421290E0,-4.36E0));
#5165=VERTEX_POINT('',#5164);
#5166=CARTESIAN_POINT('',(-7.639307595180E0,4.351417287951E0,-4.36E0));
#5167=VERTEX_POINT('',#5166);
#5168=CARTESIAN_POINT('',(-9.718796549302E0,3.143329991303E0,
-1.172080402638E0));
#5169=CARTESIAN_POINT('',(-7.639307595180E0,5.621568423137E0,
-1.172080402638E0));
#5170=VERTEX_POINT('',#5168);
#5171=VERTEX_POINT('',#5169);
#5172=CARTESIAN_POINT('',(-7.639307592715E0,5.550686280373E0,
-3.201879396058E0));
#5173=VERTEX_POINT('',#5172);
#5174=CARTESIAN_POINT('',(-9.648991265558E0,3.155638546223E0,
-3.201879396043E0));
#5175=VERTEX_POINT('',#5174);
#5176=CARTESIAN_POINT('',(-8.516246541E0,-3.676670007962E0,-1.172080402636E0));
#5177=VERTEX_POINT('',#5176);
#5178=CARTESIAN_POINT('',(-8.446441257449E0,-3.664361451946E0,
-3.201879396055E0));
#5179=VERTEX_POINT('',#5178);
#5180=CARTESIAN_POINT('',(7.639307594625E0,5.621568423137E0,-1.172080402631E0));
#5181=VERTEX_POINT('',#5180);
#5182=CARTESIAN_POINT('',(7.639307592310E0,5.550686280373E0,-3.201879396077E0));
#5183=VERTEX_POINT('',#5182);
#5184=CARTESIAN_POINT('',(-6.436757586749E0,-5.421568423137E0,
-1.172080402638E0));
#5185=VERTEX_POINT('',#5184);
#5186=CARTESIAN_POINT('',(-6.436757586749E0,-5.350686280374E0,
-3.201879396043E0));
#5187=VERTEX_POINT('',#5186);
#5188=CARTESIAN_POINT('',(9.718796549302E0,3.143329991303E0,-1.172080402638E0));
#5189=VERTEX_POINT('',#5188);
#5190=CARTESIAN_POINT('',(9.648991265130E0,3.155638543796E0,-3.201879396058E0));
#5191=VERTEX_POINT('',#5190);
#5192=CARTESIAN_POINT('',(6.436757586003E0,-5.421568423137E0,
-1.172080402636E0));
#5193=VERTEX_POINT('',#5192);
#5194=CARTESIAN_POINT('',(6.436757584890E0,-5.350686280374E0,
-3.201879396055E0));
#5195=VERTEX_POINT('',#5194);
#5196=CARTESIAN_POINT('',(8.516246541004E0,-3.676670007939E0,
-1.172080402630E0));
#5197=VERTEX_POINT('',#5196);
#5198=CARTESIAN_POINT('',(8.446441257469E0,-3.664361451828E0,
-3.201879396068E0));
#5199=VERTEX_POINT('',#5198);
#5200=CARTESIAN_POINT('',(-7.639307595180E0,6.280360361584E0,
-4.124736969021E-1));
#5201=CARTESIAN_POINT('',(7.639307595180E0,6.280360361584E0,
-4.124736969021E-1));
#5202=VERTEX_POINT('',#5200);
#5203=VERTEX_POINT('',#5201);
#5204=VERTEX_POINT('',#2466);
#5205=VERTEX_POINT('',#2470);
#5206=CARTESIAN_POINT('',(1.050616281709E1,3.004496074592E0,-4.E-1));
#5207=VERTEX_POINT('',#5206);
#5208=VERTEX_POINT('',#2472);
#5209=VERTEX_POINT('',#1261);
#5210=CARTESIAN_POINT('',(-6.436757586749E0,-6.213693694918E0,
-4.000341091825E-1));
#5211=VERTEX_POINT('',#5210);
#5212=VERTEX_POINT('',#1500);
#5213=CARTESIAN_POINT('',(-9.303612808660E0,-3.815503925408E0,-4.E-1));
#5214=VERTEX_POINT('',#5213);
#5215=CARTESIAN_POINT('',(-1.050616281709E1,3.004496074592E0,-4.E-1));
#5216=VERTEX_POINT('',#5215);
#5217=VERTEX_POINT('',#1725);
#5218=VERTEX_POINT('',#1729);
#5219=CARTESIAN_POINT('',(-8.727605845663E0,6.21E0,-4.E-1));
#5220=VERTEX_POINT('',#5219);
#5221=CARTESIAN_POINT('',(-1.25E1,6.21E0,-4.E-1));
#5222=CARTESIAN_POINT('',(-1.25E1,5.05E0,-4.E-1));
#5223=VERTEX_POINT('',#5221);
#5224=VERTEX_POINT('',#5222);
#5225=CARTESIAN_POINT('',(-9.9E0,-6.21E0,-4.E-1));
#5226=VERTEX_POINT('',#5225);
#5227=CARTESIAN_POINT('',(-9.9E0,-4.85E0,-4.E-1));
#5228=VERTEX_POINT('',#5227);
#5229=CARTESIAN_POINT('',(-1.25E1,-6.21E0,-4.E-1));
#5230=CARTESIAN_POINT('',(-1.25E1,-4.85E0,-4.E-1));
#5231=VERTEX_POINT('',#5229);
#5232=VERTEX_POINT('',#5230);
#5233=CARTESIAN_POINT('',(-1.3735E1,-6.21E0,-4.E-1));
#5234=VERTEX_POINT('',#5233);
#5235=CARTESIAN_POINT('',(-1.5335E1,-4.61E0,-4.E-1));
#5236=VERTEX_POINT('',#5235);
#5237=CARTESIAN_POINT('',(-1.5335E1,4.61E0,-4.E-1));
#5238=VERTEX_POINT('',#5237);
#5239=CARTESIAN_POINT('',(-1.3735E1,6.21E0,-4.E-1));
#5240=VERTEX_POINT('',#5239);
#5241=CARTESIAN_POINT('',(-9.9E0,6.21E0,-4.E-1));
#5242=VERTEX_POINT('',#5241);
#5243=CARTESIAN_POINT('',(9.9E0,6.21E0,-4.E-1));
#5244=VERTEX_POINT('',#5243);
#5245=CARTESIAN_POINT('',(9.9E0,5.05E0,-1.293183647842E-2));
#5246=VERTEX_POINT('',#5245);
#5247=CARTESIAN_POINT('',(-9.9E0,5.05E0,-1.293183647842E-2));
#5248=VERTEX_POINT('',#5247);
#5249=CARTESIAN_POINT('',(2.68E0,4.26E0,-4.31E0));
#5250=CARTESIAN_POINT('',(2.28E0,4.66E0,-4.31E0));
#5251=VERTEX_POINT('',#5249);
#5252=VERTEX_POINT('',#5250);
#5253=CARTESIAN_POINT('',(-2.28E0,4.659999999999E0,-4.31E0));
#5254=VERTEX_POINT('',#5253);
#5255=CARTESIAN_POINT('',(-2.68E0,4.26E0,-4.31E0));
#5256=VERTEX_POINT('',#5255);
#5257=VERTEX_POINT('',#1182);
#5258=VERTEX_POINT('',#1193);
#5259=CARTESIAN_POINT('',(-2.28E0,4.684127699939E0,-4.312954371064E0));
#5260=VERTEX_POINT('',#5259);
#5261=VERTEX_POINT('',#1211);
#5262=VERTEX_POINT('',#1112);
#5263=VERTEX_POINT('',#1117);
#5264=VERTEX_POINT('',#1124);
#5265=VERTEX_POINT('',#1129);
#5266=VERTEX_POINT('',#1165);
#5267=VERTEX_POINT('',#1131);
#5268=CARTESIAN_POINT('',(-2.766602540378E0,4.26E0,-4.36E0));
#5269=VERTEX_POINT('',#5268);
#5270=CARTESIAN_POINT('',(-2.68E0,-4.26E0,-4.31E0));
#5271=VERTEX_POINT('',#5270);
#5272=CARTESIAN_POINT('',(2.766602540378E0,4.26E0,-4.36E0));
#5273=VERTEX_POINT('',#5272);
#5274=CARTESIAN_POINT('',(2.68E0,-4.26E0,-4.31E0));
#5275=VERTEX_POINT('',#5274);
#5276=CARTESIAN_POINT('',(2.432459462362E0,4.629805506093E0,-3.91E0));
#5277=CARTESIAN_POINT('',(-2.432459462362E0,4.629805506093E0,-3.91E0));
#5278=VERTEX_POINT('',#5276);
#5279=VERTEX_POINT('',#5277);
#5280=VERTEX_POINT('',#780);
#5281=VERTEX_POINT('',#804);
#5282=VERTEX_POINT('',#826);
#5283=VERTEX_POINT('',#831);
#5284=VERTEX_POINT('',#859);
#5285=VERTEX_POINT('',#864);
#5286=VERTEX_POINT('',#842);
#5287=VERTEX_POINT('',#848);
#5288=CARTESIAN_POINT('',(2.68E0,-4.26E0,-3.91E0));
#5289=VERTEX_POINT('',#5288);
#5290=CARTESIAN_POINT('',(-6.564307595180E0,3.725E0,-3.96E0));
#5291=CARTESIAN_POINT('',(-2.897944947177E0,3.725E0,-3.96E0));
#5292=VERTEX_POINT('',#5290);
#5293=VERTEX_POINT('',#5291);
#5294=CARTESIAN_POINT('',(2.897944947177E0,3.725E0,-3.96E0));
#5295=CARTESIAN_POINT('',(6.564307595180E0,3.725E0,-3.96E0));
#5296=VERTEX_POINT('',#5294);
#5297=VERTEX_POINT('',#5295);
#5298=CARTESIAN_POINT('',(8.14E0,1.847162915733E0,-3.96E0));
#5299=VERTEX_POINT('',#5298);
#5300=CARTESIAN_POINT('',(7.425875728131E0,-2.202837084267E0,-3.96E0));
#5301=VERTEX_POINT('',#5300);
#5302=CARTESIAN_POINT('',(5.850183323311E0,-3.525E0,-3.96E0));
#5303=VERTEX_POINT('',#5302);
#5304=CARTESIAN_POINT('',(2.897944947177E0,-3.525E0,-3.96E0));
#5305=VERTEX_POINT('',#5304);
#5306=CARTESIAN_POINT('',(-2.897944947177E0,-3.525E0,-3.96E0));
#5307=CARTESIAN_POINT('',(-5.850183323311E0,-3.525E0,-3.96E0));
#5308=VERTEX_POINT('',#5306);
#5309=VERTEX_POINT('',#5307);
#5310=CARTESIAN_POINT('',(-7.425875728131E0,-2.202837084267E0,-3.96E0));
#5311=VERTEX_POINT('',#5310);
#5312=CARTESIAN_POINT('',(-8.14E0,1.847162915733E0,-3.96E0));
#5313=VERTEX_POINT('',#5312);
#5314=CARTESIAN_POINT('',(-2.897944947177E0,4.26E0,-3.96E0));
#5315=VERTEX_POINT('',#5314);
#5316=CARTESIAN_POINT('',(2.897944947177E0,4.26E0,-3.96E0));
#5317=VERTEX_POINT('',#5316);
#5318=CARTESIAN_POINT('',(-6.564307595180E0,3.725E0,-4.36E0));
#5319=CARTESIAN_POINT('',(-2.766602540378E0,3.725E0,-4.36E0));
#5320=VERTEX_POINT('',#5318);
#5321=VERTEX_POINT('',#5319);
#5322=CARTESIAN_POINT('',(2.766602540378E0,3.725E0,-4.36E0));
#5323=CARTESIAN_POINT('',(6.564307595180E0,3.725E0,-4.36E0));
#5324=VERTEX_POINT('',#5322);
#5325=VERTEX_POINT('',#5323);
#5326=CARTESIAN_POINT('',(8.14E0,1.847162915733E0,-4.36E0));
#5327=VERTEX_POINT('',#5326);
#5328=CARTESIAN_POINT('',(7.425875728131E0,-2.202837084267E0,-4.36E0));
#5329=VERTEX_POINT('',#5328);
#5330=CARTESIAN_POINT('',(5.850183323311E0,-3.525E0,-4.36E0));
#5331=VERTEX_POINT('',#5330);
#5332=CARTESIAN_POINT('',(2.766602540378E0,-3.525E0,-4.36E0));
#5333=VERTEX_POINT('',#5332);
#5334=CARTESIAN_POINT('',(-2.766602540378E0,-3.525E0,-4.36E0));
#5335=CARTESIAN_POINT('',(-5.850183323311E0,-3.525E0,-4.36E0));
#5336=VERTEX_POINT('',#5334);
#5337=VERTEX_POINT('',#5335);
#5338=CARTESIAN_POINT('',(-7.425875728131E0,-2.202837084267E0,-4.36E0));
#5339=VERTEX_POINT('',#5338);
#5340=CARTESIAN_POINT('',(-8.14E0,1.847162915733E0,-4.36E0));
#5341=VERTEX_POINT('',#5340);
#5342=CARTESIAN_POINT('',(-2.68E0,3.725E0,-4.31E0));
#5343=CARTESIAN_POINT('',(2.68E0,3.725E0,-4.31E0));
#5344=VERTEX_POINT('',#5342);
#5345=VERTEX_POINT('',#5343);
#5346=CARTESIAN_POINT('',(-2.68E0,-3.525E0,-4.31E0));
#5347=CARTESIAN_POINT('',(2.68E0,-3.525E0,-4.31E0));
#5348=VERTEX_POINT('',#5346);
#5349=VERTEX_POINT('',#5347);
#5350=CARTESIAN_POINT('',(1.25E1,-4.85E0,-4.E-1));
#5351=VERTEX_POINT('',#5350);
#5352=CARTESIAN_POINT('',(9.9E0,-4.85E0,-4.E-1));
#5353=VERTEX_POINT('',#5352);
#5354=CARTESIAN_POINT('',(3.89E0,-4.94E0,-3.294674816716E0));
#5355=CARTESIAN_POINT('',(1.59E0,-4.94E0,-3.294674816716E0));
#5356=VERTEX_POINT('',#5354);
#5357=VERTEX_POINT('',#5355);
#5358=CARTESIAN_POINT('',(3.89E0,-4.860712713003E0,-3.53E0));
#5359=CARTESIAN_POINT('',(1.59E0,-4.860712713003E0,-3.53E0));
#5360=VERTEX_POINT('',#5358);
#5361=VERTEX_POINT('',#5359);
#5362=CARTESIAN_POINT('',(-2.82E0,4.19E0,-3.93E0));
#5363=CARTESIAN_POINT('',(-2.82E0,3.725E0,-3.93E0));
#5364=VERTEX_POINT('',#5362);
#5365=VERTEX_POINT('',#5363);
#5366=CARTESIAN_POINT('',(-2.82E0,-3.525E0,-3.93E0));
#5367=CARTESIAN_POINT('',(-2.82E0,-4.19E0,-3.93E0));
#5368=VERTEX_POINT('',#5366);
#5369=VERTEX_POINT('',#5367);
#5370=CARTESIAN_POINT('',(2.82E0,-3.6E0,-3.93E0));
#5371=CARTESIAN_POINT('',(2.82E0,-3.525E0,-3.93E0));
#5372=VERTEX_POINT('',#5370);
#5373=VERTEX_POINT('',#5371);
#5374=CARTESIAN_POINT('',(2.82E0,3.725E0,-3.93E0));
#5375=CARTESIAN_POINT('',(2.82E0,4.19E0,-3.93E0));
#5376=VERTEX_POINT('',#5374);
#5377=VERTEX_POINT('',#5375);
#5378=CARTESIAN_POINT('',(-2.68E0,3.725E0,-3.93E0));
#5379=CARTESIAN_POINT('',(2.68E0,3.725E0,-3.93E0));
#5380=VERTEX_POINT('',#5378);
#5381=VERTEX_POINT('',#5379);
#5382=CARTESIAN_POINT('',(-2.68E0,-3.525E0,-3.93E0));
#5383=CARTESIAN_POINT('',(2.68E0,-3.525E0,-3.93E0));
#5384=VERTEX_POINT('',#5382);
#5385=VERTEX_POINT('',#5383);
#5386=CARTESIAN_POINT('',(1.44E0,-3.6E0,-3.91E0));
#5387=CARTESIAN_POINT('',(1.44E0,-4.362046505341E0,-3.91E0));
#5388=VERTEX_POINT('',#5386);
#5389=VERTEX_POINT('',#5387);
#5390=CARTESIAN_POINT('',(2.68E0,-3.6E0,-3.91E0));
#5391=VERTEX_POINT('',#5390);
#5392=CARTESIAN_POINT('',(-2.666764153907E0,4.362046505341E0,-3.91E0));
#5393=CARTESIAN_POINT('',(2.666764153907E0,4.362046505341E0,-3.91E0));
#5394=VERTEX_POINT('',#5392);
#5395=VERTEX_POINT('',#5393);
#5396=VERTEX_POINT('',#471);
#5397=VERTEX_POINT('',#453);
#5398=CARTESIAN_POINT('',(-2.666764153907E0,-4.362046505341E0,-3.91E0));
#5399=VERTEX_POINT('',#5398);
#5400=VERTEX_POINT('',#891);
#5401=CARTESIAN_POINT('',(-5.48E0,1.535E0,-1.07E1));
#5402=CARTESIAN_POINT('',(-5.48E0,1.305E0,-1.07E1));
#5403=VERTEX_POINT('',#5401);
#5404=VERTEX_POINT('',#5402);
#5405=CARTESIAN_POINT('',(-5.48E0,1.735E0,-1.05E1));
#5406=CARTESIAN_POINT('',(-5.48E0,1.105E0,-1.05E1));
#5407=VERTEX_POINT('',#5405);
#5408=VERTEX_POINT('',#5406);
#5409=CARTESIAN_POINT('',(-5.48E0,9.25E-1,5.2E0));
#5410=CARTESIAN_POINT('',(-5.48E0,1.915E0,5.2E0));
#5411=VERTEX_POINT('',#5409);
#5412=VERTEX_POINT('',#5410);
#5413=CARTESIAN_POINT('',(-5.48E0,1.325E0,5.6E0));
#5414=CARTESIAN_POINT('',(-5.48E0,1.515E0,5.6E0));
#5415=VERTEX_POINT('',#5413);
#5416=VERTEX_POINT('',#5414);
#5417=CARTESIAN_POINT('',(-5.48E0,1.915E0,0.E0));
#5418=CARTESIAN_POINT('',(-5.48E0,9.25E-1,0.E0));
#5419=VERTEX_POINT('',#5417);
#5420=VERTEX_POINT('',#5418);
#5421=CARTESIAN_POINT('',(-5.48E0,1.735E0,-5.26E0));
#5422=CARTESIAN_POINT('',(-5.48E0,1.105E0,-5.26E0));
#5423=VERTEX_POINT('',#5421);
#5424=VERTEX_POINT('',#5422);
#5425=CARTESIAN_POINT('',(-2.74E0,1.535E0,-1.07E1));
#5426=CARTESIAN_POINT('',(-2.74E0,1.305E0,-1.07E1));
#5427=VERTEX_POINT('',#5425);
#5428=VERTEX_POINT('',#5426);
#5429=CARTESIAN_POINT('',(-2.74E0,1.735E0,-1.05E1));
#5430=CARTESIAN_POINT('',(-2.74E0,1.105E0,-1.05E1));
#5431=VERTEX_POINT('',#5429);
#5432=VERTEX_POINT('',#5430);
#5433=CARTESIAN_POINT('',(-2.74E0,9.25E-1,5.2E0));
#5434=CARTESIAN_POINT('',(-2.74E0,1.915E0,5.2E0));
#5435=VERTEX_POINT('',#5433);
#5436=VERTEX_POINT('',#5434);
#5437=CARTESIAN_POINT('',(-2.74E0,1.325E0,5.6E0));
#5438=CARTESIAN_POINT('',(-2.74E0,1.515E0,5.6E0));
#5439=VERTEX_POINT('',#5437);
#5440=VERTEX_POINT('',#5438);
#5441=CARTESIAN_POINT('',(-2.74E0,1.915E0,0.E0));
#5442=CARTESIAN_POINT('',(-2.74E0,9.25E-1,0.E0));
#5443=VERTEX_POINT('',#5441);
#5444=VERTEX_POINT('',#5442);
#5445=CARTESIAN_POINT('',(-2.74E0,1.735E0,-5.26E0));
#5446=CARTESIAN_POINT('',(-2.74E0,1.105E0,-5.26E0));
#5447=VERTEX_POINT('',#5445);
#5448=VERTEX_POINT('',#5446);
#5449=CARTESIAN_POINT('',(0.E0,1.535E0,-1.07E1));
#5450=CARTESIAN_POINT('',(0.E0,1.305E0,-1.07E1));
#5451=VERTEX_POINT('',#5449);
#5452=VERTEX_POINT('',#5450);
#5453=CARTESIAN_POINT('',(0.E0,1.735E0,-1.05E1));
#5454=CARTESIAN_POINT('',(0.E0,1.105E0,-1.05E1));
#5455=VERTEX_POINT('',#5453);
#5456=VERTEX_POINT('',#5454);
#5457=CARTESIAN_POINT('',(0.E0,9.25E-1,5.2E0));
#5458=CARTESIAN_POINT('',(0.E0,1.915E0,5.2E0));
#5459=VERTEX_POINT('',#5457);
#5460=VERTEX_POINT('',#5458);
#5461=CARTESIAN_POINT('',(0.E0,1.325E0,5.6E0));
#5462=CARTESIAN_POINT('',(0.E0,1.515E0,5.6E0));
#5463=VERTEX_POINT('',#5461);
#5464=VERTEX_POINT('',#5462);
#5465=CARTESIAN_POINT('',(0.E0,1.915E0,0.E0));
#5466=CARTESIAN_POINT('',(0.E0,9.25E-1,0.E0));
#5467=VERTEX_POINT('',#5465);
#5468=VERTEX_POINT('',#5466);
#5469=CARTESIAN_POINT('',(0.E0,1.735E0,-5.26E0));
#5470=CARTESIAN_POINT('',(0.E0,1.105E0,-5.26E0));
#5471=VERTEX_POINT('',#5469);
#5472=VERTEX_POINT('',#5470);
#5473=CARTESIAN_POINT('',(2.74E0,1.535E0,-1.07E1));
#5474=CARTESIAN_POINT('',(2.74E0,1.305E0,-1.07E1));
#5475=VERTEX_POINT('',#5473);
#5476=VERTEX_POINT('',#5474);
#5477=CARTESIAN_POINT('',(2.74E0,1.735E0,-1.05E1));
#5478=CARTESIAN_POINT('',(2.74E0,1.105E0,-1.05E1));
#5479=VERTEX_POINT('',#5477);
#5480=VERTEX_POINT('',#5478);
#5481=CARTESIAN_POINT('',(2.74E0,9.25E-1,5.2E0));
#5482=CARTESIAN_POINT('',(2.74E0,1.915E0,5.2E0));
#5483=VERTEX_POINT('',#5481);
#5484=VERTEX_POINT('',#5482);
#5485=CARTESIAN_POINT('',(2.74E0,1.325E0,5.6E0));
#5486=CARTESIAN_POINT('',(2.74E0,1.515E0,5.6E0));
#5487=VERTEX_POINT('',#5485);
#5488=VERTEX_POINT('',#5486);
#5489=CARTESIAN_POINT('',(2.74E0,1.915E0,0.E0));
#5490=CARTESIAN_POINT('',(2.74E0,9.25E-1,0.E0));
#5491=VERTEX_POINT('',#5489);
#5492=VERTEX_POINT('',#5490);
#5493=CARTESIAN_POINT('',(2.74E0,1.735E0,-5.26E0));
#5494=CARTESIAN_POINT('',(2.74E0,1.105E0,-5.26E0));
#5495=VERTEX_POINT('',#5493);
#5496=VERTEX_POINT('',#5494);
#5497=CARTESIAN_POINT('',(5.48E0,1.535E0,-1.07E1));
#5498=CARTESIAN_POINT('',(5.48E0,1.305E0,-1.07E1));
#5499=VERTEX_POINT('',#5497);
#5500=VERTEX_POINT('',#5498);
#5501=CARTESIAN_POINT('',(5.48E0,1.735E0,-1.05E1));
#5502=CARTESIAN_POINT('',(5.48E0,1.105E0,-1.05E1));
#5503=VERTEX_POINT('',#5501);
#5504=VERTEX_POINT('',#5502);
#5505=CARTESIAN_POINT('',(5.48E0,9.25E-1,5.2E0));
#5506=CARTESIAN_POINT('',(5.48E0,1.915E0,5.2E0));
#5507=VERTEX_POINT('',#5505);
#5508=VERTEX_POINT('',#5506);
#5509=CARTESIAN_POINT('',(5.48E0,1.325E0,5.6E0));
#5510=CARTESIAN_POINT('',(5.48E0,1.515E0,5.6E0));
#5511=VERTEX_POINT('',#5509);
#5512=VERTEX_POINT('',#5510);
#5513=CARTESIAN_POINT('',(5.48E0,1.915E0,0.E0));
#5514=CARTESIAN_POINT('',(5.48E0,9.25E-1,0.E0));
#5515=VERTEX_POINT('',#5513);
#5516=VERTEX_POINT('',#5514);
#5517=CARTESIAN_POINT('',(5.48E0,1.735E0,-5.26E0));
#5518=CARTESIAN_POINT('',(5.48E0,1.105E0,-5.26E0));
#5519=VERTEX_POINT('',#5517);
#5520=VERTEX_POINT('',#5518);
#5521=CARTESIAN_POINT('',(-4.11E0,-1.305E0,-1.07E1));
#5522=CARTESIAN_POINT('',(-4.11E0,-1.535E0,-1.07E1));
#5523=VERTEX_POINT('',#5521);
#5524=VERTEX_POINT('',#5522);
#5525=CARTESIAN_POINT('',(-4.11E0,-1.105E0,-1.05E1));
#5526=CARTESIAN_POINT('',(-4.11E0,-1.735E0,-1.05E1));
#5527=VERTEX_POINT('',#5525);
#5528=VERTEX_POINT('',#5526);
#5529=CARTESIAN_POINT('',(-4.11E0,-1.915E0,5.2E0));
#5530=CARTESIAN_POINT('',(-4.11E0,-9.25E-1,5.2E0));
#5531=VERTEX_POINT('',#5529);
#5532=VERTEX_POINT('',#5530);
#5533=CARTESIAN_POINT('',(-4.11E0,-1.515E0,5.6E0));
#5534=CARTESIAN_POINT('',(-4.11E0,-1.325E0,5.6E0));
#5535=VERTEX_POINT('',#5533);
#5536=VERTEX_POINT('',#5534);
#5537=CARTESIAN_POINT('',(-4.11E0,-9.25E-1,0.E0));
#5538=CARTESIAN_POINT('',(-4.11E0,-1.915E0,0.E0));
#5539=VERTEX_POINT('',#5537);
#5540=VERTEX_POINT('',#5538);
#5541=CARTESIAN_POINT('',(-4.11E0,-1.105E0,-5.26E0));
#5542=CARTESIAN_POINT('',(-4.11E0,-1.735E0,-5.26E0));
#5543=VERTEX_POINT('',#5541);
#5544=VERTEX_POINT('',#5542);
#5545=CARTESIAN_POINT('',(-1.37E0,-1.305E0,-1.07E1));
#5546=CARTESIAN_POINT('',(-1.37E0,-1.535E0,-1.07E1));
#5547=VERTEX_POINT('',#5545);
#5548=VERTEX_POINT('',#5546);
#5549=CARTESIAN_POINT('',(-1.37E0,-1.105E0,-1.05E1));
#5550=CARTESIAN_POINT('',(-1.37E0,-1.735E0,-1.05E1));
#5551=VERTEX_POINT('',#5549);
#5552=VERTEX_POINT('',#5550);
#5553=CARTESIAN_POINT('',(-1.37E0,-1.915E0,5.2E0));
#5554=CARTESIAN_POINT('',(-1.37E0,-9.25E-1,5.2E0));
#5555=VERTEX_POINT('',#5553);
#5556=VERTEX_POINT('',#5554);
#5557=CARTESIAN_POINT('',(-1.37E0,-1.515E0,5.6E0));
#5558=CARTESIAN_POINT('',(-1.37E0,-1.325E0,5.6E0));
#5559=VERTEX_POINT('',#5557);
#5560=VERTEX_POINT('',#5558);
#5561=CARTESIAN_POINT('',(-1.37E0,-9.25E-1,0.E0));
#5562=CARTESIAN_POINT('',(-1.37E0,-1.915E0,0.E0));
#5563=VERTEX_POINT('',#5561);
#5564=VERTEX_POINT('',#5562);
#5565=CARTESIAN_POINT('',(-1.37E0,-1.105E0,-5.26E0));
#5566=CARTESIAN_POINT('',(-1.37E0,-1.735E0,-5.26E0));
#5567=VERTEX_POINT('',#5565);
#5568=VERTEX_POINT('',#5566);
#5569=CARTESIAN_POINT('',(1.37E0,-1.305E0,-1.07E1));
#5570=CARTESIAN_POINT('',(1.37E0,-1.535E0,-1.07E1));
#5571=VERTEX_POINT('',#5569);
#5572=VERTEX_POINT('',#5570);
#5573=CARTESIAN_POINT('',(1.37E0,-1.105E0,-1.05E1));
#5574=CARTESIAN_POINT('',(1.37E0,-1.735E0,-1.05E1));
#5575=VERTEX_POINT('',#5573);
#5576=VERTEX_POINT('',#5574);
#5577=CARTESIAN_POINT('',(1.37E0,-1.915E0,5.2E0));
#5578=CARTESIAN_POINT('',(1.37E0,-9.25E-1,5.2E0));
#5579=VERTEX_POINT('',#5577);
#5580=VERTEX_POINT('',#5578);
#5581=CARTESIAN_POINT('',(1.37E0,-1.515E0,5.6E0));
#5582=CARTESIAN_POINT('',(1.37E0,-1.325E0,5.6E0));
#5583=VERTEX_POINT('',#5581);
#5584=VERTEX_POINT('',#5582);
#5585=CARTESIAN_POINT('',(1.37E0,-9.25E-1,0.E0));
#5586=CARTESIAN_POINT('',(1.37E0,-1.915E0,0.E0));
#5587=VERTEX_POINT('',#5585);
#5588=VERTEX_POINT('',#5586);
#5589=CARTESIAN_POINT('',(1.37E0,-1.105E0,-5.26E0));
#5590=CARTESIAN_POINT('',(1.37E0,-1.735E0,-5.26E0));
#5591=VERTEX_POINT('',#5589);
#5592=VERTEX_POINT('',#5590);
#5593=CARTESIAN_POINT('',(4.11E0,-1.305E0,-1.07E1));
#5594=CARTESIAN_POINT('',(4.11E0,-1.535E0,-1.07E1));
#5595=VERTEX_POINT('',#5593);
#5596=VERTEX_POINT('',#5594);
#5597=CARTESIAN_POINT('',(4.11E0,-1.105E0,-1.05E1));
#5598=CARTESIAN_POINT('',(4.11E0,-1.735E0,-1.05E1));
#5599=VERTEX_POINT('',#5597);
#5600=VERTEX_POINT('',#5598);
#5601=CARTESIAN_POINT('',(4.11E0,-1.915E0,5.2E0));
#5602=CARTESIAN_POINT('',(4.11E0,-9.25E-1,5.2E0));
#5603=VERTEX_POINT('',#5601);
#5604=VERTEX_POINT('',#5602);
#5605=CARTESIAN_POINT('',(4.11E0,-1.515E0,5.6E0));
#5606=CARTESIAN_POINT('',(4.11E0,-1.325E0,5.6E0));
#5607=VERTEX_POINT('',#5605);
#5608=VERTEX_POINT('',#5606);
#5609=CARTESIAN_POINT('',(4.11E0,-9.25E-1,0.E0));
#5610=CARTESIAN_POINT('',(4.11E0,-1.915E0,0.E0));
#5611=VERTEX_POINT('',#5609);
#5612=VERTEX_POINT('',#5610);
#5613=CARTESIAN_POINT('',(4.11E0,-1.105E0,-5.26E0));
#5614=CARTESIAN_POINT('',(4.11E0,-1.735E0,-5.26E0));
#5615=VERTEX_POINT('',#5613);
#5616=VERTEX_POINT('',#5614);
#5617=CARTESIAN_POINT('',(-1.2325E1,6.21E0,0.E0));
#5618=CARTESIAN_POINT('',(-1.2475E1,5.1E0,0.E0));
#5619=VERTEX_POINT('',#5617);
#5620=VERTEX_POINT('',#5618);
#5621=CARTESIAN_POINT('',(-9.827879891396E0,9.906109128570E-1,0.E0));
#5622=CARTESIAN_POINT('',(-9.268923362556E0,-2.179389086461E0,0.E0));
#5623=VERTEX_POINT('',#5621);
#5624=VERTEX_POINT('',#5622);
#5625=CARTESIAN_POINT('',(-1.4445E1,0.E0,0.E0));
#5626=CARTESIAN_POINT('',(-1.0545E1,0.E0,0.E0));
#5627=VERTEX_POINT('',#5625);
#5628=VERTEX_POINT('',#5626);
#5629=CARTESIAN_POINT('',(8.646830489808E0,1.198861788148E0,1.158120603957E0));
#5630=CARTESIAN_POINT('',(5.889803687108E0,4.484558385144E0,1.158120603957E0));
#5631=VERTEX_POINT('',#5629);
#5632=VERTEX_POINT('',#5630);
#5633=CARTESIAN_POINT('',(8.087873961074E0,-1.971138211216E0,1.158120603954E0));
#5634=VERTEX_POINT('',#5633);
#5635=CARTESIAN_POINT('',(-5.889803686010E0,4.484558385144E0,1.158120603948E0));
#5636=VERTEX_POINT('',#5635);
#5637=CARTESIAN_POINT('',(5.330847158262E0,-4.284558385144E0,1.158120603957E0));
#5638=VERTEX_POINT('',#5637);
#5639=CARTESIAN_POINT('',(-8.646830489808E0,1.198861788148E0,1.158120603957E0));
#5640=VERTEX_POINT('',#5639);
#5641=CARTESIAN_POINT('',(-5.330847157616E0,-4.284558385144E0,
1.158120603954E0));
#5642=VERTEX_POINT('',#5641);
#5643=CARTESIAN_POINT('',(-8.087873961238E0,-1.971138210289E0,
1.158120603945E0));
#5644=VERTEX_POINT('',#5643);
#5645=CARTESIAN_POINT('',(9.268923362647E0,-2.179389086919E0,0.E0));
#5646=VERTEX_POINT('',#5645);
#5647=CARTESIAN_POINT('',(9.827879891317E0,9.906109128026E-1,0.E0));
#5648=VERTEX_POINT('',#5647);
#5649=CARTESIAN_POINT('',(1.2325E1,6.21E0,0.E0));
#5650=CARTESIAN_POINT('',(1.2475E1,5.1E0,0.E0));
#5651=VERTEX_POINT('',#5649);
#5652=VERTEX_POINT('',#5650);
#5653=CARTESIAN_POINT('',(1.0225E1,-6.21E0,0.E0));
#5654=CARTESIAN_POINT('',(1.0075E1,-4.9E0,0.E0));
#5655=VERTEX_POINT('',#5653);
#5656=VERTEX_POINT('',#5654);
#5657=CARTESIAN_POINT('',(1.2325E1,-6.21E0,0.E0));
#5658=CARTESIAN_POINT('',(1.2475E1,-4.9E0,0.E0));
#5659=VERTEX_POINT('',#5657);
#5660=VERTEX_POINT('',#5658);
#5661=CARTESIAN_POINT('',(1.0545E1,0.E0,0.E0));
#5662=CARTESIAN_POINT('',(1.4445E1,0.E0,0.E0));
#5663=VERTEX_POINT('',#5661);
#5664=VERTEX_POINT('',#5662);
#5665=CARTESIAN_POINT('',(1.0225E1,6.21E0,0.E0));
#5666=CARTESIAN_POINT('',(1.0075E1,5.1E0,0.E0));
#5667=VERTEX_POINT('',#5665);
#5668=VERTEX_POINT('',#5666);
#5669=CARTESIAN_POINT('',(-1.0225E1,6.21E0,0.E0));
#5670=CARTESIAN_POINT('',(-1.0075E1,5.1E0,0.E0));
#5671=VERTEX_POINT('',#5669);
#5672=VERTEX_POINT('',#5670);
#5673=CARTESIAN_POINT('',(-1.2325E1,6.21E0,4.E-1));
#5674=CARTESIAN_POINT('',(-1.2475E1,5.1E0,4.E-1));
#5675=VERTEX_POINT('',#5673);
#5676=VERTEX_POINT('',#5674);
#5677=CARTESIAN_POINT('',(-1.5335E1,4.61E0,4.E-1));
#5678=CARTESIAN_POINT('',(-1.3735E1,6.21E0,4.E-1));
#5679=VERTEX_POINT('',#5677);
#5680=VERTEX_POINT('',#5678);
#5681=CARTESIAN_POINT('',(-1.5335E1,-4.61E0,4.E-1));
#5682=VERTEX_POINT('',#5681);
#5683=CARTESIAN_POINT('',(-1.3735E1,-6.21E0,4.E-1));
#5684=VERTEX_POINT('',#5683);
#5685=CARTESIAN_POINT('',(-1.2325E1,-6.21E0,4.E-1));
#5686=VERTEX_POINT('',#5685);
#5687=CARTESIAN_POINT('',(-1.0225E1,-6.21E0,4.E-1));
#5688=CARTESIAN_POINT('',(1.0225E1,-6.21E0,4.E-1));
#5689=VERTEX_POINT('',#5687);
#5690=VERTEX_POINT('',#5688);
#5691=CARTESIAN_POINT('',(-9.827879891414E0,9.906109128537E-1,4.E-1));
#5692=CARTESIAN_POINT('',(-9.268923362611E0,-2.179389086471E0,4.E-1));
#5693=VERTEX_POINT('',#5691);
#5694=VERTEX_POINT('',#5692);
#5695=CARTESIAN_POINT('',(-1.4445E1,0.E0,4.E-1));
#5696=CARTESIAN_POINT('',(-1.0545E1,0.E0,4.E-1));
#5697=VERTEX_POINT('',#5695);
#5698=VERTEX_POINT('',#5696);
#5699=CARTESIAN_POINT('',(9.040513623703E0,1.129444829792E0,1.172080402638E0));
#5700=CARTESIAN_POINT('',(5.889803687108E0,4.884314715951E0,1.172080402638E0));
#5701=VERTEX_POINT('',#5699);
#5702=VERTEX_POINT('',#5700);
#5703=CARTESIAN_POINT('',(5.889803686069E0,4.745686280374E0,5.141879396049E0));
#5704=VERTEX_POINT('',#5703);
#5705=CARTESIAN_POINT('',(8.903991265558E0,1.153517405003E0,5.141879396043E0));
#5706=VERTEX_POINT('',#5705);
#5707=CARTESIAN_POINT('',(8.481557094985E0,-2.040555169481E0,1.172080402636E0));
#5708=VERTEX_POINT('',#5707);
#5709=CARTESIAN_POINT('',(8.345034736830E0,-2.016482594333E0,5.141879396047E0));
#5710=VERTEX_POINT('',#5709);
#5711=CARTESIAN_POINT('',(-5.889803685932E0,4.884314715951E0,1.172080402632E0));
#5712=VERTEX_POINT('',#5711);
#5713=CARTESIAN_POINT('',(-5.889803685614E0,4.745686280373E0,5.141879396059E0));
#5714=VERTEX_POINT('',#5713);
#5715=CARTESIAN_POINT('',(5.330847158262E0,-4.684314715951E0,1.172080402638E0));
#5716=VERTEX_POINT('',#5715);
#5717=CARTESIAN_POINT('',(5.330847158262E0,-4.545686280374E0,5.141879396043E0));
#5718=VERTEX_POINT('',#5717);
#5719=CARTESIAN_POINT('',(-9.040513623703E0,1.129444829792E0,1.172080402638E0));
#5720=VERTEX_POINT('',#5719);
#5721=CARTESIAN_POINT('',(-8.903991265378E0,1.153517403980E0,5.141879396049E0));
#5722=VERTEX_POINT('',#5721);
#5723=CARTESIAN_POINT('',(-5.330847157524E0,-4.684314715951E0,
1.172080402636E0));
#5724=VERTEX_POINT('',#5723);
#5725=CARTESIAN_POINT('',(-5.330847157588E0,-4.545686280374E0,
5.141879396047E0));
#5726=VERTEX_POINT('',#5725);
#5727=CARTESIAN_POINT('',(-8.481557095153E0,-2.040555168533E0,
1.172080402630E0));
#5728=VERTEX_POINT('',#5727);
#5729=CARTESIAN_POINT('',(-8.345034736870E0,-2.016482594104E0,
5.141879396053E0));
#5730=VERTEX_POINT('',#5729);
#5731=CARTESIAN_POINT('',(9.268923362647E0,-2.179389086919E0,4.E-1));
#5732=VERTEX_POINT('',#5731);
#5733=CARTESIAN_POINT('',(9.827879891358E0,9.906109127954E-1,4.E-1));
#5734=VERTEX_POINT('',#5733);
#5735=CARTESIAN_POINT('',(1.2325E1,6.21E0,4.E-1));
#5736=CARTESIAN_POINT('',(1.2475E1,5.1E0,4.E-1));
#5737=VERTEX_POINT('',#5735);
#5738=VERTEX_POINT('',#5736);
#5739=CARTESIAN_POINT('',(1.0075E1,-4.9E0,4.E-1));
#5740=VERTEX_POINT('',#5739);
#5741=CARTESIAN_POINT('',(1.2325E1,-6.21E0,4.E-1));
#5742=CARTESIAN_POINT('',(1.2475E1,-4.9E0,4.E-1));
#5743=VERTEX_POINT('',#5741);
#5744=VERTEX_POINT('',#5742);
#5745=CARTESIAN_POINT('',(1.5335E1,-4.61E0,4.E-1));
#5746=CARTESIAN_POINT('',(1.3735E1,-6.21E0,4.E-1));
#5747=VERTEX_POINT('',#5745);
#5748=VERTEX_POINT('',#5746);
#5749=CARTESIAN_POINT('',(1.5335E1,4.61E0,4.E-1));
#5750=VERTEX_POINT('',#5749);
#5751=CARTESIAN_POINT('',(1.3735E1,6.21E0,4.E-1));
#5752=VERTEX_POINT('',#5751);
#5753=CARTESIAN_POINT('',(1.0545E1,0.E0,4.E-1));
#5754=CARTESIAN_POINT('',(1.4445E1,0.E0,4.E-1));
#5755=VERTEX_POINT('',#5753);
#5756=VERTEX_POINT('',#5754);
#5757=CARTESIAN_POINT('',(1.0225E1,6.21E0,4.E-1));
#5758=CARTESIAN_POINT('',(1.0075E1,5.1E0,4.E-1));
#5759=VERTEX_POINT('',#5757);
#5760=VERTEX_POINT('',#5758);
#5761=CARTESIAN_POINT('',(-1.0225E1,6.21E0,4.E-1));
#5762=VERTEX_POINT('',#5761);
#5763=CARTESIAN_POINT('',(-1.0075E1,5.1E0,4.E-1));
#5764=VERTEX_POINT('',#5763);
#5765=CARTESIAN_POINT('',(-1.0225E1,-6.21E0,0.E0));
#5766=VERTEX_POINT('',#5765);
#5767=CARTESIAN_POINT('',(-1.2325E1,-6.21E0,0.E0));
#5768=CARTESIAN_POINT('',(-1.2475E1,-4.9E0,0.E0));
#5769=VERTEX_POINT('',#5767);
#5770=VERTEX_POINT('',#5768);
#5771=CARTESIAN_POINT('',(-1.0075E1,-4.9E0,0.E0));
#5772=VERTEX_POINT('',#5771);
#5773=CARTESIAN_POINT('',(-1.2475E1,-4.9E0,4.E-1));
#5774=VERTEX_POINT('',#5773);
#5775=CARTESIAN_POINT('',(-1.0075E1,-4.9E0,4.E-1));
#5776=VERTEX_POINT('',#5775);
#5777=CARTESIAN_POINT('',(-5.889803687108E0,5.683827377566E0,0.E0));
#5778=VERTEX_POINT('',#5777);
#5779=CARTESIAN_POINT('',(5.889803686871E0,5.683827377510E0,0.E0));
#5780=VERTEX_POINT('',#5779);
#5781=CARTESIAN_POINT('',(5.330847158262E0,-5.483827377566E0,0.E0));
#5782=VERTEX_POINT('',#5781);
#5783=CARTESIAN_POINT('',(-5.330847157944E0,-5.483827377492E0,0.E0));
#5784=VERTEX_POINT('',#5783);
#5785=CARTESIAN_POINT('',(-5.889803687108E0,5.683827377566E0,4.E-1));
#5786=VERTEX_POINT('',#5785);
#5787=CARTESIAN_POINT('',(5.889803686871E0,5.683827377529E0,4.E-1));
#5788=VERTEX_POINT('',#5787);
#5789=CARTESIAN_POINT('',(5.330847158262E0,-5.483827377566E0,4.E-1));
#5790=VERTEX_POINT('',#5789);
#5791=CARTESIAN_POINT('',(-5.330847157944E0,-5.483827377517E0,4.E-1));
#5792=VERTEX_POINT('',#5791);
#5793=CARTESIAN_POINT('',(5.889803687108E0,4.345929947238E0,5.127919664033E0));
#5794=CARTESIAN_POINT('',(8.510308129370E0,1.222934363763E0,5.127919664033E0));
#5795=VERTEX_POINT('',#5793);
#5796=VERTEX_POINT('',#5794);
#5797=CARTESIAN_POINT('',(7.951351602036E0,-1.947065636504E0,5.127919620084E0));
#5798=VERTEX_POINT('',#5797);
#5799=CARTESIAN_POINT('',(-5.889803687108E0,4.345929948402E0,5.127919630695E0));
#5800=VERTEX_POINT('',#5799);
#5801=CARTESIAN_POINT('',(5.330847158262E0,-4.145929947979E0,5.127919642806E0));
#5802=VERTEX_POINT('',#5801);
#5803=CARTESIAN_POINT('',(-8.510308129371E0,1.222934363763E0,5.127919664028E0));
#5804=VERTEX_POINT('',#5803);
#5805=CARTESIAN_POINT('',(-5.330847158262E0,-4.145929948773E0,
5.127919620083E0));
#5806=VERTEX_POINT('',#5805);
#5807=CARTESIAN_POINT('',(-7.951351602036E0,-1.947065636504E0,
5.127919620083E0));
#5808=VERTEX_POINT('',#5807);
#5809=CARTESIAN_POINT('',(5.889803687108E0,4.345929948402E0,5.994862841880E0));
#5810=CARTESIAN_POINT('',(-5.889803687108E0,4.345929948402E0,5.994862841880E0));
#5811=VERTEX_POINT('',#5809);
#5812=VERTEX_POINT('',#5810);
#5813=CARTESIAN_POINT('',(-8.510308129371E0,1.222934363763E0,5.994862842920E0));
#5814=VERTEX_POINT('',#5813);
#5815=CARTESIAN_POINT('',(-7.951351602036E0,-1.947065636504E0,
5.994862841549E0));
#5816=VERTEX_POINT('',#5815);
#5817=CARTESIAN_POINT('',(-5.330847158262E0,-4.145929947979E0,
5.994862842258E0));
#5818=VERTEX_POINT('',#5817);
#5819=CARTESIAN_POINT('',(5.330847158262E0,-4.145929948773E0,5.994862841549E0));
#5820=VERTEX_POINT('',#5819);
#5821=CARTESIAN_POINT('',(7.951351601255E0,-1.947065636366E0,5.994862842258E0));
#5822=VERTEX_POINT('',#5821);
#5823=CARTESIAN_POINT('',(8.510308130517E0,1.222934363561E0,5.994862841880E0));
#5824=VERTEX_POINT('',#5823);
#5825=CARTESIAN_POINT('',(1.2475E1,5.5E0,0.E0));
#5826=VERTEX_POINT('',#5825);
#5827=CARTESIAN_POINT('',(1.2475E1,5.5E0,-1.E-1));
#5828=VERTEX_POINT('',#5827);
#5829=CARTESIAN_POINT('',(1.2475E1,4.78E0,-8.2E-1));
#5830=VERTEX_POINT('',#5829);
#5831=CARTESIAN_POINT('',(1.2475E1,4.68E0,-8.2E-1));
#5832=VERTEX_POINT('',#5831);
#5833=CARTESIAN_POINT('',(1.0075E1,5.5E0,0.E0));
#5834=VERTEX_POINT('',#5833);
#5835=CARTESIAN_POINT('',(1.0075E1,5.5E0,-1.E-1));
#5836=VERTEX_POINT('',#5835);
#5837=CARTESIAN_POINT('',(1.0075E1,4.78E0,-8.2E-1));
#5838=VERTEX_POINT('',#5837);
#5839=CARTESIAN_POINT('',(1.0075E1,4.68E0,-8.2E-1));
#5840=VERTEX_POINT('',#5839);
#5841=CARTESIAN_POINT('',(1.2475E1,5.1E0,-1.E-1));
#5842=VERTEX_POINT('',#5841);
#5843=CARTESIAN_POINT('',(1.2475E1,4.78E0,-4.2E-1));
#5844=CARTESIAN_POINT('',(1.2475E1,4.68E0,-4.2E-1));
#5845=VERTEX_POINT('',#5843);
#5846=VERTEX_POINT('',#5844);
#5847=CARTESIAN_POINT('',(1.0075E1,5.1E0,-1.E-1));
#5848=VERTEX_POINT('',#5847);
#5849=CARTESIAN_POINT('',(1.0075E1,4.78E0,-4.2E-1));
#5850=VERTEX_POINT('',#5849);
#5851=CARTESIAN_POINT('',(-1.0075E1,5.5E0,0.E0));
#5852=VERTEX_POINT('',#5851);
#5853=CARTESIAN_POINT('',(-1.0075E1,5.5E0,-1.E-1));
#5854=VERTEX_POINT('',#5853);
#5855=CARTESIAN_POINT('',(-1.0075E1,4.78E0,-8.2E-1));
#5856=VERTEX_POINT('',#5855);
#5857=CARTESIAN_POINT('',(-1.0075E1,4.68E0,-8.2E-1));
#5858=VERTEX_POINT('',#5857);
#5859=CARTESIAN_POINT('',(-1.2475E1,5.5E0,0.E0));
#5860=VERTEX_POINT('',#5859);
#5861=CARTESIAN_POINT('',(-1.2475E1,5.5E0,-1.E-1));
#5862=VERTEX_POINT('',#5861);
#5863=CARTESIAN_POINT('',(-1.2475E1,4.78E0,-8.2E-1));
#5864=VERTEX_POINT('',#5863);
#5865=CARTESIAN_POINT('',(-1.2475E1,4.68E0,-8.2E-1));
#5866=VERTEX_POINT('',#5865);
#5867=CARTESIAN_POINT('',(-1.0075E1,5.1E0,-1.E-1));
#5868=VERTEX_POINT('',#5867);
#5869=CARTESIAN_POINT('',(-1.2475E1,5.1E0,-1.E-1));
#5870=VERTEX_POINT('',#5869);
#5871=CARTESIAN_POINT('',(-1.2475E1,4.78E0,-4.2E-1));
#5872=CARTESIAN_POINT('',(-1.2475E1,4.68E0,-4.2E-1));
#5873=VERTEX_POINT('',#5871);
#5874=VERTEX_POINT('',#5872);
#5875=CARTESIAN_POINT('',(-1.0075E1,4.78E0,-4.2E-1));
#5876=VERTEX_POINT('',#5875);
#5877=CARTESIAN_POINT('',(-1.2475E1,-5.3E0,0.E0));
#5878=VERTEX_POINT('',#5877);
#5879=CARTESIAN_POINT('',(-1.2475E1,-5.3E0,-1.E-1));
#5880=VERTEX_POINT('',#5879);
#5881=CARTESIAN_POINT('',(-1.2475E1,-4.58E0,-8.2E-1));
#5882=VERTEX_POINT('',#5881);
#5883=CARTESIAN_POINT('',(-1.2475E1,-4.48E0,-8.2E-1));
#5884=VERTEX_POINT('',#5883);
#5885=CARTESIAN_POINT('',(-1.0075E1,-5.3E0,0.E0));
#5886=VERTEX_POINT('',#5885);
#5887=CARTESIAN_POINT('',(-1.0075E1,-5.3E0,-1.E-1));
#5888=VERTEX_POINT('',#5887);
#5889=CARTESIAN_POINT('',(-1.0075E1,-4.58E0,-8.2E-1));
#5890=VERTEX_POINT('',#5889);
#5891=CARTESIAN_POINT('',(-1.0075E1,-4.48E0,-8.2E-1));
#5892=VERTEX_POINT('',#5891);
#5893=CARTESIAN_POINT('',(-1.2475E1,-4.9E0,-1.E-1));
#5894=VERTEX_POINT('',#5893);
#5895=CARTESIAN_POINT('',(-1.2475E1,-4.58E0,-4.2E-1));
#5896=CARTESIAN_POINT('',(-1.2475E1,-4.48E0,-4.2E-1));
#5897=VERTEX_POINT('',#5895);
#5898=VERTEX_POINT('',#5896);
#5899=CARTESIAN_POINT('',(-1.0075E1,-4.9E0,-1.E-1));
#5900=VERTEX_POINT('',#5899);
#5901=CARTESIAN_POINT('',(-1.0075E1,-4.58E0,-4.2E-1));
#5902=CARTESIAN_POINT('',(-1.0075E1,-4.48E0,-4.2E-1));
#5903=VERTEX_POINT('',#5901);
#5904=VERTEX_POINT('',#5902);
#5905=CARTESIAN_POINT('',(1.0075E1,-5.3E0,0.E0));
#5906=VERTEX_POINT('',#5905);
#5907=CARTESIAN_POINT('',(1.0075E1,-5.3E0,-1.E-1));
#5908=VERTEX_POINT('',#5907);
#5909=CARTESIAN_POINT('',(1.0075E1,-4.58E0,-8.2E-1));
#5910=VERTEX_POINT('',#5909);
#5911=CARTESIAN_POINT('',(1.0075E1,-4.48E0,-8.2E-1));
#5912=VERTEX_POINT('',#5911);
#5913=CARTESIAN_POINT('',(1.2475E1,-5.3E0,0.E0));
#5914=VERTEX_POINT('',#5913);
#5915=CARTESIAN_POINT('',(1.2475E1,-5.3E0,-1.E-1));
#5916=VERTEX_POINT('',#5915);
#5917=CARTESIAN_POINT('',(1.2475E1,-4.58E0,-8.2E-1));
#5918=VERTEX_POINT('',#5917);
#5919=CARTESIAN_POINT('',(1.2475E1,-4.48E0,-8.2E-1));
#5920=VERTEX_POINT('',#5919);
#5921=CARTESIAN_POINT('',(1.0075E1,-4.9E0,-1.E-1));
#5922=VERTEX_POINT('',#5921);
#5923=CARTESIAN_POINT('',(1.0075E1,-4.58E0,-4.2E-1));
#5924=CARTESIAN_POINT('',(1.0075E1,-4.48E0,-4.2E-1));
#5925=VERTEX_POINT('',#5923);
#5926=VERTEX_POINT('',#5924);
#5927=CARTESIAN_POINT('',(1.2475E1,-4.9E0,-1.E-1));
#5928=VERTEX_POINT('',#5927);
#5929=CARTESIAN_POINT('',(1.2475E1,-4.58E0,-4.2E-1));
#5930=CARTESIAN_POINT('',(1.2475E1,-4.48E0,-4.2E-1));
#5931=VERTEX_POINT('',#5929);
#5932=VERTEX_POINT('',#5930);
#5933=CARTESIAN_POINT('',(1.050616281677E1,3.004496072739E0,0.E0));
#5934=CARTESIAN_POINT('',(1.010969078044E1,5.05E0,0.E0));
#5935=VERTEX_POINT('',#5933);
#5936=VERTEX_POINT('',#5934);
#5937=CARTESIAN_POINT('',(9.9E0,5.344029152657E0,0.E0));
#5938=CARTESIAN_POINT('',(8.727605845663E0,6.21E0,0.E0));
#5939=VERTEX_POINT('',#5937);
#5940=VERTEX_POINT('',#5938);
#5941=CARTESIAN_POINT('',(9.303612808830E0,-3.815503924444E0,0.E0));
#5942=VERTEX_POINT('',#5941);
#5943=CARTESIAN_POINT('',(6.690515506830E0,-6.21E0,0.E0));
#5944=VERTEX_POINT('',#5943);
#5945=CARTESIAN_POINT('',(-9.303612809046E0,-3.815503923219E0,0.E0));
#5946=CARTESIAN_POINT('',(-6.690515506830E0,-6.21E0,0.E0));
#5947=VERTEX_POINT('',#5945);
#5948=VERTEX_POINT('',#5946);
#5949=CARTESIAN_POINT('',(-1.050616281696E1,3.004496073866E0,0.E0));
#5950=VERTEX_POINT('',#5949);
#5951=CARTESIAN_POINT('',(-8.727605845663E0,6.21E0,0.E0));
#5952=CARTESIAN_POINT('',(-9.9E0,5.344029152657E0,0.E0));
#5953=VERTEX_POINT('',#5951);
#5954=VERTEX_POINT('',#5952);
#5955=CARTESIAN_POINT('',(-1.010969078044E1,5.05E0,0.E0));
#5956=VERTEX_POINT('',#5955);
#5957=CARTESIAN_POINT('',(1.2475E1,4.891355287257E0,-4.E-1));
#5958=CARTESIAN_POINT('',(1.020177723449E1,4.891355287257E0,-4.E-1));
#5959=VERTEX_POINT('',#5957);
#5960=VERTEX_POINT('',#5958);
#5961=CARTESIAN_POINT('',(1.2475E1,5.05E0,-4.E-1));
#5962=VERTEX_POINT('',#5961);
#5963=CARTESIAN_POINT('',(1.0075E1,-4.691355287257E0,-4.E-1));
#5964=CARTESIAN_POINT('',(1.2475E1,-4.691355287257E0,-4.E-1));
#5965=VERTEX_POINT('',#5963);
#5966=VERTEX_POINT('',#5964);
#5967=CARTESIAN_POINT('',(1.0075E1,-4.85E0,-4.E-1));
#5968=VERTEX_POINT('',#5967);
#5969=CARTESIAN_POINT('',(1.2475E1,-4.85E0,-4.E-1));
#5970=VERTEX_POINT('',#5969);
#5971=VERTEX_POINT('',#2452);
#5972=CARTESIAN_POINT('',(1.010955513261E1,4.68E0,-4.2E-1));
#5973=CARTESIAN_POINT('',(1.0075E1,4.750332780053E0,-4.2E-1));
#5974=VERTEX_POINT('',#5972);
#5975=VERTEX_POINT('',#5973);
#5976=VERTEX_POINT('',#2498);
#5977=VERTEX_POINT('',#2458);
#5978=VERTEX_POINT('',#1700);
#5979=VERTEX_POINT('',#1708);
#5980=CARTESIAN_POINT('',(-1.0075E1,4.750332780053E0,-4.2E-1));
#5981=CARTESIAN_POINT('',(-1.010955513261E1,4.68E0,-4.2E-1));
#5982=VERTEX_POINT('',#5980);
#5983=VERTEX_POINT('',#5981);
#5984=VERTEX_POINT('',#1752);
#5985=VERTEX_POINT('',#1737);
#5986=CARTESIAN_POINT('',(-1.2475E1,4.891355287257E0,-4.E-1));
#5987=VERTEX_POINT('',#5986);
#5988=CARTESIAN_POINT('',(-1.2475E1,5.05E0,-4.E-1));
#5989=VERTEX_POINT('',#5988);
#5990=CARTESIAN_POINT('',(-1.2475E1,-4.691355287257E0,-4.E-1));
#5991=CARTESIAN_POINT('',(-1.0075E1,-4.691355287257E0,-4.E-1));
#5992=VERTEX_POINT('',#5990);
#5993=VERTEX_POINT('',#5991);
#5994=CARTESIAN_POINT('',(-1.2475E1,-4.85E0,-4.E-1));
#5995=VERTEX_POINT('',#5994);
#5996=CARTESIAN_POINT('',(-1.0075E1,-4.85E0,-4.E-1));
#5997=VERTEX_POINT('',#5996);
#5998=CARTESIAN_POINT('',(1.25E1,5.05E0,0.E0));
#5999=VERTEX_POINT('',#5998);
#6000=CARTESIAN_POINT('',(1.2475E1,5.05E0,-2.717556403732E-1));
#6001=CARTESIAN_POINT('',(1.010969078044E1,5.05E0,-2.717556403732E-1));
#6002=VERTEX_POINT('',#6000);
#6003=VERTEX_POINT('',#6001);
#6004=CARTESIAN_POINT('',(1.25E1,6.21E0,0.E0));
#6005=VERTEX_POINT('',#6004);
#6006=CARTESIAN_POINT('',(1.4545E1,0.E0,0.E0));
#6007=CARTESIAN_POINT('',(1.0445E1,0.E0,0.E0));
#6008=VERTEX_POINT('',#6006);
#6009=VERTEX_POINT('',#6007);
#6010=VERTEX_POINT('',#2539);
#6011=VERTEX_POINT('',#1779);
#6012=VERTEX_POINT('',#1783);
#6013=CARTESIAN_POINT('',(-1.25E1,6.21E0,0.E0));
#6014=CARTESIAN_POINT('',(-1.25E1,5.05E0,0.E0));
#6015=VERTEX_POINT('',#6013);
#6016=VERTEX_POINT('',#6014);
#6017=CARTESIAN_POINT('',(-1.2475E1,5.05E0,-2.717556403732E-1));
#6018=VERTEX_POINT('',#6017);
#6019=CARTESIAN_POINT('',(-9.9E0,-6.21E0,0.E0));
#6020=CARTESIAN_POINT('',(-9.9E0,-4.85E0,0.E0));
#6021=VERTEX_POINT('',#6019);
#6022=VERTEX_POINT('',#6020);
#6023=CARTESIAN_POINT('',(-1.25E1,-4.85E0,0.E0));
#6024=VERTEX_POINT('',#6023);
#6025=CARTESIAN_POINT('',(-1.2475E1,-4.85E0,-2.717556403732E-1));
#6026=CARTESIAN_POINT('',(-1.0075E1,-4.85E0,-2.717556403732E-1));
#6027=VERTEX_POINT('',#6025);
#6028=VERTEX_POINT('',#6026);
#6029=CARTESIAN_POINT('',(-1.25E1,-6.21E0,0.E0));
#6030=VERTEX_POINT('',#6029);
#6031=CARTESIAN_POINT('',(-1.0445E1,0.E0,0.E0));
#6032=CARTESIAN_POINT('',(-1.4545E1,0.E0,0.E0));
#6033=VERTEX_POINT('',#6031);
#6034=VERTEX_POINT('',#6032);
#6035=CARTESIAN_POINT('',(-9.9E0,6.21E0,0.E0));
#6036=VERTEX_POINT('',#6035);
#6037=CARTESIAN_POINT('',(9.9E0,6.21E0,0.E0));
#6038=VERTEX_POINT('',#6037);
#6039=CARTESIAN_POINT('',(1.25E1,-6.21E0,0.E0));
#6040=CARTESIAN_POINT('',(1.25E1,-4.85E0,0.E0));
#6041=VERTEX_POINT('',#6039);
#6042=VERTEX_POINT('',#6040);
#6043=CARTESIAN_POINT('',(9.9E0,-4.85E0,0.E0));
#6044=VERTEX_POINT('',#6043);
#6045=CARTESIAN_POINT('',(1.0075E1,-4.85E0,-2.717556403732E-1));
#6046=CARTESIAN_POINT('',(1.2475E1,-4.85E0,-2.717556403732E-1));
#6047=VERTEX_POINT('',#6045);
#6048=VERTEX_POINT('',#6046);
#6049=CARTESIAN_POINT('',(9.9E0,-6.21E0,0.E0));
#6050=VERTEX_POINT('',#6049);
#6051=CARTESIAN_POINT('',(1.0855E1,0.E0,6.5E-1));
#6052=CARTESIAN_POINT('',(1.0855E1,0.E0,-5.9E0));
#6053=VERTEX_POINT('',#6051);
#6054=VERTEX_POINT('',#6052);
#6055=CARTESIAN_POINT('',(1.0645E1,0.E0,-4.E-1));
#6056=CARTESIAN_POINT('',(1.0645E1,0.E0,5.E-1));
#6057=VERTEX_POINT('',#6055);
#6058=VERTEX_POINT('',#6056);
#6059=CARTESIAN_POINT('',(1.4135E1,0.E0,6.5E-1));
#6060=CARTESIAN_POINT('',(1.4135E1,0.E0,-5.9E0));
#6061=VERTEX_POINT('',#6059);
#6062=VERTEX_POINT('',#6060);
#6063=CARTESIAN_POINT('',(1.4345E1,0.E0,-4.E-1));
#6064=CARTESIAN_POINT('',(1.4345E1,0.E0,5.E-1));
#6065=VERTEX_POINT('',#6063);
#6066=VERTEX_POINT('',#6064);
#6067=CARTESIAN_POINT('',(9.995E0,0.E0,-5.9E0));
#6068=CARTESIAN_POINT('',(1.4995E1,0.E0,-5.9E0));
#6069=VERTEX_POINT('',#6067);
#6070=VERTEX_POINT('',#6068);
#6071=CARTESIAN_POINT('',(1.0595E1,0.E0,5.5E-1));
#6072=VERTEX_POINT('',#6071);
#6073=CARTESIAN_POINT('',(1.0245E1,0.E0,5.5E-1));
#6074=CARTESIAN_POINT('',(1.017E1,0.E0,6.25E-1));
#6075=VERTEX_POINT('',#6073);
#6076=VERTEX_POINT('',#6074);
#6077=CARTESIAN_POINT('',(1.017E1,0.E0,6.75E-1));
#6078=VERTEX_POINT('',#6077);
#6079=CARTESIAN_POINT('',(1.0245E1,0.E0,7.5E-1));
#6080=VERTEX_POINT('',#6079);
#6081=CARTESIAN_POINT('',(1.0755E1,0.E0,7.5E-1));
#6082=VERTEX_POINT('',#6081);
#6083=CARTESIAN_POINT('',(1.4395E1,0.E0,5.5E-1));
#6084=VERTEX_POINT('',#6083);
#6085=CARTESIAN_POINT('',(1.4745E1,0.E0,5.5E-1));
#6086=CARTESIAN_POINT('',(1.482E1,0.E0,6.25E-1));
#6087=VERTEX_POINT('',#6085);
#6088=VERTEX_POINT('',#6086);
#6089=CARTESIAN_POINT('',(1.482E1,0.E0,6.75E-1));
#6090=VERTEX_POINT('',#6089);
#6091=CARTESIAN_POINT('',(1.4745E1,0.E0,7.5E-1));
#6092=VERTEX_POINT('',#6091);
#6093=CARTESIAN_POINT('',(1.4235E1,0.E0,7.5E-1));
#6094=VERTEX_POINT('',#6093);
#6095=CARTESIAN_POINT('',(9.995E0,0.E0,-4.E-1));
#6096=CARTESIAN_POINT('',(9.998008416206E0,1.226092592912E-1,-4.E-1));
#6097=VERTEX_POINT('',#6095);
#6098=VERTEX_POINT('',#6096);
#6099=CARTESIAN_POINT('',(1.010666059811E1,7.388064031761E-1,-4.E-1));
#6100=CARTESIAN_POINT('',(1.4995E1,0.E0,-4.E-1));
#6101=VERTEX_POINT('',#6099);
#6102=VERTEX_POINT('',#6100);
#6103=CARTESIAN_POINT('',(1.4545E1,0.E0,-4.E-1));
#6104=CARTESIAN_POINT('',(1.0445E1,0.E0,-4.E-1));
#6105=VERTEX_POINT('',#6103);
#6106=VERTEX_POINT('',#6104);
#6107=CARTESIAN_POINT('',(-1.4135E1,0.E0,6.5E-1));
#6108=CARTESIAN_POINT('',(-1.4135E1,0.E0,-5.9E0));
#6109=VERTEX_POINT('',#6107);
#6110=VERTEX_POINT('',#6108);
#6111=CARTESIAN_POINT('',(-1.4345E1,0.E0,-4.E-1));
#6112=CARTESIAN_POINT('',(-1.4345E1,0.E0,5.E-1));
#6113=VERTEX_POINT('',#6111);
#6114=VERTEX_POINT('',#6112);
#6115=CARTESIAN_POINT('',(-1.0855E1,0.E0,6.5E-1));
#6116=CARTESIAN_POINT('',(-1.0855E1,0.E0,-5.9E0));
#6117=VERTEX_POINT('',#6115);
#6118=VERTEX_POINT('',#6116);
#6119=CARTESIAN_POINT('',(-1.0645E1,0.E0,-4.E-1));
#6120=CARTESIAN_POINT('',(-1.0645E1,0.E0,5.E-1));
#6121=VERTEX_POINT('',#6119);
#6122=VERTEX_POINT('',#6120);
#6123=CARTESIAN_POINT('',(-1.4995E1,0.E0,-5.9E0));
#6124=CARTESIAN_POINT('',(-9.995E0,0.E0,-5.9E0));
#6125=VERTEX_POINT('',#6123);
#6126=VERTEX_POINT('',#6124);
#6127=CARTESIAN_POINT('',(-1.4395E1,0.E0,5.5E-1));
#6128=VERTEX_POINT('',#6127);
#6129=CARTESIAN_POINT('',(-1.4745E1,0.E0,5.5E-1));
#6130=CARTESIAN_POINT('',(-1.482E1,0.E0,6.25E-1));
#6131=VERTEX_POINT('',#6129);
#6132=VERTEX_POINT('',#6130);
#6133=CARTESIAN_POINT('',(-1.482E1,0.E0,6.75E-1));
#6134=VERTEX_POINT('',#6133);
#6135=CARTESIAN_POINT('',(-1.4745E1,0.E0,7.5E-1));
#6136=VERTEX_POINT('',#6135);
#6137=CARTESIAN_POINT('',(-1.4235E1,0.E0,7.5E-1));
#6138=VERTEX_POINT('',#6137);
#6139=CARTESIAN_POINT('',(-1.0595E1,0.E0,5.5E-1));
#6140=VERTEX_POINT('',#6139);
#6141=CARTESIAN_POINT('',(-1.0245E1,0.E0,5.5E-1));
#6142=CARTESIAN_POINT('',(-1.017E1,0.E0,6.25E-1));
#6143=VERTEX_POINT('',#6141);
#6144=VERTEX_POINT('',#6142);
#6145=CARTESIAN_POINT('',(-1.017E1,0.E0,6.75E-1));
#6146=VERTEX_POINT('',#6145);
#6147=CARTESIAN_POINT('',(-1.0245E1,0.E0,7.5E-1));
#6148=VERTEX_POINT('',#6147);
#6149=CARTESIAN_POINT('',(-1.0755E1,0.E0,7.5E-1));
#6150=VERTEX_POINT('',#6149);
#6151=VERTEX_POINT('',#2769);
#6152=VERTEX_POINT('',#2774);
#6153=CARTESIAN_POINT('',(-1.4995E1,0.E0,-4.E-1));
#6154=VERTEX_POINT('',#6153);
#6155=CARTESIAN_POINT('',(-9.995E0,0.E0,-4.E-1));
#6156=VERTEX_POINT('',#6155);
#6157=CARTESIAN_POINT('',(-1.0445E1,0.E0,-4.E-1));
#6158=CARTESIAN_POINT('',(-1.4545E1,0.E0,-4.E-1));
#6159=VERTEX_POINT('',#6157);
#6160=VERTEX_POINT('',#6158);
#6161=CARTESIAN_POINT('',(0.E0,0.E0,0.E0));
#6162=DIRECTION('',(0.E0,0.E0,1.E0));
#6163=DIRECTION('',(1.E0,0.E0,0.E0));
#6164=AXIS2_PLACEMENT_3D('',#6161,#6162,#6163);
#6165=PLANE('3576',#6164);
#6167=ORIENTED_EDGE('4022',*,*,#6166,.T.);
#6169=ORIENTED_EDGE('4023',*,*,#6168,.T.);
#6171=ORIENTED_EDGE('4025',*,*,#6170,.F.);
#6173=ORIENTED_EDGE('4019',*,*,#6172,.F.);
#6175=ORIENTED_EDGE('4018',*,*,#6174,.F.);
#6177=ORIENTED_EDGE('4017',*,*,#6176,.F.);
#6179=ORIENTED_EDGE('4016',*,*,#6178,.F.);
#6181=ORIENTED_EDGE('4015',*,*,#6180,.F.);
#6183=ORIENTED_EDGE('4021',*,*,#6182,.F.);
#6185=ORIENTED_EDGE('4020',*,*,#6184,.F.);
#6187=ORIENTED_EDGE('4026',*,*,#6186,.F.);
#6189=ORIENTED_EDGE('4024',*,*,#6188,.T.);
#6190=EDGE_LOOP('3576',(#6167,#6169,#6171,#6173,#6175,#6177,#6179,#6181,#6183,
#6185,#6187,#6189));
#6191=FACE_OUTER_BOUND('3576',#6190,.F.);
#6193=ORIENTED_EDGE('4405',*,*,#6192,.T.);
#6195=ORIENTED_EDGE('4406',*,*,#6194,.T.);
#6196=EDGE_LOOP('3576',(#6193,#6195));
#6197=FACE_BOUND('3576',#6196,.F.);
#6199=ORIENTED_EDGE('4425',*,*,#6198,.T.);
#6201=ORIENTED_EDGE('4426',*,*,#6200,.T.);
#6202=EDGE_LOOP('3576',(#6199,#6201));
#6203=FACE_BOUND('3576',#6202,.F.);
#6205=ORIENTED_EDGE('4445',*,*,#6204,.T.);
#6207=ORIENTED_EDGE('4446',*,*,#6206,.T.);
#6208=EDGE_LOOP('3576',(#6205,#6207));
#6209=FACE_BOUND('3576',#6208,.F.);
#6211=ORIENTED_EDGE('4465',*,*,#6210,.T.);
#6213=ORIENTED_EDGE('4466',*,*,#6212,.T.);
#6214=EDGE_LOOP('3576',(#6211,#6213));
#6215=FACE_BOUND('3576',#6214,.F.);
#6217=ORIENTED_EDGE('4485',*,*,#6216,.T.);
#6219=ORIENTED_EDGE('4486',*,*,#6218,.T.);
#6220=EDGE_LOOP('3576',(#6217,#6219));
#6221=FACE_BOUND('3576',#6220,.F.);
#6223=ORIENTED_EDGE('4505',*,*,#6222,.T.);
#6225=ORIENTED_EDGE('4506',*,*,#6224,.T.);
#6226=EDGE_LOOP('3576',(#6223,#6225));
#6227=FACE_BOUND('3576',#6226,.F.);
#6229=ORIENTED_EDGE('4525',*,*,#6228,.T.);
#6231=ORIENTED_EDGE('4526',*,*,#6230,.T.);
#6232=EDGE_LOOP('3576',(#6229,#6231));
#6233=FACE_BOUND('3576',#6232,.F.);
#6235=ORIENTED_EDGE('4545',*,*,#6234,.T.);
#6237=ORIENTED_EDGE('4546',*,*,#6236,.T.);
#6238=EDGE_LOOP('3576',(#6235,#6237));
#6239=FACE_BOUND('3576',#6238,.F.);
#6241=ORIENTED_EDGE('4565',*,*,#6240,.T.);
#6243=ORIENTED_EDGE('4566',*,*,#6242,.T.);
#6244=EDGE_LOOP('3576',(#6241,#6243));
#6245=FACE_BOUND('3576',#6244,.F.);
#6246=ADVANCED_FACE('3576',(#6191,#6197,#6203,#6209,#6215,#6221,#6227,#6233,
#6239,#6245),#6165,.T.);
#6247=CARTESIAN_POINT('',(7.727029457452E0,9.454344718922E-1,0.E0));
#6248=DIRECTION('',(-9.848077530122E-1,1.736481776669E-1,0.E0));
#6249=DIRECTION('',(-1.736481776669E-1,-9.848077530122E-1,0.E0));
#6250=AXIS2_PLACEMENT_3D('',#6247,#6248,#6249);
#6251=PLANE('3586',#6250);
#6253=ORIENTED_EDGE('4091',*,*,#6252,.T.);
#6255=ORIENTED_EDGE('4101',*,*,#6254,.F.);
#6256=ORIENTED_EDGE('4022',*,*,#6166,.F.);
#6258=ORIENTED_EDGE('4100',*,*,#6257,.T.);
#6259=EDGE_LOOP('3586',(#6253,#6255,#6256,#6258));
#6260=FACE_OUTER_BOUND('3586',#6259,.F.);
#6261=ADVANCED_FACE('3586',(#6260),#6251,.F.);
#6262=CARTESIAN_POINT('',(0.E0,0.E0,-2.83E0));
#6263=DIRECTION('',(0.E0,0.E0,-1.E0));
#6264=DIRECTION('',(-1.E0,0.E0,0.E0));
#6265=AXIS2_PLACEMENT_3D('',#6262,#6263,#6264);
#6266=PLANE('3593',#6265);
#6267=ORIENTED_EDGE('4091',*,*,#6252,.F.);
#6269=ORIENTED_EDGE('4093',*,*,#6268,.F.);
#6271=ORIENTED_EDGE('4106',*,*,#6270,.T.);
#6273=ORIENTED_EDGE('4092',*,*,#6272,.F.);
#6274=EDGE_LOOP('3593',(#6267,#6269,#6271,#6273));
#6275=FACE_OUTER_BOUND('3593',#6274,.F.);
#6276=ADVANCED_FACE('3593',(#6275),#6266,.F.);
#6277=CARTESIAN_POINT('',(8.792810685535E0,1.231009691265E0,0.E0));
#6278=DIRECTION('',(-2.588190451025E-1,9.659258262891E-1,0.E0));
#6279=DIRECTION('',(-9.659258262891E-1,-2.588190451025E-1,0.E0));
#6280=AXIS2_PLACEMENT_3D('',#6277,#6278,#6279);
#6281=PLANE('3588',#6280);
#6282=ORIENTED_EDGE('4093',*,*,#6268,.T.);
#6283=ORIENTED_EDGE('4100',*,*,#6257,.F.);
#6284=ORIENTED_EDGE('4024',*,*,#6188,.F.);
#6286=ORIENTED_EDGE('4099',*,*,#6285,.F.);
#6287=EDGE_LOOP('3588',(#6282,#6283,#6284,#6286));
#6288=FACE_OUTER_BOUND('3588',#6287,.F.);
#6289=ADVANCED_FACE('3588',(#6288),#6281,.F.);
#6290=CARTESIAN_POINT('',(7.937828173687E0,-3.617837084267E0,0.E0));
#6291=DIRECTION('',(9.848077530122E-1,-1.736481776669E-1,0.E0));
#6292=DIRECTION('',(1.736481776669E-1,9.848077530122E-1,0.E0));
#6293=AXIS2_PLACEMENT_3D('',#6290,#6291,#6292);
#6294=PLANE('3583',#6293);
#6296=ORIENTED_EDGE('4114',*,*,#6295,.T.);
#6298=ORIENTED_EDGE('4062',*,*,#6297,.T.);
#6300=ORIENTED_EDGE('4115',*,*,#6299,.F.);
#6301=ORIENTED_EDGE('4025',*,*,#6170,.T.);
#6303=ORIENTED_EDGE('4098',*,*,#6302,.F.);
#6304=ORIENTED_EDGE('4106',*,*,#6270,.F.);
#6305=ORIENTED_EDGE('4099',*,*,#6285,.T.);
#6306=ORIENTED_EDGE('4026',*,*,#6186,.T.);
#6307=EDGE_LOOP('3583',(#6296,#6298,#6300,#6301,#6303,#6304,#6305,#6306));
#6308=FACE_OUTER_BOUND('3583',#6307,.F.);
#6309=ADVANCED_FACE('3583',(#6308),#6294,.T.);
#6310=CARTESIAN_POINT('',(7.54E0,3.34E0,0.E0));
#6311=DIRECTION('',(0.E0,0.E0,1.E0));
#6312=DIRECTION('',(1.E0,0.E0,0.E0));
#6313=AXIS2_PLACEMENT_3D('',#6310,#6311,#6312);
#6314=CYLINDRICAL_SURFACE('3584',#6313,1.6E0);
#6316=ORIENTED_EDGE('4121',*,*,#6315,.F.);
#6318=ORIENTED_EDGE('4064',*,*,#6317,.T.);
#6319=ORIENTED_EDGE('4114',*,*,#6295,.F.);
#6320=ORIENTED_EDGE('4020',*,*,#6184,.T.);
#6321=EDGE_LOOP('3584',(#6316,#6318,#6319,#6320));
#6322=FACE_OUTER_BOUND('3584',#6321,.F.);
#6323=ADVANCED_FACE('3584',(#6322),#6314,.T.);
#6324=CARTESIAN_POINT('',(7.54E0,4.94E0,0.E0));
#6325=DIRECTION('',(0.E0,1.E0,0.E0));
#6326=DIRECTION('',(-1.E0,0.E0,0.E0));
#6327=AXIS2_PLACEMENT_3D('',#6324,#6325,#6326);
#6328=PLANE('3585',#6327);
#6330=ORIENTED_EDGE('4120',*,*,#6329,.T.);
#6332=ORIENTED_EDGE('4065',*,*,#6331,.T.);
#6333=ORIENTED_EDGE('4121',*,*,#6315,.T.);
#6334=ORIENTED_EDGE('4021',*,*,#6182,.T.);
#6335=EDGE_LOOP('3585',(#6330,#6332,#6333,#6334));
#6336=FACE_OUTER_BOUND('3585',#6335,.F.);
#6337=ADVANCED_FACE('3585',(#6336),#6328,.T.);
#6338=CARTESIAN_POINT('',(-7.54E0,3.34E0,0.E0));
#6339=DIRECTION('',(0.E0,0.E0,1.E0));
#6340=DIRECTION('',(1.E0,0.E0,0.E0));
#6341=AXIS2_PLACEMENT_3D('',#6338,#6339,#6340);
#6342=CYLINDRICAL_SURFACE('3578',#6341,1.6E0);
#6344=ORIENTED_EDGE('4119',*,*,#6343,.T.);
#6346=ORIENTED_EDGE('4067',*,*,#6345,.T.);
#6347=ORIENTED_EDGE('4120',*,*,#6329,.F.);
#6348=ORIENTED_EDGE('4015',*,*,#6180,.T.);
#6349=EDGE_LOOP('3578',(#6344,#6346,#6347,#6348));
#6350=FACE_OUTER_BOUND('3578',#6349,.F.);
#6351=ADVANCED_FACE('3578',(#6350),#6342,.T.);
#6352=CARTESIAN_POINT('',(-9.115692404820E0,3.062162915733E0,0.E0));
#6353=DIRECTION('',(-9.848077530122E-1,-1.736481776669E-1,0.E0));
#6354=DIRECTION('',(1.736481776669E-1,-9.848077530122E-1,0.E0));
#6355=AXIS2_PLACEMENT_3D('',#6352,#6353,#6354);
#6356=PLANE('3579',#6355);
#6358=ORIENTED_EDGE('4097',*,*,#6357,.F.);
#6360=ORIENTED_EDGE('4111',*,*,#6359,.T.);
#6362=ORIENTED_EDGE('4070',*,*,#6361,.T.);
#6363=ORIENTED_EDGE('4119',*,*,#6343,.F.);
#6364=ORIENTED_EDGE('4016',*,*,#6178,.T.);
#6366=ORIENTED_EDGE('4118',*,*,#6365,.T.);
#6368=ORIENTED_EDGE('4053',*,*,#6367,.T.);
#6370=ORIENTED_EDGE('4110',*,*,#6369,.F.);
#6371=EDGE_LOOP('3579',(#6358,#6360,#6362,#6363,#6364,#6366,#6368,#6370));
#6372=FACE_OUTER_BOUND('3579',#6371,.F.);
#6373=ADVANCED_FACE('3579',(#6372),#6356,.T.);
#6374=CARTESIAN_POINT('',(0.E0,0.E0,-2.83E0));
#6375=DIRECTION('',(0.E0,0.E0,1.E0));
#6376=DIRECTION('',(1.E0,0.E0,0.E0));
#6377=AXIS2_PLACEMENT_3D('',#6374,#6375,#6376);
#6378=PLANE('3577',#6377);
#6380=ORIENTED_EDGE('4088',*,*,#6379,.F.);
#6382=ORIENTED_EDGE('4090',*,*,#6381,.F.);
#6383=ORIENTED_EDGE('4097',*,*,#6357,.T.);
#6385=ORIENTED_EDGE('4089',*,*,#6384,.F.);
#6386=EDGE_LOOP('3577',(#6380,#6382,#6383,#6385));
#6387=FACE_OUTER_BOUND('3577',#6386,.F.);
#6388=ADVANCED_FACE('3577',(#6387),#6378,.F.);
#6389=CARTESIAN_POINT('',(-7.914918633741E0,1.E0,-3.93E0));
#6390=DIRECTION('',(9.848077530122E-1,1.736481776669E-1,0.E0));
#6391=DIRECTION('',(1.736481776669E-1,-9.848077530122E-1,0.E0));
#6392=AXIS2_PLACEMENT_3D('',#6389,#6390,#6391);
#6393=PLANE('3605',#6392);
#6394=ORIENTED_EDGE('4088',*,*,#6379,.T.);
#6396=ORIENTED_EDGE('4109',*,*,#6395,.F.);
#6398=ORIENTED_EDGE('4050',*,*,#6397,.F.);
#6400=ORIENTED_EDGE('4047',*,*,#6399,.T.);
#6402=ORIENTED_EDGE('4032',*,*,#6401,.T.);
#6404=ORIENTED_EDGE('4048',*,*,#6403,.F.);
#6406=ORIENTED_EDGE('4051',*,*,#6405,.F.);
#6408=ORIENTED_EDGE('4108',*,*,#6407,.T.);
#6409=EDGE_LOOP('3605',(#6394,#6396,#6398,#6400,#6402,#6404,#6406,#6408));
#6410=FACE_OUTER_BOUND('3605',#6409,.F.);
#6411=ADVANCED_FACE('3605',(#6410),#6393,.F.);
#6412=CARTESIAN_POINT('',(-7.562264672324E0,-1.E0,-3.93E0));
#6413=DIRECTION('',(0.E0,-1.E0,0.E0));
#6414=DIRECTION('',(-1.E0,0.E0,0.E0));
#6415=AXIS2_PLACEMENT_3D('',#6412,#6413,#6414);
#6416=PLANE('3606',#6415);
#6417=ORIENTED_EDGE('4089',*,*,#6384,.T.);
#6418=ORIENTED_EDGE('4110',*,*,#6369,.T.);
#6420=ORIENTED_EDGE('4052',*,*,#6419,.F.);
#6422=ORIENTED_EDGE('4071',*,*,#6421,.F.);
#6423=ORIENTED_EDGE('4109',*,*,#6395,.T.);
#6424=EDGE_LOOP('3606',(#6417,#6418,#6420,#6422,#6423));
#6425=FACE_OUTER_BOUND('3606',#6424,.F.);
#6426=ADVANCED_FACE('3606',(#6425),#6416,.F.);
#6427=CARTESIAN_POINT('',(-7.196552205629E0,-3.502744142873E0,-3.18E0));
#6428=DIRECTION('',(-1.736481776669E-1,9.848077530122E-1,0.E0));
#6429=DIRECTION('',(0.E0,0.E0,-1.E0));
#6430=AXIS2_PLACEMENT_3D('',#6427,#6428,#6429);
#6431=CYLINDRICAL_SURFACE('3616',#6430,7.5E-1);
#6432=ORIENTED_EDGE('4052',*,*,#6419,.T.);
#6433=ORIENTED_EDGE('4053',*,*,#6367,.F.);
#6435=ORIENTED_EDGE('4079',*,*,#6434,.F.);
#6437=ORIENTED_EDGE('4054',*,*,#6436,.T.);
#6438=EDGE_LOOP('3616',(#6432,#6433,#6435,#6437));
#6439=FACE_OUTER_BOUND('3616',#6438,.F.);
#6440=ADVANCED_FACE('3616',(#6439),#6431,.T.);
#6441=CARTESIAN_POINT('',(-6.362135768867E0,-3.34E0,-3.18E0));
#6442=DIRECTION('',(0.E0,0.E0,-1.E0));
#6443=DIRECTION('',(9.610352060313E-3,-9.999538195003E-1,0.E0));
#6444=AXIS2_PLACEMENT_3D('',#6441,#6442,#6443);
#6445=TOROIDAL_SURFACE('3615',#6444,8.5E-1,7.5E-1);
#6447=ORIENTED_EDGE('4055',*,*,#6446,.T.);
#6448=ORIENTED_EDGE('4079',*,*,#6434,.T.);
#6450=ORIENTED_EDGE('4056',*,*,#6449,.F.);
#6452=ORIENTED_EDGE('4083',*,*,#6451,.F.);
#6453=EDGE_LOOP('3615',(#6447,#6448,#6450,#6452));
#6454=FACE_OUTER_BOUND('3615',#6453,.F.);
#6455=ADVANCED_FACE('3615',(#6454),#6445,.T.);
#6456=CARTESIAN_POINT('',(0.E0,0.E0,-3.93E0));
#6457=DIRECTION('',(0.E0,0.E0,-1.E0));
#6458=DIRECTION('',(-1.E0,0.E0,0.E0));
#6459=AXIS2_PLACEMENT_3D('',#6456,#6457,#6458);
#6460=PLANE('3592',#6459);
#6462=ORIENTED_EDGE('4347',*,*,#6461,.F.);
#6464=ORIENTED_EDGE('4370',*,*,#6463,.F.);
#6466=ORIENTED_EDGE('4066',*,*,#6465,.F.);
#6468=ORIENTED_EDGE('4069',*,*,#6467,.F.);
#6470=ORIENTED_EDGE('4072',*,*,#6469,.T.);
#6471=ORIENTED_EDGE('4051',*,*,#6405,.T.);
#6473=ORIENTED_EDGE('4040',*,*,#6472,.T.);
#6475=ORIENTED_EDGE('4041',*,*,#6474,.T.);
#6477=ORIENTED_EDGE('4035',*,*,#6476,.T.);
#6479=ORIENTED_EDGE('4036',*,*,#6478,.T.);
#6481=ORIENTED_EDGE('4037',*,*,#6480,.T.);
#6483=ORIENTED_EDGE('4038',*,*,#6482,.T.);
#6485=ORIENTED_EDGE('4039',*,*,#6484,.T.);
#6486=ORIENTED_EDGE('4050',*,*,#6397,.T.);
#6487=ORIENTED_EDGE('4071',*,*,#6421,.T.);
#6488=ORIENTED_EDGE('4054',*,*,#6436,.F.);
#6489=ORIENTED_EDGE('4055',*,*,#6446,.F.);
#6491=ORIENTED_EDGE('4373',*,*,#6490,.F.);
#6493=ORIENTED_EDGE('4348',*,*,#6492,.F.);
#6495=ORIENTED_EDGE('4356',*,*,#6494,.F.);
#6497=ORIENTED_EDGE('4352',*,*,#6496,.T.);
#6499=ORIENTED_EDGE('4354',*,*,#6498,.T.);
#6501=ORIENTED_EDGE('4349',*,*,#6500,.F.);
#6503=ORIENTED_EDGE('4372',*,*,#6502,.T.);
#6505=ORIENTED_EDGE('4081',*,*,#6504,.F.);
#6507=ORIENTED_EDGE('4057',*,*,#6506,.F.);
#6509=ORIENTED_EDGE('4059',*,*,#6508,.F.);
#6511=ORIENTED_EDGE('4061',*,*,#6510,.F.);
#6513=ORIENTED_EDGE('4063',*,*,#6512,.F.);
#6515=ORIENTED_EDGE('4371',*,*,#6514,.F.);
#6517=ORIENTED_EDGE('4350',*,*,#6516,.F.);
#6519=ORIENTED_EDGE('4353',*,*,#6518,.F.);
#6521=ORIENTED_EDGE('4351',*,*,#6520,.F.);
#6523=ORIENTED_EDGE('4355',*,*,#6522,.T.);
#6524=EDGE_LOOP('3592',(#6462,#6464,#6466,#6468,#6470,#6471,#6473,#6475,#6477,
#6479,#6481,#6483,#6485,#6486,#6487,#6488,#6489,#6491,#6493,#6495,#6497,#6499,
#6501,#6503,#6505,#6507,#6509,#6511,#6513,#6515,#6517,#6519,#6521,#6523));
#6525=FACE_OUTER_BOUND('3592',#6524,.F.);
#6526=ADVANCED_FACE('3592',(#6525),#6460,.T.);
#6527=CARTESIAN_POINT('',(-2.68E0,4.354551035517E0,-4.41E0));
#6528=DIRECTION('',(0.E0,-1.E0,0.E0));
#6529=DIRECTION('',(0.E0,0.E0,1.E0));
#6530=AXIS2_PLACEMENT_3D('',#6527,#6528,#6529);
#6531=CYLINDRICAL_SURFACE('3716',#6530,5.E-1);
#6532=ORIENTED_EDGE('4347',*,*,#6461,.T.);
#6534=ORIENTED_EDGE('4383',*,*,#6533,.T.);
#6536=ORIENTED_EDGE('4293',*,*,#6535,.T.);
#6538=ORIENTED_EDGE('4380',*,*,#6537,.F.);
#6540=ORIENTED_EDGE('4361',*,*,#6539,.F.);
#6541=EDGE_LOOP('3716',(#6532,#6534,#6536,#6538,#6540));
#6542=FACE_OUTER_BOUND('3716',#6541,.F.);
#6543=ADVANCED_FACE('3716',(#6542),#6531,.T.);
#6544=CARTESIAN_POINT('',(-2.760901699437E0,3.725E0,-4.123028871191E0));
#6545=DIRECTION('',(0.E0,1.E0,0.E0));
#6546=DIRECTION('',(-1.E0,0.E0,0.E0));
#6547=AXIS2_PLACEMENT_3D('',#6544,#6545,#6546);
#6548=PLANE('3736',#6547);
#6549=ORIENTED_EDGE('4355',*,*,#6522,.F.);
#6551=ORIENTED_EDGE('4388',*,*,#6550,.T.);
#6553=ORIENTED_EDGE('4308',*,*,#6552,.T.);
#6555=ORIENTED_EDGE('4321',*,*,#6554,.F.);
#6556=ORIENTED_EDGE('4383',*,*,#6533,.F.);
#6557=EDGE_LOOP('3736',(#6549,#6551,#6553,#6555,#6556));
#6558=FACE_OUTER_BOUND('3736',#6557,.F.);
#6559=ADVANCED_FACE('3736',(#6558),#6548,.F.);
#6560=CARTESIAN_POINT('',(0.E0,3.725E0,-4.11E0));
#6561=DIRECTION('',(0.E0,-1.E0,0.E0));
#6562=DIRECTION('',(1.E0,0.E0,0.E0));
#6563=AXIS2_PLACEMENT_3D('',#6560,#6561,#6562);
#6564=PLANE('3732',#6563);
#6565=ORIENTED_EDGE('4351',*,*,#6520,.T.);
#6567=ORIENTED_EDGE('4389',*,*,#6566,.T.);
#6569=ORIENTED_EDGE('4306',*,*,#6568,.F.);
#6570=ORIENTED_EDGE('4388',*,*,#6550,.F.);
#6571=EDGE_LOOP('3732',(#6565,#6567,#6569,#6570));
#6572=FACE_OUTER_BOUND('3732',#6571,.F.);
#6573=ADVANCED_FACE('3732',(#6572),#6564,.T.);
#6574=CARTESIAN_POINT('',(2.760901699437E0,3.725E0,-4.123028871191E0));
#6575=DIRECTION('',(0.E0,-1.E0,0.E0));
#6576=DIRECTION('',(1.E0,0.E0,0.E0));
#6577=AXIS2_PLACEMENT_3D('',#6574,#6575,#6576);
#6578=PLANE('3734',#6577);
#6579=ORIENTED_EDGE('4353',*,*,#6518,.T.);
#6581=ORIENTED_EDGE('4385',*,*,#6580,.T.);
#6583=ORIENTED_EDGE('4326',*,*,#6582,.T.);
#6585=ORIENTED_EDGE('4310',*,*,#6584,.F.);
#6586=ORIENTED_EDGE('4389',*,*,#6566,.F.);
#6587=EDGE_LOOP('3734',(#6579,#6581,#6583,#6585,#6586));
#6588=FACE_OUTER_BOUND('3734',#6587,.F.);
#6589=ADVANCED_FACE('3734',(#6588),#6578,.T.);
#6590=CARTESIAN_POINT('',(2.68E0,-4.354551035517E0,-4.41E0));
#6591=DIRECTION('',(0.E0,1.E0,0.E0));
#6592=DIRECTION('',(0.E0,0.E0,1.E0));
#6593=AXIS2_PLACEMENT_3D('',#6590,#6591,#6592);
#6594=CYLINDRICAL_SURFACE('4006',#6593,5.E-1);
#6595=ORIENTED_EDGE('4350',*,*,#6516,.T.);
#6597=ORIENTED_EDGE('4364',*,*,#6596,.F.);
#6599=ORIENTED_EDGE('4382',*,*,#6598,.T.);
#6601=ORIENTED_EDGE('4295',*,*,#6600,.F.);
#6602=ORIENTED_EDGE('4385',*,*,#6580,.F.);
#6603=EDGE_LOOP('4006',(#6595,#6597,#6599,#6601,#6602));
#6604=FACE_OUTER_BOUND('4006',#6603,.F.);
#6605=ADVANCED_FACE('4006',(#6604),#6594,.T.);
#6606=CARTESIAN_POINT('',(-7.5553768E0,4.19E0,-3.18E0));
#6607=DIRECTION('',(1.E0,0.E0,0.E0));
#6608=DIRECTION('',(0.E0,0.E0,-1.E0));
#6609=AXIS2_PLACEMENT_3D('',#6606,#6607,#6608);
#6610=CYLINDRICAL_SURFACE('3610',#6609,7.5E-1);
#6612=ORIENTED_EDGE('4360',*,*,#6611,.T.);
#6614=ORIENTED_EDGE('4363',*,*,#6613,.T.);
#6615=ORIENTED_EDGE('4364',*,*,#6596,.T.);
#6616=ORIENTED_EDGE('4371',*,*,#6514,.T.);
#6618=ORIENTED_EDGE('4075',*,*,#6617,.T.);
#6619=ORIENTED_EDGE('4065',*,*,#6331,.F.);
#6621=ORIENTED_EDGE('4074',*,*,#6620,.F.);
#6622=ORIENTED_EDGE('4370',*,*,#6463,.T.);
#6623=ORIENTED_EDGE('4361',*,*,#6539,.T.);
#6625=ORIENTED_EDGE('4362',*,*,#6624,.T.);
#6626=EDGE_LOOP('3610',(#6612,#6614,#6615,#6616,#6618,#6619,#6621,#6622,#6623,
#6625));
#6627=FACE_OUTER_BOUND('3610',#6626,.F.);
#6628=ADVANCED_FACE('3610',(#6627),#6610,.T.);
#6629=CARTESIAN_POINT('',(0.E0,0.E0,-3.91E0));
#6630=DIRECTION('',(0.E0,0.E0,1.E0));
#6631=DIRECTION('',(1.E0,0.E0,0.E0));
#6632=AXIS2_PLACEMENT_3D('',#6629,#6630,#6631);
#6633=PLANE('4004',#6632);
#6634=ORIENTED_EDGE('4360',*,*,#6611,.F.);
#6636=ORIENTED_EDGE('4379',*,*,#6635,.F.);
#6638=ORIENTED_EDGE('4270',*,*,#6637,.F.);
#6640=ORIENTED_EDGE('4378',*,*,#6639,.F.);
#6641=EDGE_LOOP('4004',(#6634,#6636,#6638,#6640));
#6642=FACE_OUTER_BOUND('4004',#6641,.F.);
#6643=ADVANCED_FACE('4004',(#6642),#6633,.T.);
#6644=CARTESIAN_POINT('',(-2.502078481354E0,4.848151058212E0,
-3.965359989924E0));
#6645=CARTESIAN_POINT('',(-2.475676730938E0,4.778228851652E0,
-3.926920324159E0));
#6646=CARTESIAN_POINT('',(-2.446739565386E0,4.701591869820E0,
-3.908127007129E0));
#6647=CARTESIAN_POINT('',(-2.417059210638E0,4.622986631046E0,
-3.910144004608E0));
#6648=CARTESIAN_POINT('',(-2.762118490959E0,4.749963203888E0,
-3.965359989924E0));
#6649=CARTESIAN_POINT('',(-2.704801942360E0,4.691714038353E0,
-3.926920324159E0));
#6650=CARTESIAN_POINT('',(-2.641981166104E0,4.627871084013E0,
-3.908127007129E0));
#6651=CARTESIAN_POINT('',(-2.577546972593E0,4.562388459959E0,
-3.910144004608E0));
#6652=CARTESIAN_POINT('',(-2.916736541267E0,4.518976364759E0,
-3.965359989924E0));
#6653=CARTESIAN_POINT('',(-2.841038260457E0,4.488188017755E0,
-3.926920324159E0));
#6654=CARTESIAN_POINT('',(-2.758070515924E0,4.454443001600E0,
-3.908127007129E0));
#6655=CARTESIAN_POINT('',(-2.672971922351E0,4.419831316890E0,
-3.910144004608E0));
#6656=CARTESIAN_POINT('',(-2.908398664026E0,4.241141627667E0,
-3.965359989924E0));
#6657=CARTESIAN_POINT('',(-2.833691629881E0,4.243383601029E0,
-3.926920324159E0));
#6658=CARTESIAN_POINT('',(-2.751810323496E0,4.245840875768E0,
-3.908127007129E0));
#6659=CARTESIAN_POINT('',(-2.667826070911E0,4.248361260352E0,
-3.910144004608E0));
#6660=(BOUNDED_SURFACE()B_SPLINE_SURFACE(3,3,((#6644,#6645,#6646,#6647),(#6648,
#6649,#6650,#6651),(#6652,#6653,#6654,#6655),(#6656,#6657,#6658,#6659)),
.UNSPECIFIED.,.F.,.F.,.F.)B_SPLINE_SURFACE_WITH_KNOTS((4,4),(4,4),(0.E0,1.E0),(
0.E0,1.E0),.UNSPECIFIED.)GEOMETRIC_REPRESENTATION_ITEM()RATIONAL_B_SPLINE_SURFACE(((1.119907783181E0,1.096787253580E0,1.096787253580E0,1.119907783181E0),(
9.810004591533E-1,9.607476754020E-1,9.607476754020E-1,9.810004591533E-1),(
9.810004591533E-1,9.607476754020E-1,9.607476754020E-1,9.810004591533E-1),(
1.119907783181E0,1.096787253580E0,1.096787253580E0,1.119907783181E0)))REPRESENTATION_ITEM('')SURFACE());
#6661=ORIENTED_EDGE('4362',*,*,#6624,.F.);
#6662=ORIENTED_EDGE('4380',*,*,#6537,.T.);
#6664=ORIENTED_EDGE('4342',*,*,#6663,.F.);
#6666=ORIENTED_EDGE('4272',*,*,#6665,.F.);
#6667=ORIENTED_EDGE('4379',*,*,#6635,.T.);
#6668=EDGE_LOOP('3717',(#6661,#6662,#6664,#6666,#6667));
#6669=FACE_OUTER_BOUND('3717',#6668,.F.);
#6670=ADVANCED_FACE('3717',(#6669),#6660,.T.);
#6671=CARTESIAN_POINT('',(0.E0,0.E0,-3.96E0));
#6672=DIRECTION('',(0.E0,0.E0,1.E0));
#6673=DIRECTION('',(1.E0,0.E0,0.E0));
#6674=AXIS2_PLACEMENT_3D('',#6671,#6672,#6673);
#6675=PLANE('3618',#6674);
#6677=ORIENTED_EDGE('4282',*,*,#6676,.F.);
#6679=ORIENTED_EDGE('4291',*,*,#6678,.T.);
#6681=ORIENTED_EDGE('4290',*,*,#6680,.F.);
#6683=ORIENTED_EDGE('4289',*,*,#6682,.T.);
#6685=ORIENTED_EDGE('4288',*,*,#6684,.F.);
#6687=ORIENTED_EDGE('4292',*,*,#6686,.F.);
#6689=ORIENTED_EDGE('4280',*,*,#6688,.T.);
#6691=ORIENTED_EDGE('4125',*,*,#6690,.T.);
#6693=ORIENTED_EDGE('4126',*,*,#6692,.T.);
#6695=ORIENTED_EDGE('4127',*,*,#6694,.T.);
#6697=ORIENTED_EDGE('4277',*,*,#6696,.T.);
#6698=ORIENTED_EDGE('4342',*,*,#6663,.T.);
#6699=ORIENTED_EDGE('4293',*,*,#6535,.F.);
#6700=EDGE_LOOP('3618',(#6677,#6679,#6681,#6683,#6685,#6687,#6689,#6691,#6693,
#6695,#6697,#6698,#6699));
#6701=FACE_OUTER_BOUND('3618',#6700,.F.);
#6702=ADVANCED_FACE('3618',(#6701),#6675,.T.);
#6703=CARTESIAN_POINT('',(-4.698290669479E0,3.725E0,-4.16E0));
#6704=DIRECTION('',(0.E0,-1.E0,0.E0));
#6705=DIRECTION('',(1.E0,0.E0,0.E0));
#6706=AXIS2_PLACEMENT_3D('',#6703,#6704,#6705);
#6707=PLANE('3722',#6706);
#6708=ORIENTED_EDGE('4282',*,*,#6676,.T.);
#6709=ORIENTED_EDGE('4321',*,*,#6554,.T.);
#6711=ORIENTED_EDGE('4296',*,*,#6710,.F.);
#6713=ORIENTED_EDGE('4320',*,*,#6712,.F.);
#6714=EDGE_LOOP('3722',(#6708,#6709,#6711,#6713));
#6715=FACE_OUTER_BOUND('3722',#6714,.F.);
#6716=ADVANCED_FACE('3722',(#6715),#6707,.T.);
#6717=CARTESIAN_POINT('',(0.E0,0.E0,-4.36E0));
#6718=DIRECTION('',(0.E0,0.E0,1.E0));
#6719=DIRECTION('',(1.E0,0.E0,0.E0));
#6720=AXIS2_PLACEMENT_3D('',#6717,#6718,#6719);
#6721=PLANE('3644',#6720);
#6722=ORIENTED_EDGE('4296',*,*,#6710,.T.);
#6724=ORIENTED_EDGE('4317',*,*,#6723,.T.);
#6726=ORIENTED_EDGE('4340',*,*,#6725,.F.);
#6728=ORIENTED_EDGE('4260',*,*,#6727,.F.);
#6730=ORIENTED_EDGE('4179',*,*,#6729,.F.);
#6732=ORIENTED_EDGE('4178',*,*,#6731,.F.);
#6734=ORIENTED_EDGE('4177',*,*,#6733,.F.);
#6736=ORIENTED_EDGE('4263',*,*,#6735,.F.);
#6738=ORIENTED_EDGE('4316',*,*,#6737,.T.);
#6740=ORIENTED_EDGE('4302',*,*,#6739,.T.);
#6742=ORIENTED_EDGE('4303',*,*,#6741,.F.);
#6744=ORIENTED_EDGE('4304',*,*,#6743,.T.);
#6746=ORIENTED_EDGE('4305',*,*,#6745,.F.);
#6747=EDGE_LOOP('3644',(#6722,#6724,#6726,#6728,#6730,#6732,#6734,#6736,#6738,
#6740,#6742,#6744,#6746));
#6748=FACE_OUTER_BOUND('3644',#6747,.F.);
#6749=ADVANCED_FACE('3644',(#6748),#6721,.F.);
#6750=CARTESIAN_POINT('',(-2.68E0,4.354551035517E0,-4.41E0));
#6751=DIRECTION('',(0.E0,-1.E0,0.E0));
#6752=DIRECTION('',(0.E0,0.E0,1.E0));
#6753=AXIS2_PLACEMENT_3D('',#6750,#6751,#6752);
#6754=CYLINDRICAL_SURFACE('3708',#6753,1.E-1);
#6755=ORIENTED_EDGE('4308',*,*,#6552,.F.);
#6757=ORIENTED_EDGE('4314',*,*,#6756,.F.);
#6759=ORIENTED_EDGE('4264',*,*,#6758,.T.);
#6760=ORIENTED_EDGE('4317',*,*,#6723,.F.);
#6761=EDGE_LOOP('3708',(#6755,#6757,#6759,#6760));
#6762=FACE_OUTER_BOUND('3708',#6761,.F.);
#6763=ADVANCED_FACE('3708',(#6762),#6754,.F.);
#6764=CARTESIAN_POINT('',(0.E0,0.E0,-4.31E0));
#6765=DIRECTION('',(0.E0,0.E0,1.E0));
#6766=DIRECTION('',(1.E0,0.E0,0.E0));
#6767=AXIS2_PLACEMENT_3D('',#6764,#6765,#6766);
#6768=PLANE('4001',#6767);
#6769=ORIENTED_EDGE('4306',*,*,#6568,.T.);
#6771=ORIENTED_EDGE('4313',*,*,#6770,.T.);
#6773=ORIENTED_EDGE('4250',*,*,#6772,.T.);
#6775=ORIENTED_EDGE('4251',*,*,#6774,.T.);
#6777=ORIENTED_EDGE('4252',*,*,#6776,.T.);
#6778=ORIENTED_EDGE('4314',*,*,#6756,.T.);
#6779=EDGE_LOOP('4001',(#6769,#6771,#6773,#6775,#6777,#6778));
#6780=FACE_OUTER_BOUND('4001',#6779,.F.);
#6781=ADVANCED_FACE('4001',(#6780),#6768,.F.);
#6782=CARTESIAN_POINT('',(2.68E0,-4.354551035517E0,-4.41E0));
#6783=DIRECTION('',(0.E0,1.E0,0.E0));
#6784=DIRECTION('',(0.E0,0.E0,1.E0));
#6785=AXIS2_PLACEMENT_3D('',#6782,#6783,#6784);
#6786=CYLINDRICAL_SURFACE('4003',#6785,1.E-1);
#6787=ORIENTED_EDGE('4310',*,*,#6584,.T.);
#6789=ORIENTED_EDGE('4319',*,*,#6788,.T.);
#6791=ORIENTED_EDGE('4268',*,*,#6790,.F.);
#6792=ORIENTED_EDGE('4313',*,*,#6770,.F.);
#6793=EDGE_LOOP('4003',(#6787,#6789,#6791,#6792));
#6794=FACE_OUTER_BOUND('4003',#6793,.F.);
#6795=ADVANCED_FACE('4003',(#6794),#6786,.F.);
#6796=CARTESIAN_POINT('',(0.E0,0.E0,-4.36E0));
#6797=DIRECTION('',(0.E0,0.E0,1.E0));
#6798=DIRECTION('',(1.E0,0.E0,0.E0));
#6799=AXIS2_PLACEMENT_3D('',#6796,#6797,#6798);
#6800=PLANE('4000',#6799);
#6802=ORIENTED_EDGE('4297',*,*,#6801,.T.);
#6804=ORIENTED_EDGE('4298',*,*,#6803,.F.);
#6806=ORIENTED_EDGE('4299',*,*,#6805,.T.);
#6808=ORIENTED_EDGE('4300',*,*,#6807,.F.);
#6810=ORIENTED_EDGE('4301',*,*,#6809,.T.);
#6812=ORIENTED_EDGE('4318',*,*,#6811,.F.);
#6814=ORIENTED_EDGE('4262',*,*,#6813,.F.);
#6816=ORIENTED_EDGE('4176',*,*,#6815,.F.);
#6818=ORIENTED_EDGE('4175',*,*,#6817,.F.);
#6820=ORIENTED_EDGE('4174',*,*,#6819,.F.);
#6822=ORIENTED_EDGE('4261',*,*,#6821,.F.);
#6824=ORIENTED_EDGE('4339',*,*,#6823,.F.);
#6825=ORIENTED_EDGE('4319',*,*,#6788,.F.);
#6826=EDGE_LOOP('4000',(#6802,#6804,#6806,#6808,#6810,#6812,#6814,#6816,#6818,
#6820,#6822,#6824,#6825));
#6827=FACE_OUTER_BOUND('4000',#6826,.F.);
#6828=ADVANCED_FACE('4000',(#6827),#6800,.F.);
#6829=CARTESIAN_POINT('',(4.698290669479E0,3.725E0,-4.16E0));
#6830=DIRECTION('',(0.E0,-1.E0,0.E0));
#6831=DIRECTION('',(1.E0,0.E0,0.E0));
#6832=AXIS2_PLACEMENT_3D('',#6829,#6830,#6831);
#6833=PLANE('3727',#6832);
#6835=ORIENTED_EDGE('4283',*,*,#6834,.T.);
#6837=ORIENTED_EDGE('4327',*,*,#6836,.T.);
#6838=ORIENTED_EDGE('4297',*,*,#6801,.F.);
#6839=ORIENTED_EDGE('4326',*,*,#6582,.F.);
#6840=EDGE_LOOP('3727',(#6835,#6837,#6838,#6839));
#6841=FACE_OUTER_BOUND('3727',#6840,.F.);
#6842=ADVANCED_FACE('3727',(#6841),#6833,.T.);
#6843=CARTESIAN_POINT('',(0.E0,0.E0,-3.96E0));
#6844=DIRECTION('',(0.E0,0.E0,1.E0));
#6845=DIRECTION('',(1.E0,0.E0,0.E0));
#6846=AXIS2_PLACEMENT_3D('',#6843,#6844,#6845);
#6847=PLANE('3999',#6846);
#6848=ORIENTED_EDGE('4283',*,*,#6834,.F.);
#6849=ORIENTED_EDGE('4295',*,*,#6600,.T.);
#6851=ORIENTED_EDGE('4341',*,*,#6850,.T.);
#6853=ORIENTED_EDGE('4278',*,*,#6852,.T.);
#6855=ORIENTED_EDGE('4122',*,*,#6854,.T.);
#6857=ORIENTED_EDGE('4123',*,*,#6856,.T.);
#6859=ORIENTED_EDGE('4124',*,*,#6858,.T.);
#6861=ORIENTED_EDGE('4279',*,*,#6860,.T.);
#6863=ORIENTED_EDGE('4294',*,*,#6862,.T.);
#6865=ORIENTED_EDGE('4287',*,*,#6864,.F.);
#6867=ORIENTED_EDGE('4286',*,*,#6866,.T.);
#6869=ORIENTED_EDGE('4285',*,*,#6868,.F.);
#6871=ORIENTED_EDGE('4284',*,*,#6870,.T.);
#6872=EDGE_LOOP('3999',(#6848,#6849,#6851,#6853,#6855,#6857,#6859,#6861,#6863,
#6865,#6867,#6869,#6871));
#6873=FACE_OUTER_BOUND('3999',#6872,.F.);
#6874=ADVANCED_FACE('3999',(#6873),#6847,.T.);
#6875=CARTESIAN_POINT('',(2.908398664026E0,4.241141627667E0,-3.965359989924E0));
#6876=CARTESIAN_POINT('',(2.833691629881E0,4.243383601029E0,-3.926920324159E0));
#6877=CARTESIAN_POINT('',(2.751810323496E0,4.245840875768E0,-3.908127007129E0));
#6878=CARTESIAN_POINT('',(2.667826070911E0,4.248361260352E0,-3.910144004608E0));
#6879=CARTESIAN_POINT('',(2.916736541267E0,4.518976364759E0,-3.965359989924E0));
#6880=CARTESIAN_POINT('',(2.841038260457E0,4.488188017755E0,-3.926920324159E0));
#6881=CARTESIAN_POINT('',(2.758070515924E0,4.454443001600E0,-3.908127007129E0));
#6882=CARTESIAN_POINT('',(2.672971922351E0,4.419831316890E0,-3.910144004608E0));
#6883=CARTESIAN_POINT('',(2.762118490959E0,4.749963203888E0,-3.965359989924E0));
#6884=CARTESIAN_POINT('',(2.704801942360E0,4.691714038353E0,-3.926920324159E0));
#6885=CARTESIAN_POINT('',(2.641981166104E0,4.627871084013E0,-3.908127007129E0));
#6886=CARTESIAN_POINT('',(2.577546972593E0,4.562388459959E0,-3.910144004608E0));
#6887=CARTESIAN_POINT('',(2.502078481354E0,4.848151058212E0,-3.965359989924E0));
#6888=CARTESIAN_POINT('',(2.475676730938E0,4.778228851652E0,-3.926920324159E0));
#6889=CARTESIAN_POINT('',(2.446739565386E0,4.701591869820E0,-3.908127007129E0));
#6890=CARTESIAN_POINT('',(2.417059210638E0,4.622986631046E0,-3.910144004608E0));
#6891=(BOUNDED_SURFACE()B_SPLINE_SURFACE(3,3,((#6875,#6876,#6877,#6878),(#6879,
#6880,#6881,#6882),(#6883,#6884,#6885,#6886),(#6887,#6888,#6889,#6890)),
.UNSPECIFIED.,.F.,.F.,.F.)B_SPLINE_SURFACE_WITH_KNOTS((4,4),(4,4),(0.E0,1.E0),(
0.E0,1.E0),.UNSPECIFIED.)GEOMETRIC_REPRESENTATION_ITEM()RATIONAL_B_SPLINE_SURFACE(((1.119907783181E0,1.096787253580E0,1.096787253580E0,1.119907783181E0),(
9.810004591533E-1,9.607476754020E-1,9.607476754020E-1,9.810004591533E-1),(
9.810004591533E-1,9.607476754020E-1,9.607476754020E-1,9.810004591533E-1),(
1.119907783181E0,1.096787253580E0,1.096787253580E0,1.119907783181E0)))REPRESENTATION_ITEM('')SURFACE());
#6892=ORIENTED_EDGE('4363',*,*,#6613,.F.);
#6893=ORIENTED_EDGE('4378',*,*,#6639,.T.);
#6895=ORIENTED_EDGE('4271',*,*,#6894,.F.);
#6896=ORIENTED_EDGE('4341',*,*,#6850,.F.);
#6897=ORIENTED_EDGE('4382',*,*,#6598,.F.);
#6898=EDGE_LOOP('3718',(#6892,#6893,#6895,#6896,#6897));
#6899=FACE_OUTER_BOUND('3718',#6898,.F.);
#6900=ADVANCED_FACE('3718',(#6899),#6891,.T.);
#6901=CARTESIAN_POINT('',(-7.749954386878E0,4.351417287951E0,-3.16E0));
#6902=DIRECTION('',(1.E0,0.E0,0.E0));
#6903=DIRECTION('',(0.E0,0.E0,-1.E0));
#6904=AXIS2_PLACEMENT_3D('',#6901,#6902,#6903);
#6905=CYLINDRICAL_SURFACE('3627',#6904,8.E-1);
#6906=ORIENTED_EDGE('4271',*,*,#6894,.T.);
#6907=ORIENTED_EDGE('4270',*,*,#6637,.T.);
#6908=ORIENTED_EDGE('4272',*,*,#6665,.T.);
#6909=ORIENTED_EDGE('4277',*,*,#6696,.F.);
#6911=ORIENTED_EDGE('4152',*,*,#6910,.T.);
#6913=ORIENTED_EDGE('4137',*,*,#6912,.T.);
#6915=ORIENTED_EDGE('4153',*,*,#6914,.F.);
#6916=ORIENTED_EDGE('4278',*,*,#6852,.F.);
#6917=EDGE_LOOP('3627',(#6906,#6907,#6908,#6909,#6911,#6913,#6915,#6916));
#6918=FACE_OUTER_BOUND('3627',#6917,.F.);
#6919=ADVANCED_FACE('3627',(#6918),#6905,.F.);
#6920=CARTESIAN_POINT('',(-7.639307595180E0,3.51E0,-3.16E0));
#6921=DIRECTION('',(0.E0,0.E0,1.E0));
#6922=DIRECTION('',(-9.643237586260E-1,-2.647256854734E-1,0.E0));
#6923=AXIS2_PLACEMENT_3D('',#6920,#6921,#6922);
#6924=TOROIDAL_SURFACE('3634',#6923,8.414172879510E-1,8.E-1);
#6925=ORIENTED_EDGE('4127',*,*,#6694,.F.);
#6927=ORIENTED_EDGE('4159',*,*,#6926,.T.);
#6929=ORIENTED_EDGE('4130',*,*,#6928,.T.);
#6930=ORIENTED_EDGE('4152',*,*,#6910,.F.);
#6931=EDGE_LOOP('3634',(#6925,#6927,#6929,#6930));
#6932=FACE_OUTER_BOUND('3634',#6931,.F.);
#6933=ADVANCED_FACE('3634',(#6932),#6924,.F.);
#6934=CARTESIAN_POINT('',(-7.246178241699E0,-3.565076397019E0,-3.16E0));
#6935=DIRECTION('',(-1.736481776669E-1,9.848077530122E-1,0.E0));
#6936=DIRECTION('',(0.E0,0.E0,-1.E0));
#6937=AXIS2_PLACEMENT_3D('',#6934,#6935,#6936);
#6938=CYLINDRICAL_SURFACE('3633',#6937,8.E-1);
#6939=ORIENTED_EDGE('4126',*,*,#6692,.F.);
#6941=ORIENTED_EDGE('4158',*,*,#6940,.T.);
#6943=ORIENTED_EDGE('4133',*,*,#6942,.T.);
#6944=ORIENTED_EDGE('4159',*,*,#6926,.F.);
#6945=EDGE_LOOP('3633',(#6939,#6941,#6943,#6944));
#6946=FACE_OUTER_BOUND('3633',#6945,.F.);
#6947=ADVANCED_FACE('3633',(#6946),#6938,.F.);
#6948=CARTESIAN_POINT('',(-6.436757586749E0,-3.31E0,-3.16E0));
#6949=DIRECTION('',(0.E0,0.E0,1.E0));
#6950=DIRECTION('',(9.325084410936E-2,-9.956426467729E-1,0.E0));
#6951=AXIS2_PLACEMENT_3D('',#6948,#6949,#6950);
#6952=TOROIDAL_SURFACE('3632',#6951,8.414172879510E-1,8.E-1);
#6953=ORIENTED_EDGE('4125',*,*,#6690,.F.);
#6955=ORIENTED_EDGE('4157',*,*,#6954,.T.);
#6957=ORIENTED_EDGE('4139',*,*,#6956,.T.);
#6958=ORIENTED_EDGE('4158',*,*,#6940,.F.);
#6959=EDGE_LOOP('3632',(#6953,#6955,#6957,#6958));
#6960=FACE_OUTER_BOUND('3632',#6959,.F.);
#6961=ADVANCED_FACE('3632',(#6960),#6952,.F.);
#6962=CARTESIAN_POINT('',(6.547404378446E0,-4.151417287951E0,-3.16E0));
#6963=DIRECTION('',(-1.E0,0.E0,0.E0));
#6964=DIRECTION('',(0.E0,0.E0,-1.E0));
#6965=AXIS2_PLACEMENT_3D('',#6962,#6963,#6964);
#6966=CYLINDRICAL_SURFACE('3631',#6965,8.E-1);
#6968=ORIENTED_EDGE('4273',*,*,#6967,.T.);
#6970=ORIENTED_EDGE('4275',*,*,#6969,.T.);
#6972=ORIENTED_EDGE('4335',*,*,#6971,.F.);
#6974=ORIENTED_EDGE('4276',*,*,#6973,.T.);
#6976=ORIENTED_EDGE('4274',*,*,#6975,.F.);
#6977=ORIENTED_EDGE('4279',*,*,#6860,.F.);
#6979=ORIENTED_EDGE('4156',*,*,#6978,.T.);
#6981=ORIENTED_EDGE('4145',*,*,#6980,.T.);
#6982=ORIENTED_EDGE('4157',*,*,#6954,.F.);
#6983=ORIENTED_EDGE('4280',*,*,#6688,.F.);
#6984=EDGE_LOOP('3631',(#6968,#6970,#6972,#6974,#6976,#6977,#6979,#6981,#6982,
#6983));
#6985=FACE_OUTER_BOUND('3631',#6984,.F.);
#6987=ORIENTED_EDGE('4343',*,*,#6986,.F.);
#6989=ORIENTED_EDGE('4346',*,*,#6988,.F.);
#6991=ORIENTED_EDGE('4344',*,*,#6990,.T.);
#6993=ORIENTED_EDGE('4345',*,*,#6992,.T.);
#6994=EDGE_LOOP('3631',(#6987,#6989,#6991,#6993));
#6995=FACE_BOUND('3631',#6994,.F.);
#6996=ADVANCED_FACE('3631',(#6985,#6995),#6966,.F.);
#6997=CARTESIAN_POINT('',(-2.68E0,4.354551035517E0,-4.41E0));
#6998=DIRECTION('',(0.E0,-1.E0,0.E0));
#6999=DIRECTION('',(0.E0,0.E0,1.E0));
#7000=AXIS2_PLACEMENT_3D('',#6997,#6998,#6999);
#7001=CYLINDRICAL_SURFACE('4005',#7000,5.E-1);
#7002=ORIENTED_EDGE('4348',*,*,#6492,.T.);
#7004=ORIENTED_EDGE('4366',*,*,#7003,.F.);
#7006=ORIENTED_EDGE('4381',*,*,#7005,.T.);
#7007=ORIENTED_EDGE('4273',*,*,#6967,.F.);
#7008=ORIENTED_EDGE('4292',*,*,#6686,.T.);
#7010=ORIENTED_EDGE('4384',*,*,#7009,.F.);
#7011=EDGE_LOOP('4005',(#7002,#7004,#7006,#7007,#7008,#7010));
#7012=FACE_OUTER_BOUND('4005',#7011,.F.);
#7013=ADVANCED_FACE('4005',(#7012),#7001,.T.);
#7014=CARTESIAN_POINT('',(6.377512568867E0,-4.19E0,-3.18E0));
#7015=DIRECTION('',(-1.E0,0.E0,0.E0));
#7016=DIRECTION('',(0.E0,0.E0,-1.E0));
#7017=AXIS2_PLACEMENT_3D('',#7014,#7015,#7016);
#7018=CYLINDRICAL_SURFACE('3617',#7017,7.5E-1);
#7020=ORIENTED_EDGE('4365',*,*,#7019,.T.);
#7022=ORIENTED_EDGE('4367',*,*,#7021,.T.);
#7023=ORIENTED_EDGE('4366',*,*,#7003,.T.);
#7024=ORIENTED_EDGE('4373',*,*,#6490,.T.);
#7025=ORIENTED_EDGE('4083',*,*,#6451,.T.);
#7027=ORIENTED_EDGE('4082',*,*,#7026,.F.);
#7029=ORIENTED_EDGE('4374',*,*,#7028,.T.);
#7030=EDGE_LOOP('3617',(#7020,#7022,#7023,#7024,#7025,#7027,#7029));
#7031=FACE_OUTER_BOUND('3617',#7030,.F.);
#7032=ADVANCED_FACE('3617',(#7031),#7018,.T.);
#7033=CARTESIAN_POINT('',(0.E0,0.E0,-3.91E0));
#7034=DIRECTION('',(0.E0,0.E0,1.E0));
#7035=DIRECTION('',(1.E0,0.E0,0.E0));
#7036=AXIS2_PLACEMENT_3D('',#7033,#7034,#7035);
#7037=PLANE('3715',#7036);
#7039=ORIENTED_EDGE('4357',*,*,#7038,.F.);
#7041=ORIENTED_EDGE('4358',*,*,#7040,.T.);
#7043=ORIENTED_EDGE('4387',*,*,#7042,.F.);
#7045=ORIENTED_EDGE('4336',*,*,#7044,.F.);
#7046=ORIENTED_EDGE('4335',*,*,#6971,.T.);
#7048=ORIENTED_EDGE('4392',*,*,#7047,.F.);
#7049=ORIENTED_EDGE('4365',*,*,#7019,.F.);
#7050=EDGE_LOOP('3715',(#7039,#7041,#7043,#7045,#7046,#7048,#7049));
#7051=FACE_OUTER_BOUND('3715',#7050,.F.);
#7052=ADVANCED_FACE('3715',(#7051),#7037,.T.);
#7053=CARTESIAN_POINT('',(1.44E0,-4.94E0,-2.83E0));
#7054=DIRECTION('',(-1.E0,0.E0,0.E0));
#7055=DIRECTION('',(0.E0,1.E0,0.E0));
#7056=AXIS2_PLACEMENT_3D('',#7053,#7054,#7055);
#7057=PLANE('3595',#7056);
#7058=ORIENTED_EDGE('4357',*,*,#7038,.T.);
#7059=ORIENTED_EDGE('4374',*,*,#7028,.F.);
#7061=ORIENTED_EDGE('4113',*,*,#7060,.F.);
#7063=ORIENTED_EDGE('4085',*,*,#7062,.T.);
#7065=ORIENTED_EDGE('4377',*,*,#7064,.T.);
#7066=EDGE_LOOP('3595',(#7058,#7059,#7061,#7063,#7065));
#7067=FACE_OUTER_BOUND('3595',#7066,.F.);
#7068=ADVANCED_FACE('3595',(#7067),#7057,.F.);
#7069=CARTESIAN_POINT('',(-6.362135768867E0,-4.94E0,0.E0));
#7070=DIRECTION('',(0.E0,-1.E0,0.E0));
#7071=DIRECTION('',(1.E0,0.E0,0.E0));
#7072=AXIS2_PLACEMENT_3D('',#7069,#7070,#7071);
#7073=PLANE('3581',#7072);
#7074=ORIENTED_EDGE('4343',*,*,#6986,.T.);
#7076=ORIENTED_EDGE('4368',*,*,#7075,.F.);
#7078=ORIENTED_EDGE('4104',*,*,#7077,.F.);
#7079=ORIENTED_EDGE('4113',*,*,#7060,.T.);
#7080=ORIENTED_EDGE('4082',*,*,#7026,.T.);
#7082=ORIENTED_EDGE('4117',*,*,#7081,.F.);
#7083=ORIENTED_EDGE('4018',*,*,#6174,.T.);
#7085=ORIENTED_EDGE('4116',*,*,#7084,.T.);
#7087=ORIENTED_EDGE('4058',*,*,#7086,.T.);
#7089=ORIENTED_EDGE('4112',*,*,#7088,.F.);
#7091=ORIENTED_EDGE('4105',*,*,#7090,.F.);
#7093=ORIENTED_EDGE('4369',*,*,#7092,.T.);
#7094=EDGE_LOOP('3581',(#7074,#7076,#7078,#7079,#7080,#7082,#7083,#7085,#7087,
#7089,#7091,#7093));
#7095=FACE_OUTER_BOUND('3581',#7094,.F.);
#7096=ADVANCED_FACE('3581',(#7095),#7073,.T.);
#7097=CARTESIAN_POINT('',(1.59E0,-3.6E0,-2.83E0));
#7098=DIRECTION('',(-1.E0,0.E0,0.E0));
#7099=DIRECTION('',(0.E0,-1.E0,0.E0));
#7100=AXIS2_PLACEMENT_3D('',#7097,#7098,#7099);
#7101=PLANE('3590',#7100);
#7102=ORIENTED_EDGE('4345',*,*,#6992,.F.);
#7104=ORIENTED_EDGE('4375',*,*,#7103,.F.);
#7106=ORIENTED_EDGE('4095',*,*,#7105,.T.);
#7108=ORIENTED_EDGE('4102',*,*,#7107,.F.);
#7109=ORIENTED_EDGE('4368',*,*,#7075,.T.);
#7110=EDGE_LOOP('3590',(#7102,#7104,#7106,#7108,#7109));
#7111=FACE_OUTER_BOUND('3590',#7110,.F.);
#7112=ADVANCED_FACE('3590',(#7111),#7101,.T.);
#7113=CARTESIAN_POINT('',(7.54E0,4.94E0,-3.53E0));
#7114=DIRECTION('',(0.E0,0.E0,1.E0));
#7115=DIRECTION('',(1.E0,0.E0,0.E0));
#7116=AXIS2_PLACEMENT_3D('',#7113,#7114,#7115);
#7117=PLANE('3589',#7116);
#7118=ORIENTED_EDGE('4344',*,*,#6990,.F.);
#7120=ORIENTED_EDGE('4376',*,*,#7119,.T.);
#7122=ORIENTED_EDGE('4094',*,*,#7121,.F.);
#7123=ORIENTED_EDGE('4375',*,*,#7103,.T.);
#7124=EDGE_LOOP('3589',(#7118,#7120,#7122,#7123));
#7125=FACE_OUTER_BOUND('3589',#7124,.F.);
#7126=ADVANCED_FACE('3589',(#7125),#7117,.F.);
#7127=CARTESIAN_POINT('',(3.89E0,-4.94E0,-2.83E0));
#7128=DIRECTION('',(1.E0,0.E0,0.E0));
#7129=DIRECTION('',(0.E0,1.E0,0.E0));
#7130=AXIS2_PLACEMENT_3D('',#7127,#7128,#7129);
#7131=PLANE('3591',#7130);
#7132=ORIENTED_EDGE('4346',*,*,#6988,.T.);
#7133=ORIENTED_EDGE('4369',*,*,#7092,.F.);
#7135=ORIENTED_EDGE('4103',*,*,#7134,.T.);
#7137=ORIENTED_EDGE('4096',*,*,#7136,.F.);
#7138=ORIENTED_EDGE('4376',*,*,#7119,.F.);
#7139=EDGE_LOOP('3591',(#7132,#7133,#7135,#7137,#7138));
#7140=FACE_OUTER_BOUND('3591',#7139,.F.);
#7141=ADVANCED_FACE('3591',(#7140),#7131,.T.);
#7142=CARTESIAN_POINT('',(0.E0,0.E0,-2.83E0));
#7143=DIRECTION('',(0.E0,0.E0,1.E0));
#7144=DIRECTION('',(1.E0,0.E0,0.E0));
#7145=AXIS2_PLACEMENT_3D('',#7142,#7143,#7144);
#7146=PLANE('3998',#7145);
#7148=ORIENTED_EDGE('4084',*,*,#7147,.T.);
#7150=ORIENTED_EDGE('4087',*,*,#7149,.F.);
#7151=ORIENTED_EDGE('4103',*,*,#7134,.F.);
#7152=ORIENTED_EDGE('4105',*,*,#7090,.T.);
#7153=EDGE_LOOP('3998',(#7148,#7150,#7151,#7152));
#7154=FACE_OUTER_BOUND('3998',#7153,.F.);
#7155=ADVANCED_FACE('3998',(#7154),#7146,.F.);
#7156=CARTESIAN_POINT('',(4.04E0,-3.6E0,-2.83E0));
#7157=DIRECTION('',(1.E0,0.E0,0.E0));
#7158=DIRECTION('',(0.E0,-1.E0,0.E0));
#7159=AXIS2_PLACEMENT_3D('',#7156,#7157,#7158);
#7160=PLANE('3594',#7159);
#7161=ORIENTED_EDGE('4084',*,*,#7147,.F.);
#7162=ORIENTED_EDGE('4112',*,*,#7088,.T.);
#7164=ORIENTED_EDGE('4080',*,*,#7163,.F.);
#7165=ORIENTED_EDGE('4081',*,*,#6504,.T.);
#7167=ORIENTED_EDGE('4107',*,*,#7166,.F.);
#7168=EDGE_LOOP('3594',(#7161,#7162,#7164,#7165,#7167));
#7169=FACE_OUTER_BOUND('3594',#7168,.F.);
#7170=ADVANCED_FACE('3594',(#7169),#7160,.F.);
#7171=CARTESIAN_POINT('',(6.377512568867E0,-4.19E0,-3.18E0));
#7172=DIRECTION('',(-1.E0,0.E0,0.E0));
#7173=DIRECTION('',(0.E0,0.E0,-1.E0));
#7174=AXIS2_PLACEMENT_3D('',#7171,#7172,#7173);
#7175=CYLINDRICAL_SURFACE('3614',#7174,7.5E-1);
#7176=ORIENTED_EDGE('4057',*,*,#6506,.T.);
#7177=ORIENTED_EDGE('4080',*,*,#7163,.T.);
#7178=ORIENTED_EDGE('4058',*,*,#7086,.F.);
#7180=ORIENTED_EDGE('4078',*,*,#7179,.F.);
#7181=EDGE_LOOP('3614',(#7176,#7177,#7178,#7180));
#7182=FACE_OUTER_BOUND('3614',#7181,.F.);
#7183=ADVANCED_FACE('3614',(#7182),#7175,.T.);
#7184=CARTESIAN_POINT('',(6.362135768867E0,-3.34E0,-3.18E0));
#7185=DIRECTION('',(0.E0,0.E0,-1.E0));
#7186=DIRECTION('',(9.864310942201E-1,-1.641758092891E-1,0.E0));
#7187=AXIS2_PLACEMENT_3D('',#7184,#7185,#7186);
#7188=TOROIDAL_SURFACE('3613',#7187,8.5E-1,7.5E-1);
#7189=ORIENTED_EDGE('4059',*,*,#6508,.T.);
#7190=ORIENTED_EDGE('4078',*,*,#7179,.T.);
#7192=ORIENTED_EDGE('4060',*,*,#7191,.F.);
#7194=ORIENTED_EDGE('4077',*,*,#7193,.F.);
#7195=EDGE_LOOP('3613',(#7189,#7190,#7192,#7194));
#7196=FACE_OUTER_BOUND('3613',#7195,.F.);
#7197=ADVANCED_FACE('3613',(#7196),#7188,.T.);
#7198=CARTESIAN_POINT('',(6.362135768867E0,-3.34E0,0.E0));
#7199=DIRECTION('',(0.E0,0.E0,1.E0));
#7200=DIRECTION('',(1.E0,0.E0,0.E0));
#7201=AXIS2_PLACEMENT_3D('',#7198,#7199,#7200);
#7202=CYLINDRICAL_SURFACE('3582',#7201,1.6E0);
#7203=ORIENTED_EDGE('4115',*,*,#6299,.T.);
#7204=ORIENTED_EDGE('4060',*,*,#7191,.T.);
#7205=ORIENTED_EDGE('4116',*,*,#7084,.F.);
#7206=ORIENTED_EDGE('4019',*,*,#6172,.T.);
#7207=EDGE_LOOP('3582',(#7203,#7204,#7205,#7206));
#7208=FACE_OUTER_BOUND('3582',#7207,.F.);
#7209=ADVANCED_FACE('3582',(#7208),#7202,.T.);
#7210=CARTESIAN_POINT('',(8.379756743359E0,3.207542240840E0,-3.18E0));
#7211=DIRECTION('',(-1.736481776669E-1,-9.848077530122E-1,0.E0));
#7212=DIRECTION('',(0.E0,0.E0,-1.E0));
#7213=AXIS2_PLACEMENT_3D('',#7210,#7211,#7212);
#7214=CYLINDRICAL_SURFACE('3612',#7213,7.5E-1);
#7215=ORIENTED_EDGE('4061',*,*,#6510,.T.);
#7216=ORIENTED_EDGE('4077',*,*,#7193,.T.);
#7217=ORIENTED_EDGE('4062',*,*,#6297,.F.);
#7219=ORIENTED_EDGE('4076',*,*,#7218,.F.);
#7220=EDGE_LOOP('3612',(#7215,#7216,#7217,#7219));
#7221=FACE_OUTER_BOUND('3612',#7220,.F.);
#7222=ADVANCED_FACE('3612',(#7221),#7214,.T.);
#7223=CARTESIAN_POINT('',(7.54E0,3.34E0,-3.18E0));
#7224=DIRECTION('',(0.E0,0.E0,-1.E0));
#7225=DIRECTION('',(-9.610352060313E-3,9.999538195003E-1,0.E0));
#7226=AXIS2_PLACEMENT_3D('',#7223,#7224,#7225);
#7227=TOROIDAL_SURFACE('3611',#7226,8.5E-1,7.5E-1);
#7228=ORIENTED_EDGE('4063',*,*,#6512,.T.);
#7229=ORIENTED_EDGE('4076',*,*,#7218,.T.);
#7230=ORIENTED_EDGE('4064',*,*,#6317,.F.);
#7231=ORIENTED_EDGE('4075',*,*,#6617,.F.);
#7232=EDGE_LOOP('3611',(#7228,#7229,#7230,#7231));
#7233=FACE_OUTER_BOUND('3611',#7232,.F.);
#7234=ADVANCED_FACE('3611',(#7233),#7227,.T.);
#7235=CARTESIAN_POINT('',(1.44E0,-3.6E0,-2.83E0));
#7236=DIRECTION('',(0.E0,1.E0,0.E0));
#7237=DIRECTION('',(1.E0,0.E0,0.E0));
#7238=AXIS2_PLACEMENT_3D('',#7235,#7236,#7237);
#7239=PLANE('3596',#7238);
#7240=ORIENTED_EDGE('4358',*,*,#7040,.F.);
#7241=ORIENTED_EDGE('4377',*,*,#7064,.F.);
#7243=ORIENTED_EDGE('4086',*,*,#7242,.T.);
#7244=ORIENTED_EDGE('4095',*,*,#7105,.F.);
#7245=ORIENTED_EDGE('4094',*,*,#7121,.T.);
#7246=ORIENTED_EDGE('4096',*,*,#7136,.T.);
#7247=ORIENTED_EDGE('4087',*,*,#7149,.T.);
#7248=ORIENTED_EDGE('4107',*,*,#7166,.T.);
#7249=ORIENTED_EDGE('4372',*,*,#6502,.F.);
#7251=ORIENTED_EDGE('4359',*,*,#7250,.F.);
#7252=EDGE_LOOP('3596',(#7240,#7241,#7243,#7244,#7245,#7246,#7247,#7248,#7249,
#7251));
#7253=FACE_OUTER_BOUND('3596',#7252,.F.);
#7254=ADVANCED_FACE('3596',(#7253),#7239,.F.);
#7255=CARTESIAN_POINT('',(0.E0,0.E0,-2.83E0));
#7256=DIRECTION('',(0.E0,0.E0,1.E0));
#7257=DIRECTION('',(1.E0,0.E0,0.E0));
#7258=AXIS2_PLACEMENT_3D('',#7255,#7256,#7257);
#7259=PLANE('3997',#7258);
#7260=ORIENTED_EDGE('4085',*,*,#7062,.F.);
#7261=ORIENTED_EDGE('4104',*,*,#7077,.T.);
#7262=ORIENTED_EDGE('4102',*,*,#7107,.T.);
#7263=ORIENTED_EDGE('4086',*,*,#7242,.F.);
#7264=EDGE_LOOP('3997',(#7260,#7261,#7262,#7263));
#7265=FACE_OUTER_BOUND('3997',#7264,.F.);
#7266=ADVANCED_FACE('3997',(#7265),#7259,.F.);
#7267=CARTESIAN_POINT('',(2.68E0,-4.354551035517E0,-4.41E0));
#7268=DIRECTION('',(0.E0,1.E0,0.E0));
#7269=DIRECTION('',(0.E0,0.E0,1.E0));
#7270=AXIS2_PLACEMENT_3D('',#7267,#7268,#7269);
#7271=CYLINDRICAL_SURFACE('3719',#7270,5.E-1);
#7272=ORIENTED_EDGE('4349',*,*,#6500,.T.);
#7274=ORIENTED_EDGE('4386',*,*,#7273,.T.);
#7275=ORIENTED_EDGE('4294',*,*,#6862,.F.);
#7276=ORIENTED_EDGE('4274',*,*,#6975,.T.);
#7278=ORIENTED_EDGE('4281',*,*,#7277,.F.);
#7279=ORIENTED_EDGE('4387',*,*,#7042,.T.);
#7280=ORIENTED_EDGE('4359',*,*,#7250,.T.);
#7281=EDGE_LOOP('3719',(#7272,#7274,#7275,#7276,#7278,#7279,#7280));
#7282=FACE_OUTER_BOUND('3719',#7281,.F.);
#7283=ADVANCED_FACE('3719',(#7282),#7271,.T.);
#7284=CARTESIAN_POINT('',(2.760901699437E0,-3.525E0,-4.123028871191E0));
#7285=DIRECTION('',(0.E0,-1.E0,0.E0));
#7286=DIRECTION('',(1.E0,0.E0,0.E0));
#7287=AXIS2_PLACEMENT_3D('',#7284,#7285,#7286);
#7288=PLANE('3735',#7287);
#7289=ORIENTED_EDGE('4354',*,*,#6498,.F.);
#7291=ORIENTED_EDGE('4390',*,*,#7290,.T.);
#7293=ORIENTED_EDGE('4311',*,*,#7292,.T.);
#7295=ORIENTED_EDGE('4329',*,*,#7294,.F.);
#7296=ORIENTED_EDGE('4386',*,*,#7273,.F.);
#7297=EDGE_LOOP('3735',(#7289,#7291,#7293,#7295,#7296));
#7298=FACE_OUTER_BOUND('3735',#7297,.F.);
#7299=ADVANCED_FACE('3735',(#7298),#7288,.F.);
#7300=CARTESIAN_POINT('',(0.E0,-3.525E0,-4.11E0));
#7301=DIRECTION('',(0.E0,-1.E0,0.E0));
#7302=DIRECTION('',(1.E0,0.E0,0.E0));
#7303=AXIS2_PLACEMENT_3D('',#7300,#7301,#7302);
#7304=PLANE('3733',#7303);
#7305=ORIENTED_EDGE('4352',*,*,#6496,.F.);
#7307=ORIENTED_EDGE('4391',*,*,#7306,.T.);
#7309=ORIENTED_EDGE('4307',*,*,#7308,.T.);
#7310=ORIENTED_EDGE('4390',*,*,#7290,.F.);
#7311=EDGE_LOOP('3733',(#7305,#7307,#7309,#7310));
#7312=FACE_OUTER_BOUND('3733',#7311,.F.);
#7313=ADVANCED_FACE('3733',(#7312),#7304,.F.);
#7314=CARTESIAN_POINT('',(-2.760901699437E0,-3.525E0,-4.123028871191E0));
#7315=DIRECTION('',(0.E0,1.E0,0.E0));
#7316=DIRECTION('',(-1.E0,0.E0,0.E0));
#7317=AXIS2_PLACEMENT_3D('',#7314,#7315,#7316);
#7318=PLANE('3737',#7317);
#7319=ORIENTED_EDGE('4356',*,*,#6494,.T.);
#7320=ORIENTED_EDGE('4384',*,*,#7009,.T.);
#7322=ORIENTED_EDGE('4325',*,*,#7321,.T.);
#7324=ORIENTED_EDGE('4309',*,*,#7323,.F.);
#7325=ORIENTED_EDGE('4391',*,*,#7306,.F.);
#7326=EDGE_LOOP('3737',(#7319,#7320,#7322,#7324,#7325));
#7327=FACE_OUTER_BOUND('3737',#7326,.F.);
#7328=ADVANCED_FACE('3737',(#7327),#7318,.T.);
#7329=CARTESIAN_POINT('',(-4.341228533544E0,-3.525E0,-4.16E0));
#7330=DIRECTION('',(0.E0,1.E0,0.E0));
#7331=DIRECTION('',(-1.E0,0.E0,0.E0));
#7332=AXIS2_PLACEMENT_3D('',#7329,#7330,#7331);
#7333=PLANE('3726',#7332);
#7334=ORIENTED_EDGE('4288',*,*,#6684,.T.);
#7336=ORIENTED_EDGE('4324',*,*,#7335,.T.);
#7337=ORIENTED_EDGE('4302',*,*,#6739,.F.);
#7338=ORIENTED_EDGE('4325',*,*,#7321,.F.);
#7339=EDGE_LOOP('3726',(#7334,#7336,#7337,#7338));
#7340=FACE_OUTER_BOUND('3726',#7339,.F.);
#7341=ADVANCED_FACE('3726',(#7340),#7333,.T.);
#7342=CARTESIAN_POINT('',(-5.850183323311E0,-1.925E0,-4.16E0));
#7343=DIRECTION('',(0.E0,0.E0,1.E0));
#7344=DIRECTION('',(-9.848077530122E-1,-1.736481776669E-1,0.E0));
#7345=AXIS2_PLACEMENT_3D('',#7342,#7343,#7344);
#7346=CYLINDRICAL_SURFACE('3725',#7345,1.6E0);
#7347=ORIENTED_EDGE('4289',*,*,#6682,.F.);
#7349=ORIENTED_EDGE('4323',*,*,#7348,.T.);
#7350=ORIENTED_EDGE('4303',*,*,#6741,.T.);
#7351=ORIENTED_EDGE('4324',*,*,#7335,.F.);
#7352=EDGE_LOOP('3725',(#7347,#7349,#7350,#7351));
#7353=FACE_OUTER_BOUND('3725',#7352,.F.);
#7354=ADVANCED_FACE('3725',(#7353),#7346,.F.);
#7355=CARTESIAN_POINT('',(-7.782937864065E0,-1.778370842671E-1,-4.16E0));
#7356=DIRECTION('',(9.848077530122E-1,1.736481776669E-1,0.E0));
#7357=DIRECTION('',(-1.736481776669E-1,9.848077530122E-1,0.E0));
#7358=AXIS2_PLACEMENT_3D('',#7355,#7356,#7357);
#7359=PLANE('3724',#7358);
#7360=ORIENTED_EDGE('4290',*,*,#6680,.T.);
#7362=ORIENTED_EDGE('4322',*,*,#7361,.T.);
#7363=ORIENTED_EDGE('4304',*,*,#6743,.F.);
#7364=ORIENTED_EDGE('4323',*,*,#7348,.F.);
#7365=EDGE_LOOP('3724',(#7360,#7362,#7363,#7364));
#7366=FACE_OUTER_BOUND('3724',#7365,.F.);
#7367=ADVANCED_FACE('3724',(#7366),#7359,.T.);
#7368=CARTESIAN_POINT('',(-6.564307595180E0,2.125E0,-4.16E0));
#7369=DIRECTION('',(0.E0,0.E0,1.E0));
#7370=DIRECTION('',(0.E0,1.E0,0.E0));
#7371=AXIS2_PLACEMENT_3D('',#7368,#7369,#7370);
#7372=CYLINDRICAL_SURFACE('3723',#7371,1.6E0);
#7373=ORIENTED_EDGE('4291',*,*,#6678,.F.);
#7374=ORIENTED_EDGE('4320',*,*,#6712,.T.);
#7375=ORIENTED_EDGE('4305',*,*,#6745,.T.);
#7376=ORIENTED_EDGE('4322',*,*,#7361,.F.);
#7377=EDGE_LOOP('3723',(#7373,#7374,#7375,#7376));
#7378=FACE_OUTER_BOUND('3723',#7377,.F.);
#7379=ADVANCED_FACE('3723',(#7378),#7372,.F.);
#7380=CARTESIAN_POINT('',(-2.68E0,4.354551035517E0,-4.41E0));
#7381=DIRECTION('',(0.E0,-1.E0,0.E0));
#7382=DIRECTION('',(0.E0,0.E0,1.E0));
#7383=AXIS2_PLACEMENT_3D('',#7380,#7381,#7382);
#7384=CYLINDRICAL_SURFACE('4002',#7383,1.E-1);
#7385=ORIENTED_EDGE('4309',*,*,#7323,.T.);
#7386=ORIENTED_EDGE('4316',*,*,#6737,.F.);
#7388=ORIENTED_EDGE('4256',*,*,#7387,.T.);
#7390=ORIENTED_EDGE('4265',*,*,#7389,.F.);
#7392=ORIENTED_EDGE('4315',*,*,#7391,.F.);
#7393=EDGE_LOOP('4002',(#7385,#7386,#7388,#7390,#7392));
#7394=FACE_OUTER_BOUND('4002',#7393,.F.);
#7395=ADVANCED_FACE('4002',(#7394),#7384,.F.);
#7396=CARTESIAN_POINT('',(6.547404378446E0,-4.151417287951E0,-3.16E0));
#7397=DIRECTION('',(-1.E0,0.E0,0.E0));
#7398=DIRECTION('',(0.E0,0.E0,-1.E0));
#7399=AXIS2_PLACEMENT_3D('',#7396,#7397,#7398);
#7400=CYLINDRICAL_SURFACE('3657',#7399,1.2E0);
#7401=ORIENTED_EDGE('4256',*,*,#7387,.F.);
#7402=ORIENTED_EDGE('4263',*,*,#6735,.T.);
#7404=ORIENTED_EDGE('4209',*,*,#7403,.T.);
#7406=ORIENTED_EDGE('4197',*,*,#7405,.F.);
#7408=ORIENTED_EDGE('4208',*,*,#7407,.F.);
#7409=ORIENTED_EDGE('4262',*,*,#6813,.T.);
#7411=ORIENTED_EDGE('4257',*,*,#7410,.T.);
#7413=ORIENTED_EDGE('4259',*,*,#7412,.F.);
#7415=ORIENTED_EDGE('4332',*,*,#7414,.T.);
#7417=ORIENTED_EDGE('4258',*,*,#7416,.F.);
#7418=EDGE_LOOP('3657',(#7401,#7402,#7404,#7406,#7408,#7409,#7411,#7413,#7415,
#7417));
#7419=FACE_OUTER_BOUND('3657',#7418,.F.);
#7420=ADVANCED_FACE('3657',(#7419),#7400,.T.);
#7421=CARTESIAN_POINT('',(-7.232688247668E0,-3.427532811285E0,
-4.359433894764E0));
#7422=CARTESIAN_POINT('',(-7.942472930342E0,-3.532344691588E0,
-4.381480281550E0));
#7423=CARTESIAN_POINT('',(-8.453290282575E0,-3.607775633515E0,
-3.882840456787E0));
#7424=CARTESIAN_POINT('',(-8.456264816256E0,-3.608214874422E0,
-3.165026533546E0));
#7425=CARTESIAN_POINT('',(-7.170151595818E0,-3.851030199757E0,
-4.359433894764E0));
#7426=CARTESIAN_POINT('',(-7.824168157261E0,-4.333503067693E0,
-4.381480281550E0));
#7427=CARTESIAN_POINT('',(-8.294850346365E0,-4.680728809441E0,
-3.882840456787E0));
#7428=CARTESIAN_POINT('',(-8.297591169515E0,-4.682750735006E0,
-3.165026533546E0));
#7429=CARTESIAN_POINT('',(-6.842215788705E0,-4.126201014490E0,
-4.359433894764E0));
#7430=CARTESIAN_POINT('',(-7.203790025437E0,-4.854062129173E0,
-4.381480281550E0));
#7431=CARTESIAN_POINT('',(-7.464007523435E0,-5.377888715561E0,
-3.882840456787E0));
#7432=CARTESIAN_POINT('',(-7.465522792462E0,-5.380939003140E0,
-3.165026533546E0));
#7433=CARTESIAN_POINT('',(-6.414292901529E0,-4.114248044224E0,
-4.359433894764E0));
#7434=CARTESIAN_POINT('',(-6.394259637009E0,-4.831449894699E0,
-4.381480281550E0));
#7435=CARTESIAN_POINT('',(-6.379842110978E0,-5.347605229152E0,
-3.882840456787E0));
#7436=CARTESIAN_POINT('',(-6.379758156476E0,-5.350610846366E0,
-3.165026533546E0));
#7437=(BOUNDED_SURFACE()B_SPLINE_SURFACE(3,3,((#7421,#7422,#7423,#7424),(#7425,
#7426,#7427,#7428),(#7429,#7430,#7431,#7432),(#7433,#7434,#7435,#7436)),
.UNSPECIFIED.,.F.,.F.,.F.)B_SPLINE_SURFACE_WITH_KNOTS((4,4),(4,4),(0.E0,1.E0),(
0.E0,1.E0),.UNSPECIFIED.)GEOMETRIC_REPRESENTATION_ITEM()RATIONAL_B_SPLINE_SURFACE(((1.348082981504E0,1.076368256658E0,1.076368256658E0,1.348082981504E0),(
1.121423577769E0,8.953935016905E-1,8.953935016905E-1,1.121423577769E0),(
1.121423577769E0,8.953935016905E-1,8.953935016905E-1,1.121423577769E0),(
1.348082981504E0,1.076368256658E0,1.076368256658E0,1.348082981504E0)))REPRESENTATION_ITEM('')SURFACE());
#7438=ORIENTED_EDGE('4177',*,*,#6733,.T.);
#7440=ORIENTED_EDGE('4210',*,*,#7439,.T.);
#7442=ORIENTED_EDGE('4191',*,*,#7441,.F.);
#7443=ORIENTED_EDGE('4209',*,*,#7403,.F.);
#7444=EDGE_LOOP('3658',(#7438,#7440,#7442,#7443));
#7445=FACE_OUTER_BOUND('3658',#7444,.F.);
#7446=ADVANCED_FACE('3658',(#7445),#7437,.T.);
#7447=CARTESIAN_POINT('',(-7.246178241699E0,-3.565076397019E0,-3.16E0));
#7448=DIRECTION('',(-1.736481776669E-1,9.848077530122E-1,0.E0));
#7449=DIRECTION('',(0.E0,0.E0,-1.E0));
#7450=AXIS2_PLACEMENT_3D('',#7447,#7448,#7449);
#7451=CYLINDRICAL_SURFACE('3659',#7450,1.2E0);
#7452=ORIENTED_EDGE('4178',*,*,#6731,.T.);
#7454=ORIENTED_EDGE('4211',*,*,#7453,.T.);
#7456=ORIENTED_EDGE('4185',*,*,#7455,.F.);
#7457=ORIENTED_EDGE('4210',*,*,#7439,.F.);
#7458=EDGE_LOOP('3659',(#7452,#7454,#7456,#7457));
#7459=FACE_OUTER_BOUND('3659',#7458,.F.);
#7460=ADVANCED_FACE('3659',(#7459),#7451,.T.);
#7461=CARTESIAN_POINT('',(-7.611228791655E0,4.314071613423E0,
-4.359433894764E0));
#7462=CARTESIAN_POINT('',(-7.586189041801E0,5.031116128735E0,
-4.381480281550E0));
#7463=CARTESIAN_POINT('',(-7.568168451849E0,5.547158232327E0,
-3.882840456787E0));
#7464=CARTESIAN_POINT('',(-7.568063516393E0,5.550163190188E0,
-3.165026533546E0));
#7465=CARTESIAN_POINT('',(-8.179158308974E0,4.333904152052E0,
-4.359433894764E0));
#7466=CARTESIAN_POINT('',(-8.660579350272E0,5.068634670464E0,
-4.381480281550E0));
#7467=CARTESIAN_POINT('',(-9.007048114150E0,5.597405024603E0,
-3.882840456787E0));
#7468=CARTESIAN_POINT('',(-9.009065631768E0,5.600484100169E0,
-3.165026533546E0));
#7469=CARTESIAN_POINT('',(-8.544438884831E0,3.898579713118E0,
-4.359433894764E0));
#7470=CARTESIAN_POINT('',(-9.351605082525E0,4.245102270813E0,
-4.381480281550E0));
#7471=CARTESIAN_POINT('',(-9.932505896508E0,4.494487386794E0,
-3.882840456787E0));
#7472=CARTESIAN_POINT('',(-9.935888532257E0,4.495939577922E0,
-3.165026533546E0));
#7473=CARTESIAN_POINT('',(-8.426287720861E0,3.342722205583E0,
-4.359433894764E0));
#7474=CARTESIAN_POINT('',(-9.128090611745E0,3.193549391847E0,
-4.381480281550E0));
#7475=CARTESIAN_POINT('',(-9.633163633552E0,3.086192803859E0,
-3.882840456787E0));
#7476=CARTESIAN_POINT('',(-9.636104717500E0,3.085567657149E0,
-3.165026533546E0));
#7477=(BOUNDED_SURFACE()B_SPLINE_SURFACE(3,3,((#7461,#7462,#7463,#7464),(#7465,
#7466,#7467,#7468),(#7469,#7470,#7471,#7472),(#7473,#7474,#7475,#7476)),
.UNSPECIFIED.,.F.,.F.,.F.)B_SPLINE_SURFACE_WITH_KNOTS((4,4),(4,4),(0.E0,1.E0),(
0.E0,1.E0),.UNSPECIFIED.)GEOMETRIC_REPRESENTATION_ITEM()RATIONAL_B_SPLINE_SURFACE(((1.458335734087E0,1.164398863614E0,1.164398863614E0,1.458335734087E0),(
1.084672660241E0,8.660499660384E-1,8.660499660384E-1,1.084672660241E0),(
1.084672660241E0,8.660499660384E-1,8.660499660384E-1,1.084672660241E0),(
1.458335734087E0,1.164398863614E0,1.164398863614E0,1.458335734087E0)))REPRESENTATION_ITEM('')SURFACE());
#7478=ORIENTED_EDGE('4179',*,*,#6729,.T.);
#7480=ORIENTED_EDGE('4204',*,*,#7479,.T.);
#7482=ORIENTED_EDGE('4182',*,*,#7481,.F.);
#7483=ORIENTED_EDGE('4211',*,*,#7453,.F.);
#7484=EDGE_LOOP('3660',(#7478,#7480,#7482,#7483));
#7485=FACE_OUTER_BOUND('3660',#7484,.F.);
#7486=ADVANCED_FACE('3660',(#7485),#7477,.T.);
#7487=CARTESIAN_POINT('',(-7.749954386878E0,4.351417287951E0,-3.16E0));
#7488=DIRECTION('',(1.E0,0.E0,0.E0));
#7489=DIRECTION('',(0.E0,0.E0,-1.E0));
#7490=AXIS2_PLACEMENT_3D('',#7487,#7488,#7489);
#7491=CYLINDRICAL_SURFACE('3653',#7490,1.2E0);
#7493=ORIENTED_EDGE('4253',*,*,#7492,.F.);
#7494=ORIENTED_EDGE('4261',*,*,#6821,.T.);
#7496=ORIENTED_EDGE('4205',*,*,#7495,.T.);
#7498=ORIENTED_EDGE('4189',*,*,#7497,.F.);
#7499=ORIENTED_EDGE('4204',*,*,#7479,.F.);
#7500=ORIENTED_EDGE('4260',*,*,#6727,.T.);
#7502=ORIENTED_EDGE('4255',*,*,#7501,.F.);
#7504=ORIENTED_EDGE('4254',*,*,#7503,.T.);
#7505=EDGE_LOOP('3653',(#7493,#7494,#7496,#7498,#7499,#7500,#7502,#7504));
#7506=FACE_OUTER_BOUND('3653',#7505,.F.);
#7507=ADVANCED_FACE('3653',(#7506),#7491,.T.);
#7508=CARTESIAN_POINT('',(2.28E0,4.26E0,-4.41E0));
#7509=DIRECTION('',(0.E0,0.E0,1.E0));
#7510=DIRECTION('',(9.821734210832E-1,-1.879770489122E-1,0.E0));
#7511=AXIS2_PLACEMENT_3D('',#7508,#7509,#7510);
#7512=TOROIDAL_SURFACE('3711',#7511,4.E-1,1.E-1);
#7513=ORIENTED_EDGE('4253',*,*,#7492,.T.);
#7515=ORIENTED_EDGE('4267',*,*,#7514,.F.);
#7516=ORIENTED_EDGE('4250',*,*,#6772,.F.);
#7517=ORIENTED_EDGE('4268',*,*,#6790,.T.);
#7518=ORIENTED_EDGE('4339',*,*,#6823,.T.);
#7519=EDGE_LOOP('3711',(#7513,#7515,#7516,#7517,#7518));
#7520=FACE_OUTER_BOUND('3711',#7519,.F.);
#7521=ADVANCED_FACE('3711',(#7520),#7512,.F.);
#7522=CARTESIAN_POINT('',(2.374551035517E0,4.66E0,-4.41E0));
#7523=DIRECTION('',(-1.E0,0.E0,0.E0));
#7524=DIRECTION('',(0.E0,0.E0,1.E0));
#7525=AXIS2_PLACEMENT_3D('',#7522,#7523,#7524);
#7526=CYLINDRICAL_SURFACE('3710',#7525,1.E-1);
#7527=ORIENTED_EDGE('4254',*,*,#7503,.F.);
#7529=ORIENTED_EDGE('4266',*,*,#7528,.F.);
#7530=ORIENTED_EDGE('4251',*,*,#6774,.F.);
#7531=ORIENTED_EDGE('4267',*,*,#7514,.T.);
#7532=EDGE_LOOP('3710',(#7527,#7529,#7530,#7531));
#7533=FACE_OUTER_BOUND('3710',#7532,.F.);
#7534=ADVANCED_FACE('3710',(#7533),#7526,.F.);
#7535=CARTESIAN_POINT('',(-2.28E0,4.26E0,-4.41E0));
#7536=DIRECTION('',(0.E0,0.E0,1.E0));
#7537=DIRECTION('',(1.879770489122E-1,9.821734210832E-1,0.E0));
#7538=AXIS2_PLACEMENT_3D('',#7535,#7536,#7537);
#7539=TOROIDAL_SURFACE('3709',#7538,4.E-1,1.E-1);
#7540=ORIENTED_EDGE('4255',*,*,#7501,.T.);
#7541=ORIENTED_EDGE('4340',*,*,#6725,.T.);
#7542=ORIENTED_EDGE('4264',*,*,#6758,.F.);
#7543=ORIENTED_EDGE('4252',*,*,#6776,.F.);
#7544=ORIENTED_EDGE('4266',*,*,#7528,.T.);
#7545=EDGE_LOOP('3709',(#7540,#7541,#7542,#7543,#7544));
#7546=FACE_OUTER_BOUND('3709',#7545,.F.);
#7547=ADVANCED_FACE('3709',(#7546),#7539,.F.);
#7548=CARTESIAN_POINT('',(8.426287720993E0,3.342722206208E0,-4.359433894764E0));
#7549=CARTESIAN_POINT('',(9.128090611996E0,3.193549393029E0,-4.381480281550E0));
#7550=CARTESIAN_POINT('',(9.633163633888E0,3.086192805442E0,-3.882840456787E0));
#7551=CARTESIAN_POINT('',(9.636104717837E0,3.085567658735E0,-3.165026533546E0));
#7552=CARTESIAN_POINT('',(8.544438884522E0,3.898579713837E0,-4.359433894764E0));
#7553=CARTESIAN_POINT('',(9.351605081942E0,4.245102272172E0,-4.381480281550E0));
#7554=CARTESIAN_POINT('',(9.932505895727E0,4.494487388615E0,-3.882840456787E0));
#7555=CARTESIAN_POINT('',(9.935888531474E0,4.495939579746E0,-3.165026533546E0));
#7556=CARTESIAN_POINT('',(8.179158308320E0,4.333904152480E0,-4.359433894764E0));
#7557=CARTESIAN_POINT('',(8.660579349035E0,5.068634671275E0,-4.381480281550E0));
#7558=CARTESIAN_POINT('',(9.007048112493E0,5.597405025689E0,-3.882840456787E0));
#7559=CARTESIAN_POINT('',(9.009065630108E0,5.600484101257E0,-3.165026533546E0));
#7560=CARTESIAN_POINT('',(7.611228791016E0,4.314071613401E0,-4.359433894764E0));
#7561=CARTESIAN_POINT('',(7.586189040593E0,5.031116128693E0,-4.381480281550E0));
#7562=CARTESIAN_POINT('',(7.568168450231E0,5.547158232271E0,-3.882840456787E0));
#7563=CARTESIAN_POINT('',(7.568063514773E0,5.550163190131E0,-3.165026533546E0));
#7564=(BOUNDED_SURFACE()B_SPLINE_SURFACE(3,3,((#7548,#7549,#7550,#7551),(#7552,
#7553,#7554,#7555),(#7556,#7557,#7558,#7559),(#7560,#7561,#7562,#7563)),
.UNSPECIFIED.,.F.,.F.,.F.)B_SPLINE_SURFACE_WITH_KNOTS((4,4),(4,4),(0.E0,1.E0),(
0.E0,1.E0),.UNSPECIFIED.)GEOMETRIC_REPRESENTATION_ITEM()RATIONAL_B_SPLINE_SURFACE(((1.458335734087E0,1.164398863614E0,1.164398863614E0,1.458335734087E0),(
1.084672660241E0,8.660499660384E-1,8.660499660384E-1,1.084672660241E0),(
1.084672660241E0,8.660499660384E-1,8.660499660384E-1,1.084672660241E0),(
1.458335734087E0,1.164398863614E0,1.164398863614E0,1.458335734087E0)))REPRESENTATION_ITEM('')SURFACE());
#7565=ORIENTED_EDGE('4174',*,*,#6819,.T.);
#7567=ORIENTED_EDGE('4206',*,*,#7566,.T.);
#7569=ORIENTED_EDGE('4195',*,*,#7568,.F.);
#7570=ORIENTED_EDGE('4205',*,*,#7495,.F.);
#7571=EDGE_LOOP('3654',(#7565,#7567,#7569,#7570));
#7572=FACE_OUTER_BOUND('3654',#7571,.F.);
#7573=ADVANCED_FACE('3654',(#7572),#7564,.T.);
#7574=CARTESIAN_POINT('',(8.487155477616E0,3.472855239599E0,-3.16E0));
#7575=DIRECTION('',(-1.736481776669E-1,-9.848077530122E-1,0.E0));
#7576=DIRECTION('',(0.E0,0.E0,-1.E0));
#7577=AXIS2_PLACEMENT_3D('',#7574,#7575,#7576);
#7578=CYLINDRICAL_SURFACE('3655',#7577,1.2E0);
#7579=ORIENTED_EDGE('4175',*,*,#6817,.T.);
#7581=ORIENTED_EDGE('4207',*,*,#7580,.T.);
#7583=ORIENTED_EDGE('4201',*,*,#7582,.F.);
#7584=ORIENTED_EDGE('4206',*,*,#7566,.F.);
#7585=EDGE_LOOP('3655',(#7579,#7581,#7583,#7584));
#7586=FACE_OUTER_BOUND('3655',#7585,.F.);
#7587=ADVANCED_FACE('3655',(#7586),#7578,.T.);
#7588=CARTESIAN_POINT('',(6.414292901718E0,-4.114248044230E0,
-4.359433894764E0));
#7589=CARTESIAN_POINT('',(6.394259637366E0,-4.831449894709E0,
-4.381480281550E0));
#7590=CARTESIAN_POINT('',(6.379842111456E0,-5.347605229166E0,
-3.882840456787E0));
#7591=CARTESIAN_POINT('',(6.379758156954E0,-5.350610846380E0,
-3.165026533546E0));
#7592=CARTESIAN_POINT('',(6.842215788897E0,-4.126201014395E0,
-4.359433894764E0));
#7593=CARTESIAN_POINT('',(7.203790025799E0,-4.854062128993E0,
-4.381480281550E0));
#7594=CARTESIAN_POINT('',(7.464007523920E0,-5.377888715321E0,
-3.882840456787E0));
#7595=CARTESIAN_POINT('',(7.465522792947E0,-5.380939002898E0,
-3.165026533546E0));
#7596=CARTESIAN_POINT('',(7.170151595945E0,-3.851030199585E0,
-4.359433894764E0));
#7597=CARTESIAN_POINT('',(7.824168157501E0,-4.333503067367E0,
-4.381480281550E0));
#7598=CARTESIAN_POINT('',(8.294850346686E0,-4.680728809005E0,
-3.882840456787E0));
#7599=CARTESIAN_POINT('',(8.297591169837E0,-4.682750734570E0,
-3.165026533546E0));
#7600=CARTESIAN_POINT('',(7.232688247696E0,-3.427532811099E0,
-4.359433894764E0));
#7601=CARTESIAN_POINT('',(7.942472930394E0,-3.532344691235E0,
-4.381480281550E0));
#7602=CARTESIAN_POINT('',(8.453290282645E0,-3.607775633042E0,
-3.882840456787E0));
#7603=CARTESIAN_POINT('',(8.456264816326E0,-3.608214873949E0,
-3.165026533546E0));
#7604=(BOUNDED_SURFACE()B_SPLINE_SURFACE(3,3,((#7588,#7589,#7590,#7591),(#7592,
#7593,#7594,#7595),(#7596,#7597,#7598,#7599),(#7600,#7601,#7602,#7603)),
.UNSPECIFIED.,.F.,.F.,.F.)B_SPLINE_SURFACE_WITH_KNOTS((4,4),(4,4),(0.E0,1.E0),(
0.E0,1.E0),.UNSPECIFIED.)GEOMETRIC_REPRESENTATION_ITEM()RATIONAL_B_SPLINE_SURFACE(((1.348082981504E0,1.076368256658E0,1.076368256658E0,1.348082981504E0),(
1.121423577769E0,8.953935016905E-1,8.953935016905E-1,1.121423577769E0),(
1.121423577769E0,8.953935016905E-1,8.953935016905E-1,1.121423577769E0),(
1.348082981504E0,1.076368256658E0,1.076368256658E0,1.348082981504E0)))REPRESENTATION_ITEM('')SURFACE());
#7605=ORIENTED_EDGE('4176',*,*,#6815,.T.);
#7606=ORIENTED_EDGE('4208',*,*,#7407,.T.);
#7608=ORIENTED_EDGE('4203',*,*,#7607,.F.);
#7609=ORIENTED_EDGE('4207',*,*,#7580,.F.);
#7610=EDGE_LOOP('3656',(#7605,#7606,#7608,#7609));
#7611=FACE_OUTER_BOUND('3656',#7610,.F.);
#7612=ADVANCED_FACE('3656',(#7611),#7604,.T.);
#7613=CARTESIAN_POINT('',(6.436757586749E0,-3.31E0,-2.186979899340E0));
#7614=DIRECTION('',(0.E0,0.E0,1.E0));
#7615=DIRECTION('',(1.E0,0.E0,0.E0));
#7616=AXIS2_PLACEMENT_3D('',#7613,#7614,#7615);
#7617=CONICAL_SURFACE('3652',#7616,2.076127351756E0,2.E0);
#7619=ORIENTED_EDGE('4202',*,*,#7618,.F.);
#7621=ORIENTED_EDGE('4200',*,*,#7620,.T.);
#7622=ORIENTED_EDGE('4203',*,*,#7607,.T.);
#7624=ORIENTED_EDGE('4198',*,*,#7623,.F.);
#7625=EDGE_LOOP('3652',(#7619,#7621,#7622,#7624));
#7626=FACE_OUTER_BOUND('3652',#7625,.F.);
#7627=ADVANCED_FACE('3652',(#7626),#7617,.T.);
#7628=CARTESIAN_POINT('',(6.436757586749E0,-3.31E0,-1.2E0));
#7629=DIRECTION('',(0.E0,0.E0,1.E0));
#7630=DIRECTION('',(9.967094369170E-1,-8.105737696576E-2,0.E0));
#7631=AXIS2_PLACEMENT_3D('',#7628,#7629,#7630);
#7632=TOROIDAL_SURFACE('3664',#7631,2.911081084753E0,8.E-1);
#7634=ORIENTED_EDGE('4220',*,*,#7633,.T.);
#7636=ORIENTED_EDGE('4173',*,*,#7635,.F.);
#7638=ORIENTED_EDGE('4219',*,*,#7637,.T.);
#7639=ORIENTED_EDGE('4202',*,*,#7618,.T.);
#7641=ORIENTED_EDGE('4221',*,*,#7640,.F.);
#7642=EDGE_LOOP('3664',(#7634,#7636,#7638,#7639,#7641));
#7643=FACE_OUTER_BOUND('3664',#7642,.F.);
#7644=ADVANCED_FACE('3664',(#7643),#7632,.F.);
#7645=CARTESIAN_POINT('',(6.430739453350E0,-6.209889247421E0,
1.194887068836E-2));
#7646=CARTESIAN_POINT('',(6.430736746035E0,-6.211193617825E0,
-1.293788040203E-1));
#7647=CARTESIAN_POINT('',(6.430734038719E0,-6.212497988230E0,
-2.707064787289E-1));
#7648=CARTESIAN_POINT('',(6.430731331404E0,-6.213802358634E0,
-4.120341534375E-1));
#7649=CARTESIAN_POINT('',(6.432745836507E0,-6.209889205613E0,
1.194882638793E-2));
#7650=CARTESIAN_POINT('',(6.432744030891E0,-6.211194068406E0,
-1.293788431547E-1));
#7651=CARTESIAN_POINT('',(6.432742225274E0,-6.212498931198E0,
-2.707065126974E-1));
#7652=CARTESIAN_POINT('',(6.432740419658E0,-6.213803793991E0,
-4.120341822401E-1));
#7653=CARTESIAN_POINT('',(6.477242439190E0,-6.209888742175E0,
1.194834282015E-2));
#7654=CARTESIAN_POINT('',(6.477260661897E0,-6.211199063030E0,
-1.293792703328E-1));
#7655=CARTESIAN_POINT('',(6.477278884605E0,-6.212509383884E0,
-2.707068834857E-1));
#7656=CARTESIAN_POINT('',(6.477297107312E0,-6.213819704738E0,
-4.120344966386E-1));
#7657=CARTESIAN_POINT('',(6.563909322798E0,-6.209907932053E0,
1.196836623782E-2));
#7658=CARTESIAN_POINT('',(6.563966450280E0,-6.210992247257E0,
-1.293615818841E-1));
#7659=CARTESIAN_POINT('',(6.564023577763E0,-6.212076562462E0,
-2.706915300060E-1));
#7660=CARTESIAN_POINT('',(6.564080705246E0,-6.213160877666E0,
-4.120214781280E-1));
#7661=CARTESIAN_POINT('',(6.650313106925E0,-6.209964665189E0,
1.200124408077E-2));
#7662=CARTESIAN_POINT('',(6.650350419417E0,-6.210380815156E0,
-1.293325379893E-1));
#7663=CARTESIAN_POINT('',(6.650387731909E0,-6.210796965124E0,
-2.706663200593E-1));
#7664=CARTESIAN_POINT('',(6.650425044400E0,-6.211213115092E0,
-4.120001021294E-1));
#7665=CARTESIAN_POINT('',(6.694532666938E0,-6.210003508521E0,
1.200044366159E-2));
#7666=CARTESIAN_POINT('',(6.694529008493E0,-6.209962187487E0,
-1.293332450700E-1));
#7667=CARTESIAN_POINT('',(6.694525350047E0,-6.209920866452E0,
-2.706669338017E-1));
#7668=CARTESIAN_POINT('',(6.694521691602E0,-6.209879545418E0,
-4.120006225333E-1));
#7669=CARTESIAN_POINT('',(6.696541298017E0,-6.210005293142E0,
1.200036887821E-2));
#7670=CARTESIAN_POINT('',(6.696535713441E0,-6.209942954024E0,
-1.293333111328E-1));
#7671=CARTESIAN_POINT('',(6.696530128865E0,-6.209880614906E0,
-2.706669911438E-1));
#7672=CARTESIAN_POINT('',(6.696524544289E0,-6.209818275789E0,
-4.120006711548E-1));
#7673=B_SPLINE_SURFACE_WITH_KNOTS('3686',3,3,((#7645,#7646,#7647,#7648),(#7649,
#7650,#7651,#7652),(#7653,#7654,#7655,#7656),(#7657,#7658,#7659,#7660),(#7661,
#7662,#7663,#7664),(#7665,#7666,#7667,#7668),(#7669,#7670,#7671,#7672)),
.UNSPECIFIED.,.F.,.F.,.F.,(4,1,1,1,4),(4,4),(-2.360573224119E-2,0.E0,5.E-1,1.E0,
1.023792326571E0),(-3.000120004800E-2,1.030001497237E0),.UNSPECIFIED.);
#7675=ORIENTED_EDGE('4906',*,*,#7674,.T.);
#7677=ORIENTED_EDGE('4925',*,*,#7676,.T.);
#7678=ORIENTED_EDGE('4220',*,*,#7633,.F.);
#7680=ORIENTED_EDGE('4247',*,*,#7679,.F.);
#7681=EDGE_LOOP('3686',(#7675,#7677,#7678,#7680));
#7682=FACE_OUTER_BOUND('3686',#7681,.F.);
#7683=ADVANCED_FACE('3686',(#7682),#7673,.F.);
#7684=CARTESIAN_POINT('',(6.436757586749E0,-3.31E0,-1.2E0));
#7685=DIRECTION('',(0.E0,0.E0,1.E0));
#7686=DIRECTION('',(9.967094369170E-1,-8.105737696576E-2,0.E0));
#7687=AXIS2_PLACEMENT_3D('',#7684,#7685,#7686);
#7688=TOROIDAL_SURFACE('3638',#7687,2.911081084753E0,1.2E0);
#7690=ORIENTED_EDGE('4846',*,*,#7689,.F.);
#7691=ORIENTED_EDGE('4906',*,*,#7674,.F.);
#7693=ORIENTED_EDGE('4163',*,*,#7692,.T.);
#7695=ORIENTED_EDGE('4150',*,*,#7694,.F.);
#7697=ORIENTED_EDGE('4905',*,*,#7696,.F.);
#7698=EDGE_LOOP('3638',(#7690,#7691,#7693,#7695,#7697));
#7699=FACE_OUTER_BOUND('3638',#7698,.F.);
#7700=ADVANCED_FACE('3638',(#7699),#7688,.T.);
#7701=CARTESIAN_POINT('',(0.E0,0.E0,0.E0));
#7702=DIRECTION('',(0.E0,0.E0,-1.E0));
#7703=DIRECTION('',(-1.E0,0.E0,0.E0));
#7704=AXIS2_PLACEMENT_3D('',#7701,#7702,#7703);
#7705=PLANE('4007',#7704);
#7707=ORIENTED_EDGE('4843',*,*,#7706,.T.);
#7709=ORIENTED_EDGE('4871',*,*,#7708,.T.);
#7711=ORIENTED_EDGE('4874',*,*,#7710,.F.);
#7713=ORIENTED_EDGE('4949',*,*,#7712,.T.);
#7715=ORIENTED_EDGE('4590',*,*,#7714,.T.);
#7717=ORIENTED_EDGE('4812',*,*,#7716,.T.);
#7719=ORIENTED_EDGE('4595',*,*,#7718,.F.);
#7721=ORIENTED_EDGE('4950',*,*,#7720,.T.);
#7723=ORIENTED_EDGE('4894',*,*,#7722,.T.);
#7725=ORIENTED_EDGE('4844',*,*,#7724,.T.);
#7727=ORIENTED_EDGE('4951',*,*,#7726,.T.);
#7729=ORIENTED_EDGE('4849',*,*,#7728,.T.);
#7731=ORIENTED_EDGE('4893',*,*,#7730,.F.);
#7733=ORIENTED_EDGE('4952',*,*,#7732,.T.);
#7735=ORIENTED_EDGE('4596',*,*,#7734,.T.);
#7737=ORIENTED_EDGE('4813',*,*,#7736,.T.);
#7739=ORIENTED_EDGE('4573',*,*,#7738,.F.);
#7741=ORIENTED_EDGE('4953',*,*,#7740,.T.);
#7743=ORIENTED_EDGE('4881',*,*,#7742,.T.);
#7745=ORIENTED_EDGE('4882',*,*,#7744,.T.);
#7747=ORIENTED_EDGE('4850',*,*,#7746,.T.);
#7749=ORIENTED_EDGE('4848',*,*,#7748,.F.);
#7751=ORIENTED_EDGE('4847',*,*,#7750,.T.);
#7753=ORIENTED_EDGE('4947',*,*,#7752,.T.);
#7754=ORIENTED_EDGE('4846',*,*,#7689,.T.);
#7756=ORIENTED_EDGE('4845',*,*,#7755,.F.);
#7757=EDGE_LOOP('4007',(#7707,#7709,#7711,#7713,#7715,#7717,#7719,#7721,#7723,
#7725,#7727,#7729,#7731,#7733,#7735,#7737,#7739,#7741,#7743,#7745,#7747,#7749,
#7751,#7753,#7754,#7756));
#7758=FACE_OUTER_BOUND('4007',#7757,.F.);
#7760=ORIENTED_EDGE('4669',*,*,#7759,.F.);
#7762=ORIENTED_EDGE('4670',*,*,#7761,.F.);
#7764=ORIENTED_EDGE('4671',*,*,#7763,.F.);
#7766=ORIENTED_EDGE('4588',*,*,#7765,.F.);
#7768=ORIENTED_EDGE('4672',*,*,#7767,.F.);
#7770=ORIENTED_EDGE('4673',*,*,#7769,.F.);
#7772=ORIENTED_EDGE('4674',*,*,#7771,.F.);
#7774=ORIENTED_EDGE('4574',*,*,#7773,.F.);
#7775=EDGE_LOOP('4007',(#7760,#7762,#7764,#7766,#7768,#7770,#7772,#7774));
#7776=FACE_BOUND('4007',#7775,.F.);
#7777=ADVANCED_FACE('4007',(#7758,#7776),#7705,.T.);
#7778=CARTESIAN_POINT('',(7.639307595180E0,3.51E0,-1.2E0));
#7779=DIRECTION('',(0.E0,0.E0,1.E0));
#7780=DIRECTION('',(-9.325084410936E-2,9.956426467729E-1,0.E0));
#7781=AXIS2_PLACEMENT_3D('',#7778,#7779,#7780);
#7782=TOROIDAL_SURFACE('3636',#7781,2.911081084753E0,1.2E0);
#7783=ORIENTED_EDGE('4843',*,*,#7706,.F.);
#7785=ORIENTED_EDGE('4903',*,*,#7784,.T.);
#7787=ORIENTED_EDGE('4141',*,*,#7786,.F.);
#7789=ORIENTED_EDGE('4161',*,*,#7788,.F.);
#7791=ORIENTED_EDGE('4904',*,*,#7790,.F.);
#7792=ORIENTED_EDGE('4844',*,*,#7724,.F.);
#7794=ORIENTED_EDGE('4901',*,*,#7793,.F.);
#7796=ORIENTED_EDGE('4902',*,*,#7795,.F.);
#7797=EDGE_LOOP('3636',(#7783,#7785,#7787,#7789,#7791,#7792,#7794,#7796));
#7798=FACE_OUTER_BOUND('3636',#7797,.F.);
#7799=ADVANCED_FACE('3636',(#7798),#7782,.T.);
#7800=CARTESIAN_POINT('',(1.052537643083E1,3.113461892901E0,-1.2E0));
#7801=DIRECTION('',(-1.736481776669E-1,-9.848077530122E-1,0.E0));
#7802=DIRECTION('',(0.E0,0.E0,1.E0));
#7803=AXIS2_PLACEMENT_3D('',#7800,#7801,#7802);
#7804=CYLINDRICAL_SURFACE('3637',#7803,1.2E0);
#7805=ORIENTED_EDGE('4845',*,*,#7755,.T.);
#7806=ORIENTED_EDGE('4905',*,*,#7696,.T.);
#7808=ORIENTED_EDGE('4147',*,*,#7807,.F.);
#7809=ORIENTED_EDGE('4903',*,*,#7784,.F.);
#7810=EDGE_LOOP('3637',(#7805,#7806,#7808,#7809));
#7811=FACE_OUTER_BOUND('3637',#7810,.F.);
#7812=ADVANCED_FACE('3637',(#7811),#7804,.T.);
#7813=CARTESIAN_POINT('',(7.688853458055E0,-5.423044221674E0,-4.36E0));
#7814=DIRECTION('',(9.842078347377E-1,-1.735423958889E-1,-3.489949670250E-2));
#7815=DIRECTION('',(-1.736481776669E-1,-9.848077530122E-1,0.E0));
#7816=AXIS2_PLACEMENT_3D('',#7813,#7814,#7815);
#7817=PLANE('3625',#7816);
#7818=ORIENTED_EDGE('4147',*,*,#7807,.T.);
#7820=ORIENTED_EDGE('4148',*,*,#7819,.T.);
#7822=ORIENTED_EDGE('4149',*,*,#7821,.F.);
#7824=ORIENTED_EDGE('4142',*,*,#7823,.F.);
#7825=EDGE_LOOP('3625',(#7818,#7820,#7822,#7824));
#7826=FACE_OUTER_BOUND('3625',#7825,.F.);
#7827=ADVANCED_FACE('3625',(#7826),#7817,.F.);
#7828=CARTESIAN_POINT('',(6.436757586749E0,-3.31E0,-2.173020100659E0));
#7829=DIRECTION('',(0.E0,0.E0,1.E0));
#7830=DIRECTION('',(1.E0,0.E0,0.E0));
#7831=AXIS2_PLACEMENT_3D('',#7828,#7829,#7830);
#7832=CONICAL_SURFACE('3626',#7831,1.676371020948E0,2.E0);
#7833=ORIENTED_EDGE('4150',*,*,#7694,.T.);
#7835=ORIENTED_EDGE('4146',*,*,#7834,.T.);
#7837=ORIENTED_EDGE('4151',*,*,#7836,.F.);
#7838=ORIENTED_EDGE('4148',*,*,#7819,.F.);
#7839=EDGE_LOOP('3626',(#7833,#7835,#7837,#7838));
#7840=FACE_OUTER_BOUND('3626',#7839,.F.);
#7841=ADVANCED_FACE('3626',(#7840),#7832,.F.);
#7842=CARTESIAN_POINT('',(-8.300275752394E0,-4.91E0,-4.36E0));
#7843=DIRECTION('',(0.E0,-9.993908270191E-1,-3.489949670250E-2));
#7844=DIRECTION('',(-1.E0,0.E0,0.E0));
#7845=AXIS2_PLACEMENT_3D('',#7842,#7843,#7844);
#7846=PLANE('3624',#7845);
#7848=ORIENTED_EDGE('4144',*,*,#7847,.T.);
#7850=ORIENTED_EDGE('4140',*,*,#7849,.T.);
#7851=ORIENTED_EDGE('4145',*,*,#6980,.F.);
#7852=ORIENTED_EDGE('4146',*,*,#7834,.F.);
#7853=EDGE_LOOP('3624',(#7848,#7850,#7851,#7852));
#7854=FACE_OUTER_BOUND('3624',#7853,.F.);
#7855=ADVANCED_FACE('3624',(#7854),#7846,.F.);
#7856=CARTESIAN_POINT('',(6.547404378446E0,-6.221081084753E0,-1.2E0));
#7857=DIRECTION('',(-1.E0,0.E0,0.E0));
#7858=DIRECTION('',(0.E0,0.E0,1.E0));
#7859=AXIS2_PLACEMENT_3D('',#7856,#7857,#7858);
#7860=CYLINDRICAL_SURFACE('3639',#7859,1.2E0);
#7862=ORIENTED_EDGE('4164',*,*,#7861,.T.);
#7864=ORIENTED_EDGE('4165',*,*,#7863,.T.);
#7865=ORIENTED_EDGE('4144',*,*,#7847,.F.);
#7866=ORIENTED_EDGE('4163',*,*,#7692,.F.);
#7867=EDGE_LOOP('3639',(#7862,#7864,#7865,#7866));
#7868=FACE_OUTER_BOUND('3639',#7867,.F.);
#7869=ADVANCED_FACE('3639',(#7868),#7860,.T.);
#7870=CARTESIAN_POINT('',(0.E0,-6.211846847459E0,-2.000426364781E-1));
#7871=DIRECTION('',(0.E0,9.999573635219E-1,-9.234237293758E-3));
#7872=DIRECTION('',(-1.E0,0.E0,0.E0));
#7873=AXIS2_PLACEMENT_3D('',#7870,#7871,#7872);
#7874=PLANE('3687',#7873);
#7875=ORIENTED_EDGE('4164',*,*,#7861,.F.);
#7876=ORIENTED_EDGE('4247',*,*,#7679,.T.);
#7878=ORIENTED_EDGE('4222',*,*,#7877,.T.);
#7880=ORIENTED_EDGE('4248',*,*,#7879,.F.);
#7881=EDGE_LOOP('3687',(#7875,#7876,#7878,#7880));
#7882=FACE_OUTER_BOUND('3687',#7881,.F.);
#7883=ADVANCED_FACE('3687',(#7882),#7874,.F.);
#7884=CARTESIAN_POINT('',(6.547404378446E0,-6.221081084753E0,-1.2E0));
#7885=DIRECTION('',(-1.E0,0.E0,0.E0));
#7886=DIRECTION('',(0.E0,0.E0,1.E0));
#7887=AXIS2_PLACEMENT_3D('',#7884,#7885,#7886);
#7888=CYLINDRICAL_SURFACE('3665',#7887,8.E-1);
#7889=ORIENTED_EDGE('4222',*,*,#7877,.F.);
#7890=ORIENTED_EDGE('4221',*,*,#7640,.T.);
#7892=ORIENTED_EDGE('4196',*,*,#7891,.T.);
#7894=ORIENTED_EDGE('4223',*,*,#7893,.F.);
#7895=EDGE_LOOP('3665',(#7889,#7890,#7892,#7894));
#7896=FACE_OUTER_BOUND('3665',#7895,.F.);
#7897=ADVANCED_FACE('3665',(#7896),#7888,.F.);
#7898=CARTESIAN_POINT('',(-8.300275752394E0,-5.309756330808E0,
-4.373959798681E0));
#7899=DIRECTION('',(0.E0,-9.993908270191E-1,-3.489949670250E-2));
#7900=DIRECTION('',(-1.E0,0.E0,0.E0));
#7901=AXIS2_PLACEMENT_3D('',#7898,#7899,#7900);
#7902=PLANE('3650',#7901);
#7903=ORIENTED_EDGE('4196',*,*,#7891,.F.);
#7904=ORIENTED_EDGE('4198',*,*,#7623,.T.);
#7905=ORIENTED_EDGE('4197',*,*,#7405,.T.);
#7907=ORIENTED_EDGE('4192',*,*,#7906,.F.);
#7908=EDGE_LOOP('3650',(#7903,#7904,#7905,#7907));
#7909=FACE_OUTER_BOUND('3650',#7908,.F.);
#7910=ADVANCED_FACE('3650',(#7909),#7902,.T.);
#7911=CARTESIAN_POINT('',(-6.436757586749E0,-3.31E0,-2.186979899340E0));
#7912=DIRECTION('',(0.E0,0.E0,1.E0));
#7913=DIRECTION('',(1.E0,0.E0,0.E0));
#7914=AXIS2_PLACEMENT_3D('',#7911,#7912,#7913);
#7915=CONICAL_SURFACE('3648',#7914,2.076127351756E0,2.E0);
#7917=ORIENTED_EDGE('4190',*,*,#7916,.F.);
#7918=ORIENTED_EDGE('4192',*,*,#7906,.T.);
#7919=ORIENTED_EDGE('4191',*,*,#7441,.T.);
#7921=ORIENTED_EDGE('4186',*,*,#7920,.F.);
#7922=EDGE_LOOP('3648',(#7917,#7918,#7919,#7921));
#7923=FACE_OUTER_BOUND('3648',#7922,.F.);
#7924=ADVANCED_FACE('3648',(#7923),#7915,.T.);
#7925=CARTESIAN_POINT('',(-6.436757586749E0,-3.31E0,-1.2E0));
#7926=DIRECTION('',(0.E0,0.E0,1.E0));
#7927=DIRECTION('',(9.325084410936E-2,-9.956426467729E-1,0.E0));
#7928=AXIS2_PLACEMENT_3D('',#7925,#7926,#7927);
#7929=TOROIDAL_SURFACE('3666',#7928,2.911081084753E0,8.E-1);
#7931=ORIENTED_EDGE('4224',*,*,#7930,.T.);
#7932=ORIENTED_EDGE('4223',*,*,#7893,.T.);
#7933=ORIENTED_EDGE('4190',*,*,#7916,.T.);
#7935=ORIENTED_EDGE('4226',*,*,#7934,.F.);
#7937=ORIENTED_EDGE('4225',*,*,#7936,.F.);
#7938=EDGE_LOOP('3666',(#7931,#7932,#7933,#7935,#7937));
#7939=FACE_OUTER_BOUND('3666',#7938,.F.);
#7940=ADVANCED_FACE('3666',(#7939),#7929,.F.);
#7941=CARTESIAN_POINT('',(-6.696541529201E0,-6.210005293348E0,
1.200036886384E-2));
#7942=CARTESIAN_POINT('',(-6.696535944401E0,-6.209942951811E0,
-1.293333111298E-1));
#7943=CARTESIAN_POINT('',(-6.696530359600E0,-6.209880610275E0,
-2.706669911234E-1));
#7944=CARTESIAN_POINT('',(-6.696524774799E0,-6.209818268739E0,
-4.120006711170E-1));
#7945=CARTESIAN_POINT('',(-6.694532823986E0,-6.210003508659E0,
1.200044365693E-2));
#7946=CARTESIAN_POINT('',(-6.694529165394E0,-6.209962186E0,-1.293332450585E-1));
#7947=CARTESIAN_POINT('',(-6.694525506802E0,-6.209920863340E0,
-2.706669337739E-1));
#7948=CARTESIAN_POINT('',(-6.694521848210E0,-6.209879540681E0,
-4.120006224892E-1));
#7949=CARTESIAN_POINT('',(-6.650315827276E0,-6.209964667560E0,
1.200124410171E-2));
#7950=CARTESIAN_POINT('',(-6.650353137325E0,-6.210380789596E0,
-1.293325379551E-1));
#7951=CARTESIAN_POINT('',(-6.650390447374E0,-6.210796911631E0,
-2.706663200119E-1));
#7952=CARTESIAN_POINT('',(-6.650427757422E0,-6.211213033666E0,
-4.120001020687E-1));
#7953=CARTESIAN_POINT('',(-6.563914470192E0,-6.209907934320E0,
1.196836859878E-2));
#7954=CARTESIAN_POINT('',(-6.563971599101E0,-6.210992222821E0,
-1.293615797828E-1));
#7955=CARTESIAN_POINT('',(-6.564028728011E0,-6.212076511321E0,
-2.706915281643E-1));
#7956=CARTESIAN_POINT('',(-6.564085856921E0,-6.213160799821E0,
-4.120214765458E-1));
#7957=CARTESIAN_POINT('',(-6.477244278459E0,-6.209888741974E0,
1.194834260993E-2));
#7958=CARTESIAN_POINT('',(-6.477262502015E0,-6.211199065202E0,
-1.293792705028E-1));
#7959=CARTESIAN_POINT('',(-6.477280725572E0,-6.212509388430E0,
-2.707068836155E-1));
#7960=CARTESIAN_POINT('',(-6.477298949129E0,-6.213819711659E0,
-4.120344967282E-1));
#7961=CARTESIAN_POINT('',(-6.432744248922E0,-6.209889205630E0,
1.194882640516E-2));
#7962=CARTESIAN_POINT('',(-6.432742442590E0,-6.211194068228E0,
-1.293788431238E-1));
#7963=CARTESIAN_POINT('',(-6.432740636258E0,-6.212498930825E0,
-2.707065126528E-1));
#7964=CARTESIAN_POINT('',(-6.432738829927E0,-6.213803793423E0,
-4.120341821818E-1));
#7965=CARTESIAN_POINT('',(-6.430737067351E0,-6.209889247471E0,
1.194887074098E-2));
#7966=CARTESIAN_POINT('',(-6.430734358959E0,-6.211193617289E0,
-1.293788039581E-1));
#7967=CARTESIAN_POINT('',(-6.430731650568E0,-6.212497987108E0,
-2.707064786572E-1));
#7968=CARTESIAN_POINT('',(-6.430728942177E0,-6.213802356926E0,
-4.120341533562E-1));
#7969=B_SPLINE_SURFACE_WITH_KNOTS('3688',3,3,((#7941,#7942,#7943,#7944),(#7945,
#7946,#7947,#7948),(#7949,#7950,#7951,#7952),(#7953,#7954,#7955,#7956),(#7957,
#7958,#7959,#7960),(#7961,#7962,#7963,#7964),(#7965,#7966,#7967,#7968)),
.UNSPECIFIED.,.F.,.F.,.F.,(4,1,1,1,4),(4,4),(-2.379472777797E-2,0.E0,5.E-1,1.E0,
1.023613628714E0),(-3.000120004800E-2,1.030001497119E0),.UNSPECIFIED.);
#7971=ORIENTED_EDGE('4907',*,*,#7970,.T.);
#7972=ORIENTED_EDGE('4248',*,*,#7879,.T.);
#7973=ORIENTED_EDGE('4224',*,*,#7930,.F.);
#7975=ORIENTED_EDGE('4928',*,*,#7974,.F.);
#7976=EDGE_LOOP('3688',(#7971,#7972,#7973,#7975));
#7977=FACE_OUTER_BOUND('3688',#7976,.F.);
#7978=ADVANCED_FACE('3688',(#7977),#7969,.F.);
#7979=CARTESIAN_POINT('',(-6.436757586749E0,-3.31E0,-1.2E0));
#7980=DIRECTION('',(0.E0,0.E0,1.E0));
#7981=DIRECTION('',(9.325084410936E-2,-9.956426467729E-1,0.E0));
#7982=AXIS2_PLACEMENT_3D('',#7979,#7980,#7981);
#7983=TOROIDAL_SURFACE('3640',#7982,2.911081084753E0,1.2E0);
#7984=ORIENTED_EDGE('4847',*,*,#7750,.F.);
#7986=ORIENTED_EDGE('4908',*,*,#7985,.T.);
#7988=ORIENTED_EDGE('4138',*,*,#7987,.F.);
#7989=ORIENTED_EDGE('4165',*,*,#7863,.F.);
#7990=ORIENTED_EDGE('4907',*,*,#7970,.F.);
#7991=EDGE_LOOP('3640',(#7984,#7986,#7988,#7989,#7990));
#7992=FACE_OUTER_BOUND('3640',#7991,.F.);
#7993=ADVANCED_FACE('3640',(#7992),#7983,.T.);
#7994=CARTESIAN_POINT('',(-9.284399194917E0,-3.924469743717E0,-1.2E0));
#7995=DIRECTION('',(-1.736481776669E-1,9.848077530122E-1,0.E0));
#7996=DIRECTION('',(0.E0,0.E0,1.E0));
#7997=AXIS2_PLACEMENT_3D('',#7994,#7995,#7996);
#7998=CYLINDRICAL_SURFACE('3641',#7997,1.2E0);
#7999=ORIENTED_EDGE('4848',*,*,#7748,.T.);
#8001=ORIENTED_EDGE('4909',*,*,#8000,.T.);
#8003=ORIENTED_EDGE('4132',*,*,#8002,.F.);
#8004=ORIENTED_EDGE('4908',*,*,#7985,.F.);
#8005=EDGE_LOOP('3641',(#7999,#8001,#8003,#8004));
#8006=FACE_OUTER_BOUND('3641',#8005,.F.);
#8007=ADVANCED_FACE('3641',(#8006),#7998,.T.);
#8008=CARTESIAN_POINT('',(-7.639307595180E0,3.51E0,-1.2E0));
#8009=DIRECTION('',(0.E0,0.E0,1.E0));
#8010=DIRECTION('',(-9.643237586260E-1,-2.647256854734E-1,0.E0));
#8011=AXIS2_PLACEMENT_3D('',#8008,#8009,#8010);
#8012=TOROIDAL_SURFACE('3642',#8011,2.911081084753E0,1.2E0);
#8013=ORIENTED_EDGE('4849',*,*,#7728,.F.);
#8015=ORIENTED_EDGE('4912',*,*,#8014,.F.);
#8017=ORIENTED_EDGE('4162',*,*,#8016,.T.);
#8019=ORIENTED_EDGE('4128',*,*,#8018,.F.);
#8020=ORIENTED_EDGE('4909',*,*,#8000,.F.);
#8021=ORIENTED_EDGE('4850',*,*,#7746,.F.);
#8023=ORIENTED_EDGE('4910',*,*,#8022,.F.);
#8025=ORIENTED_EDGE('4911',*,*,#8024,.F.);
#8026=EDGE_LOOP('3642',(#8013,#8015,#8017,#8019,#8020,#8021,#8023,#8025));
#8027=FACE_OUTER_BOUND('3642',#8026,.F.);
#8028=ADVANCED_FACE('3642',(#8027),#8012,.T.);
#8029=CARTESIAN_POINT('',(-7.628679627353E0,6.207889307395E0,
-6.893227984633E-3));
#8030=CARTESIAN_POINT('',(-7.628581701454E0,6.232747379121E0,
-1.460236779540E-1));
#8031=CARTESIAN_POINT('',(-7.628483775555E0,6.257605450847E0,
-2.851541279233E-1));
#8032=CARTESIAN_POINT('',(-7.628385849656E0,6.282463522574E0,
-4.242845778927E-1));
#8033=CARTESIAN_POINT('',(-7.632223392875E0,6.207889157177E0,
-6.895779522207E-3));
#8034=CARTESIAN_POINT('',(-7.632158112547E0,6.232748998048E0,
-1.460259319519E-1));
#8035=CARTESIAN_POINT('',(-7.632092832219E0,6.257608838920E0,
-2.851560843816E-1));
#8036=CARTESIAN_POINT('',(-7.632027551892E0,6.282468679791E0,
-4.242862368113E-1));
#8037=CARTESIAN_POINT('',(-7.696368394866E0,6.207887798019E0,
-6.918815666958E-3));
#8038=CARTESIAN_POINT('',(-7.696894207608E0,6.232763645980E0,
-1.460462818080E-1));
#8039=CARTESIAN_POINT('',(-7.697420020350E0,6.257639493942E0,
-2.851737479490E-1));
#8040=CARTESIAN_POINT('',(-7.697945833091E0,6.282515341903E0,
-4.243012140901E-1));
#8041=CARTESIAN_POINT('',(-7.820441923886E0,6.207933015089E0,
-6.152439005805E-3));
#8042=CARTESIAN_POINT('',(-7.822110907799E0,6.232276332092E0,
-1.453692737869E-1));
#8043=CARTESIAN_POINT('',(-7.823779891712E0,6.256619649095E0,
-2.845861085681E-1));
#8044=CARTESIAN_POINT('',(-7.825448875625E0,6.280962966098E0,
-4.238029433492E-1));
#8045=CARTESIAN_POINT('',(-8.001786542045E0,6.208128032569E0,
-3.013016525763E-3));
#8046=CARTESIAN_POINT('',(-8.004816347784E0,6.230174587602E0,
-1.425959453335E-1));
#8047=CARTESIAN_POINT('',(-8.007846153523E0,6.252221142635E0,
-2.821788741412E-1));
#8048=CARTESIAN_POINT('',(-8.010875959261E0,6.274267697668E0,
-4.217618029489E-1));
#8049=CARTESIAN_POINT('',(-8.183046932266E0,6.208444481046E0,
1.534197480523E-3));
#8050=CARTESIAN_POINT('',(-8.186836798524E0,6.226764155659E0,
-1.385789906012E-1));
#8051=CARTESIAN_POINT('',(-8.190626664783E0,6.245083830271E0,
-2.786921786830E-1));
#8052=CARTESIAN_POINT('',(-8.194416531041E0,6.263403504884E0,
-4.188053667648E-1));
#8053=CARTESIAN_POINT('',(-8.364354935634E0,6.208870240004E0,
6.522714886086E-3));
#8054=CARTESIAN_POINT('',(-8.368055029248E0,6.222175661622E0,
-1.341721936985E-1));
#8055=CARTESIAN_POINT('',(-8.371755122861E0,6.235481083240E0,
-2.748671022830E-1));
#8056=CARTESIAN_POINT('',(-8.375455216475E0,6.248786504859E0,
-4.155620108676E-1));
#8057=CARTESIAN_POINT('',(-8.545878210626E0,6.209390935991E0,
1.071097132169E-2));
#8058=CARTESIAN_POINT('',(-8.548435404645E0,6.216564011206E0,
-1.304723378119E-1));
#8059=CARTESIAN_POINT('',(-8.550992598664E0,6.223737086420E0,
-2.716556469455E-1));
#8060=CARTESIAN_POINT('',(-8.553549792683E0,6.230910161634E0,
-4.128389560790E-1));
#8061=CARTESIAN_POINT('',(-8.670503776651E0,6.209801666253E0,
1.203919922477E-2));
#8062=CARTESIAN_POINT('',(-8.671455279921E0,6.212137484602E0,
-1.292989970909E-1));
#8063=CARTESIAN_POINT('',(-8.672406783191E0,6.214473302951E0,
-2.706371934065E-1));
#8064=CARTESIAN_POINT('',(-8.673358286461E0,6.216809121300E0,
-4.119753897221E-1));
#8065=CARTESIAN_POINT('',(-8.734874857673E0,6.210025206813E0,
1.199829896952E-2));
#8066=CARTESIAN_POINT('',(-8.734754600607E0,6.209728340867E0,
-1.293351278896E-1));
#8067=CARTESIAN_POINT('',(-8.734634343541E0,6.209431474922E0,
-2.706685547486E-1));
#8068=CARTESIAN_POINT('',(-8.734514086475E0,6.209134608977E0,
-4.120019816077E-1));
#8069=CARTESIAN_POINT('',(-8.738510596984E0,6.210037868173E0,
1.199362216330E-2));
#8070=CARTESIAN_POINT('',(-8.738329032599E0,6.209591886713E0,
-1.293392593245E-1));
#8071=CARTESIAN_POINT('',(-8.738147468213E0,6.209145905253E0,
-2.706721408123E-1));
#8072=CARTESIAN_POINT('',(-8.737965903828E0,6.208699923792E0,
-4.120050223001E-1));
#8073=B_SPLINE_SURFACE_WITH_KNOTS('3691',3,3,((#8029,#8030,#8031,#8032),(#8033,
#8034,#8035,#8036),(#8037,#8038,#8039,#8040),(#8041,#8042,#8043,#8044),(#8045,
#8046,#8047,#8048),(#8049,#8050,#8051,#8052),(#8053,#8054,#8055,#8056),(#8057,
#8058,#8059,#8060),(#8061,#8062,#8063,#8064),(#8065,#8066,#8067,#8068),(#8069,
#8070,#8071,#8072)),.UNSPECIFIED.,.F.,.F.,.F.,(4,1,1,1,1,1,1,1,4),(4,4),(
-9.742824255018E-3,0.E0,1.666666666667E-1,3.333333333333E-1,5.E-1,
6.666666666667E-1,8.333333333333E-1,1.E0,1.009974563088E0),(-3.000152130481E-2,
1.030001200048E0),.UNSPECIFIED.);
#8074=ORIENTED_EDGE('4912',*,*,#8014,.T.);
#8076=ORIENTED_EDGE('4931',*,*,#8075,.T.);
#8078=ORIENTED_EDGE('4230',*,*,#8077,.F.);
#8080=ORIENTED_EDGE('4245',*,*,#8079,.F.);
#8081=EDGE_LOOP('3691',(#8074,#8076,#8078,#8080));
#8082=FACE_OUTER_BOUND('3691',#8081,.F.);
#8083=ADVANCED_FACE('3691',(#8082),#8073,.F.);
#8084=CARTESIAN_POINT('',(-9.313802922832E0,6.21E0,-2.E-1));
#8085=DIRECTION('',(0.E0,-1.E0,0.E0));
#8086=DIRECTION('',(1.E0,0.E0,0.E0));
#8087=AXIS2_PLACEMENT_3D('',#8084,#8085,#8086);
#8088=PLANE('3705',#8087);
#8089=ORIENTED_EDGE('4951',*,*,#7726,.F.);
#8091=ORIENTED_EDGE('4927',*,*,#8090,.T.);
#8093=ORIENTED_EDGE('4243',*,*,#8092,.T.);
#8095=ORIENTED_EDGE('4939',*,*,#8094,.F.);
#8096=ORIENTED_EDGE('4950',*,*,#7720,.F.);
#8098=ORIENTED_EDGE('4660',*,*,#8097,.T.);
#8100=ORIENTED_EDGE('4645',*,*,#8099,.T.);
#8102=ORIENTED_EDGE('4661',*,*,#8101,.F.);
#8103=ORIENTED_EDGE('4952',*,*,#7732,.F.);
#8105=ORIENTED_EDGE('4938',*,*,#8104,.T.);
#8107=ORIENTED_EDGE('4241',*,*,#8106,.T.);
#8108=ORIENTED_EDGE('4931',*,*,#8075,.F.);
#8109=EDGE_LOOP('3705',(#8089,#8091,#8093,#8095,#8096,#8098,#8100,#8102,#8103,
#8105,#8107,#8108));
#8110=FACE_OUTER_BOUND('3705',#8109,.F.);
#8111=ADVANCED_FACE('3705',(#8110),#8088,.F.);
#8112=CARTESIAN_POINT('',(8.738506225308E0,6.210037852935E0,1.199349337397E-2));
#8113=CARTESIAN_POINT('',(8.738324728196E0,6.209592046894E0,
-1.293393507577E-1));
#8114=CARTESIAN_POINT('',(8.738143231085E0,6.209146240853E0,
-2.706721948893E-1));
#8115=CARTESIAN_POINT('',(8.737961733973E0,6.208700434813E0,
-4.120050390209E-1));
#8116=CARTESIAN_POINT('',(8.734872543505E0,6.210025198652E0,1.199818129318E-2));
#8117=CARTESIAN_POINT('',(8.734752322904E0,6.209728426122E0,
-1.293352095055E-1));
#8118=CARTESIAN_POINT('',(8.734632102303E0,6.209431653592E0,
-2.706686003042E-1));
#8119=CARTESIAN_POINT('',(8.734511881702E0,6.209134881062E0,
-4.120019911029E-1));
#8120=CARTESIAN_POINT('',(8.672698079325E0,6.209809286523E0,1.203779790195E-2));
#8121=CARTESIAN_POINT('',(8.673613078454E0,6.212055379754E0,
-1.293002126641E-1));
#8122=CARTESIAN_POINT('',(8.674528077583E0,6.214301472986E0,
-2.706382232302E-1));
#8123=CARTESIAN_POINT('',(8.675443076712E0,6.216547566218E0,
-4.119762337963E-1));
#8124=CARTESIAN_POINT('',(8.552100726268E0,6.209411114282E0,1.079851946788E-2));
#8125=CARTESIAN_POINT('',(8.554585006123E0,6.216346608530E0,
-1.303949765057E-1));
#8126=CARTESIAN_POINT('',(8.557069285978E0,6.223282102778E0,
-2.715884724794E-1));
#8127=CARTESIAN_POINT('',(8.559553565833E0,6.230217597026E0,
-4.127819684530E-1));
#8128=CARTESIAN_POINT('',(8.376440744744E0,6.208903048558E0,6.834023343274E-3));
#8129=CARTESIAN_POINT('',(8.380089444764E0,6.221822194311E0,
-1.338971652699E-1));
#8130=CARTESIAN_POINT('',(8.383738144784E0,6.234741340065E0,
-2.746283538830E-1));
#8131=CARTESIAN_POINT('',(8.387386844803E0,6.247660485819E0,
-4.153595424962E-1));
#8132=CARTESIAN_POINT('',(8.198896332698E0,6.208477984938E0,1.971365897347E-3));
#8133=CARTESIAN_POINT('',(8.202712363321E0,6.226403240023E0,
-1.381927790719E-1));
#8134=CARTESIAN_POINT('',(8.206528393945E0,6.244328495107E0,
-2.783569240411E-1));
#8135=CARTESIAN_POINT('',(8.210344424568E0,6.262253750191E0,
-4.185210690104E-1));
#8136=CARTESIAN_POINT('',(8.017824651410E0,6.208150952075E0,
-2.658397822734E-3));
#8137=CARTESIAN_POINT('',(8.020952271583E0,6.229927777120E0,
-1.422826573241E-1));
#8138=CARTESIAN_POINT('',(8.024079891755E0,6.251704602164E0,
-2.819069168255E-1));
#8139=CARTESIAN_POINT('',(8.027207511927E0,6.273481427208E0,
-4.215311763269E-1));
#8140=CARTESIAN_POINT('',(7.832339870701E0,6.207940176841E0,
-6.030982292395E-3));
#8141=CARTESIAN_POINT('',(7.834116010217E0,6.232199368804E0,
-1.452619583663E-1));
#8142=CARTESIAN_POINT('',(7.835892149733E0,6.256458560768E0,
-2.844929344402E-1));
#8143=CARTESIAN_POINT('',(7.837668289250E0,6.280717752731E0,
-4.237239105140E-1));
#8144=CARTESIAN_POINT('',(7.701060898908E0,6.207887713299E0,
-6.920710010223E-3));
#8145=CARTESIAN_POINT('',(7.701630019544E0,6.232764785075E0,
-1.460479332591E-1));
#8146=CARTESIAN_POINT('',(7.702199140179E0,6.257641856852E0,
-2.851751565079E-1));
#8147=CARTESIAN_POINT('',(7.702768260815E0,6.282518928629E0,
-4.243023797568E-1));
#8148=CARTESIAN_POINT('',(7.632210553813E0,6.207889177319E0,
-6.895881727755E-3));
#8149=CARTESIAN_POINT('',(7.632145151557E0,6.232749006861E0,
-1.460260002494E-1));
#8150=CARTESIAN_POINT('',(7.632079749301E0,6.257608836402E0,
-2.851561187710E-1));
#8151=CARTESIAN_POINT('',(7.632014347044E0,6.282468665944E0,
-4.242862372927E-1));
#8152=CARTESIAN_POINT('',(7.628656108644E0,6.207889328823E0,
-6.893306963301E-3));
#8153=CARTESIAN_POINT('',(7.628557954103E0,6.232747374053E0,
-1.460237257331E-1));
#8154=CARTESIAN_POINT('',(7.628459799562E0,6.257605419282E0,
-2.851541445028E-1));
#8155=CARTESIAN_POINT('',(7.628361645021E0,6.282463464511E0,
-4.242845632726E-1));
#8156=B_SPLINE_SURFACE_WITH_KNOTS('3685',3,3,((#8112,#8113,#8114,#8115),(#8116,
#8117,#8118,#8119),(#8120,#8121,#8122,#8123),(#8124,#8125,#8126,#8127),(#8128,
#8129,#8130,#8131),(#8132,#8133,#8134,#8135),(#8136,#8137,#8138,#8139),(#8140,
#8141,#8142,#8143),(#8144,#8145,#8146,#8147),(#8148,#8149,#8150,#8151),(#8152,
#8153,#8154,#8155)),.UNSPECIFIED.,.F.,.F.,.F.,(4,1,1,1,1,1,1,1,4),(4,4),(
-1.034446542738E-2,0.E0,1.666666666667E-1,3.333333333333E-1,5.E-1,
6.666666666667E-1,8.333333333333E-1,1.E0,1.009061989252E0),(-3.000124118306E-2,
1.030001214639E0),.UNSPECIFIED.);
#8157=ORIENTED_EDGE('4904',*,*,#7790,.T.);
#8159=ORIENTED_EDGE('4244',*,*,#8158,.T.);
#8161=ORIENTED_EDGE('4217',*,*,#8160,.F.);
#8162=ORIENTED_EDGE('4927',*,*,#8090,.F.);
#8163=EDGE_LOOP('3685',(#8157,#8159,#8161,#8162));
#8164=FACE_OUTER_BOUND('3685',#8163,.F.);
#8165=ADVANCED_FACE('3685',(#8164),#8156,.F.);
#8166=CARTESIAN_POINT('',(0.E0,6.245180180792E0,-2.155921211277E-1));
#8167=DIRECTION('',(0.E0,-9.844078788723E-1,-1.759009039604E-1));
#8168=DIRECTION('',(1.E0,0.E0,0.E0));
#8169=AXIS2_PLACEMENT_3D('',#8166,#8167,#8168);
#8170=PLANE('3682',#8169);
#8172=ORIENTED_EDGE('4160',*,*,#8171,.F.);
#8173=ORIENTED_EDGE('4245',*,*,#8079,.T.);
#8175=ORIENTED_EDGE('4212',*,*,#8174,.T.);
#8176=ORIENTED_EDGE('4244',*,*,#8158,.F.);
#8177=EDGE_LOOP('3682',(#8172,#8173,#8175,#8176));
#8178=FACE_OUTER_BOUND('3682',#8177,.F.);
#8179=ADVANCED_FACE('3682',(#8178),#8170,.F.);
#8180=CARTESIAN_POINT('',(-7.749954386878E0,6.421081084753E0,-1.2E0));
#8181=DIRECTION('',(1.E0,0.E0,0.E0));
#8182=DIRECTION('',(0.E0,0.E0,1.E0));
#8183=AXIS2_PLACEMENT_3D('',#8180,#8181,#8182);
#8184=CYLINDRICAL_SURFACE('3635',#8183,1.2E0);
#8185=ORIENTED_EDGE('4160',*,*,#8171,.T.);
#8186=ORIENTED_EDGE('4161',*,*,#7788,.T.);
#8188=ORIENTED_EDGE('4135',*,*,#8187,.F.);
#8189=ORIENTED_EDGE('4162',*,*,#8016,.F.);
#8190=EDGE_LOOP('3635',(#8185,#8186,#8188,#8189));
#8191=FACE_OUTER_BOUND('3635',#8190,.F.);
#8192=ADVANCED_FACE('3635',(#8191),#8184,.T.);
#8193=CARTESIAN_POINT('',(9.502825760826E0,5.11E0,-4.36E0));
#8194=DIRECTION('',(0.E0,9.993908270191E-1,-3.489949670250E-2));
#8195=DIRECTION('',(1.E0,0.E0,0.E0));
#8196=AXIS2_PLACEMENT_3D('',#8193,#8194,#8195);
#8197=PLANE('3621',#8196);
#8198=ORIENTED_EDGE('4135',*,*,#8187,.T.);
#8200=ORIENTED_EDGE('4136',*,*,#8199,.T.);
#8201=ORIENTED_EDGE('4137',*,*,#6912,.F.);
#8203=ORIENTED_EDGE('4129',*,*,#8202,.F.);
#8204=EDGE_LOOP('3621',(#8198,#8200,#8201,#8203));
#8205=FACE_OUTER_BOUND('3621',#8204,.F.);
#8206=ADVANCED_FACE('3621',(#8205),#8197,.F.);
#8207=CARTESIAN_POINT('',(7.639307595180E0,3.51E0,-2.173020100659E0));
#8208=DIRECTION('',(0.E0,0.E0,1.E0));
#8209=DIRECTION('',(1.E0,0.E0,0.E0));
#8210=AXIS2_PLACEMENT_3D('',#8207,#8208,#8209);
#8211=CONICAL_SURFACE('3623',#8210,1.676371020948E0,2.E0);
#8212=ORIENTED_EDGE('4141',*,*,#7786,.T.);
#8213=ORIENTED_EDGE('4142',*,*,#7823,.T.);
#8215=ORIENTED_EDGE('4143',*,*,#8214,.F.);
#8216=ORIENTED_EDGE('4136',*,*,#8199,.F.);
#8217=EDGE_LOOP('3623',(#8212,#8213,#8215,#8216));
#8218=FACE_OUTER_BOUND('3623',#8217,.F.);
#8219=ADVANCED_FACE('3623',(#8218),#8211,.F.);
#8220=CARTESIAN_POINT('',(7.639307595180E0,3.51E0,-3.16E0));
#8221=DIRECTION('',(0.E0,0.E0,1.E0));
#8222=DIRECTION('',(-9.325084410936E-2,9.956426467729E-1,0.E0));
#8223=AXIS2_PLACEMENT_3D('',#8220,#8221,#8222);
#8224=TOROIDAL_SURFACE('3628',#8223,8.414172879510E-1,8.E-1);
#8225=ORIENTED_EDGE('4122',*,*,#6854,.F.);
#8226=ORIENTED_EDGE('4153',*,*,#6914,.T.);
#8227=ORIENTED_EDGE('4143',*,*,#8214,.T.);
#8229=ORIENTED_EDGE('4154',*,*,#8228,.F.);
#8230=EDGE_LOOP('3628',(#8225,#8226,#8227,#8229));
#8231=FACE_OUTER_BOUND('3628',#8230,.F.);
#8232=ADVANCED_FACE('3628',(#8231),#8224,.F.);
#8233=CARTESIAN_POINT('',(8.487155477616E0,3.472855239599E0,-3.16E0));
#8234=DIRECTION('',(-1.736481776669E-1,-9.848077530122E-1,0.E0));
#8235=DIRECTION('',(0.E0,0.E0,-1.E0));
#8236=AXIS2_PLACEMENT_3D('',#8233,#8234,#8235);
#8237=CYLINDRICAL_SURFACE('3629',#8236,8.E-1);
#8238=ORIENTED_EDGE('4123',*,*,#6856,.F.);
#8239=ORIENTED_EDGE('4154',*,*,#8228,.T.);
#8240=ORIENTED_EDGE('4149',*,*,#7821,.T.);
#8242=ORIENTED_EDGE('4155',*,*,#8241,.F.);
#8243=EDGE_LOOP('3629',(#8238,#8239,#8240,#8242));
#8244=FACE_OUTER_BOUND('3629',#8243,.F.);
#8245=ADVANCED_FACE('3629',(#8244),#8237,.F.);
#8246=CARTESIAN_POINT('',(6.436757586749E0,-3.31E0,-3.16E0));
#8247=DIRECTION('',(0.E0,0.E0,1.E0));
#8248=DIRECTION('',(9.967094369170E-1,-8.105737696576E-2,0.E0));
#8249=AXIS2_PLACEMENT_3D('',#8246,#8247,#8248);
#8250=TOROIDAL_SURFACE('3630',#8249,8.414172879510E-1,8.E-1);
#8251=ORIENTED_EDGE('4124',*,*,#6858,.F.);
#8252=ORIENTED_EDGE('4155',*,*,#8241,.T.);
#8253=ORIENTED_EDGE('4151',*,*,#7836,.T.);
#8254=ORIENTED_EDGE('4156',*,*,#6978,.F.);
#8255=EDGE_LOOP('3630',(#8251,#8252,#8253,#8254));
#8256=FACE_OUTER_BOUND('3630',#8255,.F.);
#8257=ADVANCED_FACE('3630',(#8256),#8250,.F.);
#8258=CARTESIAN_POINT('',(-7.639307595180E0,3.51E0,-2.173020100659E0));
#8259=DIRECTION('',(0.E0,0.E0,1.E0));
#8260=DIRECTION('',(1.E0,0.E0,0.E0));
#8261=AXIS2_PLACEMENT_3D('',#8258,#8259,#8260);
#8262=CONICAL_SURFACE('3619',#8261,1.676371020948E0,2.E0);
#8263=ORIENTED_EDGE('4128',*,*,#8018,.T.);
#8264=ORIENTED_EDGE('4129',*,*,#8202,.T.);
#8265=ORIENTED_EDGE('4130',*,*,#6928,.F.);
#8267=ORIENTED_EDGE('4131',*,*,#8266,.F.);
#8268=EDGE_LOOP('3619',(#8263,#8264,#8265,#8267));
#8269=FACE_OUTER_BOUND('3619',#8268,.F.);
#8270=ADVANCED_FACE('3619',(#8269),#8262,.F.);
#8271=CARTESIAN_POINT('',(-9.538596533514E0,5.067370053140E0,-4.36E0));
#8272=DIRECTION('',(-9.842078347377E-1,-1.735423958889E-1,-3.489949670250E-2));
#8273=DIRECTION('',(-1.736481776669E-1,9.848077530122E-1,0.E0));
#8274=AXIS2_PLACEMENT_3D('',#8271,#8272,#8273);
#8275=PLANE('3620',#8274);
#8276=ORIENTED_EDGE('4132',*,*,#8002,.T.);
#8277=ORIENTED_EDGE('4131',*,*,#8266,.T.);
#8278=ORIENTED_EDGE('4133',*,*,#6942,.F.);
#8280=ORIENTED_EDGE('4134',*,*,#8279,.F.);
#8281=EDGE_LOOP('3620',(#8276,#8277,#8278,#8280));
#8282=FACE_OUTER_BOUND('3620',#8281,.F.);
#8283=ADVANCED_FACE('3620',(#8282),#8275,.F.);
#8284=CARTESIAN_POINT('',(-6.436757586749E0,-3.31E0,-2.173020100659E0));
#8285=DIRECTION('',(0.E0,0.E0,1.E0));
#8286=DIRECTION('',(1.E0,0.E0,0.E0));
#8287=AXIS2_PLACEMENT_3D('',#8284,#8285,#8286);
#8288=CONICAL_SURFACE('3622',#8287,1.676371020948E0,2.E0);
#8289=ORIENTED_EDGE('4138',*,*,#7987,.T.);
#8290=ORIENTED_EDGE('4134',*,*,#8279,.T.);
#8291=ORIENTED_EDGE('4139',*,*,#6956,.F.);
#8292=ORIENTED_EDGE('4140',*,*,#7849,.F.);
#8293=EDGE_LOOP('3622',(#8289,#8290,#8291,#8292));
#8294=FACE_OUTER_BOUND('3622',#8293,.F.);
#8295=ADVANCED_FACE('3622',(#8294),#8288,.F.);
#8296=CARTESIAN_POINT('',(-7.749954386878E0,6.421081084753E0,-1.2E0));
#8297=DIRECTION('',(1.E0,0.E0,0.E0));
#8298=DIRECTION('',(0.E0,0.E0,1.E0));
#8299=AXIS2_PLACEMENT_3D('',#8296,#8297,#8298);
#8300=CYLINDRICAL_SURFACE('3661',#8299,8.E-1);
#8301=ORIENTED_EDGE('4212',*,*,#8174,.F.);
#8303=ORIENTED_EDGE('4214',*,*,#8302,.T.);
#8305=ORIENTED_EDGE('4187',*,*,#8304,.T.);
#8307=ORIENTED_EDGE('4213',*,*,#8306,.F.);
#8308=EDGE_LOOP('3661',(#8301,#8303,#8305,#8307));
#8309=FACE_OUTER_BOUND('3661',#8308,.F.);
#8310=ADVANCED_FACE('3661',(#8309),#8300,.F.);
#8311=CARTESIAN_POINT('',(-7.639307595180E0,3.51E0,-1.2E0));
#8312=DIRECTION('',(0.E0,0.E0,1.E0));
#8313=DIRECTION('',(-9.643237586260E-1,-2.647256854734E-1,0.E0));
#8314=AXIS2_PLACEMENT_3D('',#8311,#8312,#8313);
#8315=TOROIDAL_SURFACE('3668',#8314,2.911081084753E0,8.E-1);
#8317=ORIENTED_EDGE('4861',*,*,#8316,.T.);
#8319=ORIENTED_EDGE('4917',*,*,#8318,.F.);
#8321=ORIENTED_EDGE('4227',*,*,#8320,.T.);
#8323=ORIENTED_EDGE('4180',*,*,#8322,.T.);
#8324=ORIENTED_EDGE('4214',*,*,#8302,.F.);
#8325=ORIENTED_EDGE('4230',*,*,#8077,.T.);
#8327=ORIENTED_EDGE('4229',*,*,#8326,.F.);
#8329=ORIENTED_EDGE('4228',*,*,#8328,.T.);
#8331=ORIENTED_EDGE('4916',*,*,#8330,.T.);
#8333=ORIENTED_EDGE('4865',*,*,#8332,.T.);
#8334=EDGE_LOOP('3668',(#8317,#8319,#8321,#8323,#8324,#8325,#8327,#8329,#8331,
#8333));
#8335=FACE_OUTER_BOUND('3668',#8334,.F.);
#8337=ORIENTED_EDGE('4862',*,*,#8336,.F.);
#8339=ORIENTED_EDGE('4863',*,*,#8338,.T.);
#8341=ORIENTED_EDGE('4864',*,*,#8340,.T.);
#8342=EDGE_LOOP('3668',(#8337,#8339,#8341));
#8343=FACE_BOUND('3668',#8342,.F.);
#8344=ADVANCED_FACE('3668',(#8335,#8343),#8315,.F.);
#8345=CARTESIAN_POINT('',(-1.0075E1,4.78E0,-1.E-1));
#8346=DIRECTION('',(-1.E0,0.E0,0.E0));
#8347=DIRECTION('',(0.E0,-1.E0,0.E0));
#8348=AXIS2_PLACEMENT_3D('',#8345,#8346,#8347);
#8349=CYLINDRICAL_SURFACE('4012',#8348,3.2E-1);
#8350=ORIENTED_EDGE('4861',*,*,#8316,.F.);
#8352=ORIENTED_EDGE('4963',*,*,#8351,.T.);
#8354=ORIENTED_EDGE('4775',*,*,#8353,.T.);
#8356=ORIENTED_EDGE('4966',*,*,#8355,.F.);
#8358=ORIENTED_EDGE('4866',*,*,#8357,.F.);
#8359=EDGE_LOOP('4012',(#8350,#8352,#8354,#8356,#8358));
#8360=FACE_OUTER_BOUND('4012',#8359,.F.);
#8361=ADVANCED_FACE('4012',(#8360),#8349,.F.);
#8362=CARTESIAN_POINT('',(-1.0075E1,5.147695526217E0,-4.676955262170E-1));
#8363=DIRECTION('',(1.E0,0.E0,0.E0));
#8364=DIRECTION('',(0.E0,0.E0,-1.E0));
#8365=AXIS2_PLACEMENT_3D('',#8362,#8363,#8364);
#8366=PLANE('3919',#8365);
#8367=ORIENTED_EDGE('4865',*,*,#8332,.F.);
#8369=ORIENTED_EDGE('4880',*,*,#8368,.F.);
#8371=ORIENTED_EDGE('4962',*,*,#8370,.F.);
#8373=ORIENTED_EDGE('4779',*,*,#8372,.F.);
#8375=ORIENTED_EDGE('4760',*,*,#8374,.T.);
#8377=ORIENTED_EDGE('4776',*,*,#8376,.T.);
#8378=ORIENTED_EDGE('4963',*,*,#8351,.F.);
#8379=EDGE_LOOP('3919',(#8367,#8369,#8371,#8373,#8375,#8377,#8378));
#8380=FACE_OUTER_BOUND('3919',#8379,.F.);
#8381=ADVANCED_FACE('3919',(#8380),#8366,.T.);
#8382=CARTESIAN_POINT('',(-9.890693053272E0,5.048972077590E0,
-2.042126480741E-3));
#8383=CARTESIAN_POINT('',(-9.908403112946E0,5.061078085369E0,
-1.417382837943E-1));
#8384=CARTESIAN_POINT('',(-9.926113172619E0,5.073184093147E0,
-2.814344411080E-1));
#8385=CARTESIAN_POINT('',(-9.943823232293E0,5.085290100926E0,
-4.211305984216E-1));
#8386=CARTESIAN_POINT('',(-9.893312974445E0,5.048985013299E0,
-1.708849427482E-3));
#8387=CARTESIAN_POINT('',(-9.910820626346E0,5.060938675149E0,
-1.414438708153E-1));
#8388=CARTESIAN_POINT('',(-9.928328278246E0,5.072892336999E0,
-2.811788922031E-1));
#8389=CARTESIAN_POINT('',(-9.945835930147E0,5.084845998850E0,
-4.209139135908E-1));
#8390=CARTESIAN_POINT('',(-9.931904935229E0,5.049175210601E0,
3.113945496315E-3));
#8391=CARTESIAN_POINT('',(-9.946425681540E0,5.058888888192E0,
-1.371834712254E-1));
#8392=CARTESIAN_POINT('',(-9.960946427851E0,5.068602565782E0,
-2.774808879472E-1));
#8393=CARTESIAN_POINT('',(-9.975467174162E0,5.078316243372E0,
-4.177783046690E-1));
#8394=CARTESIAN_POINT('',(-1.000576624345E1,5.049529379134E0,
9.888975657816E-3));
#8395=CARTESIAN_POINT('',(-1.001441832337E1,5.055071956867E0,
-1.311984902803E-1));
#8396=CARTESIAN_POINT('',(-1.002307040329E1,5.060614534599E0,
-2.722859562185E-1));
#8397=CARTESIAN_POINT('',(-1.003172248321E1,5.066157112331E0,
-4.133734221567E-1));
#8398=CARTESIAN_POINT('',(-1.007809590642E1,5.049859455922E0,
1.208290497304E-2));
#8399=CARTESIAN_POINT('',(-1.008076041262E1,5.051514666162E0,
-1.292603992559E-1));
#8400=CARTESIAN_POINT('',(-1.008342491882E1,5.053169876402E0,
-2.706037034848E-1));
#8401=CARTESIAN_POINT('',(-1.008608942502E1,5.054825086642E0,
-4.119470077137E-1));
#8402=CARTESIAN_POINT('',(-1.011503227414E1,5.050023786891E0,
1.199425429528E-2));
#8403=CARTESIAN_POINT('',(-1.011458216058E1,5.049743644846E0,
-1.293387122087E-1));
#8404=CARTESIAN_POINT('',(-1.011413204701E1,5.049463502801E0,
-2.706716787126E-1));
#8405=CARTESIAN_POINT('',(-1.011368193344E1,5.049183360757E0,
-4.120046452165E-1));
#8406=CARTESIAN_POINT('',(-1.011769840211E1,5.050035626365E0,
1.198146541853E-2));
#8407=CARTESIAN_POINT('',(-1.011702317274E1,5.049616048923E0,
-1.293500097500E-1));
#8408=CARTESIAN_POINT('',(-1.011634794336E1,5.049196471480E0,
-2.706814849186E-1));
#8409=CARTESIAN_POINT('',(-1.011567271399E1,5.048776894038E0,
-4.120129600872E-1));
#8410=B_SPLINE_SURFACE_WITH_KNOTS('3689',3,3,((#8382,#8383,#8384,#8385),(#8386,
#8387,#8388,#8389),(#8390,#8391,#8392,#8393),(#8394,#8395,#8396,#8397),(#8398,
#8399,#8400,#8401),(#8402,#8403,#8404,#8405),(#8406,#8407,#8408,#8409)),
.UNSPECIFIED.,.F.,.F.,.F.,(4,1,1,1,4),(4,4),(-3.639160720406E-2,0.E0,5.E-1,1.E0,
1.038947238965E0),(-3.000165168041E-2,1.030001200048E0),.UNSPECIFIED.);
#8412=ORIENTED_EDGE('4879',*,*,#8411,.T.);
#8413=ORIENTED_EDGE('4880',*,*,#8368,.T.);
#8414=ORIENTED_EDGE('4916',*,*,#8330,.F.);
#8416=ORIENTED_EDGE('4249',*,*,#8415,.F.);
#8417=ORIENTED_EDGE('4910',*,*,#8022,.T.);
#8419=ORIENTED_EDGE('4929',*,*,#8418,.T.);
#8420=EDGE_LOOP('3689',(#8412,#8413,#8414,#8416,#8417,#8419));
#8421=FACE_OUTER_BOUND('3689',#8420,.F.);
#8422=ADVANCED_FACE('3689',(#8421),#8410,.F.);
#8423=CARTESIAN_POINT('',(-1.0075E1,4.78E0,-1.E-1));
#8424=DIRECTION('',(-1.E0,0.E0,0.E0));
#8425=DIRECTION('',(0.E0,-1.E0,0.E0));
#8426=AXIS2_PLACEMENT_3D('',#8423,#8424,#8425);
#8427=CYLINDRICAL_SURFACE('3914',#8426,3.2E-1);
#8428=ORIENTED_EDGE('4879',*,*,#8411,.F.);
#8430=ORIENTED_EDGE('4883',*,*,#8429,.T.);
#8432=ORIENTED_EDGE('4965',*,*,#8431,.F.);
#8434=ORIENTED_EDGE('4774',*,*,#8433,.F.);
#8435=ORIENTED_EDGE('4962',*,*,#8370,.T.);
#8436=EDGE_LOOP('3914',(#8428,#8430,#8432,#8434,#8435));
#8437=FACE_OUTER_BOUND('3914',#8436,.F.);
#8438=ADVANCED_FACE('3914',(#8437),#8427,.F.);
#8439=CARTESIAN_POINT('',(-1.130484539022E1,5.05E0,-2.E-1));
#8440=DIRECTION('',(0.E0,-1.E0,0.E0));
#8441=DIRECTION('',(1.E0,0.E0,0.E0));
#8442=AXIS2_PLACEMENT_3D('',#8439,#8440,#8441);
#8443=PLANE('3693',#8442);
#8444=ORIENTED_EDGE('4882',*,*,#7744,.F.);
#8446=ORIENTED_EDGE('4932',*,*,#8445,.T.);
#8448=ORIENTED_EDGE('4918',*,*,#8447,.T.);
#8450=ORIENTED_EDGE('4884',*,*,#8449,.T.);
#8451=ORIENTED_EDGE('4883',*,*,#8429,.F.);
#8452=ORIENTED_EDGE('4929',*,*,#8418,.F.);
#8453=EDGE_LOOP('3693',(#8444,#8446,#8448,#8450,#8451,#8452));
#8454=FACE_OUTER_BOUND('3693',#8453,.F.);
#8455=ADVANCED_FACE('3693',(#8454),#8443,.F.);
#8456=CARTESIAN_POINT('',(-1.25E1,5.63E0,-2.E-1));
#8457=DIRECTION('',(-1.E0,0.E0,0.E0));
#8458=DIRECTION('',(0.E0,-1.E0,0.E0));
#8459=AXIS2_PLACEMENT_3D('',#8456,#8457,#8458);
#8460=PLANE('3692',#8459);
#8461=ORIENTED_EDGE('4881',*,*,#7742,.F.);
#8463=ORIENTED_EDGE('4933',*,*,#8462,.T.);
#8465=ORIENTED_EDGE('4231',*,*,#8464,.T.);
#8466=ORIENTED_EDGE('4932',*,*,#8445,.F.);
#8467=EDGE_LOOP('3692',(#8461,#8463,#8465,#8466));
#8468=FACE_OUTER_BOUND('3692',#8467,.F.);
#8469=ADVANCED_FACE('3692',(#8468),#8460,.F.);
#8470=CARTESIAN_POINT('',(-1.31175E1,6.21E0,-2.E-1));
#8471=DIRECTION('',(0.E0,-1.E0,0.E0));
#8472=DIRECTION('',(1.E0,0.E0,0.E0));
#8473=AXIS2_PLACEMENT_3D('',#8470,#8471,#8472);
#8474=PLANE('3701',#8473);
#8475=ORIENTED_EDGE('4933',*,*,#8462,.F.);
#8476=ORIENTED_EDGE('4953',*,*,#7740,.F.);
#8478=ORIENTED_EDGE('4691',*,*,#8477,.T.);
#8480=ORIENTED_EDGE('4679',*,*,#8479,.T.);
#8482=ORIENTED_EDGE('4983',*,*,#8481,.T.);
#8484=ORIENTED_EDGE('4239',*,*,#8483,.T.);
#8485=EDGE_LOOP('3701',(#8475,#8476,#8478,#8480,#8482,#8484));
#8486=FACE_OUTER_BOUND('3701',#8485,.F.);
#8487=ADVANCED_FACE('3701',(#8486),#8474,.F.);
#8488=CARTESIAN_POINT('',(-1.24E1,5.655E0,2.E-1));
#8489=DIRECTION('',(9.909924304103E-1,-1.339178960014E-1,0.E0));
#8490=DIRECTION('',(-1.339178960014E-1,-9.909924304103E-1,0.E0));
#8491=AXIS2_PLACEMENT_3D('',#8488,#8489,#8490);
#8492=PLANE('3873',#8491);
#8493=ORIENTED_EDGE('4573',*,*,#7738,.T.);
#8495=ORIENTED_EDGE('4647',*,*,#8494,.T.);
#8497=ORIENTED_EDGE('4597',*,*,#8496,.F.);
#8498=ORIENTED_EDGE('4691',*,*,#8477,.F.);
#8499=EDGE_LOOP('3873',(#8493,#8495,#8497,#8498));
#8500=FACE_OUTER_BOUND('3873',#8499,.F.);
#8501=ADVANCED_FACE('3873',(#8500),#8492,.T.);
#8502=CARTESIAN_POINT('',(-1.2475E1,5.241421356237E0,1.414213562373E-1));
#8503=DIRECTION('',(1.E0,0.E0,0.E0));
#8504=DIRECTION('',(0.E0,1.E0,0.E0));
#8505=AXIS2_PLACEMENT_3D('',#8502,#8503,#8504);
#8506=PLANE('3924',#8505);
#8508=ORIENTED_EDGE('4782',*,*,#8507,.F.);
#8510=ORIENTED_EDGE('4762',*,*,#8509,.F.);
#8511=ORIENTED_EDGE('4647',*,*,#8494,.F.);
#8512=EDGE_LOOP('3924',(#8508,#8510,#8511));
#8513=FACE_OUTER_BOUND('3924',#8512,.F.);
#8514=ADVANCED_FACE('3924',(#8513),#8506,.F.);
#8515=CARTESIAN_POINT('',(-1.2475E1,5.3E0,-5.E-2));
#8516=DIRECTION('',(1.E0,0.E0,0.E0));
#8517=DIRECTION('',(0.E0,0.E0,-1.E0));
#8518=AXIS2_PLACEMENT_3D('',#8515,#8516,#8517);
#8519=PLANE('3922',#8518);
#8521=ORIENTED_EDGE('4763',*,*,#8520,.F.);
#8522=ORIENTED_EDGE('4782',*,*,#8507,.T.);
#8524=ORIENTED_EDGE('4772',*,*,#8523,.T.);
#8526=ORIENTED_EDGE('4780',*,*,#8525,.F.);
#8527=EDGE_LOOP('3922',(#8521,#8522,#8524,#8526));
#8528=FACE_OUTER_BOUND('3922',#8527,.F.);
#8529=ADVANCED_FACE('3922',(#8528),#8519,.F.);
#8530=CARTESIAN_POINT('',(-1.0075E1,5.5E0,0.E0));
#8531=DIRECTION('',(0.E0,1.E0,0.E0));
#8532=DIRECTION('',(0.E0,0.E0,-1.E0));
#8533=AXIS2_PLACEMENT_3D('',#8530,#8531,#8532);
#8534=PLANE('3910',#8533);
#8536=ORIENTED_EDGE('4759',*,*,#8535,.F.);
#8538=ORIENTED_EDGE('4767',*,*,#8537,.T.);
#8539=ORIENTED_EDGE('4763',*,*,#8520,.T.);
#8541=ORIENTED_EDGE('4768',*,*,#8540,.F.);
#8542=EDGE_LOOP('3910',(#8536,#8538,#8539,#8541));
#8543=FACE_OUTER_BOUND('3910',#8542,.F.);
#8544=ADVANCED_FACE('3910',(#8543),#8534,.T.);
#8545=CARTESIAN_POINT('',(-1.0075E1,5.3E0,-5.E-2));
#8546=DIRECTION('',(1.E0,0.E0,0.E0));
#8547=DIRECTION('',(0.E0,0.E0,-1.E0));
#8548=AXIS2_PLACEMENT_3D('',#8545,#8546,#8547);
#8549=PLANE('3921',#8548);
#8550=ORIENTED_EDGE('4759',*,*,#8535,.T.);
#8551=ORIENTED_EDGE('4779',*,*,#8372,.T.);
#8553=ORIENTED_EDGE('4771',*,*,#8552,.F.);
#8555=ORIENTED_EDGE('4781',*,*,#8554,.F.);
#8556=EDGE_LOOP('3921',(#8550,#8551,#8553,#8555));
#8557=FACE_OUTER_BOUND('3921',#8556,.F.);
#8558=ADVANCED_FACE('3921',(#8557),#8549,.T.);
#8559=CARTESIAN_POINT('',(-1.0075E1,5.1E0,0.E0));
#8560=DIRECTION('',(0.E0,1.E0,0.E0));
#8561=DIRECTION('',(0.E0,0.E0,-1.E0));
#8562=AXIS2_PLACEMENT_3D('',#8559,#8560,#8561);
#8563=PLANE('3913',#8562);
#8564=ORIENTED_EDGE('4813',*,*,#7736,.F.);
#8565=ORIENTED_EDGE('4771',*,*,#8552,.T.);
#8566=ORIENTED_EDGE('4774',*,*,#8433,.T.);
#8567=ORIENTED_EDGE('4772',*,*,#8523,.F.);
#8568=EDGE_LOOP('3913',(#8564,#8565,#8566,#8567));
#8569=FACE_OUTER_BOUND('3913',#8568,.F.);
#8570=ADVANCED_FACE('3913',(#8569),#8563,.F.);
#8571=CARTESIAN_POINT('',(-1.0075E1,5.241421356237E0,1.414213562373E-1));
#8572=DIRECTION('',(1.E0,0.E0,0.E0));
#8573=DIRECTION('',(0.E0,1.E0,0.E0));
#8574=AXIS2_PLACEMENT_3D('',#8571,#8572,#8573);
#8575=PLANE('3923',#8574);
#8577=ORIENTED_EDGE('4648',*,*,#8576,.T.);
#8579=ORIENTED_EDGE('4758',*,*,#8578,.T.);
#8580=ORIENTED_EDGE('4781',*,*,#8554,.T.);
#8581=EDGE_LOOP('3923',(#8577,#8579,#8580));
#8582=FACE_OUTER_BOUND('3923',#8581,.F.);
#8583=ADVANCED_FACE('3923',(#8582),#8575,.T.);
#8584=CARTESIAN_POINT('',(-1.015E1,5.655E0,2.E-1));
#8585=DIRECTION('',(9.909924304103E-1,1.339178960014E-1,0.E0));
#8586=DIRECTION('',(1.339178960014E-1,-9.909924304103E-1,0.E0));
#8587=AXIS2_PLACEMENT_3D('',#8584,#8585,#8586);
#8588=PLANE('3882',#8587);
#8589=ORIENTED_EDGE('4596',*,*,#7734,.F.);
#8590=ORIENTED_EDGE('4661',*,*,#8101,.T.);
#8592=ORIENTED_EDGE('4646',*,*,#8591,.T.);
#8593=ORIENTED_EDGE('4648',*,*,#8576,.F.);
#8594=EDGE_LOOP('3882',(#8589,#8590,#8592,#8593));
#8595=FACE_OUTER_BOUND('3882',#8594,.F.);
#8596=ADVANCED_FACE('3882',(#8595),#8588,.F.);
#8597=CARTESIAN_POINT('',(0.E0,0.E0,4.E-1));
#8598=DIRECTION('',(0.E0,0.E0,-1.E0));
#8599=DIRECTION('',(-1.E0,0.E0,0.E0));
#8600=AXIS2_PLACEMENT_3D('',#8597,#8598,#8599);
#8601=PLANE('3848',#8600);
#8603=ORIENTED_EDGE('4635',*,*,#8602,.F.);
#8605=ORIENTED_EDGE('4641',*,*,#8604,.F.);
#8607=ORIENTED_EDGE('4640',*,*,#8606,.T.);
#8609=ORIENTED_EDGE('4639',*,*,#8608,.F.);
#8611=ORIENTED_EDGE('4638',*,*,#8610,.T.);
#8613=ORIENTED_EDGE('4680',*,*,#8612,.F.);
#8615=ORIENTED_EDGE('4637',*,*,#8614,.T.);
#8617=ORIENTED_EDGE('4822',*,*,#8616,.F.);
#8619=ORIENTED_EDGE('4636',*,*,#8618,.F.);
#8621=ORIENTED_EDGE('4602',*,*,#8620,.F.);
#8623=ORIENTED_EDGE('4665',*,*,#8622,.T.);
#8625=ORIENTED_EDGE('4791',*,*,#8624,.F.);
#8627=ORIENTED_EDGE('4664',*,*,#8626,.F.);
#8629=ORIENTED_EDGE('4601',*,*,#8628,.F.);
#8631=ORIENTED_EDGE('4600',*,*,#8630,.T.);
#8633=ORIENTED_EDGE('4599',*,*,#8632,.F.);
#8635=ORIENTED_EDGE('4598',*,*,#8634,.T.);
#8636=ORIENTED_EDGE('4679',*,*,#8479,.F.);
#8637=ORIENTED_EDGE('4597',*,*,#8496,.T.);
#8639=ORIENTED_EDGE('4766',*,*,#8638,.F.);
#8640=ORIENTED_EDGE('4646',*,*,#8591,.F.);
#8641=ORIENTED_EDGE('4645',*,*,#8099,.F.);
#8643=ORIENTED_EDGE('4644',*,*,#8642,.T.);
#8645=ORIENTED_EDGE('4741',*,*,#8644,.F.);
#8646=EDGE_LOOP('3848',(#8603,#8605,#8607,#8609,#8611,#8613,#8615,#8617,#8619,
#8621,#8623,#8625,#8627,#8629,#8631,#8633,#8635,#8636,#8637,#8639,#8640,#8641,
#8643,#8645));
#8647=FACE_OUTER_BOUND('3848',#8646,.F.);
#8649=ORIENTED_EDGE('4681',*,*,#8648,.T.);
#8651=ORIENTED_EDGE('4603',*,*,#8650,.T.);
#8653=ORIENTED_EDGE('4686',*,*,#8652,.T.);
#8655=ORIENTED_EDGE('4685',*,*,#8654,.T.);
#8657=ORIENTED_EDGE('4684',*,*,#8656,.T.);
#8659=ORIENTED_EDGE('4633',*,*,#8658,.T.);
#8661=ORIENTED_EDGE('4683',*,*,#8660,.T.);
#8663=ORIENTED_EDGE('4682',*,*,#8662,.T.);
#8664=EDGE_LOOP('3848',(#8649,#8651,#8653,#8655,#8657,#8659,#8661,#8663));
#8665=FACE_BOUND('3848',#8664,.F.);
#8667=ORIENTED_EDGE('4642',*,*,#8666,.F.);
#8669=ORIENTED_EDGE('4643',*,*,#8668,.F.);
#8670=EDGE_LOOP('3848',(#8667,#8669));
#8671=FACE_BOUND('3848',#8670,.F.);
#8673=ORIENTED_EDGE('4604',*,*,#8672,.F.);
#8675=ORIENTED_EDGE('4605',*,*,#8674,.F.);
#8676=EDGE_LOOP('3848',(#8673,#8675));
#8677=FACE_BOUND('3848',#8676,.F.);
#8678=ADVANCED_FACE('3848',(#8647,#8665,#8671,#8677),#8601,.F.);
#8679=CARTESIAN_POINT('',(1.24E1,5.655E0,2.E-1));
#8680=DIRECTION('',(9.909924304103E-1,1.339178960014E-1,0.E0));
#8681=DIRECTION('',(1.339178960014E-1,-9.909924304103E-1,0.E0));
#8682=AXIS2_PLACEMENT_3D('',#8679,#8680,#8681);
#8683=PLANE('3876',#8682);
#8684=ORIENTED_EDGE('4590',*,*,#7714,.F.);
#8686=ORIENTED_EDGE('4654',*,*,#8685,.T.);
#8687=ORIENTED_EDGE('4635',*,*,#8602,.T.);
#8689=ORIENTED_EDGE('4653',*,*,#8688,.F.);
#8690=EDGE_LOOP('3876',(#8684,#8686,#8687,#8689));
#8691=FACE_OUTER_BOUND('3876',#8690,.F.);
#8692=ADVANCED_FACE('3876',(#8691),#8683,.F.);
#8693=CARTESIAN_POINT('',(1.31175E1,6.21E0,-2.E-1));
#8694=DIRECTION('',(0.E0,-1.E0,0.E0));
#8695=DIRECTION('',(1.E0,0.E0,0.E0));
#8696=AXIS2_PLACEMENT_3D('',#8693,#8694,#8695);
#8697=PLANE('3674',#8696);
#8699=ORIENTED_EDGE('4982',*,*,#8698,.T.);
#8700=ORIENTED_EDGE('4641',*,*,#8604,.T.);
#8701=ORIENTED_EDGE('4654',*,*,#8685,.F.);
#8702=ORIENTED_EDGE('4949',*,*,#7712,.F.);
#8704=ORIENTED_EDGE('4923',*,*,#8703,.T.);
#8706=ORIENTED_EDGE('4167',*,*,#8705,.T.);
#8707=EDGE_LOOP('3674',(#8699,#8700,#8701,#8702,#8704,#8706));
#8708=FACE_OUTER_BOUND('3674',#8707,.F.);
#8709=ADVANCED_FACE('3674',(#8708),#8697,.F.);
#8710=CARTESIAN_POINT('',(1.3735E1,4.61E0,-2.E-1));
#8711=DIRECTION('',(0.E0,0.E0,1.E0));
#8712=DIRECTION('',(1.E0,0.E0,0.E0));
#8713=AXIS2_PLACEMENT_3D('',#8710,#8711,#8712);
#8714=CYLINDRICAL_SURFACE('3675',#8713,1.6E0);
#8716=ORIENTED_EDGE('4981',*,*,#8715,.T.);
#8717=ORIENTED_EDGE('4640',*,*,#8606,.F.);
#8718=ORIENTED_EDGE('4982',*,*,#8698,.F.);
#8720=ORIENTED_EDGE('4168',*,*,#8719,.F.);
#8721=EDGE_LOOP('3675',(#8716,#8717,#8718,#8720));
#8722=FACE_OUTER_BOUND('3675',#8721,.F.);
#8723=ADVANCED_FACE('3675',(#8722),#8714,.T.);
#8724=CARTESIAN_POINT('',(1.5335E1,0.E0,-2.E-1));
#8725=DIRECTION('',(-1.E0,0.E0,0.E0));
#8726=DIRECTION('',(0.E0,-1.E0,0.E0));
#8727=AXIS2_PLACEMENT_3D('',#8724,#8725,#8726);
#8728=PLANE('3676',#8727);
#8730=ORIENTED_EDGE('4980',*,*,#8729,.T.);
#8731=ORIENTED_EDGE('4639',*,*,#8608,.T.);
#8732=ORIENTED_EDGE('4981',*,*,#8715,.F.);
#8734=ORIENTED_EDGE('4169',*,*,#8733,.T.);
#8735=EDGE_LOOP('3676',(#8730,#8731,#8732,#8734));
#8736=FACE_OUTER_BOUND('3676',#8735,.F.);
#8737=ADVANCED_FACE('3676',(#8736),#8728,.F.);
#8738=CARTESIAN_POINT('',(1.3735E1,-4.61E0,-2.E-1));
#8739=DIRECTION('',(0.E0,0.E0,1.E0));
#8740=DIRECTION('',(0.E0,-1.E0,0.E0));
#8741=AXIS2_PLACEMENT_3D('',#8738,#8739,#8740);
#8742=CYLINDRICAL_SURFACE('3677',#8741,1.6E0);
#8744=ORIENTED_EDGE('4984',*,*,#8743,.F.);
#8745=ORIENTED_EDGE('4638',*,*,#8610,.F.);
#8746=ORIENTED_EDGE('4980',*,*,#8729,.F.);
#8748=ORIENTED_EDGE('4170',*,*,#8747,.F.);
#8749=EDGE_LOOP('3677',(#8744,#8745,#8746,#8748));
#8750=FACE_OUTER_BOUND('3677',#8749,.F.);
#8751=ADVANCED_FACE('3677',(#8750),#8742,.T.);
#8752=CARTESIAN_POINT('',(1.31175E1,-6.21E0,-2.E-1));
#8753=DIRECTION('',(0.E0,1.E0,0.E0));
#8754=DIRECTION('',(-1.E0,0.E0,0.E0));
#8755=AXIS2_PLACEMENT_3D('',#8752,#8753,#8754);
#8756=PLANE('3678',#8755);
#8758=ORIENTED_EDGE('4942',*,*,#8757,.F.);
#8760=ORIENTED_EDGE('4954',*,*,#8759,.F.);
#8762=ORIENTED_EDGE('4692',*,*,#8761,.T.);
#8763=ORIENTED_EDGE('4680',*,*,#8612,.T.);
#8764=ORIENTED_EDGE('4984',*,*,#8743,.T.);
#8766=ORIENTED_EDGE('4171',*,*,#8765,.T.);
#8767=EDGE_LOOP('3678',(#8758,#8760,#8762,#8763,#8764,#8766));
#8768=FACE_OUTER_BOUND('3678',#8767,.F.);
#8769=ADVANCED_FACE('3678',(#8768),#8756,.F.);
#8770=CARTESIAN_POINT('',(1.25E1,-5.53E0,-2.E-1));
#8771=DIRECTION('',(1.E0,0.E0,0.E0));
#8772=DIRECTION('',(0.E0,1.E0,0.E0));
#8773=AXIS2_PLACEMENT_3D('',#8770,#8771,#8772);
#8774=PLANE('3738',#8773);
#8776=ORIENTED_EDGE('4895',*,*,#8775,.F.);
#8777=ORIENTED_EDGE('4942',*,*,#8757,.T.);
#8779=ORIENTED_EDGE('4337',*,*,#8778,.T.);
#8781=ORIENTED_EDGE('4943',*,*,#8780,.F.);
#8782=EDGE_LOOP('3738',(#8776,#8777,#8779,#8781));
#8783=FACE_OUTER_BOUND('3738',#8782,.F.);
#8784=ADVANCED_FACE('3738',(#8783),#8774,.F.);
#8785=CARTESIAN_POINT('',(0.E0,0.E0,0.E0));
#8786=DIRECTION('',(0.E0,0.E0,-1.E0));
#8787=DIRECTION('',(-1.E0,0.E0,0.E0));
#8788=AXIS2_PLACEMENT_3D('',#8785,#8786,#8787);
#8789=PLANE('4008',#8788);
#8790=ORIENTED_EDGE('4895',*,*,#8775,.T.);
#8792=ORIENTED_EDGE('4896',*,*,#8791,.T.);
#8794=ORIENTED_EDGE('4900',*,*,#8793,.F.);
#8796=ORIENTED_EDGE('4948',*,*,#8795,.T.);
#8798=ORIENTED_EDGE('4591',*,*,#8797,.T.);
#8800=ORIENTED_EDGE('4831',*,*,#8799,.T.);
#8802=ORIENTED_EDGE('4592',*,*,#8801,.F.);
#8803=ORIENTED_EDGE('4954',*,*,#8759,.T.);
#8804=EDGE_LOOP('4008',(#8790,#8792,#8794,#8796,#8798,#8800,#8802,#8803));
#8805=FACE_OUTER_BOUND('4008',#8804,.F.);
#8806=ADVANCED_FACE('4008',(#8805),#8789,.T.);
#8807=CARTESIAN_POINT('',(1.12E1,-4.85E0,-2.E-1));
#8808=DIRECTION('',(0.E0,1.E0,0.E0));
#8809=DIRECTION('',(-1.E0,0.E0,0.E0));
#8810=AXIS2_PLACEMENT_3D('',#8807,#8808,#8809);
#8811=PLANE('3739',#8810);
#8812=ORIENTED_EDGE('4896',*,*,#8791,.F.);
#8813=ORIENTED_EDGE('4943',*,*,#8780,.T.);
#8815=ORIENTED_EDGE('4940',*,*,#8814,.T.);
#8817=ORIENTED_EDGE('4899',*,*,#8816,.T.);
#8819=ORIENTED_EDGE('4897',*,*,#8818,.F.);
#8821=ORIENTED_EDGE('4898',*,*,#8820,.F.);
#8823=ORIENTED_EDGE('4941',*,*,#8822,.T.);
#8825=ORIENTED_EDGE('4944',*,*,#8824,.F.);
#8826=EDGE_LOOP('3739',(#8812,#8813,#8815,#8817,#8819,#8821,#8823,#8825));
#8827=FACE_OUTER_BOUND('3739',#8826,.F.);
#8828=ADVANCED_FACE('3739',(#8827),#8811,.F.);
#8829=CARTESIAN_POINT('',(0.E0,0.E0,-4.E-1));
#8830=DIRECTION('',(0.E0,0.E0,1.E0));
#8831=DIRECTION('',(1.E0,0.E0,0.E0));
#8832=AXIS2_PLACEMENT_3D('',#8829,#8830,#8831);
#8833=PLANE('3643',#8832);
#8835=ORIENTED_EDGE('5021',*,*,#8834,.T.);
#8837=ORIENTED_EDGE('5028',*,*,#8836,.T.);
#8838=ORIENTED_EDGE('4173',*,*,#7635,.T.);
#8840=ORIENTED_EDGE('4172',*,*,#8839,.F.);
#8842=ORIENTED_EDGE('4338',*,*,#8841,.T.);
#8843=ORIENTED_EDGE('4941',*,*,#8822,.F.);
#8845=ORIENTED_EDGE('4854',*,*,#8844,.F.);
#8847=ORIENTED_EDGE('4853',*,*,#8846,.T.);
#8849=ORIENTED_EDGE('4855',*,*,#8848,.T.);
#8850=ORIENTED_EDGE('4940',*,*,#8814,.F.);
#8851=ORIENTED_EDGE('4337',*,*,#8778,.F.);
#8852=ORIENTED_EDGE('4171',*,*,#8765,.F.);
#8853=ORIENTED_EDGE('4170',*,*,#8747,.T.);
#8854=ORIENTED_EDGE('4169',*,*,#8733,.F.);
#8855=ORIENTED_EDGE('4168',*,*,#8719,.T.);
#8856=ORIENTED_EDGE('4167',*,*,#8705,.F.);
#8858=ORIENTED_EDGE('4166',*,*,#8857,.T.);
#8860=ORIENTED_EDGE('4913',*,*,#8859,.F.);
#8862=ORIENTED_EDGE('4852',*,*,#8861,.F.);
#8864=ORIENTED_EDGE('4851',*,*,#8863,.T.);
#8866=ORIENTED_EDGE('4914',*,*,#8865,.T.);
#8868=ORIENTED_EDGE('5027',*,*,#8867,.T.);
#8870=ORIENTED_EDGE('5022',*,*,#8869,.T.);
#8872=ORIENTED_EDGE('5023',*,*,#8871,.T.);
#8873=EDGE_LOOP('3643',(#8835,#8837,#8838,#8840,#8842,#8843,#8845,#8847,#8849,
#8850,#8851,#8852,#8853,#8854,#8855,#8856,#8858,#8860,#8862,#8864,#8866,#8868,
#8870,#8872));
#8874=FACE_OUTER_BOUND('3643',#8873,.F.);
#8875=ADVANCED_FACE('3643',(#8874),#8833,.F.);
#8876=CARTESIAN_POINT('',(1.2495E1,0.E0,1.0825E0));
#8877=DIRECTION('',(0.E0,0.E0,-1.E0));
#8878=DIRECTION('',(1.E0,0.E0,0.E0));
#8879=AXIS2_PLACEMENT_3D('',#8876,#8877,#8878);
#8880=CYLINDRICAL_SURFACE('3959',#8879,2.5E0);
#8881=ORIENTED_EDGE('5021',*,*,#8834,.F.);
#8883=ORIENTED_EDGE('5031',*,*,#8882,.F.);
#8885=ORIENTED_EDGE('4990',*,*,#8884,.T.);
#8887=ORIENTED_EDGE('5032',*,*,#8886,.T.);
#8888=ORIENTED_EDGE('5022',*,*,#8869,.F.);
#8890=ORIENTED_EDGE('5024',*,*,#8889,.F.);
#8891=EDGE_LOOP('3959',(#8881,#8883,#8885,#8887,#8888,#8890));
#8892=FACE_OUTER_BOUND('3959',#8891,.F.);
#8893=ADVANCED_FACE('3959',(#8892),#8880,.T.);
#8894=CARTESIAN_POINT('',(1.2495E1,0.E0,1.0825E0));
#8895=DIRECTION('',(0.E0,0.E0,-1.E0));
#8896=DIRECTION('',(1.E0,0.E0,0.E0));
#8897=AXIS2_PLACEMENT_3D('',#8894,#8895,#8896);
#8898=CYLINDRICAL_SURFACE('3963',#8897,2.5E0);
#8899=ORIENTED_EDGE('5023',*,*,#8871,.F.);
#8900=ORIENTED_EDGE('5032',*,*,#8886,.F.);
#8902=ORIENTED_EDGE('4993',*,*,#8901,.F.);
#8903=ORIENTED_EDGE('5031',*,*,#8882,.T.);
#8904=EDGE_LOOP('3963',(#8899,#8900,#8902,#8903));
#8905=FACE_OUTER_BOUND('3963',#8904,.F.);
#8906=ADVANCED_FACE('3963',(#8905),#8898,.T.);
#8907=CARTESIAN_POINT('',(1.2495E1,0.E0,-5.9E0));
#8908=DIRECTION('',(0.E0,0.E0,-1.E0));
#8909=DIRECTION('',(1.E0,0.E0,0.E0));
#8910=AXIS2_PLACEMENT_3D('',#8907,#8908,#8909);
#8911=PLANE('3958',#8910);
#8912=ORIENTED_EDGE('4990',*,*,#8884,.F.);
#8913=ORIENTED_EDGE('4993',*,*,#8901,.T.);
#8914=EDGE_LOOP('3958',(#8912,#8913));
#8915=FACE_OUTER_BOUND('3958',#8914,.F.);
#8917=ORIENTED_EDGE('4992',*,*,#8916,.F.);
#8919=ORIENTED_EDGE('4989',*,*,#8918,.T.);
#8920=EDGE_LOOP('3958',(#8917,#8919));
#8921=FACE_BOUND('3958',#8920,.F.);
#8922=ADVANCED_FACE('3958',(#8915,#8921),#8911,.T.);
#8923=CARTESIAN_POINT('',(1.2495E1,0.E0,1.0825E0));
#8924=DIRECTION('',(0.E0,0.E0,-1.E0));
#8925=DIRECTION('',(1.E0,0.E0,0.E0));
#8926=AXIS2_PLACEMENT_3D('',#8923,#8924,#8925);
#8927=CYLINDRICAL_SURFACE('3962',#8926,1.64E0);
#8929=ORIENTED_EDGE('4985',*,*,#8928,.T.);
#8930=ORIENTED_EDGE('4992',*,*,#8916,.T.);
#8932=ORIENTED_EDGE('4987',*,*,#8931,.F.);
#8934=ORIENTED_EDGE('5013',*,*,#8933,.F.);
#8935=EDGE_LOOP('3962',(#8929,#8930,#8932,#8934));
#8936=FACE_OUTER_BOUND('3962',#8935,.F.);
#8937=ADVANCED_FACE('3962',(#8936),#8927,.F.);
#8938=CARTESIAN_POINT('',(1.2495E1,0.E0,1.0825E0));
#8939=DIRECTION('',(0.E0,0.E0,-1.E0));
#8940=DIRECTION('',(1.E0,0.E0,0.E0));
#8941=AXIS2_PLACEMENT_3D('',#8938,#8939,#8940);
#8942=CYLINDRICAL_SURFACE('3957',#8941,1.64E0);
#8943=ORIENTED_EDGE('4985',*,*,#8928,.F.);
#8945=ORIENTED_EDGE('5005',*,*,#8944,.T.);
#8946=ORIENTED_EDGE('4987',*,*,#8931,.T.);
#8947=ORIENTED_EDGE('4989',*,*,#8918,.F.);
#8948=EDGE_LOOP('3957',(#8943,#8945,#8946,#8947));
#8949=FACE_OUTER_BOUND('3957',#8948,.F.);
#8950=ADVANCED_FACE('3957',(#8949),#8942,.F.);
#8951=CARTESIAN_POINT('',(1.2495E1,0.E0,6.5E-1));
#8952=DIRECTION('',(0.E0,0.E0,-1.E0));
#8953=DIRECTION('',(1.E0,0.E0,0.E0));
#8954=AXIS2_PLACEMENT_3D('',#8951,#8952,#8953);
#8955=TOROIDAL_SURFACE('3971',#8954,1.74E0,1.E-1);
#8957=ORIENTED_EDGE('4999',*,*,#8956,.F.);
#8959=ORIENTED_EDGE('5012',*,*,#8958,.T.);
#8961=ORIENTED_EDGE('5004',*,*,#8960,.T.);
#8962=ORIENTED_EDGE('5005',*,*,#8944,.F.);
#8963=EDGE_LOOP('3971',(#8957,#8959,#8961,#8962));
#8964=FACE_OUTER_BOUND('3971',#8963,.F.);
#8965=ADVANCED_FACE('3971',(#8964),#8955,.T.);
#8966=CARTESIAN_POINT('',(1.2495E1,0.E0,6.5E-1));
#8967=DIRECTION('',(0.E0,0.E0,-1.E0));
#8968=DIRECTION('',(1.E0,0.E0,0.E0));
#8969=AXIS2_PLACEMENT_3D('',#8966,#8967,#8968);
#8970=TOROIDAL_SURFACE('3976',#8969,1.74E0,1.E-1);
#8971=ORIENTED_EDGE('4999',*,*,#8956,.T.);
#8972=ORIENTED_EDGE('5013',*,*,#8933,.T.);
#8973=ORIENTED_EDGE('5004',*,*,#8960,.F.);
#8975=ORIENTED_EDGE('5020',*,*,#8974,.F.);
#8976=EDGE_LOOP('3976',(#8971,#8972,#8973,#8975));
#8977=FACE_OUTER_BOUND('3976',#8976,.F.);
#8978=ADVANCED_FACE('3976',(#8977),#8970,.T.);
#8979=CARTESIAN_POINT('',(1.2495E1,0.E0,7.5E-1));
#8980=DIRECTION('',(0.E0,0.E0,-1.E0));
#8981=DIRECTION('',(1.E0,0.E0,0.E0));
#8982=AXIS2_PLACEMENT_3D('',#8979,#8980,#8981);
#8983=PLANE('3970',#8982);
#8985=ORIENTED_EDGE('5019',*,*,#8984,.F.);
#8987=ORIENTED_EDGE('5011',*,*,#8986,.T.);
#8988=EDGE_LOOP('3970',(#8985,#8987));
#8989=FACE_OUTER_BOUND('3970',#8988,.F.);
#8990=ORIENTED_EDGE('5012',*,*,#8958,.F.);
#8991=ORIENTED_EDGE('5020',*,*,#8974,.T.);
#8992=EDGE_LOOP('3970',(#8990,#8991));
#8993=FACE_BOUND('3970',#8992,.F.);
#8994=ADVANCED_FACE('3970',(#8989,#8993),#8983,.F.);
#8995=CARTESIAN_POINT('',(1.2495E1,0.E0,6.75E-1));
#8996=DIRECTION('',(0.E0,0.E0,-1.E0));
#8997=DIRECTION('',(1.E0,0.E0,0.E0));
#8998=AXIS2_PLACEMENT_3D('',#8995,#8996,#8997);
#8999=TOROIDAL_SURFACE('3975',#8998,2.25E0,7.5E-2);
#9001=ORIENTED_EDGE('4998',*,*,#9000,.T.);
#9002=ORIENTED_EDGE('5019',*,*,#8984,.T.);
#9004=ORIENTED_EDGE('5003',*,*,#9003,.F.);
#9006=ORIENTED_EDGE('5018',*,*,#9005,.F.);
#9007=EDGE_LOOP('3975',(#9001,#9002,#9004,#9006));
#9008=FACE_OUTER_BOUND('3975',#9007,.F.);
#9009=ADVANCED_FACE('3975',(#9008),#8999,.T.);
#9010=CARTESIAN_POINT('',(1.2495E1,0.E0,6.75E-1));
#9011=DIRECTION('',(0.E0,0.E0,-1.E0));
#9012=DIRECTION('',(1.E0,0.E0,0.E0));
#9013=AXIS2_PLACEMENT_3D('',#9010,#9011,#9012);
#9014=TOROIDAL_SURFACE('3969',#9013,2.25E0,7.5E-2);
#9015=ORIENTED_EDGE('4998',*,*,#9000,.F.);
#9017=ORIENTED_EDGE('5010',*,*,#9016,.T.);
#9018=ORIENTED_EDGE('5003',*,*,#9003,.T.);
#9019=ORIENTED_EDGE('5011',*,*,#8986,.F.);
#9020=EDGE_LOOP('3969',(#9015,#9017,#9018,#9019));
#9021=FACE_OUTER_BOUND('3969',#9020,.F.);
#9022=ADVANCED_FACE('3969',(#9021),#9014,.T.);
#9023=CARTESIAN_POINT('',(1.2495E1,0.E0,1.0825E0));
#9024=DIRECTION('',(0.E0,0.E0,-1.E0));
#9025=DIRECTION('',(1.E0,0.E0,0.E0));
#9026=AXIS2_PLACEMENT_3D('',#9023,#9024,#9025);
#9027=CYLINDRICAL_SURFACE('3968',#9026,2.325E0);
#9029=ORIENTED_EDGE('4997',*,*,#9028,.F.);
#9031=ORIENTED_EDGE('5009',*,*,#9030,.T.);
#9033=ORIENTED_EDGE('5002',*,*,#9032,.T.);
#9034=ORIENTED_EDGE('5010',*,*,#9016,.F.);
#9035=EDGE_LOOP('3968',(#9029,#9031,#9033,#9034));
#9036=FACE_OUTER_BOUND('3968',#9035,.F.);
#9037=ADVANCED_FACE('3968',(#9036),#9027,.T.);
#9038=CARTESIAN_POINT('',(1.2495E1,0.E0,1.0825E0));
#9039=DIRECTION('',(0.E0,0.E0,-1.E0));
#9040=DIRECTION('',(1.E0,0.E0,0.E0));
#9041=AXIS2_PLACEMENT_3D('',#9038,#9039,#9040);
#9042=CYLINDRICAL_SURFACE('3974',#9041,2.325E0);
#9043=ORIENTED_EDGE('4997',*,*,#9028,.T.);
#9044=ORIENTED_EDGE('5018',*,*,#9005,.T.);
#9045=ORIENTED_EDGE('5002',*,*,#9032,.F.);
#9047=ORIENTED_EDGE('5017',*,*,#9046,.F.);
#9048=EDGE_LOOP('3974',(#9043,#9044,#9045,#9047));
#9049=FACE_OUTER_BOUND('3974',#9048,.F.);
#9050=ADVANCED_FACE('3974',(#9049),#9042,.T.);
#9051=CARTESIAN_POINT('',(1.2495E1,0.E0,6.25E-1));
#9052=DIRECTION('',(0.E0,0.E0,-1.E0));
#9053=DIRECTION('',(1.E0,0.E0,0.E0));
#9054=AXIS2_PLACEMENT_3D('',#9051,#9052,#9053);
#9055=TOROIDAL_SURFACE('3973',#9054,2.25E0,7.5E-2);
#9057=ORIENTED_EDGE('4996',*,*,#9056,.T.);
#9058=ORIENTED_EDGE('5017',*,*,#9046,.T.);
#9060=ORIENTED_EDGE('5001',*,*,#9059,.F.);
#9062=ORIENTED_EDGE('5016',*,*,#9061,.F.);
#9063=EDGE_LOOP('3973',(#9057,#9058,#9060,#9062));
#9064=FACE_OUTER_BOUND('3973',#9063,.F.);
#9065=ADVANCED_FACE('3973',(#9064),#9055,.T.);
#9066=CARTESIAN_POINT('',(1.2495E1,0.E0,6.25E-1));
#9067=DIRECTION('',(0.E0,0.E0,-1.E0));
#9068=DIRECTION('',(1.E0,0.E0,0.E0));
#9069=AXIS2_PLACEMENT_3D('',#9066,#9067,#9068);
#9070=TOROIDAL_SURFACE('3967',#9069,2.25E0,7.5E-2);
#9071=ORIENTED_EDGE('4996',*,*,#9056,.F.);
#9073=ORIENTED_EDGE('5008',*,*,#9072,.T.);
#9074=ORIENTED_EDGE('5001',*,*,#9059,.T.);
#9075=ORIENTED_EDGE('5009',*,*,#9030,.F.);
#9076=EDGE_LOOP('3967',(#9071,#9073,#9074,#9075));
#9077=FACE_OUTER_BOUND('3967',#9076,.F.);
#9078=ADVANCED_FACE('3967',(#9077),#9070,.T.);
#9079=CARTESIAN_POINT('',(1.2495E1,0.E0,5.5E-1));
#9080=DIRECTION('',(0.E0,0.E0,-1.E0));
#9081=DIRECTION('',(1.E0,0.E0,0.E0));
#9082=AXIS2_PLACEMENT_3D('',#9079,#9080,#9081);
#9083=PLANE('3966',#9082);
#9084=ORIENTED_EDGE('5008',*,*,#9072,.F.);
#9085=ORIENTED_EDGE('5016',*,*,#9061,.T.);
#9086=EDGE_LOOP('3966',(#9084,#9085));
#9087=FACE_OUTER_BOUND('3966',#9086,.F.);
#9089=ORIENTED_EDGE('5015',*,*,#9088,.F.);
#9091=ORIENTED_EDGE('5007',*,*,#9090,.T.);
#9092=EDGE_LOOP('3966',(#9089,#9091));
#9093=FACE_BOUND('3966',#9092,.F.);
#9094=ADVANCED_FACE('3966',(#9087,#9093),#9083,.T.);
#9095=CARTESIAN_POINT('',(1.2495E1,0.E0,5.E-1));
#9096=DIRECTION('',(0.E0,0.E0,-1.E0));
#9097=DIRECTION('',(1.E0,0.E0,0.E0));
#9098=AXIS2_PLACEMENT_3D('',#9095,#9096,#9097);
#9099=TOROIDAL_SURFACE('3972',#9098,1.9E0,5.E-2);
#9101=ORIENTED_EDGE('4995',*,*,#9100,.T.);
#9102=ORIENTED_EDGE('5015',*,*,#9088,.T.);
#9104=ORIENTED_EDGE('5000',*,*,#9103,.F.);
#9106=ORIENTED_EDGE('5014',*,*,#9105,.F.);
#9107=EDGE_LOOP('3972',(#9101,#9102,#9104,#9106));
#9108=FACE_OUTER_BOUND('3972',#9107,.F.);
#9109=ADVANCED_FACE('3972',(#9108),#9099,.F.);
#9110=CARTESIAN_POINT('',(1.2495E1,0.E0,5.E-1));
#9111=DIRECTION('',(0.E0,0.E0,-1.E0));
#9112=DIRECTION('',(1.E0,0.E0,0.E0));
#9113=AXIS2_PLACEMENT_3D('',#9110,#9111,#9112);
#9114=TOROIDAL_SURFACE('3965',#9113,1.9E0,5.E-2);
#9115=ORIENTED_EDGE('4995',*,*,#9100,.F.);
#9117=ORIENTED_EDGE('5006',*,*,#9116,.T.);
#9118=ORIENTED_EDGE('5000',*,*,#9103,.T.);
#9119=ORIENTED_EDGE('5007',*,*,#9090,.F.);
#9120=EDGE_LOOP('3965',(#9115,#9117,#9118,#9119));
#9121=FACE_OUTER_BOUND('3965',#9120,.F.);
#9122=ADVANCED_FACE('3965',(#9121),#9114,.F.);
#9123=CARTESIAN_POINT('',(1.2495E1,0.E0,1.0825E0));
#9124=DIRECTION('',(0.E0,0.E0,-1.E0));
#9125=DIRECTION('',(1.E0,0.E0,0.E0));
#9126=AXIS2_PLACEMENT_3D('',#9123,#9124,#9125);
#9127=CYLINDRICAL_SURFACE('3961',#9126,1.85E0);
#9129=ORIENTED_EDGE('4986',*,*,#9128,.F.);
#9131=ORIENTED_EDGE('4991',*,*,#9130,.T.);
#9133=ORIENTED_EDGE('4988',*,*,#9132,.T.);
#9134=ORIENTED_EDGE('5006',*,*,#9116,.F.);
#9135=EDGE_LOOP('3961',(#9129,#9131,#9133,#9134));
#9136=FACE_OUTER_BOUND('3961',#9135,.F.);
#9137=ADVANCED_FACE('3961',(#9136),#9127,.T.);
#9138=CARTESIAN_POINT('',(1.2495E1,0.E0,1.0825E0));
#9139=DIRECTION('',(0.E0,0.E0,-1.E0));
#9140=DIRECTION('',(1.E0,0.E0,0.E0));
#9141=AXIS2_PLACEMENT_3D('',#9138,#9139,#9140);
#9142=CYLINDRICAL_SURFACE('3964',#9141,1.85E0);
#9143=ORIENTED_EDGE('4986',*,*,#9128,.T.);
#9144=ORIENTED_EDGE('5014',*,*,#9105,.T.);
#9145=ORIENTED_EDGE('4988',*,*,#9132,.F.);
#9147=ORIENTED_EDGE('4994',*,*,#9146,.F.);
#9148=EDGE_LOOP('3964',(#9143,#9144,#9145,#9147));
#9149=FACE_OUTER_BOUND('3964',#9148,.F.);
#9150=ADVANCED_FACE('3964',(#9149),#9142,.T.);
#9151=CARTESIAN_POINT('',(1.2495E1,0.E0,-4.E-1));
#9152=DIRECTION('',(0.E0,0.E0,-1.E0));
#9153=DIRECTION('',(1.E0,0.E0,0.E0));
#9154=AXIS2_PLACEMENT_3D('',#9151,#9152,#9153);
#9155=PLANE('3960',#9154);
#9157=ORIENTED_EDGE('5025',*,*,#9156,.F.);
#9159=ORIENTED_EDGE('5026',*,*,#9158,.F.);
#9160=EDGE_LOOP('3960',(#9157,#9159));
#9161=FACE_OUTER_BOUND('3960',#9160,.F.);
#9162=ORIENTED_EDGE('4991',*,*,#9130,.F.);
#9163=ORIENTED_EDGE('4994',*,*,#9146,.T.);
#9164=EDGE_LOOP('3960',(#9162,#9163));
#9165=FACE_BOUND('3960',#9164,.F.);
#9166=ADVANCED_FACE('3960',(#9161,#9165),#9155,.F.);
#9167=CARTESIAN_POINT('',(1.2495E1,0.E0,-2.E-1));
#9168=DIRECTION('',(0.E0,0.E0,1.E0));
#9169=DIRECTION('',(1.E0,0.E0,0.E0));
#9170=AXIS2_PLACEMENT_3D('',#9167,#9168,#9169);
#9171=CYLINDRICAL_SURFACE('3680',#9170,2.05E0);
#9172=ORIENTED_EDGE('5025',*,*,#9156,.T.);
#9174=ORIENTED_EDGE('5029',*,*,#9173,.F.);
#9176=ORIENTED_EDGE('4875',*,*,#9175,.F.);
#9178=ORIENTED_EDGE('5030',*,*,#9177,.T.);
#9179=EDGE_LOOP('3680',(#9172,#9174,#9176,#9178));
#9180=FACE_OUTER_BOUND('3680',#9179,.F.);
#9181=ADVANCED_FACE('3680',(#9180),#9171,.F.);
#9182=CARTESIAN_POINT('',(1.2495E1,0.E0,-2.E-1));
#9183=DIRECTION('',(0.E0,0.E0,1.E0));
#9184=DIRECTION('',(-1.E0,0.E0,0.E0));
#9185=AXIS2_PLACEMENT_3D('',#9182,#9183,#9184);
#9186=CYLINDRICAL_SURFACE('3681',#9185,2.05E0);
#9187=ORIENTED_EDGE('5026',*,*,#9158,.T.);
#9188=ORIENTED_EDGE('5030',*,*,#9177,.F.);
#9190=ORIENTED_EDGE('4876',*,*,#9189,.F.);
#9191=ORIENTED_EDGE('5029',*,*,#9173,.T.);
#9192=EDGE_LOOP('3681',(#9187,#9188,#9190,#9191));
#9193=FACE_OUTER_BOUND('3681',#9192,.F.);
#9194=ADVANCED_FACE('3681',(#9193),#9186,.F.);
#9195=CARTESIAN_POINT('',(0.E0,0.E0,0.E0));
#9196=DIRECTION('',(0.E0,0.E0,-1.E0));
#9197=DIRECTION('',(-1.E0,0.E0,0.E0));
#9198=AXIS2_PLACEMENT_3D('',#9195,#9196,#9197);
#9199=PLANE('3831',#9198);
#9200=ORIENTED_EDGE('4875',*,*,#9175,.T.);
#9201=ORIENTED_EDGE('4876',*,*,#9189,.T.);
#9202=EDGE_LOOP('3831',(#9200,#9201));
#9203=FACE_OUTER_BOUND('3831',#9202,.F.);
#9205=ORIENTED_EDGE('4593',*,*,#9204,.T.);
#9207=ORIENTED_EDGE('4594',*,*,#9206,.T.);
#9208=EDGE_LOOP('3831',(#9205,#9207));
#9209=FACE_BOUND('3831',#9208,.F.);
#9210=ADVANCED_FACE('3831',(#9203,#9209),#9199,.T.);
#9211=CARTESIAN_POINT('',(1.2495E1,0.E0,2.E-1));
#9212=DIRECTION('',(0.E0,0.E0,-1.E0));
#9213=DIRECTION('',(-1.E0,0.E0,0.E0));
#9214=AXIS2_PLACEMENT_3D('',#9211,#9212,#9213);
#9215=CYLINDRICAL_SURFACE('3879',#9214,1.95E0);
#9216=ORIENTED_EDGE('4593',*,*,#9204,.F.);
#9218=ORIENTED_EDGE('4659',*,*,#9217,.T.);
#9219=ORIENTED_EDGE('4642',*,*,#8666,.T.);
#9221=ORIENTED_EDGE('4658',*,*,#9220,.F.);
#9222=EDGE_LOOP('3879',(#9216,#9218,#9219,#9221));
#9223=FACE_OUTER_BOUND('3879',#9222,.F.);
#9224=ADVANCED_FACE('3879',(#9223),#9215,.F.);
#9225=CARTESIAN_POINT('',(1.2495E1,0.E0,2.E-1));
#9226=DIRECTION('',(0.E0,0.E0,-1.E0));
#9227=DIRECTION('',(1.E0,0.E0,0.E0));
#9228=AXIS2_PLACEMENT_3D('',#9225,#9226,#9227);
#9229=CYLINDRICAL_SURFACE('3880',#9228,1.95E0);
#9230=ORIENTED_EDGE('4594',*,*,#9206,.F.);
#9231=ORIENTED_EDGE('4658',*,*,#9220,.T.);
#9232=ORIENTED_EDGE('4643',*,*,#8668,.T.);
#9233=ORIENTED_EDGE('4659',*,*,#9217,.F.);
#9234=EDGE_LOOP('3880',(#9230,#9231,#9232,#9233));
#9235=FACE_OUTER_BOUND('3880',#9234,.F.);
#9236=ADVANCED_FACE('3880',(#9235),#9229,.F.);
#9237=CARTESIAN_POINT('',(1.052537643083E1,3.113461892901E0,-1.2E0));
#9238=DIRECTION('',(-1.736481776669E-1,-9.848077530122E-1,0.E0));
#9239=DIRECTION('',(0.E0,0.E0,1.E0));
#9240=AXIS2_PLACEMENT_3D('',#9237,#9238,#9239);
#9241=CYLINDRICAL_SURFACE('3663',#9240,8.E-1);
#9242=ORIENTED_EDGE('5024',*,*,#8889,.T.);
#9243=ORIENTED_EDGE('5027',*,*,#8867,.F.);
#9245=ORIENTED_EDGE('4216',*,*,#9244,.T.);
#9247=ORIENTED_EDGE('4199',*,*,#9246,.T.);
#9248=ORIENTED_EDGE('4219',*,*,#7637,.F.);
#9249=ORIENTED_EDGE('5028',*,*,#8836,.F.);
#9250=EDGE_LOOP('3663',(#9242,#9243,#9245,#9247,#9248,#9249));
#9251=FACE_OUTER_BOUND('3663',#9250,.F.);
#9252=ADVANCED_FACE('3663',(#9251),#9241,.F.);
#9253=CARTESIAN_POINT('',(7.639307595180E0,3.51E0,-1.2E0));
#9254=DIRECTION('',(0.E0,0.E0,1.E0));
#9255=DIRECTION('',(-9.325084410936E-2,9.956426467729E-1,0.E0));
#9256=AXIS2_PLACEMENT_3D('',#9253,#9254,#9255);
#9257=TOROIDAL_SURFACE('3662',#9256,2.911081084753E0,8.E-1);
#9259=ORIENTED_EDGE('4856',*,*,#9258,.T.);
#9261=ORIENTED_EDGE('4860',*,*,#9260,.T.);
#9263=ORIENTED_EDGE('4915',*,*,#9262,.T.);
#9265=ORIENTED_EDGE('4215',*,*,#9264,.T.);
#9267=ORIENTED_EDGE('4218',*,*,#9266,.F.);
#9268=ORIENTED_EDGE('4217',*,*,#8160,.T.);
#9269=ORIENTED_EDGE('4213',*,*,#8306,.T.);
#9271=ORIENTED_EDGE('4193',*,*,#9270,.T.);
#9272=ORIENTED_EDGE('4216',*,*,#9244,.F.);
#9273=ORIENTED_EDGE('4914',*,*,#8865,.F.);
#9274=EDGE_LOOP('3662',(#9259,#9261,#9263,#9265,#9267,#9268,#9269,#9271,#9272,
#9273));
#9275=FACE_OUTER_BOUND('3662',#9274,.F.);
#9277=ORIENTED_EDGE('4857',*,*,#9276,.F.);
#9279=ORIENTED_EDGE('4859',*,*,#9278,.T.);
#9281=ORIENTED_EDGE('4858',*,*,#9280,.T.);
#9282=EDGE_LOOP('3662',(#9277,#9279,#9281));
#9283=FACE_BOUND('3662',#9282,.F.);
#9284=ADVANCED_FACE('3662',(#9275,#9283),#9257,.F.);
#9285=CARTESIAN_POINT('',(1.2475E1,4.78E0,-1.E-1));
#9286=DIRECTION('',(-1.E0,0.E0,0.E0));
#9287=DIRECTION('',(0.E0,-1.E0,0.E0));
#9288=AXIS2_PLACEMENT_3D('',#9285,#9286,#9287);
#9289=CYLINDRICAL_SURFACE('4011',#9288,3.2E-1);
#9290=ORIENTED_EDGE('4851',*,*,#8863,.F.);
#9292=ORIENTED_EDGE('4956',*,*,#9291,.T.);
#9294=ORIENTED_EDGE('4750',*,*,#9293,.T.);
#9296=ORIENTED_EDGE('4958',*,*,#9295,.F.);
#9297=ORIENTED_EDGE('4856',*,*,#9258,.F.);
#9298=EDGE_LOOP('4011',(#9290,#9292,#9294,#9296,#9297));
#9299=FACE_OUTER_BOUND('4011',#9298,.F.);
#9300=ADVANCED_FACE('4011',(#9299),#9289,.F.);
#9301=CARTESIAN_POINT('',(1.2475E1,5.147695526217E0,-4.676955262170E-1));
#9302=DIRECTION('',(1.E0,0.E0,0.E0));
#9303=DIRECTION('',(0.E0,0.E0,-1.E0));
#9304=AXIS2_PLACEMENT_3D('',#9301,#9302,#9303);
#9305=PLANE('3903',#9304);
#9306=ORIENTED_EDGE('4852',*,*,#8861,.T.);
#9308=ORIENTED_EDGE('4873',*,*,#9307,.T.);
#9310=ORIENTED_EDGE('4955',*,*,#9309,.F.);
#9312=ORIENTED_EDGE('4754',*,*,#9311,.F.);
#9314=ORIENTED_EDGE('4735',*,*,#9313,.T.);
#9316=ORIENTED_EDGE('4751',*,*,#9315,.T.);
#9317=ORIENTED_EDGE('4956',*,*,#9291,.F.);
#9318=EDGE_LOOP('3903',(#9306,#9308,#9310,#9312,#9314,#9316,#9317));
#9319=FACE_OUTER_BOUND('3903',#9318,.F.);
#9320=ADVANCED_FACE('3903',(#9319),#9305,.T.);
#9321=CARTESIAN_POINT('',(1.130484539022E1,5.05E0,-2.E-1));
#9322=DIRECTION('',(0.E0,-1.E0,0.E0));
#9323=DIRECTION('',(1.E0,0.E0,0.E0));
#9324=AXIS2_PLACEMENT_3D('',#9321,#9322,#9323);
#9325=PLANE('3672',#9324);
#9326=ORIENTED_EDGE('4871',*,*,#7708,.F.);
#9328=ORIENTED_EDGE('4922',*,*,#9327,.T.);
#9330=ORIENTED_EDGE('4872',*,*,#9329,.F.);
#9331=ORIENTED_EDGE('4873',*,*,#9307,.F.);
#9332=ORIENTED_EDGE('4913',*,*,#8859,.T.);
#9334=ORIENTED_EDGE('4921',*,*,#9333,.F.);
#9335=EDGE_LOOP('3672',(#9326,#9328,#9330,#9331,#9332,#9334));
#9336=FACE_OUTER_BOUND('3672',#9335,.F.);
#9337=ADVANCED_FACE('3672',(#9336),#9325,.F.);
#9338=CARTESIAN_POINT('',(1.011770786588E1,5.050035668380E0,1.198141746492E-2));
#9339=CARTESIAN_POINT('',(1.011703183735E1,5.049615596029E0,
-1.293500514980E-1));
#9340=CARTESIAN_POINT('',(1.011635580883E1,5.049195523677E0,
-2.706815204610E-1));
#9341=CARTESIAN_POINT('',(1.011567978031E1,5.048775451326E0,
-4.120129894239E-1));
#9342=CARTESIAN_POINT('',(1.011503846421E1,5.050023814425E0,1.199423698416E-2));
#9343=CARTESIAN_POINT('',(1.011458782867E1,5.049743348039E0,
-1.293387268874E-1));
#9344=CARTESIAN_POINT('',(1.011413719313E1,5.049462881652E0,
-2.706716907590E-1));
#9345=CARTESIAN_POINT('',(1.011368655758E1,5.049182415265E0,
-4.120046546306E-1));
#9346=CARTESIAN_POINT('',(1.007805891834E1,5.049859291744E0,1.208308688959E-2));
#9347=CARTESIAN_POINT('',(1.008072654836E1,5.051516435920E0,
-1.292602379392E-1));
#9348=CARTESIAN_POINT('',(1.008339417837E1,5.053173580097E0,
-2.706035627681E-1));
#9349=CARTESIAN_POINT('',(1.008606180838E1,5.054830724273E0,
-4.119468875969E-1));
#9350=CARTESIAN_POINT('',(1.000568999335E1,5.049529022521E0,9.884258493914E-3));
#9351=CARTESIAN_POINT('',(1.001434826385E1,5.055075801416E0,
-1.312026567541E-1));
#9352=CARTESIAN_POINT('',(1.002300653434E1,5.060622580310E0,
-2.722895720022E-1));
#9353=CARTESIAN_POINT('',(1.003166480484E1,5.066169359204E0,
-4.133764872503E-1));
#9354=CARTESIAN_POINT('',(9.931861862043E0,5.049174999097E0,3.108703504203E-3));
#9355=CARTESIAN_POINT('',(9.946385951242E0,5.058891169832E0,
-1.371881013297E-1));
#9356=CARTESIAN_POINT('',(9.960910040440E0,5.068607340567E0,
-2.774849061635E-1));
#9357=CARTESIAN_POINT('',(9.975434129639E0,5.078323511302E0,
-4.177817109974E-1));
#9358=CARTESIAN_POINT('',(9.893304424270E0,5.048984971397E0,
-1.709920901859E-3));
#9359=CARTESIAN_POINT('',(9.910812737807E0,5.060939129477E0,
-1.414448167362E-1));
#9360=CARTESIAN_POINT('',(9.928321051345E0,5.072893287557E0,
-2.811797125706E-1));
#9361=CARTESIAN_POINT('',(9.945829364883E0,5.084847445637E0,
-4.209146084050E-1));
#9362=CARTESIAN_POINT('',(9.890680358886E0,5.048972015152E0,
-2.043743874494E-3));
#9363=CARTESIAN_POINT('',(9.908391399137E0,5.061078761050E0,
-1.417397119742E-1));
#9364=CARTESIAN_POINT('',(9.926102439388E0,5.073185506948E0,
-2.814356800738E-1));
#9365=CARTESIAN_POINT('',(9.943813479639E0,5.085292252846E0,
-4.211316481735E-1));
#9366=B_SPLINE_SURFACE_WITH_KNOTS('3684',3,3,((#9338,#9339,#9340,#9341),(#9342,
#9343,#9344,#9345),(#9346,#9347,#9348,#9349),(#9350,#9351,#9352,#9353),(#9354,
#9355,#9356,#9357),(#9358,#9359,#9360,#9361),(#9362,#9363,#9364,#9365)),
.UNSPECIFIED.,.F.,.F.,.F.,(4,1,1,1,4),(4,4),(-3.894777664880E-2,0.E0,5.E-1,1.E0,
1.036489732158E0),(-3.000164460135E-2,1.030001200048E0),.UNSPECIFIED.);
#9368=ORIENTED_EDGE('4877',*,*,#9367,.T.);
#9369=ORIENTED_EDGE('4922',*,*,#9327,.F.);
#9370=ORIENTED_EDGE('4902',*,*,#7795,.T.);
#9372=ORIENTED_EDGE('4246',*,*,#9371,.T.);
#9373=ORIENTED_EDGE('4915',*,*,#9262,.F.);
#9375=ORIENTED_EDGE('4878',*,*,#9374,.T.);
#9376=EDGE_LOOP('3684',(#9368,#9369,#9370,#9372,#9373,#9375));
#9377=FACE_OUTER_BOUND('3684',#9376,.F.);
#9378=ADVANCED_FACE('3684',(#9377),#9366,.F.);
#9379=CARTESIAN_POINT('',(1.2475E1,4.78E0,-1.E-1));
#9380=DIRECTION('',(-1.E0,0.E0,0.E0));
#9381=DIRECTION('',(0.E0,-1.E0,0.E0));
#9382=AXIS2_PLACEMENT_3D('',#9379,#9380,#9381);
#9383=CYLINDRICAL_SURFACE('3898',#9382,3.2E-1);
#9384=ORIENTED_EDGE('4872',*,*,#9329,.T.);
#9385=ORIENTED_EDGE('4877',*,*,#9367,.F.);
#9387=ORIENTED_EDGE('4957',*,*,#9386,.F.);
#9389=ORIENTED_EDGE('4749',*,*,#9388,.F.);
#9390=ORIENTED_EDGE('4955',*,*,#9309,.T.);
#9391=EDGE_LOOP('3898',(#9384,#9385,#9387,#9389,#9390));
#9392=FACE_OUTER_BOUND('3898',#9391,.F.);
#9393=ADVANCED_FACE('3898',(#9392),#9383,.F.);
#9394=CARTESIAN_POINT('',(1.0075E1,5.147695526217E0,-4.676955262170E-1));
#9395=DIRECTION('',(1.E0,0.E0,0.E0));
#9396=DIRECTION('',(0.E0,0.E0,-1.E0));
#9397=AXIS2_PLACEMENT_3D('',#9394,#9395,#9396);
#9398=PLANE('3904',#9397);
#9399=ORIENTED_EDGE('4860',*,*,#9260,.F.);
#9400=ORIENTED_EDGE('4958',*,*,#9295,.T.);
#9402=ORIENTED_EDGE('4753',*,*,#9401,.F.);
#9404=ORIENTED_EDGE('4739',*,*,#9403,.F.);
#9406=ORIENTED_EDGE('4755',*,*,#9405,.T.);
#9407=ORIENTED_EDGE('4957',*,*,#9386,.T.);
#9408=ORIENTED_EDGE('4878',*,*,#9374,.F.);
#9409=EDGE_LOOP('3904',(#9399,#9400,#9402,#9404,#9406,#9407,#9408));
#9410=FACE_OUTER_BOUND('3904',#9409,.F.);
#9411=ADVANCED_FACE('3904',(#9410),#9398,.F.);
#9412=CARTESIAN_POINT('',(1.0075E1,4.73E0,-6.2E-1));
#9413=DIRECTION('',(1.E0,0.E0,0.E0));
#9414=DIRECTION('',(0.E0,-1.E0,0.E0));
#9415=AXIS2_PLACEMENT_3D('',#9412,#9413,#9414);
#9416=PLANE('3901',#9415);
#9417=ORIENTED_EDGE('4858',*,*,#9280,.F.);
#9419=ORIENTED_EDGE('4961',*,*,#9418,.F.);
#9421=ORIENTED_EDGE('4740',*,*,#9420,.F.);
#9422=ORIENTED_EDGE('4753',*,*,#9401,.T.);
#9424=ORIENTED_EDGE('4959',*,*,#9423,.T.);
#9425=EDGE_LOOP('3901',(#9417,#9419,#9421,#9422,#9424));
#9426=FACE_OUTER_BOUND('3901',#9425,.F.);
#9427=ADVANCED_FACE('3901',(#9426),#9416,.F.);
#9428=CARTESIAN_POINT('',(1.1275E1,4.68E0,-6.2E-1));
#9429=DIRECTION('',(0.E0,-1.E0,0.E0));
#9430=DIRECTION('',(-1.E0,0.E0,0.E0));
#9431=AXIS2_PLACEMENT_3D('',#9428,#9429,#9430);
#9432=PLANE('3902',#9431);
#9433=ORIENTED_EDGE('4859',*,*,#9278,.F.);
#9435=ORIENTED_EDGE('4960',*,*,#9434,.F.);
#9437=ORIENTED_EDGE('4752',*,*,#9436,.F.);
#9439=ORIENTED_EDGE('4745',*,*,#9438,.T.);
#9440=ORIENTED_EDGE('4961',*,*,#9418,.T.);
#9441=EDGE_LOOP('3902',(#9433,#9435,#9437,#9439,#9440));
#9442=FACE_OUTER_BOUND('3902',#9441,.F.);
#9443=ADVANCED_FACE('3902',(#9442),#9432,.T.);
#9444=CARTESIAN_POINT('',(1.2475E1,4.78E0,-4.2E-1));
#9445=DIRECTION('',(0.E0,0.E0,-1.E0));
#9446=DIRECTION('',(0.E0,-1.E0,0.E0));
#9447=AXIS2_PLACEMENT_3D('',#9444,#9445,#9446);
#9448=PLANE('3899',#9447);
#9449=ORIENTED_EDGE('4857',*,*,#9276,.T.);
#9450=ORIENTED_EDGE('4959',*,*,#9423,.F.);
#9451=ORIENTED_EDGE('4750',*,*,#9293,.F.);
#9453=ORIENTED_EDGE('4747',*,*,#9452,.T.);
#9454=ORIENTED_EDGE('4960',*,*,#9434,.T.);
#9455=EDGE_LOOP('3899',(#9449,#9450,#9451,#9453,#9454));
#9456=FACE_OUTER_BOUND('3899',#9455,.F.);
#9457=ADVANCED_FACE('3899',(#9456),#9448,.F.);
#9458=CARTESIAN_POINT('',(1.2475E1,4.73E0,-6.2E-1));
#9459=DIRECTION('',(1.E0,0.E0,0.E0));
#9460=DIRECTION('',(0.E0,-1.E0,0.E0));
#9461=AXIS2_PLACEMENT_3D('',#9458,#9459,#9460);
#9462=PLANE('3900',#9461);
#9464=ORIENTED_EDGE('4736',*,*,#9463,.T.);
#9465=ORIENTED_EDGE('4752',*,*,#9436,.T.);
#9466=ORIENTED_EDGE('4747',*,*,#9452,.F.);
#9467=ORIENTED_EDGE('4751',*,*,#9315,.F.);
#9468=EDGE_LOOP('3900',(#9464,#9465,#9466,#9467));
#9469=FACE_OUTER_BOUND('3900',#9468,.F.);
#9470=ADVANCED_FACE('3900',(#9469),#9462,.T.);
#9471=CARTESIAN_POINT('',(1.2475E1,4.78E0,-8.2E-1));
#9472=DIRECTION('',(0.E0,0.E0,-1.E0));
#9473=DIRECTION('',(0.E0,-1.E0,0.E0));
#9474=AXIS2_PLACEMENT_3D('',#9471,#9472,#9473);
#9475=PLANE('3896',#9474);
#9476=ORIENTED_EDGE('4736',*,*,#9463,.F.);
#9478=ORIENTED_EDGE('4744',*,*,#9477,.T.);
#9479=ORIENTED_EDGE('4740',*,*,#9420,.T.);
#9480=ORIENTED_EDGE('4745',*,*,#9438,.F.);
#9481=EDGE_LOOP('3896',(#9476,#9478,#9479,#9480));
#9482=FACE_OUTER_BOUND('3896',#9481,.F.);
#9483=ADVANCED_FACE('3896',(#9482),#9475,.T.);
#9484=CARTESIAN_POINT('',(1.2475E1,4.78E0,-1.E-1));
#9485=DIRECTION('',(-1.E0,0.E0,0.E0));
#9486=DIRECTION('',(0.E0,-1.E0,0.E0));
#9487=AXIS2_PLACEMENT_3D('',#9484,#9485,#9486);
#9488=CYLINDRICAL_SURFACE('3895',#9487,7.2E-1);
#9489=ORIENTED_EDGE('4735',*,*,#9313,.F.);
#9491=ORIENTED_EDGE('4743',*,*,#9490,.T.);
#9492=ORIENTED_EDGE('4739',*,*,#9403,.T.);
#9493=ORIENTED_EDGE('4744',*,*,#9477,.F.);
#9494=EDGE_LOOP('3895',(#9489,#9491,#9492,#9493));
#9495=FACE_OUTER_BOUND('3895',#9494,.F.);
#9496=ADVANCED_FACE('3895',(#9495),#9488,.T.);
#9497=CARTESIAN_POINT('',(1.2475E1,5.5E0,0.E0));
#9498=DIRECTION('',(0.E0,1.E0,0.E0));
#9499=DIRECTION('',(0.E0,0.E0,-1.E0));
#9500=AXIS2_PLACEMENT_3D('',#9497,#9498,#9499);
#9501=PLANE('3894',#9500);
#9503=ORIENTED_EDGE('4734',*,*,#9502,.F.);
#9505=ORIENTED_EDGE('4742',*,*,#9504,.T.);
#9507=ORIENTED_EDGE('4738',*,*,#9506,.T.);
#9508=ORIENTED_EDGE('4743',*,*,#9490,.F.);
#9509=EDGE_LOOP('3894',(#9503,#9505,#9507,#9508));
#9510=FACE_OUTER_BOUND('3894',#9509,.F.);
#9511=ADVANCED_FACE('3894',(#9510),#9501,.T.);
#9512=CARTESIAN_POINT('',(1.2475E1,5.3E0,-5.E-2));
#9513=DIRECTION('',(1.E0,0.E0,0.E0));
#9514=DIRECTION('',(0.E0,0.E0,-1.E0));
#9515=AXIS2_PLACEMENT_3D('',#9512,#9513,#9514);
#9516=PLANE('3905',#9515);
#9517=ORIENTED_EDGE('4734',*,*,#9502,.T.);
#9518=ORIENTED_EDGE('4754',*,*,#9311,.T.);
#9520=ORIENTED_EDGE('4746',*,*,#9519,.F.);
#9522=ORIENTED_EDGE('4756',*,*,#9521,.F.);
#9523=EDGE_LOOP('3905',(#9517,#9518,#9520,#9522));
#9524=FACE_OUTER_BOUND('3905',#9523,.F.);
#9525=ADVANCED_FACE('3905',(#9524),#9516,.T.);
#9526=CARTESIAN_POINT('',(1.2475E1,5.1E0,0.E0));
#9527=DIRECTION('',(0.E0,1.E0,0.E0));
#9528=DIRECTION('',(0.E0,0.E0,-1.E0));
#9529=AXIS2_PLACEMENT_3D('',#9526,#9527,#9528);
#9530=PLANE('3897',#9529);
#9531=ORIENTED_EDGE('4812',*,*,#7716,.F.);
#9532=ORIENTED_EDGE('4746',*,*,#9519,.T.);
#9533=ORIENTED_EDGE('4749',*,*,#9388,.T.);
#9535=ORIENTED_EDGE('4748',*,*,#9534,.F.);
#9536=EDGE_LOOP('3897',(#9531,#9532,#9533,#9535));
#9537=FACE_OUTER_BOUND('3897',#9536,.F.);
#9538=ADVANCED_FACE('3897',(#9537),#9530,.F.);
#9539=CARTESIAN_POINT('',(1.0075E1,5.3E0,-5.E-2));
#9540=DIRECTION('',(1.E0,0.E0,0.E0));
#9541=DIRECTION('',(0.E0,0.E0,-1.E0));
#9542=AXIS2_PLACEMENT_3D('',#9539,#9540,#9541);
#9543=PLANE('3906',#9542);
#9544=ORIENTED_EDGE('4738',*,*,#9506,.F.);
#9546=ORIENTED_EDGE('4757',*,*,#9545,.T.);
#9547=ORIENTED_EDGE('4748',*,*,#9534,.T.);
#9548=ORIENTED_EDGE('4755',*,*,#9405,.F.);
#9549=EDGE_LOOP('3906',(#9544,#9546,#9547,#9548));
#9550=FACE_OUTER_BOUND('3906',#9549,.F.);
#9551=ADVANCED_FACE('3906',(#9550),#9543,.F.);
#9552=CARTESIAN_POINT('',(1.0075E1,5.241421356237E0,1.414213562373E-1));
#9553=DIRECTION('',(1.E0,0.E0,0.E0));
#9554=DIRECTION('',(0.E0,1.E0,0.E0));
#9555=AXIS2_PLACEMENT_3D('',#9552,#9553,#9554);
#9556=PLANE('3908',#9555);
#9557=ORIENTED_EDGE('4757',*,*,#9545,.F.);
#9559=ORIENTED_EDGE('4737',*,*,#9558,.F.);
#9561=ORIENTED_EDGE('4652',*,*,#9560,.F.);
#9562=EDGE_LOOP('3908',(#9557,#9559,#9561));
#9563=FACE_OUTER_BOUND('3908',#9562,.F.);
#9564=ADVANCED_FACE('3908',(#9563),#9556,.F.);
#9565=CARTESIAN_POINT('',(1.2475E1,5.1E0,0.E0));
#9566=DIRECTION('',(-1.E0,0.E0,0.E0));
#9567=DIRECTION('',(0.E0,-1.E0,0.E0));
#9568=AXIS2_PLACEMENT_3D('',#9565,#9566,#9567);
#9569=CYLINDRICAL_SURFACE('3893',#9568,4.E-1);
#9571=ORIENTED_EDGE('4733',*,*,#9570,.F.);
#9572=ORIENTED_EDGE('4741',*,*,#8644,.T.);
#9573=ORIENTED_EDGE('4737',*,*,#9558,.T.);
#9574=ORIENTED_EDGE('4742',*,*,#9504,.F.);
#9575=EDGE_LOOP('3893',(#9571,#9572,#9573,#9574));
#9576=FACE_OUTER_BOUND('3893',#9575,.F.);
#9577=ADVANCED_FACE('3893',(#9576),#9569,.T.);
#9578=CARTESIAN_POINT('',(1.2475E1,5.241421356237E0,1.414213562373E-1));
#9579=DIRECTION('',(1.E0,0.E0,0.E0));
#9580=DIRECTION('',(0.E0,1.E0,0.E0));
#9581=AXIS2_PLACEMENT_3D('',#9578,#9579,#9580);
#9582=PLANE('3907',#9581);
#9583=ORIENTED_EDGE('4653',*,*,#8688,.T.);
#9584=ORIENTED_EDGE('4733',*,*,#9570,.T.);
#9585=ORIENTED_EDGE('4756',*,*,#9521,.T.);
#9586=EDGE_LOOP('3907',(#9583,#9584,#9585));
#9587=FACE_OUTER_BOUND('3907',#9586,.F.);
#9588=ADVANCED_FACE('3907',(#9587),#9582,.T.);
#9589=CARTESIAN_POINT('',(1.015E1,5.655E0,2.E-1));
#9590=DIRECTION('',(9.909924304103E-1,-1.339178960014E-1,0.E0));
#9591=DIRECTION('',(-1.339178960014E-1,-9.909924304103E-1,0.E0));
#9592=AXIS2_PLACEMENT_3D('',#9589,#9590,#9591);
#9593=PLANE('3881',#9592);
#9594=ORIENTED_EDGE('4595',*,*,#7718,.T.);
#9595=ORIENTED_EDGE('4652',*,*,#9560,.T.);
#9596=ORIENTED_EDGE('4644',*,*,#8642,.F.);
#9597=ORIENTED_EDGE('4660',*,*,#8097,.F.);
#9598=EDGE_LOOP('3881',(#9594,#9595,#9596,#9597));
#9599=FACE_OUTER_BOUND('3881',#9598,.F.);
#9600=ADVANCED_FACE('3881',(#9599),#9593,.T.);
#9601=CARTESIAN_POINT('',(9.898514669796E0,5.042292140100E0,
-1.629684208222E-3));
#9602=CARTESIAN_POINT('',(9.916007534415E0,5.054156555960E0,
-1.413739536057E-1));
#9603=CARTESIAN_POINT('',(9.933500399033E0,5.066020971820E0,
-2.811182230032E-1));
#9604=CARTESIAN_POINT('',(9.950993263651E0,5.077885387680E0,
-4.208624924007E-1));
#9605=CARTESIAN_POINT('',(9.898525729789E0,5.044532052238E0,
-1.438121633948E-3));
#9606=CARTESIAN_POINT('',(9.915888339905E0,5.056325411301E0,
-1.412047295120E-1));
#9607=CARTESIAN_POINT('',(9.933250950022E0,5.068118770363E0,
-2.809713373901E-1));
#9608=CARTESIAN_POINT('',(9.950613560139E0,5.079912129425E0,
-4.207379452681E-1));
#9609=CARTESIAN_POINT('',(9.898781672910E0,5.096361598356E0,2.953409625188E-3));
#9610=CARTESIAN_POINT('',(9.913130018345E0,5.106501599454E0,
-1.373253031667E-1));
#9611=CARTESIAN_POINT('',(9.927478363779E0,5.116641600553E0,
-2.776040159586E-1));
#9612=CARTESIAN_POINT('',(9.941826709214E0,5.126781601651E0,
-4.178827287506E-1));
#9613=CARTESIAN_POINT('',(9.899281599060E0,5.197396836808E0,9.640249309695E-3));
#9614=CARTESIAN_POINT('',(9.907742270199E0,5.203900197816E0,
-1.314182287301E-1));
#9615=CARTESIAN_POINT('',(9.916202941339E0,5.210403558825E0,
-2.724767067698E-1));
#9616=CARTESIAN_POINT('',(9.924663612478E0,5.216906919834E0,
-4.135351848096E-1));
#9617=CARTESIAN_POINT('',(9.899774049984E0,5.297648301275E0,1.205648988276E-2));
#9618=CARTESIAN_POINT('',(9.902435083220E0,5.299815629546E0,
-1.292837506215E-1));
#9619=CARTESIAN_POINT('',(9.905096116456E0,5.301982957817E0,
-2.706239911258E-1));
#9620=CARTESIAN_POINT('',(9.907757149692E0,5.304150286088E0,
-4.119642316300E-1));
#9621=CARTESIAN_POINT('',(9.900022413285E0,5.348628984565E0,1.199810355753E-2));
#9622=CARTESIAN_POINT('',(9.899758450056E0,5.348414437202E0,
-1.293353284049E-1));
#9623=CARTESIAN_POINT('',(9.899494486828E0,5.348199889839E0,
-2.706687603674E-1));
#9624=CARTESIAN_POINT('',(9.899230523599E0,5.347985342476E0,
-4.120021923299E-1));
#9625=CARTESIAN_POINT('',(9.900033608977E0,5.350927973680E0,1.199282194952E-2));
#9626=CARTESIAN_POINT('',(9.899637793096E0,5.350605654773E0,
-1.293399941145E-1));
#9627=CARTESIAN_POINT('',(9.899241977215E0,5.350283335866E0,
-2.706728101785E-1));
#9628=CARTESIAN_POINT('',(9.898846161334E0,5.349961016959E0,
-4.120056262425E-1));
#9629=B_SPLINE_SURFACE_WITH_KNOTS('3683',3,3,((#9601,#9602,#9603,#9604),(#9605,
#9606,#9607,#9608),(#9609,#9610,#9611,#9612),(#9613,#9614,#9615,#9616),(#9617,
#9618,#9619,#9620),(#9621,#9622,#9623,#9624),(#9625,#9626,#9627,#9628)),
.UNSPECIFIED.,.F.,.F.,.F.,(4,1,1,1,4),(4,4),(-2.258065085705E-2,0.E0,5.E-1,1.E0,
1.023619128199E0),(-3.000184304072E-2,1.030001200048E0),.UNSPECIFIED.);
#9630=ORIENTED_EDGE('4901',*,*,#7793,.T.);
#9632=ORIENTED_EDGE('4926',*,*,#9631,.T.);
#9633=ORIENTED_EDGE('4215',*,*,#9264,.F.);
#9634=ORIENTED_EDGE('4246',*,*,#9371,.F.);
#9635=EDGE_LOOP('3683',(#9630,#9632,#9633,#9634));
#9636=FACE_OUTER_BOUND('3683',#9635,.F.);
#9637=ADVANCED_FACE('3683',(#9636),#9629,.F.);
#9638=CARTESIAN_POINT('',(9.9E0,5.777014576328E0,-2.E-1));
#9639=DIRECTION('',(-1.E0,0.E0,0.E0));
#9640=DIRECTION('',(0.E0,-1.E0,0.E0));
#9641=AXIS2_PLACEMENT_3D('',#9638,#9639,#9640);
#9642=PLANE('3706',#9641);
#9643=ORIENTED_EDGE('4894',*,*,#7722,.F.);
#9644=ORIENTED_EDGE('4939',*,*,#8094,.T.);
#9646=ORIENTED_EDGE('4242',*,*,#9645,.T.);
#9647=ORIENTED_EDGE('4926',*,*,#9631,.F.);
#9648=EDGE_LOOP('3706',(#9643,#9644,#9646,#9647));
#9649=FACE_OUTER_BOUND('3706',#9648,.F.);
#9650=ADVANCED_FACE('3706',(#9649),#9642,.F.);
#9651=CARTESIAN_POINT('',(0.E0,0.E0,-4.E-1));
#9652=DIRECTION('',(0.E0,0.E0,1.E0));
#9653=DIRECTION('',(1.E0,0.E0,0.E0));
#9654=AXIS2_PLACEMENT_3D('',#9651,#9652,#9653);
#9655=PLANE('3671',#9654);
#9656=ORIENTED_EDGE('4242',*,*,#9645,.F.);
#9657=ORIENTED_EDGE('4243',*,*,#8092,.F.);
#9658=ORIENTED_EDGE('4218',*,*,#9266,.T.);
#9659=EDGE_LOOP('3671',(#9656,#9657,#9658));
#9660=FACE_OUTER_BOUND('3671',#9659,.F.);
#9661=ADVANCED_FACE('3671',(#9660),#9655,.F.);
#9662=CARTESIAN_POINT('',(1.25E1,5.63E0,-2.E-1));
#9663=DIRECTION('',(-1.E0,0.E0,0.E0));
#9664=DIRECTION('',(0.E0,-1.E0,0.E0));
#9665=AXIS2_PLACEMENT_3D('',#9662,#9663,#9664);
#9666=PLANE('3673',#9665);
#9667=ORIENTED_EDGE('4874',*,*,#7710,.T.);
#9668=ORIENTED_EDGE('4921',*,*,#9333,.T.);
#9669=ORIENTED_EDGE('4166',*,*,#8857,.F.);
#9670=ORIENTED_EDGE('4923',*,*,#8703,.F.);
#9671=EDGE_LOOP('3673',(#9667,#9668,#9669,#9670));
#9672=FACE_OUTER_BOUND('3673',#9671,.F.);
#9673=ADVANCED_FACE('3673',(#9672),#9666,.T.);
#9674=CARTESIAN_POINT('',(7.639307595180E0,3.51E0,-2.186979899340E0));
#9675=DIRECTION('',(0.E0,0.E0,1.E0));
#9676=DIRECTION('',(1.E0,0.E0,0.E0));
#9677=AXIS2_PLACEMENT_3D('',#9674,#9675,#9676);
#9678=CONICAL_SURFACE('3649',#9677,2.076127351756E0,2.E0);
#9679=ORIENTED_EDGE('4193',*,*,#9270,.F.);
#9681=ORIENTED_EDGE('4188',*,*,#9680,.T.);
#9682=ORIENTED_EDGE('4195',*,*,#7568,.T.);
#9684=ORIENTED_EDGE('4194',*,*,#9683,.F.);
#9685=EDGE_LOOP('3649',(#9679,#9681,#9682,#9684));
#9686=FACE_OUTER_BOUND('3649',#9685,.F.);
#9687=ADVANCED_FACE('3649',(#9686),#9678,.T.);
#9688=CARTESIAN_POINT('',(9.502825760826E0,5.509756330808E0,-4.373959798681E0));
#9689=DIRECTION('',(0.E0,9.993908270191E-1,-3.489949670250E-2));
#9690=DIRECTION('',(1.E0,0.E0,0.E0));
#9691=AXIS2_PLACEMENT_3D('',#9688,#9689,#9690);
#9692=PLANE('3647',#9691);
#9693=ORIENTED_EDGE('4187',*,*,#8304,.F.);
#9695=ORIENTED_EDGE('4181',*,*,#9694,.T.);
#9696=ORIENTED_EDGE('4189',*,*,#7497,.T.);
#9697=ORIENTED_EDGE('4188',*,*,#9680,.F.);
#9698=EDGE_LOOP('3647',(#9693,#9695,#9696,#9697));
#9699=FACE_OUTER_BOUND('3647',#9698,.F.);
#9700=ADVANCED_FACE('3647',(#9699),#9692,.T.);
#9701=CARTESIAN_POINT('',(-7.639307595180E0,3.51E0,-2.186979899340E0));
#9702=DIRECTION('',(0.E0,0.E0,1.E0));
#9703=DIRECTION('',(1.E0,0.E0,0.E0));
#9704=AXIS2_PLACEMENT_3D('',#9701,#9702,#9703);
#9705=CONICAL_SURFACE('3645',#9704,2.076127351756E0,2.E0);
#9706=ORIENTED_EDGE('4180',*,*,#8322,.F.);
#9708=ORIENTED_EDGE('4183',*,*,#9707,.T.);
#9709=ORIENTED_EDGE('4182',*,*,#7481,.T.);
#9710=ORIENTED_EDGE('4181',*,*,#9694,.F.);
#9711=EDGE_LOOP('3645',(#9706,#9708,#9709,#9710));
#9712=FACE_OUTER_BOUND('3645',#9711,.F.);
#9713=ADVANCED_FACE('3645',(#9712),#9705,.T.);
#9714=CARTESIAN_POINT('',(-9.932279667409E0,4.997953094784E0,
-4.373959798681E0));
#9715=DIRECTION('',(-9.842078347377E-1,-1.735423958889E-1,-3.489949670250E-2));
#9716=DIRECTION('',(-1.736481776669E-1,9.848077530122E-1,0.E0));
#9717=AXIS2_PLACEMENT_3D('',#9714,#9715,#9716);
#9718=PLANE('3646',#9717);
#9720=ORIENTED_EDGE('4184',*,*,#9719,.F.);
#9721=ORIENTED_EDGE('4186',*,*,#7920,.T.);
#9722=ORIENTED_EDGE('4185',*,*,#7455,.T.);
#9723=ORIENTED_EDGE('4183',*,*,#9707,.F.);
#9724=EDGE_LOOP('3646',(#9720,#9721,#9722,#9723));
#9725=FACE_OUTER_BOUND('3646',#9724,.F.);
#9726=ADVANCED_FACE('3646',(#9725),#9718,.T.);
#9727=CARTESIAN_POINT('',(-9.284399194917E0,-3.924469743717E0,-1.2E0));
#9728=DIRECTION('',(-1.736481776669E-1,9.848077530122E-1,0.E0));
#9729=DIRECTION('',(0.E0,0.E0,1.E0));
#9730=AXIS2_PLACEMENT_3D('',#9727,#9728,#9729);
#9731=CYLINDRICAL_SURFACE('3667',#9730,8.E-1);
#9733=ORIENTED_EDGE('5069',*,*,#9732,.T.);
#9735=ORIENTED_EDGE('5075',*,*,#9734,.F.);
#9736=ORIENTED_EDGE('4226',*,*,#7934,.T.);
#9737=ORIENTED_EDGE('4184',*,*,#9719,.T.);
#9738=ORIENTED_EDGE('4227',*,*,#8320,.F.);
#9740=ORIENTED_EDGE('5076',*,*,#9739,.F.);
#9741=EDGE_LOOP('3667',(#9733,#9735,#9736,#9737,#9738,#9740));
#9742=FACE_OUTER_BOUND('3667',#9741,.F.);
#9743=ADVANCED_FACE('3667',(#9742),#9731,.F.);
#9744=CARTESIAN_POINT('',(-1.2495E1,0.E0,1.0825E0));
#9745=DIRECTION('',(0.E0,0.E0,-1.E0));
#9746=DIRECTION('',(1.E0,0.E0,0.E0));
#9747=AXIS2_PLACEMENT_3D('',#9744,#9745,#9746);
#9748=CYLINDRICAL_SURFACE('3979',#9747,2.5E0);
#9749=ORIENTED_EDGE('5069',*,*,#9732,.F.);
#9751=ORIENTED_EDGE('5070',*,*,#9750,.F.);
#9753=ORIENTED_EDGE('5079',*,*,#9752,.F.);
#9755=ORIENTED_EDGE('5038',*,*,#9754,.T.);
#9757=ORIENTED_EDGE('5080',*,*,#9756,.T.);
#9759=ORIENTED_EDGE('5071',*,*,#9758,.F.);
#9760=EDGE_LOOP('3979',(#9749,#9751,#9753,#9755,#9757,#9759));
#9761=FACE_OUTER_BOUND('3979',#9760,.F.);
#9762=ADVANCED_FACE('3979',(#9761),#9748,.T.);
#9763=CARTESIAN_POINT('',(0.E0,0.E0,-4.E-1));
#9764=DIRECTION('',(0.E0,0.E0,1.E0));
#9765=DIRECTION('',(1.E0,0.E0,0.E0));
#9766=AXIS2_PLACEMENT_3D('',#9763,#9764,#9765);
#9767=PLANE('3669',#9766);
#9768=ORIENTED_EDGE('5070',*,*,#9750,.T.);
#9769=ORIENTED_EDGE('5076',*,*,#9739,.T.);
#9770=ORIENTED_EDGE('4917',*,*,#8318,.T.);
#9771=ORIENTED_EDGE('4866',*,*,#8357,.T.);
#9773=ORIENTED_EDGE('4867',*,*,#9772,.T.);
#9774=ORIENTED_EDGE('4918',*,*,#8447,.F.);
#9775=ORIENTED_EDGE('4231',*,*,#8464,.F.);
#9776=ORIENTED_EDGE('4239',*,*,#8483,.F.);
#9778=ORIENTED_EDGE('4238',*,*,#9777,.T.);
#9780=ORIENTED_EDGE('4237',*,*,#9779,.F.);
#9782=ORIENTED_EDGE('4236',*,*,#9781,.T.);
#9784=ORIENTED_EDGE('4235',*,*,#9783,.F.);
#9786=ORIENTED_EDGE('4234',*,*,#9785,.T.);
#9788=ORIENTED_EDGE('4920',*,*,#9787,.F.);
#9790=ORIENTED_EDGE('4869',*,*,#9789,.F.);
#9792=ORIENTED_EDGE('4868',*,*,#9791,.T.);
#9794=ORIENTED_EDGE('4870',*,*,#9793,.T.);
#9796=ORIENTED_EDGE('4919',*,*,#9795,.F.);
#9798=ORIENTED_EDGE('4233',*,*,#9797,.F.);
#9800=ORIENTED_EDGE('4232',*,*,#9799,.F.);
#9801=ORIENTED_EDGE('4225',*,*,#7936,.T.);
#9802=ORIENTED_EDGE('5075',*,*,#9734,.T.);
#9803=ORIENTED_EDGE('5071',*,*,#9758,.T.);
#9805=ORIENTED_EDGE('5072',*,*,#9804,.T.);
#9806=EDGE_LOOP('3669',(#9768,#9769,#9770,#9771,#9773,#9774,#9775,#9776,#9778,
#9780,#9782,#9784,#9786,#9788,#9790,#9792,#9794,#9796,#9798,#9800,#9801,#9802,
#9803,#9805));
#9807=FACE_OUTER_BOUND('3669',#9806,.F.);
#9808=ADVANCED_FACE('3669',(#9807),#9767,.F.);
#9809=CARTESIAN_POINT('',(-1.2475E1,5.147695526217E0,-4.676955262170E-1));
#9810=DIRECTION('',(1.E0,0.E0,0.E0));
#9811=DIRECTION('',(0.E0,0.E0,-1.E0));
#9812=AXIS2_PLACEMENT_3D('',#9809,#9810,#9811);
#9813=PLANE('3920',#9812);
#9814=ORIENTED_EDGE('4867',*,*,#9772,.F.);
#9815=ORIENTED_EDGE('4966',*,*,#8355,.T.);
#9817=ORIENTED_EDGE('4778',*,*,#9816,.F.);
#9819=ORIENTED_EDGE('4764',*,*,#9818,.F.);
#9820=ORIENTED_EDGE('4780',*,*,#8525,.T.);
#9821=ORIENTED_EDGE('4965',*,*,#8431,.T.);
#9822=ORIENTED_EDGE('4884',*,*,#8449,.F.);
#9823=EDGE_LOOP('3920',(#9814,#9815,#9817,#9819,#9820,#9821,#9822));
#9824=FACE_OUTER_BOUND('3920',#9823,.F.);
#9825=ADVANCED_FACE('3920',(#9824),#9813,.F.);
#9826=CARTESIAN_POINT('',(-1.2475E1,4.73E0,-6.2E-1));
#9827=DIRECTION('',(1.E0,0.E0,0.E0));
#9828=DIRECTION('',(0.E0,-1.E0,0.E0));
#9829=AXIS2_PLACEMENT_3D('',#9826,#9827,#9828);
#9830=PLANE('3917',#9829);
#9832=ORIENTED_EDGE('4765',*,*,#9831,.F.);
#9833=ORIENTED_EDGE('4778',*,*,#9816,.T.);
#9835=ORIENTED_EDGE('4773',*,*,#9834,.T.);
#9837=ORIENTED_EDGE('4777',*,*,#9836,.F.);
#9838=EDGE_LOOP('3917',(#9832,#9833,#9835,#9837));
#9839=FACE_OUTER_BOUND('3917',#9838,.F.);
#9840=ADVANCED_FACE('3917',(#9839),#9830,.F.);
#9841=CARTESIAN_POINT('',(-1.0075E1,4.78E0,-8.2E-1));
#9842=DIRECTION('',(0.E0,0.E0,-1.E0));
#9843=DIRECTION('',(0.E0,-1.E0,0.E0));
#9844=AXIS2_PLACEMENT_3D('',#9841,#9842,#9843);
#9845=PLANE('3912',#9844);
#9847=ORIENTED_EDGE('4761',*,*,#9846,.F.);
#9849=ORIENTED_EDGE('4769',*,*,#9848,.T.);
#9850=ORIENTED_EDGE('4765',*,*,#9831,.T.);
#9852=ORIENTED_EDGE('4770',*,*,#9851,.F.);
#9853=EDGE_LOOP('3912',(#9847,#9849,#9850,#9852));
#9854=FACE_OUTER_BOUND('3912',#9853,.F.);
#9855=ADVANCED_FACE('3912',(#9854),#9845,.T.);
#9856=CARTESIAN_POINT('',(-1.0075E1,4.73E0,-6.2E-1));
#9857=DIRECTION('',(1.E0,0.E0,0.E0));
#9858=DIRECTION('',(0.E0,-1.E0,0.E0));
#9859=AXIS2_PLACEMENT_3D('',#9856,#9857,#9858);
#9860=PLANE('3916',#9859);
#9861=ORIENTED_EDGE('4863',*,*,#8338,.F.);
#9863=ORIENTED_EDGE('4964',*,*,#9862,.F.);
#9864=ORIENTED_EDGE('4776',*,*,#8376,.F.);
#9865=ORIENTED_EDGE('4761',*,*,#9846,.T.);
#9867=ORIENTED_EDGE('4968',*,*,#9866,.T.);
#9868=EDGE_LOOP('3916',(#9861,#9863,#9864,#9865,#9867));
#9869=FACE_OUTER_BOUND('3916',#9868,.F.);
#9870=ADVANCED_FACE('3916',(#9869),#9860,.T.);
#9871=CARTESIAN_POINT('',(-1.0075E1,4.78E0,-4.2E-1));
#9872=DIRECTION('',(0.E0,0.E0,-1.E0));
#9873=DIRECTION('',(0.E0,-1.E0,0.E0));
#9874=AXIS2_PLACEMENT_3D('',#9871,#9872,#9873);
#9875=PLANE('3915',#9874);
#9876=ORIENTED_EDGE('4862',*,*,#8336,.T.);
#9878=ORIENTED_EDGE('4967',*,*,#9877,.T.);
#9879=ORIENTED_EDGE('4773',*,*,#9834,.F.);
#9880=ORIENTED_EDGE('4775',*,*,#8353,.F.);
#9881=ORIENTED_EDGE('4964',*,*,#9862,.T.);
#9882=EDGE_LOOP('3915',(#9876,#9878,#9879,#9880,#9881));
#9883=FACE_OUTER_BOUND('3915',#9882,.F.);
#9884=ADVANCED_FACE('3915',(#9883),#9875,.F.);
#9885=CARTESIAN_POINT('',(-1.1275E1,4.68E0,-6.2E-1));
#9886=DIRECTION('',(0.E0,-1.E0,0.E0));
#9887=DIRECTION('',(-1.E0,0.E0,0.E0));
#9888=AXIS2_PLACEMENT_3D('',#9885,#9886,#9887);
#9889=PLANE('3918',#9888);
#9890=ORIENTED_EDGE('4864',*,*,#8340,.F.);
#9891=ORIENTED_EDGE('4968',*,*,#9866,.F.);
#9892=ORIENTED_EDGE('4770',*,*,#9851,.T.);
#9893=ORIENTED_EDGE('4777',*,*,#9836,.T.);
#9894=ORIENTED_EDGE('4967',*,*,#9877,.F.);
#9895=EDGE_LOOP('3918',(#9890,#9891,#9892,#9893,#9894));
#9896=FACE_OUTER_BOUND('3918',#9895,.F.);
#9897=ADVANCED_FACE('3918',(#9896),#9889,.T.);
#9898=CARTESIAN_POINT('',(-1.0075E1,4.78E0,-1.E-1));
#9899=DIRECTION('',(-1.E0,0.E0,0.E0));
#9900=DIRECTION('',(0.E0,-1.E0,0.E0));
#9901=AXIS2_PLACEMENT_3D('',#9898,#9899,#9900);
#9902=CYLINDRICAL_SURFACE('3911',#9901,7.2E-1);
#9903=ORIENTED_EDGE('4760',*,*,#8374,.F.);
#9904=ORIENTED_EDGE('4768',*,*,#8540,.T.);
#9905=ORIENTED_EDGE('4764',*,*,#9818,.T.);
#9906=ORIENTED_EDGE('4769',*,*,#9848,.F.);
#9907=EDGE_LOOP('3911',(#9903,#9904,#9905,#9906));
#9908=FACE_OUTER_BOUND('3911',#9907,.F.);
#9909=ADVANCED_FACE('3911',(#9908),#9902,.T.);
#9910=CARTESIAN_POINT('',(-1.3735E1,4.61E0,-2.E-1));
#9911=DIRECTION('',(0.E0,0.E0,1.E0));
#9912=DIRECTION('',(0.E0,1.E0,0.E0));
#9913=AXIS2_PLACEMENT_3D('',#9910,#9911,#9912);
#9914=CYLINDRICAL_SURFACE('3700',#9913,1.6E0);
#9915=ORIENTED_EDGE('4983',*,*,#8481,.F.);
#9916=ORIENTED_EDGE('4598',*,*,#8634,.F.);
#9918=ORIENTED_EDGE('4977',*,*,#9917,.F.);
#9919=ORIENTED_EDGE('4238',*,*,#9777,.F.);
#9920=EDGE_LOOP('3700',(#9915,#9916,#9918,#9919));
#9921=FACE_OUTER_BOUND('3700',#9920,.F.);
#9922=ADVANCED_FACE('3700',(#9921),#9914,.T.);
#9923=CARTESIAN_POINT('',(-1.5335E1,0.E0,-2.E-1));
#9924=DIRECTION('',(1.E0,0.E0,0.E0));
#9925=DIRECTION('',(0.E0,1.E0,0.E0));
#9926=AXIS2_PLACEMENT_3D('',#9923,#9924,#9925);
#9927=PLANE('3699',#9926);
#9928=ORIENTED_EDGE('4977',*,*,#9917,.T.);
#9929=ORIENTED_EDGE('4599',*,*,#8632,.T.);
#9931=ORIENTED_EDGE('4978',*,*,#9930,.F.);
#9932=ORIENTED_EDGE('4237',*,*,#9779,.T.);
#9933=EDGE_LOOP('3699',(#9928,#9929,#9931,#9932));
#9934=FACE_OUTER_BOUND('3699',#9933,.F.);
#9935=ADVANCED_FACE('3699',(#9934),#9927,.F.);
#9936=CARTESIAN_POINT('',(-1.3735E1,-4.61E0,-2.E-1));
#9937=DIRECTION('',(0.E0,0.E0,1.E0));
#9938=DIRECTION('',(-1.E0,0.E0,0.E0));
#9939=AXIS2_PLACEMENT_3D('',#9936,#9937,#9938);
#9940=CYLINDRICAL_SURFACE('3698',#9939,1.6E0);
#9941=ORIENTED_EDGE('4978',*,*,#9930,.T.);
#9942=ORIENTED_EDGE('4600',*,*,#8630,.F.);
#9944=ORIENTED_EDGE('4979',*,*,#9943,.F.);
#9945=ORIENTED_EDGE('4236',*,*,#9781,.F.);
#9946=EDGE_LOOP('3698',(#9941,#9942,#9944,#9945));
#9947=FACE_OUTER_BOUND('3698',#9946,.F.);
#9948=ADVANCED_FACE('3698',(#9947),#9940,.T.);
#9949=CARTESIAN_POINT('',(-1.31175E1,-6.21E0,-2.E-1));
#9950=DIRECTION('',(0.E0,1.E0,0.E0));
#9951=DIRECTION('',(-1.E0,0.E0,0.E0));
#9952=AXIS2_PLACEMENT_3D('',#9949,#9950,#9951);
#9953=PLANE('3697',#9952);
#9954=ORIENTED_EDGE('4979',*,*,#9943,.T.);
#9955=ORIENTED_EDGE('4601',*,*,#8628,.T.);
#9957=ORIENTED_EDGE('4666',*,*,#9956,.F.);
#9959=ORIENTED_EDGE('4945',*,*,#9958,.F.);
#9961=ORIENTED_EDGE('4937',*,*,#9960,.T.);
#9962=ORIENTED_EDGE('4235',*,*,#9783,.T.);
#9963=EDGE_LOOP('3697',(#9954,#9955,#9957,#9959,#9961,#9962));
#9964=FACE_OUTER_BOUND('3697',#9963,.F.);
#9965=ADVANCED_FACE('3697',(#9964),#9953,.F.);
#9966=CARTESIAN_POINT('',(-1.24E1,-5.555E0,2.E-1));
#9967=DIRECTION('',(-9.935082047264E-1,-1.137604814572E-1,0.E0));
#9968=DIRECTION('',(-1.137604814572E-1,9.935082047264E-1,0.E0));
#9969=AXIS2_PLACEMENT_3D('',#9966,#9967,#9968);
#9970=PLANE('3883',#9969);
#9972=ORIENTED_EDGE('4662',*,*,#9971,.F.);
#9973=ORIENTED_EDGE('4666',*,*,#9956,.T.);
#9974=ORIENTED_EDGE('4664',*,*,#8626,.T.);
#9976=ORIENTED_EDGE('4667',*,*,#9975,.F.);
#9977=EDGE_LOOP('3883',(#9972,#9973,#9974,#9976));
#9978=FACE_OUTER_BOUND('3883',#9977,.F.);
#9979=ADVANCED_FACE('3883',(#9978),#9970,.F.);
#9980=CARTESIAN_POINT('',(0.E0,0.E0,0.E0));
#9981=DIRECTION('',(0.E0,0.E0,-1.E0));
#9982=DIRECTION('',(-1.E0,0.E0,0.E0));
#9983=AXIS2_PLACEMENT_3D('',#9980,#9981,#9982);
#9984=PLANE('4009',#9983);
#9986=ORIENTED_EDGE('4885',*,*,#9985,.T.);
#9988=ORIENTED_EDGE('4886',*,*,#9987,.T.);
#9990=ORIENTED_EDGE('4890',*,*,#9989,.F.);
#9991=ORIENTED_EDGE('4945',*,*,#9958,.T.);
#9992=ORIENTED_EDGE('4662',*,*,#9971,.T.);
#9994=ORIENTED_EDGE('4811',*,*,#9993,.T.);
#9996=ORIENTED_EDGE('4663',*,*,#9995,.F.);
#9998=ORIENTED_EDGE('4946',*,*,#9997,.T.);
#9999=EDGE_LOOP('4009',(#9986,#9988,#9990,#9991,#9992,#9994,#9996,#9998));
#10000=FACE_OUTER_BOUND('4009',#9999,.F.);
#10001=ADVANCED_FACE('4009',(#10000),#9984,.T.);
#10002=CARTESIAN_POINT('',(-9.9E0,-5.53E0,-2.E-1));
#10003=DIRECTION('',(1.E0,0.E0,0.E0));
#10004=DIRECTION('',(0.E0,1.E0,0.E0));
#10005=AXIS2_PLACEMENT_3D('',#10002,#10003,#10004);
#10006=PLANE('3694',#10005);
#10007=ORIENTED_EDGE('4885',*,*,#9985,.F.);
#10009=ORIENTED_EDGE('4934',*,*,#10008,.T.);
#10010=ORIENTED_EDGE('4233',*,*,#9797,.T.);
#10012=ORIENTED_EDGE('4935',*,*,#10011,.F.);
#10013=EDGE_LOOP('3694',(#10007,#10009,#10010,#10012));
#10014=FACE_OUTER_BOUND('3694',#10013,.F.);
#10015=ADVANCED_FACE('3694',(#10014),#10006,.F.);
#10016=CARTESIAN_POINT('',(8.295257753415E0,-6.21E0,-2.E-1));
#10017=DIRECTION('',(0.E0,1.E0,0.E0));
#10018=DIRECTION('',(-1.E0,0.E0,0.E0));
#10019=AXIS2_PLACEMENT_3D('',#10016,#10017,#10018);
#10020=PLANE('3679',#10019);
#10021=ORIENTED_EDGE('4947',*,*,#7752,.F.);
#10022=ORIENTED_EDGE('4928',*,*,#7974,.T.);
#10023=ORIENTED_EDGE('4232',*,*,#9799,.T.);
#10024=ORIENTED_EDGE('4934',*,*,#10008,.F.);
#10025=ORIENTED_EDGE('4946',*,*,#9997,.F.);
#10027=ORIENTED_EDGE('4649',*,*,#10026,.T.);
#10028=ORIENTED_EDGE('4602',*,*,#8620,.T.);
#10030=ORIENTED_EDGE('4655',*,*,#10029,.F.);
#10031=ORIENTED_EDGE('4948',*,*,#8795,.F.);
#10033=ORIENTED_EDGE('4924',*,*,#10032,.T.);
#10034=ORIENTED_EDGE('4172',*,*,#8839,.T.);
#10035=ORIENTED_EDGE('4925',*,*,#7676,.F.);
#10036=EDGE_LOOP('3679',(#10021,#10022,#10023,#10024,#10025,#10027,#10028,
#10030,#10031,#10033,#10034,#10035));
#10037=FACE_OUTER_BOUND('3679',#10036,.F.);
#10038=ADVANCED_FACE('3679',(#10037),#10020,.F.);
#10039=CARTESIAN_POINT('',(-1.015E1,-5.555E0,2.E-1));
#10040=DIRECTION('',(-9.935082047264E-1,1.137604814572E-1,0.E0));
#10041=DIRECTION('',(1.137604814572E-1,9.935082047264E-1,0.E0));
#10042=AXIS2_PLACEMENT_3D('',#10039,#10040,#10041);
#10043=PLANE('3884',#10042);
#10044=ORIENTED_EDGE('4663',*,*,#9995,.T.);
#10046=ORIENTED_EDGE('4668',*,*,#10045,.T.);
#10047=ORIENTED_EDGE('4665',*,*,#8622,.F.);
#10048=ORIENTED_EDGE('4649',*,*,#10026,.F.);
#10049=EDGE_LOOP('3884',(#10044,#10046,#10047,#10048));
#10050=FACE_OUTER_BOUND('3884',#10049,.F.);
#10051=ADVANCED_FACE('3884',(#10050),#10043,.T.);
#10052=CARTESIAN_POINT('',(-1.0075E1,-5.041421356237E0,1.414213562373E-1));
#10053=DIRECTION('',(-1.E0,0.E0,0.E0));
#10054=DIRECTION('',(0.E0,-1.E0,0.E0));
#10055=AXIS2_PLACEMENT_3D('',#10052,#10053,#10054);
#10056=PLANE('3940',#10055);
#10058=ORIENTED_EDGE('4810',*,*,#10057,.F.);
#10060=ORIENTED_EDGE('4787',*,*,#10059,.F.);
#10061=ORIENTED_EDGE('4668',*,*,#10045,.F.);
#10062=EDGE_LOOP('3940',(#10058,#10060,#10061));
#10063=FACE_OUTER_BOUND('3940',#10062,.F.);
#10064=ADVANCED_FACE('3940',(#10063),#10056,.F.);
#10065=CARTESIAN_POINT('',(-1.0075E1,-5.1E0,-5.E-2));
#10066=DIRECTION('',(-1.E0,0.E0,0.E0));
#10067=DIRECTION('',(0.E0,0.E0,-1.E0));
#10068=AXIS2_PLACEMENT_3D('',#10065,#10066,#10067);
#10069=PLANE('3938',#10068);
#10071=ORIENTED_EDGE('4788',*,*,#10070,.F.);
#10072=ORIENTED_EDGE('4810',*,*,#10057,.T.);
#10074=ORIENTED_EDGE('4798',*,*,#10073,.T.);
#10076=ORIENTED_EDGE('4808',*,*,#10075,.F.);
#10077=EDGE_LOOP('3938',(#10071,#10072,#10074,#10076));
#10078=FACE_OUTER_BOUND('3938',#10077,.F.);
#10079=ADVANCED_FACE('3938',(#10078),#10069,.F.);
#10080=CARTESIAN_POINT('',(-1.2475E1,-5.3E0,0.E0));
#10081=DIRECTION('',(0.E0,-1.E0,0.E0));
#10082=DIRECTION('',(0.E0,0.E0,-1.E0));
#10083=AXIS2_PLACEMENT_3D('',#10080,#10081,#10082);
#10084=PLANE('3926',#10083);
#10086=ORIENTED_EDGE('4784',*,*,#10085,.F.);
#10088=ORIENTED_EDGE('4792',*,*,#10087,.T.);
#10089=ORIENTED_EDGE('4788',*,*,#10070,.T.);
#10091=ORIENTED_EDGE('4793',*,*,#10090,.F.);
#10092=EDGE_LOOP('3926',(#10086,#10088,#10089,#10091));
#10093=FACE_OUTER_BOUND('3926',#10092,.F.);
#10094=ADVANCED_FACE('3926',(#10093),#10084,.T.);
#10095=CARTESIAN_POINT('',(-1.2475E1,-5.1E0,-5.E-2));
#10096=DIRECTION('',(-1.E0,0.E0,0.E0));
#10097=DIRECTION('',(0.E0,0.E0,-1.E0));
#10098=AXIS2_PLACEMENT_3D('',#10095,#10096,#10097);
#10099=PLANE('3937',#10098);
#10100=ORIENTED_EDGE('4784',*,*,#10085,.T.);
#10102=ORIENTED_EDGE('4807',*,*,#10101,.T.);
#10104=ORIENTED_EDGE('4796',*,*,#10103,.F.);
#10106=ORIENTED_EDGE('4809',*,*,#10105,.F.);
#10107=EDGE_LOOP('3937',(#10100,#10102,#10104,#10106));
#10108=FACE_OUTER_BOUND('3937',#10107,.F.);
#10109=ADVANCED_FACE('3937',(#10108),#10099,.T.);
#10110=CARTESIAN_POINT('',(-1.2475E1,-4.947695526217E0,-4.676955262170E-1));
#10111=DIRECTION('',(-1.E0,0.E0,0.E0));
#10112=DIRECTION('',(0.E0,0.E0,-1.E0));
#10113=AXIS2_PLACEMENT_3D('',#10110,#10111,#10112);
#10114=PLANE('3935',#10113);
#10115=ORIENTED_EDGE('4869',*,*,#9789,.T.);
#10117=ORIENTED_EDGE('4888',*,*,#10116,.T.);
#10119=ORIENTED_EDGE('4969',*,*,#10118,.F.);
#10120=ORIENTED_EDGE('4807',*,*,#10101,.F.);
#10122=ORIENTED_EDGE('4785',*,*,#10121,.T.);
#10124=ORIENTED_EDGE('4803',*,*,#10123,.T.);
#10126=ORIENTED_EDGE('4970',*,*,#10125,.F.);
#10127=EDGE_LOOP('3935',(#10115,#10117,#10119,#10120,#10122,#10124,#10126));
#10128=FACE_OUTER_BOUND('3935',#10127,.F.);
#10129=ADVANCED_FACE('3935',(#10128),#10114,.T.);
#10130=CARTESIAN_POINT('',(-1.12E1,-4.85E0,-2.E-1));
#10131=DIRECTION('',(0.E0,1.E0,0.E0));
#10132=DIRECTION('',(-1.E0,0.E0,0.E0));
#10133=AXIS2_PLACEMENT_3D('',#10130,#10131,#10132);
#10134=PLANE('3695',#10133);
#10135=ORIENTED_EDGE('4886',*,*,#9987,.F.);
#10136=ORIENTED_EDGE('4935',*,*,#10011,.T.);
#10137=ORIENTED_EDGE('4919',*,*,#9795,.T.);
#10139=ORIENTED_EDGE('4889',*,*,#10138,.T.);
#10141=ORIENTED_EDGE('4887',*,*,#10140,.F.);
#10142=ORIENTED_EDGE('4888',*,*,#10116,.F.);
#10143=ORIENTED_EDGE('4920',*,*,#9787,.T.);
#10145=ORIENTED_EDGE('4936',*,*,#10144,.F.);
#10146=EDGE_LOOP('3695',(#10135,#10136,#10137,#10139,#10141,#10142,#10143,
#10145));
#10147=FACE_OUTER_BOUND('3695',#10146,.F.);
#10148=ADVANCED_FACE('3695',(#10147),#10134,.F.);
#10149=CARTESIAN_POINT('',(-1.0075E1,-4.947695526217E0,-4.676955262170E-1));
#10150=DIRECTION('',(-1.E0,0.E0,0.E0));
#10151=DIRECTION('',(0.E0,0.E0,-1.E0));
#10152=AXIS2_PLACEMENT_3D('',#10149,#10150,#10151);
#10153=PLANE('3936',#10152);
#10154=ORIENTED_EDGE('4870',*,*,#9793,.F.);
#10156=ORIENTED_EDGE('4972',*,*,#10155,.T.);
#10158=ORIENTED_EDGE('4806',*,*,#10157,.F.);
#10160=ORIENTED_EDGE('4789',*,*,#10159,.F.);
#10161=ORIENTED_EDGE('4808',*,*,#10075,.T.);
#10163=ORIENTED_EDGE('4971',*,*,#10162,.T.);
#10164=ORIENTED_EDGE('4889',*,*,#10138,.F.);
#10165=EDGE_LOOP('3936',(#10154,#10156,#10158,#10160,#10161,#10163,#10164));
#10166=FACE_OUTER_BOUND('3936',#10165,.F.);
#10167=ADVANCED_FACE('3936',(#10166),#10153,.F.);
#10168=CARTESIAN_POINT('',(-1.2475E1,-4.58E0,-1.E-1));
#10169=DIRECTION('',(1.E0,0.E0,0.E0));
#10170=DIRECTION('',(0.E0,1.E0,0.E0));
#10171=AXIS2_PLACEMENT_3D('',#10168,#10169,#10170);
#10172=CYLINDRICAL_SURFACE('4013',#10171,3.2E-1);
#10173=ORIENTED_EDGE('4868',*,*,#9791,.F.);
#10174=ORIENTED_EDGE('4970',*,*,#10125,.T.);
#10176=ORIENTED_EDGE('4801',*,*,#10175,.T.);
#10177=ORIENTED_EDGE('4972',*,*,#10155,.F.);
#10178=EDGE_LOOP('4013',(#10173,#10174,#10176,#10177));
#10179=FACE_OUTER_BOUND('4013',#10178,.F.);
#10180=ADVANCED_FACE('4013',(#10179),#10172,.F.);
#10181=CARTESIAN_POINT('',(-1.2475E1,-4.58E0,-4.2E-1));
#10182=DIRECTION('',(0.E0,0.E0,-1.E0));
#10183=DIRECTION('',(0.E0,1.E0,0.E0));
#10184=AXIS2_PLACEMENT_3D('',#10181,#10182,#10183);
#10185=PLANE('3931',#10184);
#10187=ORIENTED_EDGE('4797',*,*,#10186,.T.);
#10189=ORIENTED_EDGE('4802',*,*,#10188,.T.);
#10191=ORIENTED_EDGE('4799',*,*,#10190,.F.);
#10192=ORIENTED_EDGE('4801',*,*,#10175,.F.);
#10193=EDGE_LOOP('3931',(#10187,#10189,#10191,#10192));
#10194=FACE_OUTER_BOUND('3931',#10193,.F.);
#10195=ADVANCED_FACE('3931',(#10194),#10185,.F.);
#10196=CARTESIAN_POINT('',(-1.2475E1,-4.53E0,-6.2E-1));
#10197=DIRECTION('',(-1.E0,0.E0,0.E0));
#10198=DIRECTION('',(0.E0,1.E0,0.E0));
#10199=AXIS2_PLACEMENT_3D('',#10196,#10197,#10198);
#10200=PLANE('3932',#10199);
#10202=ORIENTED_EDGE('4786',*,*,#10201,.T.);
#10204=ORIENTED_EDGE('4804',*,*,#10203,.T.);
#10205=ORIENTED_EDGE('4797',*,*,#10186,.F.);
#10206=ORIENTED_EDGE('4803',*,*,#10123,.F.);
#10207=EDGE_LOOP('3932',(#10202,#10204,#10205,#10206));
#10208=FACE_OUTER_BOUND('3932',#10207,.F.);
#10209=ADVANCED_FACE('3932',(#10208),#10200,.T.);
#10210=CARTESIAN_POINT('',(-1.2475E1,-4.58E0,-8.2E-1));
#10211=DIRECTION('',(0.E0,0.E0,-1.E0));
#10212=DIRECTION('',(0.E0,1.E0,0.E0));
#10213=AXIS2_PLACEMENT_3D('',#10210,#10211,#10212);
#10214=PLANE('3928',#10213);
#10215=ORIENTED_EDGE('4786',*,*,#10201,.F.);
#10217=ORIENTED_EDGE('4794',*,*,#10216,.T.);
#10219=ORIENTED_EDGE('4790',*,*,#10218,.T.);
#10221=ORIENTED_EDGE('4795',*,*,#10220,.F.);
#10222=EDGE_LOOP('3928',(#10215,#10217,#10219,#10221));
#10223=FACE_OUTER_BOUND('3928',#10222,.F.);
#10224=ADVANCED_FACE('3928',(#10223),#10214,.T.);
#10225=CARTESIAN_POINT('',(-1.2475E1,-4.58E0,-1.E-1));
#10226=DIRECTION('',(1.E0,0.E0,0.E0));
#10227=DIRECTION('',(0.E0,1.E0,0.E0));
#10228=AXIS2_PLACEMENT_3D('',#10225,#10226,#10227);
#10229=CYLINDRICAL_SURFACE('3927',#10228,7.2E-1);
#10230=ORIENTED_EDGE('4785',*,*,#10121,.F.);
#10231=ORIENTED_EDGE('4793',*,*,#10090,.T.);
#10232=ORIENTED_EDGE('4789',*,*,#10159,.T.);
#10233=ORIENTED_EDGE('4794',*,*,#10216,.F.);
#10234=EDGE_LOOP('3927',(#10230,#10231,#10232,#10233));
#10235=FACE_OUTER_BOUND('3927',#10234,.F.);
#10236=ADVANCED_FACE('3927',(#10235),#10229,.T.);
#10237=CARTESIAN_POINT('',(-1.0075E1,-4.53E0,-6.2E-1));
#10238=DIRECTION('',(-1.E0,0.E0,0.E0));
#10239=DIRECTION('',(0.E0,1.E0,0.E0));
#10240=AXIS2_PLACEMENT_3D('',#10237,#10238,#10239);
#10241=PLANE('3933',#10240);
#10242=ORIENTED_EDGE('4790',*,*,#10218,.F.);
#10243=ORIENTED_EDGE('4806',*,*,#10157,.T.);
#10244=ORIENTED_EDGE('4799',*,*,#10190,.T.);
#10246=ORIENTED_EDGE('4805',*,*,#10245,.F.);
#10247=EDGE_LOOP('3933',(#10242,#10243,#10244,#10246));
#10248=FACE_OUTER_BOUND('3933',#10247,.F.);
#10249=ADVANCED_FACE('3933',(#10248),#10241,.F.);
#10250=CARTESIAN_POINT('',(-1.1275E1,-4.48E0,-6.2E-1));
#10251=DIRECTION('',(0.E0,1.E0,0.E0));
#10252=DIRECTION('',(1.E0,0.E0,0.E0));
#10253=AXIS2_PLACEMENT_3D('',#10250,#10251,#10252);
#10254=PLANE('3934',#10253);
#10255=ORIENTED_EDGE('4795',*,*,#10220,.T.);
#10256=ORIENTED_EDGE('4805',*,*,#10245,.T.);
#10257=ORIENTED_EDGE('4802',*,*,#10188,.F.);
#10258=ORIENTED_EDGE('4804',*,*,#10203,.F.);
#10259=EDGE_LOOP('3934',(#10255,#10256,#10257,#10258));
#10260=FACE_OUTER_BOUND('3934',#10259,.F.);
#10261=ADVANCED_FACE('3934',(#10260),#10254,.T.);
#10262=CARTESIAN_POINT('',(-1.2475E1,-4.58E0,-1.E-1));
#10263=DIRECTION('',(1.E0,0.E0,0.E0));
#10264=DIRECTION('',(0.E0,1.E0,0.E0));
#10265=AXIS2_PLACEMENT_3D('',#10262,#10263,#10264);
#10266=CYLINDRICAL_SURFACE('3930',#10265,3.2E-1);
#10267=ORIENTED_EDGE('4887',*,*,#10140,.T.);
#10268=ORIENTED_EDGE('4971',*,*,#10162,.F.);
#10270=ORIENTED_EDGE('4800',*,*,#10269,.F.);
#10271=ORIENTED_EDGE('4969',*,*,#10118,.T.);
#10272=EDGE_LOOP('3930',(#10267,#10268,#10270,#10271));
#10273=FACE_OUTER_BOUND('3930',#10272,.F.);
#10274=ADVANCED_FACE('3930',(#10273),#10266,.F.);
#10275=CARTESIAN_POINT('',(-1.2475E1,-4.9E0,0.E0));
#10276=DIRECTION('',(0.E0,-1.E0,0.E0));
#10277=DIRECTION('',(0.E0,0.E0,-1.E0));
#10278=AXIS2_PLACEMENT_3D('',#10275,#10276,#10277);
#10279=PLANE('3929',#10278);
#10280=ORIENTED_EDGE('4811',*,*,#9993,.F.);
#10281=ORIENTED_EDGE('4796',*,*,#10103,.T.);
#10282=ORIENTED_EDGE('4800',*,*,#10269,.T.);
#10283=ORIENTED_EDGE('4798',*,*,#10073,.F.);
#10284=EDGE_LOOP('3929',(#10280,#10281,#10282,#10283));
#10285=FACE_OUTER_BOUND('3929',#10284,.F.);
#10286=ADVANCED_FACE('3929',(#10285),#10279,.F.);
#10287=CARTESIAN_POINT('',(-1.25E1,-5.53E0,-2.E-1));
#10288=DIRECTION('',(1.E0,0.E0,0.E0));
#10289=DIRECTION('',(0.E0,1.E0,0.E0));
#10290=AXIS2_PLACEMENT_3D('',#10287,#10288,#10289);
#10291=PLANE('3696',#10290);
#10292=ORIENTED_EDGE('4890',*,*,#9989,.T.);
#10293=ORIENTED_EDGE('4936',*,*,#10144,.T.);
#10294=ORIENTED_EDGE('4234',*,*,#9785,.F.);
#10295=ORIENTED_EDGE('4937',*,*,#9960,.F.);
#10296=EDGE_LOOP('3696',(#10292,#10293,#10294,#10295));
#10297=FACE_OUTER_BOUND('3696',#10296,.F.);
#10298=ADVANCED_FACE('3696',(#10297),#10291,.T.);
#10299=CARTESIAN_POINT('',(-1.2475E1,-5.041421356237E0,1.414213562373E-1));
#10300=DIRECTION('',(-1.E0,0.E0,0.E0));
#10301=DIRECTION('',(0.E0,-1.E0,0.E0));
#10302=AXIS2_PLACEMENT_3D('',#10299,#10300,#10301);
#10303=PLANE('3939',#10302);
#10304=ORIENTED_EDGE('4667',*,*,#9975,.T.);
#10306=ORIENTED_EDGE('4783',*,*,#10305,.T.);
#10307=ORIENTED_EDGE('4809',*,*,#10105,.T.);
#10308=EDGE_LOOP('3939',(#10304,#10306,#10307));
#10309=FACE_OUTER_BOUND('3939',#10308,.F.);
#10310=ADVANCED_FACE('3939',(#10309),#10303,.T.);
#10311=CARTESIAN_POINT('',(-1.2475E1,-4.9E0,0.E0));
#10312=DIRECTION('',(1.E0,0.E0,0.E0));
#10313=DIRECTION('',(0.E0,1.E0,0.E0));
#10314=AXIS2_PLACEMENT_3D('',#10311,#10312,#10313);
#10315=CYLINDRICAL_SURFACE('3925',#10314,4.E-1);
#10316=ORIENTED_EDGE('4783',*,*,#10305,.F.);
#10317=ORIENTED_EDGE('4791',*,*,#8624,.T.);
#10318=ORIENTED_EDGE('4787',*,*,#10059,.T.);
#10319=ORIENTED_EDGE('4792',*,*,#10087,.F.);
#10320=EDGE_LOOP('3925',(#10316,#10317,#10318,#10319));
#10321=FACE_OUTER_BOUND('3925',#10320,.F.);
#10322=ADVANCED_FACE('3925',(#10321),#10315,.T.);
#10323=CARTESIAN_POINT('',(1.015E1,-5.555E0,2.E-1));
#10324=DIRECTION('',(-9.935082047264E-1,-1.137604814572E-1,0.E0));
#10325=DIRECTION('',(-1.137604814572E-1,9.935082047264E-1,0.E0));
#10326=AXIS2_PLACEMENT_3D('',#10323,#10324,#10325);
#10327=PLANE('3877',#10326);
#10328=ORIENTED_EDGE('4591',*,*,#8797,.F.);
#10329=ORIENTED_EDGE('4655',*,*,#10029,.T.);
#10330=ORIENTED_EDGE('4636',*,*,#8618,.T.);
#10332=ORIENTED_EDGE('4656',*,*,#10331,.F.);
#10333=EDGE_LOOP('3877',(#10328,#10329,#10330,#10332));
#10334=FACE_OUTER_BOUND('3877',#10333,.F.);
#10335=ADVANCED_FACE('3877',(#10334),#10327,.F.);
#10336=CARTESIAN_POINT('',(1.0075E1,-5.041421356237E0,1.414213562373E-1));
#10337=DIRECTION('',(-1.E0,0.E0,0.E0));
#10338=DIRECTION('',(0.E0,-1.E0,0.E0));
#10339=AXIS2_PLACEMENT_3D('',#10336,#10337,#10338);
#10340=PLANE('3955',#10339);
#10342=ORIENTED_EDGE('4814',*,*,#10341,.T.);
#10344=ORIENTED_EDGE('4841',*,*,#10343,.T.);
#10345=ORIENTED_EDGE('4656',*,*,#10331,.T.);
#10346=EDGE_LOOP('3955',(#10342,#10344,#10345));
#10347=FACE_OUTER_BOUND('3955',#10346,.F.);
#10348=ADVANCED_FACE('3955',(#10347),#10340,.T.);
#10349=CARTESIAN_POINT('',(1.0075E1,-4.9E0,0.E0));
#10350=DIRECTION('',(1.E0,0.E0,0.E0));
#10351=DIRECTION('',(0.E0,1.E0,0.E0));
#10352=AXIS2_PLACEMENT_3D('',#10349,#10350,#10351);
#10353=CYLINDRICAL_SURFACE('3941',#10352,4.E-1);
#10354=ORIENTED_EDGE('4814',*,*,#10341,.F.);
#10355=ORIENTED_EDGE('4822',*,*,#8616,.T.);
#10357=ORIENTED_EDGE('4818',*,*,#10356,.T.);
#10359=ORIENTED_EDGE('4823',*,*,#10358,.F.);
#10360=EDGE_LOOP('3941',(#10354,#10355,#10357,#10359));
#10361=FACE_OUTER_BOUND('3941',#10360,.F.);
#10362=ADVANCED_FACE('3941',(#10361),#10353,.T.);
#10363=CARTESIAN_POINT('',(1.2475E1,-5.041421356237E0,1.414213562373E-1));
#10364=DIRECTION('',(-1.E0,0.E0,0.E0));
#10365=DIRECTION('',(0.E0,-1.E0,0.E0));
#10366=AXIS2_PLACEMENT_3D('',#10363,#10364,#10365);
#10367=PLANE('3956',#10366);
#10368=ORIENTED_EDGE('4818',*,*,#10356,.F.);
#10370=ORIENTED_EDGE('4657',*,*,#10369,.F.);
#10372=ORIENTED_EDGE('4842',*,*,#10371,.F.);
#10373=EDGE_LOOP('3956',(#10368,#10370,#10372));
#10374=FACE_OUTER_BOUND('3956',#10373,.F.);
#10375=ADVANCED_FACE('3956',(#10374),#10367,.F.);
#10376=CARTESIAN_POINT('',(1.24E1,-5.555E0,2.E-1));
#10377=DIRECTION('',(-9.935082047264E-1,1.137604814572E-1,0.E0));
#10378=DIRECTION('',(1.137604814572E-1,9.935082047264E-1,0.E0));
#10379=AXIS2_PLACEMENT_3D('',#10376,#10377,#10378);
#10380=PLANE('3878',#10379);
#10381=ORIENTED_EDGE('4592',*,*,#8801,.T.);
#10382=ORIENTED_EDGE('4657',*,*,#10369,.T.);
#10383=ORIENTED_EDGE('4637',*,*,#8614,.F.);
#10384=ORIENTED_EDGE('4692',*,*,#8761,.F.);
#10385=EDGE_LOOP('3878',(#10381,#10382,#10383,#10384));
#10386=FACE_OUTER_BOUND('3878',#10385,.F.);
#10387=ADVANCED_FACE('3878',(#10386),#10380,.T.);
#10388=CARTESIAN_POINT('',(1.2475E1,-5.1E0,-5.E-2));
#10389=DIRECTION('',(-1.E0,0.E0,0.E0));
#10390=DIRECTION('',(0.E0,0.E0,-1.E0));
#10391=AXIS2_PLACEMENT_3D('',#10388,#10389,#10390);
#10392=PLANE('3954',#10391);
#10394=ORIENTED_EDGE('4819',*,*,#10393,.F.);
#10395=ORIENTED_EDGE('4842',*,*,#10371,.T.);
#10397=ORIENTED_EDGE('4829',*,*,#10396,.T.);
#10399=ORIENTED_EDGE('4840',*,*,#10398,.F.);
#10400=EDGE_LOOP('3954',(#10394,#10395,#10397,#10399));
#10401=FACE_OUTER_BOUND('3954',#10400,.F.);
#10402=ADVANCED_FACE('3954',(#10401),#10392,.F.);
#10403=CARTESIAN_POINT('',(1.0075E1,-5.3E0,0.E0));
#10404=DIRECTION('',(0.E0,-1.E0,0.E0));
#10405=DIRECTION('',(0.E0,0.E0,-1.E0));
#10406=AXIS2_PLACEMENT_3D('',#10403,#10404,#10405);
#10407=PLANE('3942',#10406);
#10409=ORIENTED_EDGE('4815',*,*,#10408,.F.);
#10410=ORIENTED_EDGE('4823',*,*,#10358,.T.);
#10411=ORIENTED_EDGE('4819',*,*,#10393,.T.);
#10413=ORIENTED_EDGE('4824',*,*,#10412,.F.);
#10414=EDGE_LOOP('3942',(#10409,#10410,#10411,#10413));
#10415=FACE_OUTER_BOUND('3942',#10414,.F.);
#10416=ADVANCED_FACE('3942',(#10415),#10407,.T.);
#10417=CARTESIAN_POINT('',(1.0075E1,-5.1E0,-5.E-2));
#10418=DIRECTION('',(-1.E0,0.E0,0.E0));
#10419=DIRECTION('',(0.E0,0.E0,-1.E0));
#10420=AXIS2_PLACEMENT_3D('',#10417,#10418,#10419);
#10421=PLANE('3953',#10420);
#10422=ORIENTED_EDGE('4815',*,*,#10408,.T.);
#10424=ORIENTED_EDGE('4839',*,*,#10423,.T.);
#10426=ORIENTED_EDGE('4827',*,*,#10425,.F.);
#10427=ORIENTED_EDGE('4841',*,*,#10343,.F.);
#10428=EDGE_LOOP('3953',(#10422,#10424,#10426,#10427));
#10429=FACE_OUTER_BOUND('3953',#10428,.F.);
#10430=ADVANCED_FACE('3953',(#10429),#10421,.T.);
#10431=CARTESIAN_POINT('',(1.0075E1,-4.947695526217E0,-4.676955262170E-1));
#10432=DIRECTION('',(-1.E0,0.E0,0.E0));
#10433=DIRECTION('',(0.E0,0.E0,-1.E0));
#10434=AXIS2_PLACEMENT_3D('',#10431,#10432,#10433);
#10435=PLANE('3951',#10434);
#10436=ORIENTED_EDGE('4854',*,*,#8844,.T.);
#10437=ORIENTED_EDGE('4898',*,*,#8820,.T.);
#10439=ORIENTED_EDGE('4973',*,*,#10438,.F.);
#10440=ORIENTED_EDGE('4839',*,*,#10423,.F.);
#10442=ORIENTED_EDGE('4816',*,*,#10441,.T.);
#10444=ORIENTED_EDGE('4835',*,*,#10443,.T.);
#10446=ORIENTED_EDGE('4974',*,*,#10445,.F.);
#10447=EDGE_LOOP('3951',(#10436,#10437,#10439,#10440,#10442,#10444,#10446));
#10448=FACE_OUTER_BOUND('3951',#10447,.F.);
#10449=ADVANCED_FACE('3951',(#10448),#10435,.T.);
#10450=CARTESIAN_POINT('',(1.0075E1,-4.58E0,-1.E-1));
#10451=DIRECTION('',(1.E0,0.E0,0.E0));
#10452=DIRECTION('',(0.E0,1.E0,0.E0));
#10453=AXIS2_PLACEMENT_3D('',#10450,#10451,#10452);
#10454=CYLINDRICAL_SURFACE('3946',#10453,3.2E-1);
#10455=ORIENTED_EDGE('4897',*,*,#8818,.T.);
#10457=ORIENTED_EDGE('4975',*,*,#10456,.F.);
#10459=ORIENTED_EDGE('4832',*,*,#10458,.F.);
#10460=ORIENTED_EDGE('4973',*,*,#10438,.T.);
#10461=EDGE_LOOP('3946',(#10455,#10457,#10459,#10460));
#10462=FACE_OUTER_BOUND('3946',#10461,.F.);
#10463=ADVANCED_FACE('3946',(#10462),#10454,.F.);
#10464=CARTESIAN_POINT('',(1.2475E1,-4.947695526217E0,-4.676955262170E-1));
#10465=DIRECTION('',(-1.E0,0.E0,0.E0));
#10466=DIRECTION('',(0.E0,0.E0,-1.E0));
#10467=AXIS2_PLACEMENT_3D('',#10464,#10465,#10466);
#10468=PLANE('3952',#10467);
#10469=ORIENTED_EDGE('4855',*,*,#8848,.F.);
#10471=ORIENTED_EDGE('4976',*,*,#10470,.T.);
#10473=ORIENTED_EDGE('4838',*,*,#10472,.F.);
#10475=ORIENTED_EDGE('4820',*,*,#10474,.F.);
#10476=ORIENTED_EDGE('4840',*,*,#10398,.T.);
#10477=ORIENTED_EDGE('4975',*,*,#10456,.T.);
#10478=ORIENTED_EDGE('4899',*,*,#8816,.F.);
#10479=EDGE_LOOP('3952',(#10469,#10471,#10473,#10475,#10476,#10477,#10478));
#10480=FACE_OUTER_BOUND('3952',#10479,.F.);
#10481=ADVANCED_FACE('3952',(#10480),#10468,.F.);
#10482=CARTESIAN_POINT('',(1.0075E1,-4.58E0,-1.E-1));
#10483=DIRECTION('',(1.E0,0.E0,0.E0));
#10484=DIRECTION('',(0.E0,1.E0,0.E0));
#10485=AXIS2_PLACEMENT_3D('',#10482,#10483,#10484);
#10486=CYLINDRICAL_SURFACE('4014',#10485,3.2E-1);
#10487=ORIENTED_EDGE('4853',*,*,#8846,.F.);
#10488=ORIENTED_EDGE('4974',*,*,#10445,.T.);
#10490=ORIENTED_EDGE('4833',*,*,#10489,.T.);
#10491=ORIENTED_EDGE('4976',*,*,#10470,.F.);
#10492=EDGE_LOOP('4014',(#10487,#10488,#10490,#10491));
#10493=FACE_OUTER_BOUND('4014',#10492,.F.);
#10494=ADVANCED_FACE('4014',(#10493),#10486,.F.);
#10495=CARTESIAN_POINT('',(1.0075E1,-4.58E0,-4.2E-1));
#10496=DIRECTION('',(0.E0,0.E0,-1.E0));
#10497=DIRECTION('',(0.E0,1.E0,0.E0));
#10498=AXIS2_PLACEMENT_3D('',#10495,#10496,#10497);
#10499=PLANE('3947',#10498);
#10501=ORIENTED_EDGE('4828',*,*,#10500,.T.);
#10503=ORIENTED_EDGE('4834',*,*,#10502,.T.);
#10505=ORIENTED_EDGE('4830',*,*,#10504,.F.);
#10506=ORIENTED_EDGE('4833',*,*,#10489,.F.);
#10507=EDGE_LOOP('3947',(#10501,#10503,#10505,#10506));
#10508=FACE_OUTER_BOUND('3947',#10507,.F.);
#10509=ADVANCED_FACE('3947',(#10508),#10499,.F.);
#10510=CARTESIAN_POINT('',(1.0075E1,-4.53E0,-6.2E-1));
#10511=DIRECTION('',(-1.E0,0.E0,0.E0));
#10512=DIRECTION('',(0.E0,1.E0,0.E0));
#10513=AXIS2_PLACEMENT_3D('',#10510,#10511,#10512);
#10514=PLANE('3948',#10513);
#10516=ORIENTED_EDGE('4817',*,*,#10515,.T.);
#10518=ORIENTED_EDGE('4836',*,*,#10517,.T.);
#10519=ORIENTED_EDGE('4828',*,*,#10500,.F.);
#10520=ORIENTED_EDGE('4835',*,*,#10443,.F.);
#10521=EDGE_LOOP('3948',(#10516,#10518,#10519,#10520));
#10522=FACE_OUTER_BOUND('3948',#10521,.F.);
#10523=ADVANCED_FACE('3948',(#10522),#10514,.T.);
#10524=CARTESIAN_POINT('',(1.0075E1,-4.58E0,-8.2E-1));
#10525=DIRECTION('',(0.E0,0.E0,-1.E0));
#10526=DIRECTION('',(0.E0,1.E0,0.E0));
#10527=AXIS2_PLACEMENT_3D('',#10524,#10525,#10526);
#10528=PLANE('3944',#10527);
#10529=ORIENTED_EDGE('4817',*,*,#10515,.F.);
#10531=ORIENTED_EDGE('4825',*,*,#10530,.T.);
#10533=ORIENTED_EDGE('4821',*,*,#10532,.T.);
#10535=ORIENTED_EDGE('4826',*,*,#10534,.F.);
#10536=EDGE_LOOP('3944',(#10529,#10531,#10533,#10535));
#10537=FACE_OUTER_BOUND('3944',#10536,.F.);
#10538=ADVANCED_FACE('3944',(#10537),#10528,.T.);
#10539=CARTESIAN_POINT('',(1.0075E1,-4.58E0,-1.E-1));
#10540=DIRECTION('',(1.E0,0.E0,0.E0));
#10541=DIRECTION('',(0.E0,1.E0,0.E0));
#10542=AXIS2_PLACEMENT_3D('',#10539,#10540,#10541);
#10543=CYLINDRICAL_SURFACE('3943',#10542,7.2E-1);
#10544=ORIENTED_EDGE('4816',*,*,#10441,.F.);
#10545=ORIENTED_EDGE('4824',*,*,#10412,.T.);
#10546=ORIENTED_EDGE('4820',*,*,#10474,.T.);
#10547=ORIENTED_EDGE('4825',*,*,#10530,.F.);
#10548=EDGE_LOOP('3943',(#10544,#10545,#10546,#10547));
#10549=FACE_OUTER_BOUND('3943',#10548,.F.);
#10550=ADVANCED_FACE('3943',(#10549),#10543,.T.);
#10551=CARTESIAN_POINT('',(1.2475E1,-4.53E0,-6.2E-1));
#10552=DIRECTION('',(-1.E0,0.E0,0.E0));
#10553=DIRECTION('',(0.E0,1.E0,0.E0));
#10554=AXIS2_PLACEMENT_3D('',#10551,#10552,#10553);
#10555=PLANE('3949',#10554);
#10556=ORIENTED_EDGE('4821',*,*,#10532,.F.);
#10557=ORIENTED_EDGE('4838',*,*,#10472,.T.);
#10558=ORIENTED_EDGE('4830',*,*,#10504,.T.);
#10560=ORIENTED_EDGE('4837',*,*,#10559,.F.);
#10561=EDGE_LOOP('3949',(#10556,#10557,#10558,#10560));
#10562=FACE_OUTER_BOUND('3949',#10561,.F.);
#10563=ADVANCED_FACE('3949',(#10562),#10555,.F.);
#10564=CARTESIAN_POINT('',(1.1275E1,-4.48E0,-6.2E-1));
#10565=DIRECTION('',(0.E0,1.E0,0.E0));
#10566=DIRECTION('',(1.E0,0.E0,0.E0));
#10567=AXIS2_PLACEMENT_3D('',#10564,#10565,#10566);
#10568=PLANE('3950',#10567);
#10569=ORIENTED_EDGE('4826',*,*,#10534,.T.);
#10570=ORIENTED_EDGE('4837',*,*,#10559,.T.);
#10571=ORIENTED_EDGE('4834',*,*,#10502,.F.);
#10572=ORIENTED_EDGE('4836',*,*,#10517,.F.);
#10573=EDGE_LOOP('3950',(#10569,#10570,#10571,#10572));
#10574=FACE_OUTER_BOUND('3950',#10573,.F.);
#10575=ADVANCED_FACE('3950',(#10574),#10568,.T.);
#10576=CARTESIAN_POINT('',(1.0075E1,-4.9E0,0.E0));
#10577=DIRECTION('',(0.E0,-1.E0,0.E0));
#10578=DIRECTION('',(0.E0,0.E0,-1.E0));
#10579=AXIS2_PLACEMENT_3D('',#10576,#10577,#10578);
#10580=PLANE('3945',#10579);
#10581=ORIENTED_EDGE('4827',*,*,#10425,.T.);
#10582=ORIENTED_EDGE('4832',*,*,#10458,.T.);
#10583=ORIENTED_EDGE('4829',*,*,#10396,.F.);
#10584=ORIENTED_EDGE('4831',*,*,#8799,.F.);
#10585=EDGE_LOOP('3945',(#10581,#10582,#10583,#10584));
#10586=FACE_OUTER_BOUND('3945',#10585,.F.);
#10587=ADVANCED_FACE('3945',(#10586),#10580,.F.);
#10588=CARTESIAN_POINT('',(9.9E0,-5.53E0,-2.E-1));
#10589=DIRECTION('',(1.E0,0.E0,0.E0));
#10590=DIRECTION('',(0.E0,1.E0,0.E0));
#10591=AXIS2_PLACEMENT_3D('',#10588,#10589,#10590);
#10592=PLANE('3740',#10591);
#10593=ORIENTED_EDGE('4900',*,*,#8793,.T.);
#10594=ORIENTED_EDGE('4944',*,*,#8824,.T.);
#10595=ORIENTED_EDGE('4338',*,*,#8841,.F.);
#10596=ORIENTED_EDGE('4924',*,*,#10032,.F.);
#10597=EDGE_LOOP('3740',(#10593,#10594,#10595,#10596));
#10598=FACE_OUTER_BOUND('3740',#10597,.F.);
#10599=ADVANCED_FACE('3740',(#10598),#10592,.T.);
#10600=CARTESIAN_POINT('',(-1.2495E1,0.E0,1.0825E0));
#10601=DIRECTION('',(0.E0,0.E0,-1.E0));
#10602=DIRECTION('',(1.E0,0.E0,0.E0));
#10603=AXIS2_PLACEMENT_3D('',#10600,#10601,#10602);
#10604=CYLINDRICAL_SURFACE('3983',#10603,2.5E0);
#10605=ORIENTED_EDGE('5072',*,*,#9804,.F.);
#10606=ORIENTED_EDGE('5080',*,*,#9756,.F.);
#10608=ORIENTED_EDGE('5041',*,*,#10607,.F.);
#10609=ORIENTED_EDGE('5079',*,*,#9752,.T.);
#10610=EDGE_LOOP('3983',(#10605,#10606,#10608,#10609));
#10611=FACE_OUTER_BOUND('3983',#10610,.F.);
#10612=ADVANCED_FACE('3983',(#10611),#10604,.T.);
#10613=CARTESIAN_POINT('',(-1.2495E1,0.E0,-5.9E0));
#10614=DIRECTION('',(0.E0,0.E0,-1.E0));
#10615=DIRECTION('',(1.E0,0.E0,0.E0));
#10616=AXIS2_PLACEMENT_3D('',#10613,#10614,#10615);
#10617=PLANE('3978',#10616);
#10618=ORIENTED_EDGE('5038',*,*,#9754,.F.);
#10619=ORIENTED_EDGE('5041',*,*,#10607,.T.);
#10620=EDGE_LOOP('3978',(#10618,#10619));
#10621=FACE_OUTER_BOUND('3978',#10620,.F.);
#10623=ORIENTED_EDGE('5040',*,*,#10622,.F.);
#10625=ORIENTED_EDGE('5037',*,*,#10624,.T.);
#10626=EDGE_LOOP('3978',(#10623,#10625));
#10627=FACE_BOUND('3978',#10626,.F.);
#10628=ADVANCED_FACE('3978',(#10621,#10627),#10617,.T.);
#10629=CARTESIAN_POINT('',(-1.2495E1,0.E0,1.0825E0));
#10630=DIRECTION('',(0.E0,0.E0,-1.E0));
#10631=DIRECTION('',(1.E0,0.E0,0.E0));
#10632=AXIS2_PLACEMENT_3D('',#10629,#10630,#10631);
#10633=CYLINDRICAL_SURFACE('3982',#10632,1.64E0);
#10635=ORIENTED_EDGE('5033',*,*,#10634,.T.);
#10636=ORIENTED_EDGE('5040',*,*,#10622,.T.);
#10638=ORIENTED_EDGE('5035',*,*,#10637,.F.);
#10640=ORIENTED_EDGE('5061',*,*,#10639,.F.);
#10641=EDGE_LOOP('3982',(#10635,#10636,#10638,#10640));
#10642=FACE_OUTER_BOUND('3982',#10641,.F.);
#10643=ADVANCED_FACE('3982',(#10642),#10633,.F.);
#10644=CARTESIAN_POINT('',(-1.2495E1,0.E0,1.0825E0));
#10645=DIRECTION('',(0.E0,0.E0,-1.E0));
#10646=DIRECTION('',(1.E0,0.E0,0.E0));
#10647=AXIS2_PLACEMENT_3D('',#10644,#10645,#10646);
#10648=CYLINDRICAL_SURFACE('3977',#10647,1.64E0);
#10649=ORIENTED_EDGE('5033',*,*,#10634,.F.);
#10651=ORIENTED_EDGE('5053',*,*,#10650,.T.);
#10652=ORIENTED_EDGE('5035',*,*,#10637,.T.);
#10653=ORIENTED_EDGE('5037',*,*,#10624,.F.);
#10654=EDGE_LOOP('3977',(#10649,#10651,#10652,#10653));
#10655=FACE_OUTER_BOUND('3977',#10654,.F.);
#10656=ADVANCED_FACE('3977',(#10655),#10648,.F.);
#10657=CARTESIAN_POINT('',(-1.2495E1,0.E0,6.5E-1));
#10658=DIRECTION('',(0.E0,0.E0,-1.E0));
#10659=DIRECTION('',(1.E0,0.E0,0.E0));
#10660=AXIS2_PLACEMENT_3D('',#10657,#10658,#10659);
#10661=TOROIDAL_SURFACE('3991',#10660,1.74E0,1.E-1);
#10663=ORIENTED_EDGE('5047',*,*,#10662,.F.);
#10665=ORIENTED_EDGE('5060',*,*,#10664,.T.);
#10667=ORIENTED_EDGE('5052',*,*,#10666,.T.);
#10668=ORIENTED_EDGE('5053',*,*,#10650,.F.);
#10669=EDGE_LOOP('3991',(#10663,#10665,#10667,#10668));
#10670=FACE_OUTER_BOUND('3991',#10669,.F.);
#10671=ADVANCED_FACE('3991',(#10670),#10661,.T.);
#10672=CARTESIAN_POINT('',(-1.2495E1,0.E0,6.5E-1));
#10673=DIRECTION('',(0.E0,0.E0,-1.E0));
#10674=DIRECTION('',(1.E0,0.E0,0.E0));
#10675=AXIS2_PLACEMENT_3D('',#10672,#10673,#10674);
#10676=TOROIDAL_SURFACE('3996',#10675,1.74E0,1.E-1);
#10677=ORIENTED_EDGE('5047',*,*,#10662,.T.);
#10678=ORIENTED_EDGE('5061',*,*,#10639,.T.);
#10679=ORIENTED_EDGE('5052',*,*,#10666,.F.);
#10681=ORIENTED_EDGE('5068',*,*,#10680,.F.);
#10682=EDGE_LOOP('3996',(#10677,#10678,#10679,#10681));
#10683=FACE_OUTER_BOUND('3996',#10682,.F.);
#10684=ADVANCED_FACE('3996',(#10683),#10676,.T.);
#10685=CARTESIAN_POINT('',(-1.2495E1,0.E0,7.5E-1));
#10686=DIRECTION('',(0.E0,0.E0,-1.E0));
#10687=DIRECTION('',(1.E0,0.E0,0.E0));
#10688=AXIS2_PLACEMENT_3D('',#10685,#10686,#10687);
#10689=PLANE('3990',#10688);
#10691=ORIENTED_EDGE('5067',*,*,#10690,.F.);
#10693=ORIENTED_EDGE('5059',*,*,#10692,.T.);
#10694=EDGE_LOOP('3990',(#10691,#10693));
#10695=FACE_OUTER_BOUND('3990',#10694,.F.);
#10696=ORIENTED_EDGE('5060',*,*,#10664,.F.);
#10697=ORIENTED_EDGE('5068',*,*,#10680,.T.);
#10698=EDGE_LOOP('3990',(#10696,#10697));
#10699=FACE_BOUND('3990',#10698,.F.);
#10700=ADVANCED_FACE('3990',(#10695,#10699),#10689,.F.);
#10701=CARTESIAN_POINT('',(-1.2495E1,0.E0,6.75E-1));
#10702=DIRECTION('',(0.E0,0.E0,-1.E0));
#10703=DIRECTION('',(1.E0,0.E0,0.E0));
#10704=AXIS2_PLACEMENT_3D('',#10701,#10702,#10703);
#10705=TOROIDAL_SURFACE('3995',#10704,2.25E0,7.5E-2);
#10707=ORIENTED_EDGE('5046',*,*,#10706,.T.);
#10708=ORIENTED_EDGE('5067',*,*,#10690,.T.);
#10710=ORIENTED_EDGE('5051',*,*,#10709,.F.);
#10712=ORIENTED_EDGE('5066',*,*,#10711,.F.);
#10713=EDGE_LOOP('3995',(#10707,#10708,#10710,#10712));
#10714=FACE_OUTER_BOUND('3995',#10713,.F.);
#10715=ADVANCED_FACE('3995',(#10714),#10705,.T.);
#10716=CARTESIAN_POINT('',(-1.2495E1,0.E0,6.75E-1));
#10717=DIRECTION('',(0.E0,0.E0,-1.E0));
#10718=DIRECTION('',(1.E0,0.E0,0.E0));
#10719=AXIS2_PLACEMENT_3D('',#10716,#10717,#10718);
#10720=TOROIDAL_SURFACE('3989',#10719,2.25E0,7.5E-2);
#10721=ORIENTED_EDGE('5046',*,*,#10706,.F.);
#10723=ORIENTED_EDGE('5058',*,*,#10722,.T.);
#10724=ORIENTED_EDGE('5051',*,*,#10709,.T.);
#10725=ORIENTED_EDGE('5059',*,*,#10692,.F.);
#10726=EDGE_LOOP('3989',(#10721,#10723,#10724,#10725));
#10727=FACE_OUTER_BOUND('3989',#10726,.F.);
#10728=ADVANCED_FACE('3989',(#10727),#10720,.T.);
#10729=CARTESIAN_POINT('',(-1.2495E1,0.E0,1.0825E0));
#10730=DIRECTION('',(0.E0,0.E0,-1.E0));
#10731=DIRECTION('',(1.E0,0.E0,0.E0));
#10732=AXIS2_PLACEMENT_3D('',#10729,#10730,#10731);
#10733=CYLINDRICAL_SURFACE('3988',#10732,2.325E0);
#10735=ORIENTED_EDGE('5045',*,*,#10734,.F.);
#10737=ORIENTED_EDGE('5057',*,*,#10736,.T.);
#10739=ORIENTED_EDGE('5050',*,*,#10738,.T.);
#10740=ORIENTED_EDGE('5058',*,*,#10722,.F.);
#10741=EDGE_LOOP('3988',(#10735,#10737,#10739,#10740));
#10742=FACE_OUTER_BOUND('3988',#10741,.F.);
#10743=ADVANCED_FACE('3988',(#10742),#10733,.T.);
#10744=CARTESIAN_POINT('',(-1.2495E1,0.E0,1.0825E0));
#10745=DIRECTION('',(0.E0,0.E0,-1.E0));
#10746=DIRECTION('',(1.E0,0.E0,0.E0));
#10747=AXIS2_PLACEMENT_3D('',#10744,#10745,#10746);
#10748=CYLINDRICAL_SURFACE('3994',#10747,2.325E0);
#10749=ORIENTED_EDGE('5045',*,*,#10734,.T.);
#10750=ORIENTED_EDGE('5066',*,*,#10711,.T.);
#10751=ORIENTED_EDGE('5050',*,*,#10738,.F.);
#10753=ORIENTED_EDGE('5065',*,*,#10752,.F.);
#10754=EDGE_LOOP('3994',(#10749,#10750,#10751,#10753));
#10755=FACE_OUTER_BOUND('3994',#10754,.F.);
#10756=ADVANCED_FACE('3994',(#10755),#10748,.T.);
#10757=CARTESIAN_POINT('',(-1.2495E1,0.E0,6.25E-1));
#10758=DIRECTION('',(0.E0,0.E0,-1.E0));
#10759=DIRECTION('',(1.E0,0.E0,0.E0));
#10760=AXIS2_PLACEMENT_3D('',#10757,#10758,#10759);
#10761=TOROIDAL_SURFACE('3993',#10760,2.25E0,7.5E-2);
#10763=ORIENTED_EDGE('5044',*,*,#10762,.T.);
#10764=ORIENTED_EDGE('5065',*,*,#10752,.T.);
#10766=ORIENTED_EDGE('5049',*,*,#10765,.F.);
#10768=ORIENTED_EDGE('5064',*,*,#10767,.F.);
#10769=EDGE_LOOP('3993',(#10763,#10764,#10766,#10768));
#10770=FACE_OUTER_BOUND('3993',#10769,.F.);
#10771=ADVANCED_FACE('3993',(#10770),#10761,.T.);
#10772=CARTESIAN_POINT('',(-1.2495E1,0.E0,6.25E-1));
#10773=DIRECTION('',(0.E0,0.E0,-1.E0));
#10774=DIRECTION('',(1.E0,0.E0,0.E0));
#10775=AXIS2_PLACEMENT_3D('',#10772,#10773,#10774);
#10776=TOROIDAL_SURFACE('3987',#10775,2.25E0,7.5E-2);
#10777=ORIENTED_EDGE('5044',*,*,#10762,.F.);
#10779=ORIENTED_EDGE('5056',*,*,#10778,.T.);
#10780=ORIENTED_EDGE('5049',*,*,#10765,.T.);
#10781=ORIENTED_EDGE('5057',*,*,#10736,.F.);
#10782=EDGE_LOOP('3987',(#10777,#10779,#10780,#10781));
#10783=FACE_OUTER_BOUND('3987',#10782,.F.);
#10784=ADVANCED_FACE('3987',(#10783),#10776,.T.);
#10785=CARTESIAN_POINT('',(-1.2495E1,0.E0,5.5E-1));
#10786=DIRECTION('',(0.E0,0.E0,-1.E0));
#10787=DIRECTION('',(1.E0,0.E0,0.E0));
#10788=AXIS2_PLACEMENT_3D('',#10785,#10786,#10787);
#10789=PLANE('3986',#10788);
#10790=ORIENTED_EDGE('5056',*,*,#10778,.F.);
#10791=ORIENTED_EDGE('5064',*,*,#10767,.T.);
#10792=EDGE_LOOP('3986',(#10790,#10791));
#10793=FACE_OUTER_BOUND('3986',#10792,.F.);
#10795=ORIENTED_EDGE('5063',*,*,#10794,.F.);
#10797=ORIENTED_EDGE('5055',*,*,#10796,.T.);
#10798=EDGE_LOOP('3986',(#10795,#10797));
#10799=FACE_BOUND('3986',#10798,.F.);
#10800=ADVANCED_FACE('3986',(#10793,#10799),#10789,.T.);
#10801=CARTESIAN_POINT('',(-1.2495E1,0.E0,5.E-1));
#10802=DIRECTION('',(0.E0,0.E0,-1.E0));
#10803=DIRECTION('',(1.E0,0.E0,0.E0));
#10804=AXIS2_PLACEMENT_3D('',#10801,#10802,#10803);
#10805=TOROIDAL_SURFACE('3992',#10804,1.9E0,5.E-2);
#10807=ORIENTED_EDGE('5043',*,*,#10806,.T.);
#10808=ORIENTED_EDGE('5063',*,*,#10794,.T.);
#10810=ORIENTED_EDGE('5048',*,*,#10809,.F.);
#10812=ORIENTED_EDGE('5062',*,*,#10811,.F.);
#10813=EDGE_LOOP('3992',(#10807,#10808,#10810,#10812));
#10814=FACE_OUTER_BOUND('3992',#10813,.F.);
#10815=ADVANCED_FACE('3992',(#10814),#10805,.F.);
#10816=CARTESIAN_POINT('',(-1.2495E1,0.E0,5.E-1));
#10817=DIRECTION('',(0.E0,0.E0,-1.E0));
#10818=DIRECTION('',(1.E0,0.E0,0.E0));
#10819=AXIS2_PLACEMENT_3D('',#10816,#10817,#10818);
#10820=TOROIDAL_SURFACE('3985',#10819,1.9E0,5.E-2);
#10821=ORIENTED_EDGE('5043',*,*,#10806,.F.);
#10823=ORIENTED_EDGE('5054',*,*,#10822,.T.);
#10824=ORIENTED_EDGE('5048',*,*,#10809,.T.);
#10825=ORIENTED_EDGE('5055',*,*,#10796,.F.);
#10826=EDGE_LOOP('3985',(#10821,#10823,#10824,#10825));
#10827=FACE_OUTER_BOUND('3985',#10826,.F.);
#10828=ADVANCED_FACE('3985',(#10827),#10820,.F.);
#10829=CARTESIAN_POINT('',(-1.2495E1,0.E0,1.0825E0));
#10830=DIRECTION('',(0.E0,0.E0,-1.E0));
#10831=DIRECTION('',(1.E0,0.E0,0.E0));
#10832=AXIS2_PLACEMENT_3D('',#10829,#10830,#10831);
#10833=CYLINDRICAL_SURFACE('3981',#10832,1.85E0);
#10835=ORIENTED_EDGE('5034',*,*,#10834,.F.);
#10837=ORIENTED_EDGE('5039',*,*,#10836,.T.);
#10839=ORIENTED_EDGE('5036',*,*,#10838,.T.);
#10840=ORIENTED_EDGE('5054',*,*,#10822,.F.);
#10841=EDGE_LOOP('3981',(#10835,#10837,#10839,#10840));
#10842=FACE_OUTER_BOUND('3981',#10841,.F.);
#10843=ADVANCED_FACE('3981',(#10842),#10833,.T.);
#10844=CARTESIAN_POINT('',(-1.2495E1,0.E0,1.0825E0));
#10845=DIRECTION('',(0.E0,0.E0,-1.E0));
#10846=DIRECTION('',(1.E0,0.E0,0.E0));
#10847=AXIS2_PLACEMENT_3D('',#10844,#10845,#10846);
#10848=CYLINDRICAL_SURFACE('3984',#10847,1.85E0);
#10849=ORIENTED_EDGE('5034',*,*,#10834,.T.);
#10850=ORIENTED_EDGE('5062',*,*,#10811,.T.);
#10851=ORIENTED_EDGE('5036',*,*,#10838,.F.);
#10853=ORIENTED_EDGE('5042',*,*,#10852,.F.);
#10854=EDGE_LOOP('3984',(#10849,#10850,#10851,#10853));
#10855=FACE_OUTER_BOUND('3984',#10854,.F.);
#10856=ADVANCED_FACE('3984',(#10855),#10848,.T.);
#10857=CARTESIAN_POINT('',(-1.2495E1,0.E0,-4.E-1));
#10858=DIRECTION('',(0.E0,0.E0,-1.E0));
#10859=DIRECTION('',(1.E0,0.E0,0.E0));
#10860=AXIS2_PLACEMENT_3D('',#10857,#10858,#10859);
#10861=PLANE('3980',#10860);
#10863=ORIENTED_EDGE('5073',*,*,#10862,.F.);
#10865=ORIENTED_EDGE('5074',*,*,#10864,.F.);
#10866=EDGE_LOOP('3980',(#10863,#10865));
#10867=FACE_OUTER_BOUND('3980',#10866,.F.);
#10868=ORIENTED_EDGE('5039',*,*,#10836,.F.);
#10869=ORIENTED_EDGE('5042',*,*,#10852,.T.);
#10870=EDGE_LOOP('3980',(#10868,#10869));
#10871=FACE_BOUND('3980',#10870,.F.);
#10872=ADVANCED_FACE('3980',(#10867,#10871),#10861,.F.);
#10873=CARTESIAN_POINT('',(-1.2495E1,0.E0,-2.E-1));
#10874=DIRECTION('',(0.E0,0.E0,1.E0));
#10875=DIRECTION('',(1.E0,0.E0,0.E0));
#10876=AXIS2_PLACEMENT_3D('',#10873,#10874,#10875);
#10877=CYLINDRICAL_SURFACE('3702',#10876,2.05E0);
#10878=ORIENTED_EDGE('5073',*,*,#10862,.T.);
#10880=ORIENTED_EDGE('5077',*,*,#10879,.F.);
#10882=ORIENTED_EDGE('4891',*,*,#10881,.F.);
#10884=ORIENTED_EDGE('5078',*,*,#10883,.T.);
#10885=EDGE_LOOP('3702',(#10878,#10880,#10882,#10884));
#10886=FACE_OUTER_BOUND('3702',#10885,.F.);
#10887=ADVANCED_FACE('3702',(#10886),#10877,.F.);
#10888=CARTESIAN_POINT('',(-1.2495E1,0.E0,-2.E-1));
#10889=DIRECTION('',(0.E0,0.E0,1.E0));
#10890=DIRECTION('',(-1.E0,0.E0,0.E0));
#10891=AXIS2_PLACEMENT_3D('',#10888,#10889,#10890);
#10892=CYLINDRICAL_SURFACE('3703',#10891,2.05E0);
#10893=ORIENTED_EDGE('5074',*,*,#10864,.T.);
#10894=ORIENTED_EDGE('5078',*,*,#10883,.F.);
#10896=ORIENTED_EDGE('4892',*,*,#10895,.F.);
#10897=ORIENTED_EDGE('5077',*,*,#10879,.T.);
#10898=EDGE_LOOP('3703',(#10893,#10894,#10896,#10897));
#10899=FACE_OUTER_BOUND('3703',#10898,.F.);
#10900=ADVANCED_FACE('3703',(#10899),#10892,.F.);
#10901=CARTESIAN_POINT('',(0.E0,0.E0,0.E0));
#10902=DIRECTION('',(0.E0,0.E0,-1.E0));
#10903=DIRECTION('',(-1.E0,0.E0,0.E0));
#10904=AXIS2_PLACEMENT_3D('',#10901,#10902,#10903);
#10905=PLANE('4010',#10904);
#10906=ORIENTED_EDGE('4891',*,*,#10881,.T.);
#10907=ORIENTED_EDGE('4892',*,*,#10895,.T.);
#10908=EDGE_LOOP('4010',(#10906,#10907));
#10909=FACE_OUTER_BOUND('4010',#10908,.F.);
#10911=ORIENTED_EDGE('4575',*,*,#10910,.T.);
#10913=ORIENTED_EDGE('4576',*,*,#10912,.T.);
#10914=EDGE_LOOP('4010',(#10911,#10913));
#10915=FACE_BOUND('4010',#10914,.F.);
#10916=ADVANCED_FACE('4010',(#10909,#10915),#10905,.T.);
#10917=CARTESIAN_POINT('',(-1.2495E1,0.E0,2.E-1));
#10918=DIRECTION('',(0.E0,0.E0,-1.E0));
#10919=DIRECTION('',(-1.E0,0.E0,0.E0));
#10920=AXIS2_PLACEMENT_3D('',#10917,#10918,#10919);
#10921=CYLINDRICAL_SURFACE('3874',#10920,1.95E0);
#10922=ORIENTED_EDGE('4575',*,*,#10910,.F.);
#10924=ORIENTED_EDGE('4651',*,*,#10923,.T.);
#10925=ORIENTED_EDGE('4604',*,*,#8672,.T.);
#10927=ORIENTED_EDGE('4650',*,*,#10926,.F.);
#10928=EDGE_LOOP('3874',(#10922,#10924,#10925,#10927));
#10929=FACE_OUTER_BOUND('3874',#10928,.F.);
#10930=ADVANCED_FACE('3874',(#10929),#10921,.F.);
#10931=CARTESIAN_POINT('',(-1.2495E1,0.E0,2.E-1));
#10932=DIRECTION('',(0.E0,0.E0,-1.E0));
#10933=DIRECTION('',(1.E0,0.E0,0.E0));
#10934=AXIS2_PLACEMENT_3D('',#10931,#10932,#10933);
#10935=CYLINDRICAL_SURFACE('3875',#10934,1.95E0);
#10936=ORIENTED_EDGE('4576',*,*,#10912,.F.);
#10937=ORIENTED_EDGE('4650',*,*,#10926,.T.);
#10938=ORIENTED_EDGE('4605',*,*,#8674,.T.);
#10939=ORIENTED_EDGE('4651',*,*,#10923,.F.);
#10940=EDGE_LOOP('3875',(#10936,#10937,#10938,#10939));
#10941=FACE_OUTER_BOUND('3875',#10940,.F.);
#10942=ADVANCED_FACE('3875',(#10941),#10935,.F.);
#10943=CARTESIAN_POINT('',(8.082536591950E0,-5.492461180030E0,
-4.373959798681E0));
#10944=DIRECTION('',(9.842078347377E-1,-1.735423958889E-1,-3.489949670250E-2));
#10945=DIRECTION('',(-1.736481776669E-1,-9.848077530122E-1,0.E0));
#10946=AXIS2_PLACEMENT_3D('',#10943,#10944,#10945);
#10947=PLANE('3651',#10946);
#10948=ORIENTED_EDGE('4199',*,*,#9246,.F.);
#10949=ORIENTED_EDGE('4194',*,*,#9683,.T.);
#10950=ORIENTED_EDGE('4201',*,*,#7582,.T.);
#10951=ORIENTED_EDGE('4200',*,*,#7620,.F.);
#10952=EDGE_LOOP('3651',(#10948,#10949,#10950,#10951));
#10953=FACE_OUTER_BOUND('3651',#10952,.F.);
#10954=ADVANCED_FACE('3651',(#10953),#10947,.T.);
#10955=CARTESIAN_POINT('',(-1.0075E1,5.1E0,0.E0));
#10956=DIRECTION('',(-1.E0,0.E0,0.E0));
#10957=DIRECTION('',(0.E0,-1.E0,0.E0));
#10958=AXIS2_PLACEMENT_3D('',#10955,#10956,#10957);
#10959=CYLINDRICAL_SURFACE('3909',#10958,4.E-1);
#10960=ORIENTED_EDGE('4758',*,*,#8578,.F.);
#10961=ORIENTED_EDGE('4766',*,*,#8638,.T.);
#10962=ORIENTED_EDGE('4762',*,*,#8509,.T.);
#10963=ORIENTED_EDGE('4767',*,*,#8537,.F.);
#10964=EDGE_LOOP('3909',(#10960,#10961,#10962,#10963));
#10965=FACE_OUTER_BOUND('3909',#10964,.F.);
#10966=ADVANCED_FACE('3909',(#10965),#10959,.T.);
#10967=CARTESIAN_POINT('',(-5.889803687108E0,1.685E0,1.2E0));
#10968=DIRECTION('',(0.E0,0.E0,-1.E0));
#10969=DIRECTION('',(6.394563195289E-2,9.979533837581E-1,0.E0));
#10970=AXIS2_PLACEMENT_3D('',#10967,#10968,#10969);
#10971=TOROIDAL_SURFACE('3866',#10970,3.998827377566E0,8.E-1);
#10972=ORIENTED_EDGE('4681',*,*,#8648,.F.);
#10974=ORIENTED_EDGE('4687',*,*,#10973,.T.);
#10976=ORIENTED_EDGE('4619',*,*,#10975,.T.);
#10978=ORIENTED_EDGE('4630',*,*,#10977,.F.);
#10979=EDGE_LOOP('3866',(#10972,#10974,#10976,#10978));
#10980=FACE_OUTER_BOUND('3866',#10979,.F.);
#10981=ADVANCED_FACE('3866',(#10980),#10971,.F.);
#10982=CARTESIAN_POINT('',(6.013091856513E0,5.683827377567E0,1.2E0));
#10983=DIRECTION('',(-1.E0,0.E0,0.E0));
#10984=DIRECTION('',(0.E0,0.E0,-1.E0));
#10985=AXIS2_PLACEMENT_3D('',#10982,#10983,#10984);
#10986=CYLINDRICAL_SURFACE('3865',#10985,8.E-1);
#10987=ORIENTED_EDGE('4682',*,*,#8662,.F.);
#10989=ORIENTED_EDGE('4688',*,*,#10988,.T.);
#10991=ORIENTED_EDGE('4613',*,*,#10990,.T.);
#10992=ORIENTED_EDGE('4687',*,*,#10973,.F.);
#10993=EDGE_LOOP('3865',(#10987,#10989,#10991,#10992));
#10994=FACE_OUTER_BOUND('3865',#10993,.F.);
#10995=ADVANCED_FACE('3865',(#10994),#10986,.F.);
#10996=CARTESIAN_POINT('',(5.889803687108E0,1.685E0,1.2E0));
#10997=DIRECTION('',(0.E0,0.E0,-1.E0));
#10998=DIRECTION('',(9.716881870113E-1,-2.362669406046E-1,0.E0));
#10999=AXIS2_PLACEMENT_3D('',#10996,#10997,#10998);
#11000=TOROIDAL_SURFACE('3872',#10999,3.998827377567E0,8.E-1);
#11001=ORIENTED_EDGE('4683',*,*,#8660,.F.);
#11003=ORIENTED_EDGE('4634',*,*,#11002,.T.);
#11005=ORIENTED_EDGE('4606',*,*,#11004,.T.);
#11006=ORIENTED_EDGE('4688',*,*,#10988,.F.);
#11007=EDGE_LOOP('3872',(#11001,#11003,#11005,#11006));
#11008=FACE_OUTER_BOUND('3872',#11007,.F.);
#11009=ADVANCED_FACE('3872',(#11008),#11000,.F.);
#11010=CARTESIAN_POINT('',(9.247514596702E0,-2.300804232004E0,1.2E0));
#11011=DIRECTION('',(1.736481776669E-1,9.848077530122E-1,0.E0));
#11012=DIRECTION('',(0.E0,0.E0,-1.E0));
#11013=AXIS2_PLACEMENT_3D('',#11010,#11011,#11012);
#11014=CYLINDRICAL_SURFACE('3871',#11013,8.E-1);
#11015=ORIENTED_EDGE('4633',*,*,#8658,.F.);
#11017=ORIENTED_EDGE('4632',*,*,#11016,.T.);
#11019=ORIENTED_EDGE('4610',*,*,#11018,.T.);
#11020=ORIENTED_EDGE('4634',*,*,#11002,.F.);
#11021=EDGE_LOOP('3871',(#11015,#11017,#11019,#11020));
#11022=FACE_OUTER_BOUND('3871',#11021,.F.);
#11023=ADVANCED_FACE('3871',(#11022),#11014,.F.);
#11024=CARTESIAN_POINT('',(5.330847158262E0,-1.485E0,1.2E0));
#11025=DIRECTION('',(0.E0,0.E0,-1.E0));
#11026=DIRECTION('',(-6.394563195289E-2,-9.979533837581E-1,0.E0));
#11027=AXIS2_PLACEMENT_3D('',#11024,#11025,#11026);
#11028=TOROIDAL_SURFACE('3870',#11027,3.998827377566E0,8.E-1);
#11029=ORIENTED_EDGE('4684',*,*,#8656,.F.);
#11031=ORIENTED_EDGE('4690',*,*,#11030,.T.);
#11033=ORIENTED_EDGE('4616',*,*,#11032,.T.);
#11034=ORIENTED_EDGE('4632',*,*,#11016,.F.);
#11035=EDGE_LOOP('3870',(#11029,#11031,#11033,#11034));
#11036=FACE_OUTER_BOUND('3870',#11035,.F.);
#11037=ADVANCED_FACE('3870',(#11036),#11028,.F.);
#11038=CARTESIAN_POINT('',(-5.454135327667E0,-5.483827377567E0,1.2E0));
#11039=DIRECTION('',(1.E0,0.E0,0.E0));
#11040=DIRECTION('',(0.E0,0.E0,-1.E0));
#11041=AXIS2_PLACEMENT_3D('',#11038,#11039,#11040);
#11042=CYLINDRICAL_SURFACE('3869',#11041,8.E-1);
#11043=ORIENTED_EDGE('4685',*,*,#8654,.F.);
#11045=ORIENTED_EDGE('4689',*,*,#11044,.T.);
#11047=ORIENTED_EDGE('4622',*,*,#11046,.T.);
#11048=ORIENTED_EDGE('4690',*,*,#11030,.F.);
#11049=EDGE_LOOP('3869',(#11043,#11045,#11047,#11048));
#11050=FACE_OUTER_BOUND('3869',#11049,.F.);
#11051=ADVANCED_FACE('3869',(#11050),#11042,.F.);
#11052=CARTESIAN_POINT('',(-5.330847158262E0,-1.485E0,1.2E0));
#11053=DIRECTION('',(0.E0,0.E0,-1.E0));
#11054=DIRECTION('',(-9.938962719281E-1,-1.103186323677E-1,0.E0));
#11055=AXIS2_PLACEMENT_3D('',#11052,#11053,#11054);
#11056=TOROIDAL_SURFACE('3868',#11055,3.998827377566E0,8.E-1);
#11057=ORIENTED_EDGE('4686',*,*,#8652,.F.);
#11059=ORIENTED_EDGE('4631',*,*,#11058,.T.);
#11061=ORIENTED_EDGE('4628',*,*,#11060,.T.);
#11062=ORIENTED_EDGE('4689',*,*,#11044,.F.);
#11063=EDGE_LOOP('3868',(#11057,#11059,#11061,#11062));
#11064=FACE_OUTER_BOUND('3868',#11063,.F.);
#11065=ADVANCED_FACE('3868',(#11064),#11056,.F.);
#11066=CARTESIAN_POINT('',(-9.849288657438E0,1.112026058166E0,1.2E0));
#11067=DIRECTION('',(1.736481776669E-1,-9.848077530122E-1,0.E0));
#11068=DIRECTION('',(0.E0,0.E0,-1.E0));
#11069=AXIS2_PLACEMENT_3D('',#11066,#11067,#11068);
#11070=CYLINDRICAL_SURFACE('3867',#11069,8.E-1);
#11071=ORIENTED_EDGE('4603',*,*,#8650,.F.);
#11072=ORIENTED_EDGE('4630',*,*,#10977,.T.);
#11074=ORIENTED_EDGE('4625',*,*,#11073,.T.);
#11075=ORIENTED_EDGE('4631',*,*,#11058,.F.);
#11076=EDGE_LOOP('3867',(#11071,#11072,#11074,#11075));
#11077=FACE_OUTER_BOUND('3867',#11076,.F.);
#11078=ADVANCED_FACE('3867',(#11077),#11070,.F.);
#11079=CARTESIAN_POINT('',(-7.963998496604E0,-3.941740310702E0,
6.313959798681E0));
#11080=DIRECTION('',(-9.842078347377E-1,-1.735423958889E-1,3.489949670250E-2));
#11081=DIRECTION('',(1.736481776669E-1,-9.848077530122E-1,0.E0));
#11082=AXIS2_PLACEMENT_3D('',#11079,#11080,#11081);
#11083=PLANE('3855',#11082);
#11084=ORIENTED_EDGE('4625',*,*,#11073,.F.);
#11086=ORIENTED_EDGE('4620',*,*,#11085,.T.);
#11088=ORIENTED_EDGE('4627',*,*,#11087,.T.);
#11090=ORIENTED_EDGE('4626',*,*,#11089,.F.);
#11091=EDGE_LOOP('3855',(#11084,#11086,#11088,#11090));
#11092=FACE_OUTER_BOUND('3855',#11091,.F.);
#11093=ADVANCED_FACE('3855',(#11092),#11083,.T.);
#11094=CARTESIAN_POINT('',(-5.889803687108E0,1.685E0,3.156979899340E0));
#11095=DIRECTION('',(0.E0,0.E0,-1.E0));
#11096=DIRECTION('',(-1.E0,0.E0,0.E0));
#11097=AXIS2_PLACEMENT_3D('',#11094,#11095,#11096);
#11098=CONICAL_SURFACE('3853',#11097,3.130000498163E0,2.E0);
#11099=ORIENTED_EDGE('4619',*,*,#10975,.F.);
#11101=ORIENTED_EDGE('4614',*,*,#11100,.T.);
#11103=ORIENTED_EDGE('4621',*,*,#11102,.T.);
#11104=ORIENTED_EDGE('4620',*,*,#11085,.F.);
#11105=EDGE_LOOP('3853',(#11099,#11101,#11103,#11104));
#11106=FACE_OUTER_BOUND('3853',#11105,.F.);
#11107=ADVANCED_FACE('3853',(#11106),#11098,.T.);
#11108=CARTESIAN_POINT('',(-7.851978660800E0,4.704756330808E0,
6.313959798681E0));
#11109=DIRECTION('',(0.E0,9.993908270191E-1,3.489949670250E-2));
#11110=DIRECTION('',(-1.E0,0.E0,0.E0));
#11111=AXIS2_PLACEMENT_3D('',#11108,#11109,#11110);
#11112=PLANE('3851',#11111);
#11113=ORIENTED_EDGE('4613',*,*,#10990,.F.);
#11115=ORIENTED_EDGE('4607',*,*,#11114,.T.);
#11117=ORIENTED_EDGE('4615',*,*,#11116,.T.);
#11118=ORIENTED_EDGE('4614',*,*,#11100,.F.);
#11119=EDGE_LOOP('3851',(#11113,#11115,#11117,#11118));
#11120=FACE_OUTER_BOUND('3851',#11119,.F.);
#11121=ADVANCED_FACE('3851',(#11120),#11112,.T.);
#11122=CARTESIAN_POINT('',(5.889803687108E0,1.685E0,3.156979899340E0));
#11123=DIRECTION('',(0.E0,0.E0,-1.E0));
#11124=DIRECTION('',(-1.E0,0.E0,0.E0));
#11125=AXIS2_PLACEMENT_3D('',#11122,#11123,#11124);
#11126=CONICAL_SURFACE('3849',#11125,3.130000498163E0,2.E0);
#11127=ORIENTED_EDGE('4606',*,*,#11004,.F.);
#11129=ORIENTED_EDGE('4609',*,*,#11128,.T.);
#11131=ORIENTED_EDGE('4608',*,*,#11130,.T.);
#11132=ORIENTED_EDGE('4607',*,*,#11114,.F.);
#11133=EDGE_LOOP('3849',(#11127,#11129,#11131,#11132));
#11134=FACE_OUTER_BOUND('3849',#11133,.F.);
#11135=ADVANCED_FACE('3849',(#11134),#11126,.T.);
#11136=CARTESIAN_POINT('',(9.204411242340E0,3.092989943016E0,6.313959798681E0));
#11137=DIRECTION('',(9.842078347377E-1,-1.735423958889E-1,3.489949670250E-2));
#11138=DIRECTION('',(1.736481776669E-1,9.848077530122E-1,0.E0));
#11139=AXIS2_PLACEMENT_3D('',#11136,#11137,#11138);
#11140=PLANE('3850',#11139);
#11141=ORIENTED_EDGE('4610',*,*,#11018,.F.);
#11143=ORIENTED_EDGE('4612',*,*,#11142,.T.);
#11145=ORIENTED_EDGE('4611',*,*,#11144,.T.);
#11146=ORIENTED_EDGE('4609',*,*,#11128,.F.);
#11147=EDGE_LOOP('3850',(#11141,#11143,#11145,#11146));
#11148=FACE_OUTER_BOUND('3850',#11147,.F.);
#11149=ADVANCED_FACE('3850',(#11148),#11140,.T.);
#11150=CARTESIAN_POINT('',(5.330847158262E0,-1.485E0,3.156979899340E0));
#11151=DIRECTION('',(0.E0,0.E0,-1.E0));
#11152=DIRECTION('',(-1.E0,0.E0,0.E0));
#11153=AXIS2_PLACEMENT_3D('',#11150,#11151,#11152);
#11154=CONICAL_SURFACE('3852',#11153,3.130000498163E0,2.E0);
#11155=ORIENTED_EDGE('4616',*,*,#11032,.F.);
#11157=ORIENTED_EDGE('4618',*,*,#11156,.T.);
#11159=ORIENTED_EDGE('4617',*,*,#11158,.T.);
#11160=ORIENTED_EDGE('4612',*,*,#11142,.F.);
#11161=EDGE_LOOP('3852',(#11155,#11157,#11159,#11160));
#11162=FACE_OUTER_BOUND('3852',#11161,.F.);
#11163=ADVANCED_FACE('3852',(#11162),#11154,.T.);
#11164=CARTESIAN_POINT('',(7.293022131955E0,-4.504756330808E0,
6.313959798681E0));
#11165=DIRECTION('',(0.E0,-9.993908270191E-1,3.489949670250E-2));
#11166=DIRECTION('',(1.E0,0.E0,0.E0));
#11167=AXIS2_PLACEMENT_3D('',#11164,#11165,#11166);
#11168=PLANE('3854',#11167);
#11169=ORIENTED_EDGE('4622',*,*,#11046,.F.);
#11171=ORIENTED_EDGE('4624',*,*,#11170,.T.);
#11173=ORIENTED_EDGE('4623',*,*,#11172,.T.);
#11174=ORIENTED_EDGE('4618',*,*,#11156,.F.);
#11175=EDGE_LOOP('3854',(#11169,#11171,#11173,#11174));
#11176=FACE_OUTER_BOUND('3854',#11175,.F.);
#11177=ADVANCED_FACE('3854',(#11176),#11168,.T.);
#11178=CARTESIAN_POINT('',(-5.330847158262E0,-1.485E0,3.156979899340E0));
#11179=DIRECTION('',(0.E0,0.E0,-1.E0));
#11180=DIRECTION('',(-1.E0,0.E0,0.E0));
#11181=AXIS2_PLACEMENT_3D('',#11178,#11179,#11180);
#11182=CONICAL_SURFACE('3856',#11181,3.130000498163E0,2.E0);
#11183=ORIENTED_EDGE('4628',*,*,#11060,.F.);
#11184=ORIENTED_EDGE('4626',*,*,#11089,.T.);
#11186=ORIENTED_EDGE('4629',*,*,#11185,.T.);
#11187=ORIENTED_EDGE('4624',*,*,#11170,.F.);
#11188=EDGE_LOOP('3856',(#11183,#11184,#11186,#11187));
#11189=FACE_OUTER_BOUND('3856',#11188,.F.);
#11190=ADVANCED_FACE('3856',(#11189),#11182,.T.);
#11191=CARTESIAN_POINT('',(-5.330847158262E0,-1.485E0,5.1E0));
#11192=DIRECTION('',(0.E0,0.E0,-1.E0));
#11193=DIRECTION('',(-9.938962719281E-1,-1.103186323677E-1,0.E0));
#11194=AXIS2_PLACEMENT_3D('',#11191,#11192,#11193);
#11195=TOROIDAL_SURFACE('3860',#11194,1.861417287951E0,1.2E0);
#11197=ORIENTED_EDGE('4704',*,*,#11196,.F.);
#11199=ORIENTED_EDGE('4721',*,*,#11198,.T.);
#11200=ORIENTED_EDGE('4629',*,*,#11185,.F.);
#11202=ORIENTED_EDGE('4720',*,*,#11201,.F.);
#11203=EDGE_LOOP('3860',(#11197,#11199,#11200,#11202));
#11204=FACE_OUTER_BOUND('3860',#11203,.F.);
#11205=ADVANCED_FACE('3860',(#11204),#11195,.T.);
#11206=CARTESIAN_POINT('',(-5.330847158262E0,-1.485E0,0.E0));
#11207=DIRECTION('',(0.E0,0.E0,-1.E0));
#11208=DIRECTION('',(-1.E0,0.E0,0.E0));
#11209=AXIS2_PLACEMENT_3D('',#11206,#11207,#11208);
#11210=CYLINDRICAL_SURFACE('3889',#11209,2.660929947979E0);
#11212=ORIENTED_EDGE('4700',*,*,#11211,.F.);
#11214=ORIENTED_EDGE('4729',*,*,#11213,.T.);
#11215=ORIENTED_EDGE('4704',*,*,#11196,.T.);
#11217=ORIENTED_EDGE('4730',*,*,#11216,.F.);
#11218=EDGE_LOOP('3889',(#11212,#11214,#11215,#11217));
#11219=FACE_OUTER_BOUND('3889',#11218,.F.);
#11220=ADVANCED_FACE('3889',(#11219),#11210,.F.);
#11221=CARTESIAN_POINT('',(-5.330847158262E0,-1.485E0,3.143020124473E0));
#11222=DIRECTION('',(0.E0,0.E0,-1.E0));
#11223=DIRECTION('',(-1.E0,0.E0,0.E0));
#11224=AXIS2_PLACEMENT_3D('',#11221,#11222,#11223);
#11225=CONICAL_SURFACE('3839',#11224,2.730244166523E0,2.E0);
#11226=ORIENTED_EDGE('4700',*,*,#11211,.T.);
#11228=ORIENTED_EDGE('4716',*,*,#11227,.F.);
#11230=ORIENTED_EDGE('4584',*,*,#11229,.T.);
#11232=ORIENTED_EDGE('4715',*,*,#11231,.T.);
#11233=EDGE_LOOP('3839',(#11226,#11228,#11230,#11232));
#11234=FACE_OUTER_BOUND('3839',#11233,.F.);
#11235=ADVANCED_FACE('3839',(#11234),#11225,.F.);
#11236=CARTESIAN_POINT('',(-7.570315362709E0,-3.872323352346E0,6.3E0));
#11237=DIRECTION('',(-9.842078347377E-1,-1.735423958889E-1,3.489949670250E-2));
#11238=DIRECTION('',(1.736481776669E-1,-9.848077530122E-1,0.E0));
#11239=AXIS2_PLACEMENT_3D('',#11236,#11237,#11238);
#11240=PLANE('3838',#11239);
#11242=ORIENTED_EDGE('4699',*,*,#11241,.F.);
#11244=ORIENTED_EDGE('4714',*,*,#11243,.F.);
#11246=ORIENTED_EDGE('4583',*,*,#11245,.T.);
#11247=ORIENTED_EDGE('4716',*,*,#11227,.T.);
#11248=EDGE_LOOP('3838',(#11242,#11244,#11246,#11247));
#11249=FACE_OUTER_BOUND('3838',#11248,.F.);
#11250=ADVANCED_FACE('3838',(#11249),#11240,.F.);
#11251=CARTESIAN_POINT('',(-7.951351602817E0,-1.947065636642E0,0.E0));
#11252=DIRECTION('',(-9.848077530122E-1,-1.736481776669E-1,0.E0));
#11253=DIRECTION('',(-1.736481776669E-1,9.848077530122E-1,0.E0));
#11254=AXIS2_PLACEMENT_3D('',#11251,#11252,#11253);
#11255=PLANE('3890',#11254);
#11256=ORIENTED_EDGE('4699',*,*,#11241,.T.);
#11257=ORIENTED_EDGE('4730',*,*,#11216,.T.);
#11259=ORIENTED_EDGE('4703',*,*,#11258,.F.);
#11261=ORIENTED_EDGE('4731',*,*,#11260,.F.);
#11262=EDGE_LOOP('3890',(#11256,#11257,#11259,#11261));
#11263=FACE_OUTER_BOUND('3890',#11262,.F.);
#11264=ADVANCED_FACE('3890',(#11263),#11255,.F.);
#11265=CARTESIAN_POINT('',(-7.744350629818E0,1.483183425154E0,5.1E0));
#11266=DIRECTION('',(1.736481776669E-1,-9.848077530122E-1,0.E0));
#11267=DIRECTION('',(0.E0,0.E0,1.E0));
#11268=AXIS2_PLACEMENT_3D('',#11265,#11266,#11267);
#11269=CYLINDRICAL_SURFACE('3859',#11268,1.2E0);
#11270=ORIENTED_EDGE('4703',*,*,#11258,.T.);
#11271=ORIENTED_EDGE('4720',*,*,#11201,.T.);
#11272=ORIENTED_EDGE('4627',*,*,#11087,.F.);
#11274=ORIENTED_EDGE('4719',*,*,#11273,.F.);
#11275=EDGE_LOOP('3859',(#11270,#11271,#11272,#11274));
#11276=FACE_OUTER_BOUND('3859',#11275,.F.);
#11277=ADVANCED_FACE('3859',(#11276),#11269,.T.);
#11278=CARTESIAN_POINT('',(-5.889803687108E0,1.685E0,5.1E0));
#11279=DIRECTION('',(0.E0,0.E0,-1.E0));
#11280=DIRECTION('',(6.394563195289E-2,9.979533837581E-1,0.E0));
#11281=AXIS2_PLACEMENT_3D('',#11278,#11279,#11280);
#11282=TOROIDAL_SURFACE('3858',#11281,1.861417287951E0,1.2E0);
#11284=ORIENTED_EDGE('4702',*,*,#11283,.F.);
#11285=ORIENTED_EDGE('4719',*,*,#11273,.T.);
#11286=ORIENTED_EDGE('4621',*,*,#11102,.F.);
#11288=ORIENTED_EDGE('4718',*,*,#11287,.F.);
#11289=EDGE_LOOP('3858',(#11284,#11285,#11286,#11288));
#11290=FACE_OUTER_BOUND('3858',#11289,.F.);
#11291=ADVANCED_FACE('3858',(#11290),#11282,.T.);
#11292=CARTESIAN_POINT('',(-5.889803687108E0,1.685E0,0.E0));
#11293=DIRECTION('',(0.E0,0.E0,-1.E0));
#11294=DIRECTION('',(-1.E0,0.E0,0.E0));
#11295=AXIS2_PLACEMENT_3D('',#11292,#11293,#11294);
#11296=CYLINDRICAL_SURFACE('3891',#11295,2.660929947238E0);
#11298=ORIENTED_EDGE('4697',*,*,#11297,.F.);
#11299=ORIENTED_EDGE('4731',*,*,#11260,.T.);
#11300=ORIENTED_EDGE('4702',*,*,#11283,.T.);
#11302=ORIENTED_EDGE('4732',*,*,#11301,.F.);
#11303=EDGE_LOOP('3891',(#11298,#11299,#11300,#11302));
#11304=FACE_OUTER_BOUND('3891',#11303,.F.);
#11305=ADVANCED_FACE('3891',(#11304),#11296,.F.);
#11306=CARTESIAN_POINT('',(-5.889803687108E0,1.685E0,3.143020135595E0));
#11307=DIRECTION('',(0.E0,0.E0,-1.E0));
#11308=DIRECTION('',(-1.E0,0.E0,0.E0));
#11309=AXIS2_PLACEMENT_3D('',#11306,#11307,#11308);
#11310=CONICAL_SURFACE('3836',#11309,2.730244166135E0,2.E0);
#11311=ORIENTED_EDGE('4697',*,*,#11297,.T.);
#11313=ORIENTED_EDGE('4712',*,*,#11312,.F.);
#11315=ORIENTED_EDGE('4581',*,*,#11314,.T.);
#11316=ORIENTED_EDGE('4714',*,*,#11243,.T.);
#11317=EDGE_LOOP('3836',(#11311,#11313,#11315,#11316));
#11318=FACE_OUTER_BOUND('3836',#11317,.F.);
#11319=ADVANCED_FACE('3836',(#11318),#11310,.F.);
#11320=CARTESIAN_POINT('',(-7.851978660800E0,4.305E0,6.3E0));
#11321=DIRECTION('',(0.E0,9.993908270191E-1,3.489949670250E-2));
#11322=DIRECTION('',(-1.E0,0.E0,0.E0));
#11323=AXIS2_PLACEMENT_3D('',#11320,#11321,#11322);
#11324=PLANE('3834',#11323);
#11326=ORIENTED_EDGE('4695',*,*,#11325,.F.);
#11328=ORIENTED_EDGE('4709',*,*,#11327,.F.);
#11330=ORIENTED_EDGE('4579',*,*,#11329,.T.);
#11331=ORIENTED_EDGE('4712',*,*,#11312,.T.);
#11332=EDGE_LOOP('3834',(#11326,#11328,#11330,#11331));
#11333=FACE_OUTER_BOUND('3834',#11332,.F.);
#11334=ADVANCED_FACE('3834',(#11333),#11324,.F.);
#11335=CARTESIAN_POINT('',(-5.889803687108E0,4.345929949566E0,0.E0));
#11336=DIRECTION('',(0.E0,1.E0,0.E0));
#11337=DIRECTION('',(1.E0,0.E0,0.E0));
#11338=AXIS2_PLACEMENT_3D('',#11335,#11336,#11337);
#11339=PLANE('3892',#11338);
#11340=ORIENTED_EDGE('4695',*,*,#11325,.T.);
#11341=ORIENTED_EDGE('4732',*,*,#11301,.T.);
#11343=ORIENTED_EDGE('4701',*,*,#11342,.F.);
#11345=ORIENTED_EDGE('4725',*,*,#11344,.F.);
#11346=EDGE_LOOP('3892',(#11340,#11341,#11343,#11345));
#11347=FACE_OUTER_BOUND('3892',#11346,.F.);
#11348=ADVANCED_FACE('3892',(#11347),#11339,.F.);
#11349=CARTESIAN_POINT('',(6.013091856513E0,3.546417287951E0,5.1E0));
#11350=DIRECTION('',(-1.E0,0.E0,0.E0));
#11351=DIRECTION('',(0.E0,0.E0,1.E0));
#11352=AXIS2_PLACEMENT_3D('',#11349,#11350,#11351);
#11353=CYLINDRICAL_SURFACE('3857',#11352,1.2E0);
#11354=ORIENTED_EDGE('4701',*,*,#11342,.T.);
#11355=ORIENTED_EDGE('4718',*,*,#11287,.T.);
#11356=ORIENTED_EDGE('4615',*,*,#11116,.F.);
#11358=ORIENTED_EDGE('4717',*,*,#11357,.F.);
#11359=EDGE_LOOP('3857',(#11354,#11355,#11356,#11358));
#11360=FACE_OUTER_BOUND('3857',#11359,.F.);
#11361=ADVANCED_FACE('3857',(#11360),#11353,.T.);
#11362=CARTESIAN_POINT('',(5.889803687108E0,1.685E0,5.1E0));
#11363=DIRECTION('',(0.E0,0.E0,-1.E0));
#11364=DIRECTION('',(9.716881870113E-1,-2.362669406046E-1,0.E0));
#11365=AXIS2_PLACEMENT_3D('',#11362,#11363,#11364);
#11366=TOROIDAL_SURFACE('3864',#11365,1.861417287951E0,1.2E0);
#11368=ORIENTED_EDGE('4708',*,*,#11367,.F.);
#11369=ORIENTED_EDGE('4717',*,*,#11357,.T.);
#11370=ORIENTED_EDGE('4608',*,*,#11130,.F.);
#11372=ORIENTED_EDGE('4724',*,*,#11371,.F.);
#11373=EDGE_LOOP('3864',(#11368,#11369,#11370,#11372));
#11374=FACE_OUTER_BOUND('3864',#11373,.F.);
#11375=ADVANCED_FACE('3864',(#11374),#11366,.T.);
#11376=CARTESIAN_POINT('',(5.889803687108E0,1.685E0,0.E0));
#11377=DIRECTION('',(0.E0,0.E0,-1.E0));
#11378=DIRECTION('',(-1.E0,0.E0,0.E0));
#11379=AXIS2_PLACEMENT_3D('',#11376,#11377,#11378);
#11380=CYLINDRICAL_SURFACE('3885',#11379,2.660929947238E0);
#11382=ORIENTED_EDGE('4693',*,*,#11381,.F.);
#11383=ORIENTED_EDGE('4725',*,*,#11344,.T.);
#11384=ORIENTED_EDGE('4708',*,*,#11367,.T.);
#11386=ORIENTED_EDGE('4726',*,*,#11385,.F.);
#11387=EDGE_LOOP('3885',(#11382,#11383,#11384,#11386));
#11388=FACE_OUTER_BOUND('3885',#11387,.F.);
#11389=ADVANCED_FACE('3885',(#11388),#11380,.F.);
#11390=CARTESIAN_POINT('',(5.889803687108E0,1.685E0,3.143020135598E0));
#11391=DIRECTION('',(0.E0,0.E0,-1.E0));
#11392=DIRECTION('',(-1.E0,0.E0,0.E0));
#11393=AXIS2_PLACEMENT_3D('',#11390,#11391,#11392);
#11394=CONICAL_SURFACE('3832',#11393,2.730244166135E0,2.E0);
#11395=ORIENTED_EDGE('4693',*,*,#11381,.T.);
#11397=ORIENTED_EDGE('4710',*,*,#11396,.F.);
#11399=ORIENTED_EDGE('4577',*,*,#11398,.T.);
#11400=ORIENTED_EDGE('4709',*,*,#11327,.T.);
#11401=EDGE_LOOP('3832',(#11395,#11397,#11399,#11400));
#11402=FACE_OUTER_BOUND('3832',#11401,.F.);
#11403=ADVANCED_FACE('3832',(#11402),#11394,.F.);
#11404=CARTESIAN_POINT('',(8.810728108445E0,3.162406901371E0,6.3E0));
#11405=DIRECTION('',(9.842078347377E-1,-1.735423958889E-1,3.489949670250E-2));
#11406=DIRECTION('',(1.736481776669E-1,9.848077530122E-1,0.E0));
#11407=AXIS2_PLACEMENT_3D('',#11404,#11405,#11406);
#11408=PLANE('3833',#11407);
#11410=ORIENTED_EDGE('4694',*,*,#11409,.F.);
#11412=ORIENTED_EDGE('4711',*,*,#11411,.F.);
#11414=ORIENTED_EDGE('4578',*,*,#11413,.T.);
#11415=ORIENTED_EDGE('4710',*,*,#11396,.T.);
#11416=EDGE_LOOP('3833',(#11410,#11412,#11414,#11415));
#11417=FACE_OUTER_BOUND('3833',#11416,.F.);
#11418=ADVANCED_FACE('3833',(#11417),#11408,.F.);
#11419=CARTESIAN_POINT('',(8.510308131663E0,1.222934363358E0,0.E0));
#11420=DIRECTION('',(9.848077530122E-1,-1.736481776669E-1,0.E0));
#11421=DIRECTION('',(-1.736481776669E-1,-9.848077530122E-1,0.E0));
#11422=AXIS2_PLACEMENT_3D('',#11419,#11420,#11421);
#11423=PLANE('3886',#11422);
#11424=ORIENTED_EDGE('4694',*,*,#11409,.T.);
#11425=ORIENTED_EDGE('4726',*,*,#11385,.T.);
#11427=ORIENTED_EDGE('4707',*,*,#11426,.F.);
#11429=ORIENTED_EDGE('4727',*,*,#11428,.F.);
#11430=EDGE_LOOP('3886',(#11424,#11425,#11427,#11429));
#11431=FACE_OUTER_BOUND('3886',#11430,.F.);
#11432=ADVANCED_FACE('3886',(#11431),#11423,.F.);
#11433=CARTESIAN_POINT('',(7.142576569082E0,-1.929646865015E0,5.1E0));
#11434=DIRECTION('',(1.736481776669E-1,9.848077530122E-1,0.E0));
#11435=DIRECTION('',(0.E0,0.E0,1.E0));
#11436=AXIS2_PLACEMENT_3D('',#11433,#11434,#11435);
#11437=CYLINDRICAL_SURFACE('3863',#11436,1.2E0);
#11438=ORIENTED_EDGE('4707',*,*,#11426,.T.);
#11439=ORIENTED_EDGE('4724',*,*,#11371,.T.);
#11440=ORIENTED_EDGE('4611',*,*,#11144,.F.);
#11442=ORIENTED_EDGE('4723',*,*,#11441,.F.);
#11443=EDGE_LOOP('3863',(#11438,#11439,#11440,#11442));
#11444=FACE_OUTER_BOUND('3863',#11443,.F.);
#11445=ADVANCED_FACE('3863',(#11444),#11437,.T.);
#11446=CARTESIAN_POINT('',(5.330847158262E0,-1.485E0,5.1E0));
#11447=DIRECTION('',(0.E0,0.E0,-1.E0));
#11448=DIRECTION('',(-6.394563195289E-2,-9.979533837581E-1,0.E0));
#11449=AXIS2_PLACEMENT_3D('',#11446,#11447,#11448);
#11450=TOROIDAL_SURFACE('3862',#11449,1.861417287951E0,1.2E0);
#11452=ORIENTED_EDGE('4706',*,*,#11451,.F.);
#11453=ORIENTED_EDGE('4723',*,*,#11441,.T.);
#11454=ORIENTED_EDGE('4617',*,*,#11158,.F.);
#11456=ORIENTED_EDGE('4722',*,*,#11455,.F.);
#11457=EDGE_LOOP('3862',(#11452,#11453,#11454,#11456));
#11458=FACE_OUTER_BOUND('3862',#11457,.F.);
#11459=ADVANCED_FACE('3862',(#11458),#11450,.T.);
#11460=CARTESIAN_POINT('',(5.330847158262E0,-1.485E0,0.E0));
#11461=DIRECTION('',(0.E0,0.E0,-1.E0));
#11462=DIRECTION('',(-1.E0,0.E0,0.E0));
#11463=AXIS2_PLACEMENT_3D('',#11460,#11461,#11462);
#11464=CYLINDRICAL_SURFACE('3887',#11463,2.660929947979E0);
#11466=ORIENTED_EDGE('4696',*,*,#11465,.F.);
#11467=ORIENTED_EDGE('4727',*,*,#11428,.T.);
#11468=ORIENTED_EDGE('4706',*,*,#11451,.T.);
#11470=ORIENTED_EDGE('4728',*,*,#11469,.F.);
#11471=EDGE_LOOP('3887',(#11466,#11467,#11468,#11470));
#11472=FACE_OUTER_BOUND('3887',#11471,.F.);
#11473=ADVANCED_FACE('3887',(#11472),#11464,.F.);
#11474=CARTESIAN_POINT('',(5.330847158262E0,-1.485E0,3.143020124474E0));
#11475=DIRECTION('',(0.E0,0.E0,-1.E0));
#11476=DIRECTION('',(-1.E0,0.E0,0.E0));
#11477=AXIS2_PLACEMENT_3D('',#11474,#11475,#11476);
#11478=CONICAL_SURFACE('3835',#11477,2.730244166523E0,2.E0);
#11479=ORIENTED_EDGE('4696',*,*,#11465,.T.);
#11481=ORIENTED_EDGE('4713',*,*,#11480,.F.);
#11483=ORIENTED_EDGE('4580',*,*,#11482,.T.);
#11484=ORIENTED_EDGE('4711',*,*,#11411,.T.);
#11485=EDGE_LOOP('3835',(#11479,#11481,#11483,#11484));
#11486=FACE_OUTER_BOUND('3835',#11485,.F.);
#11487=ADVANCED_FACE('3835',(#11486),#11478,.F.);
#11488=CARTESIAN_POINT('',(7.293022131955E0,-4.105E0,6.3E0));
#11489=DIRECTION('',(0.E0,-9.993908270191E-1,3.489949670250E-2));
#11490=DIRECTION('',(1.E0,0.E0,0.E0));
#11491=AXIS2_PLACEMENT_3D('',#11488,#11489,#11490);
#11492=PLANE('3837',#11491);
#11494=ORIENTED_EDGE('4698',*,*,#11493,.F.);
#11495=ORIENTED_EDGE('4715',*,*,#11231,.F.);
#11497=ORIENTED_EDGE('4582',*,*,#11496,.T.);
#11498=ORIENTED_EDGE('4713',*,*,#11480,.T.);
#11499=EDGE_LOOP('3837',(#11494,#11495,#11497,#11498));
#11500=FACE_OUTER_BOUND('3837',#11499,.F.);
#11501=ADVANCED_FACE('3837',(#11500),#11492,.F.);
#11502=CARTESIAN_POINT('',(5.330847158262E0,-4.145929949566E0,0.E0));
#11503=DIRECTION('',(0.E0,-1.E0,0.E0));
#11504=DIRECTION('',(-1.E0,0.E0,0.E0));
#11505=AXIS2_PLACEMENT_3D('',#11502,#11503,#11504);
#11506=PLANE('3888',#11505);
#11507=ORIENTED_EDGE('4698',*,*,#11493,.T.);
#11508=ORIENTED_EDGE('4728',*,*,#11469,.T.);
#11510=ORIENTED_EDGE('4705',*,*,#11509,.F.);
#11511=ORIENTED_EDGE('4729',*,*,#11213,.F.);
#11512=EDGE_LOOP('3888',(#11507,#11508,#11510,#11511));
#11513=FACE_OUTER_BOUND('3888',#11512,.F.);
#11514=ADVANCED_FACE('3888',(#11513),#11506,.F.);
#11515=CARTESIAN_POINT('',(-5.454135327667E0,-3.346417287951E0,5.1E0));
#11516=DIRECTION('',(1.E0,0.E0,0.E0));
#11517=DIRECTION('',(0.E0,0.E0,1.E0));
#11518=AXIS2_PLACEMENT_3D('',#11515,#11516,#11517);
#11519=CYLINDRICAL_SURFACE('3861',#11518,1.2E0);
#11520=ORIENTED_EDGE('4705',*,*,#11509,.T.);
#11521=ORIENTED_EDGE('4722',*,*,#11455,.T.);
#11522=ORIENTED_EDGE('4623',*,*,#11172,.F.);
#11523=ORIENTED_EDGE('4721',*,*,#11198,.F.);
#11524=EDGE_LOOP('3861',(#11520,#11521,#11522,#11523));
#11525=FACE_OUTER_BOUND('3861',#11524,.F.);
#11526=ADVANCED_FACE('3861',(#11525),#11519,.T.);
#11527=CARTESIAN_POINT('',(-5.454135327667E0,-5.483827377567E0,1.2E0));
#11528=DIRECTION('',(1.E0,0.E0,0.E0));
#11529=DIRECTION('',(0.E0,0.E0,-1.E0));
#11530=AXIS2_PLACEMENT_3D('',#11527,#11528,#11529);
#11531=CYLINDRICAL_SURFACE('3844',#11530,1.2E0);
#11532=ORIENTED_EDGE('4673',*,*,#7769,.T.);
#11534=ORIENTED_EDGE('4678',*,*,#11533,.T.);
#11535=ORIENTED_EDGE('4582',*,*,#11496,.F.);
#11537=ORIENTED_EDGE('4677',*,*,#11536,.F.);
#11538=EDGE_LOOP('3844',(#11532,#11534,#11535,#11537));
#11539=FACE_OUTER_BOUND('3844',#11538,.F.);
#11540=ADVANCED_FACE('3844',(#11539),#11531,.T.);
#11541=CARTESIAN_POINT('',(5.330847158262E0,-1.485E0,1.2E0));
#11542=DIRECTION('',(0.E0,0.E0,-1.E0));
#11543=DIRECTION('',(-6.394563195289E-2,-9.979533837581E-1,0.E0));
#11544=AXIS2_PLACEMENT_3D('',#11541,#11542,#11543);
#11545=TOROIDAL_SURFACE('3845',#11544,3.998827377566E0,1.2E0);
#11546=ORIENTED_EDGE('4672',*,*,#7767,.T.);
#11548=ORIENTED_EDGE('4587',*,*,#11547,.T.);
#11549=ORIENTED_EDGE('4580',*,*,#11482,.F.);
#11550=ORIENTED_EDGE('4678',*,*,#11533,.F.);
#11551=EDGE_LOOP('3845',(#11546,#11548,#11549,#11550));
#11552=FACE_OUTER_BOUND('3845',#11551,.F.);
#11553=ADVANCED_FACE('3845',(#11552),#11545,.T.);
#11554=CARTESIAN_POINT('',(9.247514596702E0,-2.300804232004E0,1.2E0));
#11555=DIRECTION('',(1.736481776669E-1,9.848077530122E-1,0.E0));
#11556=DIRECTION('',(0.E0,0.E0,-1.E0));
#11557=AXIS2_PLACEMENT_3D('',#11554,#11555,#11556);
#11558=CYLINDRICAL_SURFACE('3846',#11557,1.2E0);
#11559=ORIENTED_EDGE('4588',*,*,#7765,.T.);
#11561=ORIENTED_EDGE('4589',*,*,#11560,.T.);
#11562=ORIENTED_EDGE('4578',*,*,#11413,.F.);
#11563=ORIENTED_EDGE('4587',*,*,#11547,.F.);
#11564=EDGE_LOOP('3846',(#11559,#11561,#11562,#11563));
#11565=FACE_OUTER_BOUND('3846',#11564,.F.);
#11566=ADVANCED_FACE('3846',(#11565),#11558,.T.);
#11567=CARTESIAN_POINT('',(5.889803687108E0,1.685E0,1.2E0));
#11568=DIRECTION('',(0.E0,0.E0,-1.E0));
#11569=DIRECTION('',(9.716881870113E-1,-2.362669406046E-1,0.E0));
#11570=AXIS2_PLACEMENT_3D('',#11567,#11568,#11569);
#11571=TOROIDAL_SURFACE('3847',#11570,3.998827377567E0,1.2E0);
#11572=ORIENTED_EDGE('4671',*,*,#7763,.T.);
#11574=ORIENTED_EDGE('4676',*,*,#11573,.T.);
#11575=ORIENTED_EDGE('4577',*,*,#11398,.F.);
#11576=ORIENTED_EDGE('4589',*,*,#11560,.F.);
#11577=EDGE_LOOP('3847',(#11572,#11574,#11575,#11576));
#11578=FACE_OUTER_BOUND('3847',#11577,.F.);
#11579=ADVANCED_FACE('3847',(#11578),#11571,.T.);
#11580=CARTESIAN_POINT('',(6.013091856513E0,5.683827377567E0,1.2E0));
#11581=DIRECTION('',(-1.E0,0.E0,0.E0));
#11582=DIRECTION('',(0.E0,0.E0,-1.E0));
#11583=AXIS2_PLACEMENT_3D('',#11580,#11581,#11582);
#11584=CYLINDRICAL_SURFACE('3840',#11583,1.2E0);
#11585=ORIENTED_EDGE('4670',*,*,#7761,.T.);
#11587=ORIENTED_EDGE('4675',*,*,#11586,.T.);
#11588=ORIENTED_EDGE('4579',*,*,#11329,.F.);
#11589=ORIENTED_EDGE('4676',*,*,#11573,.F.);
#11590=EDGE_LOOP('3840',(#11585,#11587,#11588,#11589));
#11591=FACE_OUTER_BOUND('3840',#11590,.F.);
#11592=ADVANCED_FACE('3840',(#11591),#11584,.T.);
#11593=CARTESIAN_POINT('',(-5.889803687108E0,1.685E0,1.2E0));
#11594=DIRECTION('',(0.E0,0.E0,-1.E0));
#11595=DIRECTION('',(6.394563195289E-2,9.979533837581E-1,0.E0));
#11596=AXIS2_PLACEMENT_3D('',#11593,#11594,#11595);
#11597=TOROIDAL_SURFACE('3841',#11596,3.998827377566E0,1.2E0);
#11598=ORIENTED_EDGE('4669',*,*,#7759,.T.);
#11600=ORIENTED_EDGE('4585',*,*,#11599,.T.);
#11601=ORIENTED_EDGE('4581',*,*,#11314,.F.);
#11602=ORIENTED_EDGE('4675',*,*,#11586,.F.);
#11603=EDGE_LOOP('3841',(#11598,#11600,#11601,#11602));
#11604=FACE_OUTER_BOUND('3841',#11603,.F.);
#11605=ADVANCED_FACE('3841',(#11604),#11597,.T.);
#11606=CARTESIAN_POINT('',(-9.849288657438E0,1.112026058166E0,1.2E0));
#11607=DIRECTION('',(1.736481776669E-1,-9.848077530122E-1,0.E0));
#11608=DIRECTION('',(0.E0,0.E0,-1.E0));
#11609=AXIS2_PLACEMENT_3D('',#11606,#11607,#11608);
#11610=CYLINDRICAL_SURFACE('3842',#11609,1.2E0);
#11611=ORIENTED_EDGE('4574',*,*,#7773,.T.);
#11613=ORIENTED_EDGE('4586',*,*,#11612,.T.);
#11614=ORIENTED_EDGE('4583',*,*,#11245,.F.);
#11615=ORIENTED_EDGE('4585',*,*,#11599,.F.);
#11616=EDGE_LOOP('3842',(#11611,#11613,#11614,#11615));
#11617=FACE_OUTER_BOUND('3842',#11616,.F.);
#11618=ADVANCED_FACE('3842',(#11617),#11610,.T.);
#11619=CARTESIAN_POINT('',(-5.330847158262E0,-1.485E0,1.2E0));
#11620=DIRECTION('',(0.E0,0.E0,-1.E0));
#11621=DIRECTION('',(-9.938962719281E-1,-1.103186323677E-1,0.E0));
#11622=AXIS2_PLACEMENT_3D('',#11619,#11620,#11621);
#11623=TOROIDAL_SURFACE('3843',#11622,3.998827377566E0,1.2E0);
#11624=ORIENTED_EDGE('4674',*,*,#7771,.T.);
#11625=ORIENTED_EDGE('4677',*,*,#11536,.T.);
#11626=ORIENTED_EDGE('4584',*,*,#11229,.F.);
#11627=ORIENTED_EDGE('4586',*,*,#11612,.F.);
#11628=EDGE_LOOP('3843',(#11624,#11625,#11626,#11627));
#11629=FACE_OUTER_BOUND('3843',#11628,.F.);
#11630=ADVANCED_FACE('3843',(#11629),#11623,.T.);
#11631=CARTESIAN_POINT('',(-9.900033654863E0,5.350937388891E0,
1.199281332691E-2));
#11632=CARTESIAN_POINT('',(-9.899637299020E0,5.350614628637E0,
-1.293400046827E-1));
#11633=CARTESIAN_POINT('',(-9.899240943177E0,5.350291868384E0,
-2.706728226923E-1));
#11634=CARTESIAN_POINT('',(-9.898844587334E0,5.349969108130E0,
-4.120056407019E-1));
#11635=CARTESIAN_POINT('',(-9.900022444123E0,5.348635309689E0,
1.199810969222E-2));
#11636=CARTESIAN_POINT('',(-9.899758117998E0,5.348420466804E0,
-1.293353259368E-1));
#11637=CARTESIAN_POINT('',(-9.899493791872E0,5.348205623918E0,
-2.706687615657E-1));
#11638=CARTESIAN_POINT('',(-9.899229465746E0,5.347990781033E0,
-4.120021971947E-1));
#11639=CARTESIAN_POINT('',(-9.899774260718E0,5.297691579570E0,
1.205653971320E-2));
#11640=CARTESIAN_POINT('',(-9.902432809189E0,5.299856896971E0,
-1.292837095531E-1));
#11641=CARTESIAN_POINT('',(-9.905091357659E0,5.302022214372E0,
-2.706239588195E-1));
#11642=CARTESIAN_POINT('',(-9.907749906129E0,5.304187531773E0,
-4.119642080858E-1));
#11643=CARTESIAN_POINT('',(-9.899281977262E0,5.197473520771E0,
9.643891557094E-3));
#11644=CARTESIAN_POINT('',(-9.907738184964E0,5.203973839784E0,
-1.314150141575E-1));
#11645=CARTESIAN_POINT('',(-9.916194392666E0,5.210474158797E0,
-2.724739198722E-1));
#11646=CARTESIAN_POINT('',(-9.924650600368E0,5.216974477811E0,
-4.135328255868E-1));
#11647=CARTESIAN_POINT('',(-9.898781834697E0,5.096394644909E0,
2.956321847485E-3));
#11648=CARTESIAN_POINT('',(-9.913128258938E0,5.106533613037E0,
-1.373227334734E-1));
#11649=CARTESIAN_POINT('',(-9.927474683180E0,5.116672581164E0,
-2.776017887943E-1));
#11650=CARTESIAN_POINT('',(-9.941821107422E0,5.126811549292E0,
-4.178808441151E-1));
#11651=CARTESIAN_POINT('',(-9.898525676890E0,5.044521678014E0,
-1.438987228081E-3));
#11652=CARTESIAN_POINT('',(-9.915888890849E0,5.056315368361E0,
-1.412054970859E-1));
#11653=CARTESIAN_POINT('',(-9.933252104807E0,5.068109058709E0,
-2.809720069438E-1));
#11654=CARTESIAN_POINT('',(-9.950615318766E0,5.079902749056E0,
-4.207385168017E-1));
#11655=CARTESIAN_POINT('',(-9.898514591002E0,5.042276523272E0,
-1.631006801865E-3));
#11656=CARTESIAN_POINT('',(-9.916008364302E0,5.054141434890E0,
-1.413751248871E-1));
#11657=CARTESIAN_POINT('',(-9.933502137603E0,5.066006346507E0,
-2.811192429724E-1));
#11658=CARTESIAN_POINT('',(-9.950995910903E0,5.077871258125E0,
-4.208633610576E-1));
#11659=B_SPLINE_SURFACE_WITH_KNOTS('3690',3,3,((#11631,#11632,#11633,#11634),(
#11635,#11636,#11637,#11638),(#11639,#11640,#11641,#11642),(#11643,#11644,
#11645,#11646),(#11647,#11648,#11649,#11650),(#11651,#11652,#11653,#11654),(
#11655,#11656,#11657,#11658)),.UNSPECIFIED.,.F.,.F.,.F.,(4,1,1,1,4),(4,4),(
-2.367085736026E-2,0.E0,5.E-1,1.E0,1.022615705754E0),(-3.000187708364E-2,
1.030001200048E0),.UNSPECIFIED.);
#11660=ORIENTED_EDGE('4911',*,*,#8024,.T.);
#11661=ORIENTED_EDGE('4249',*,*,#8415,.T.);
#11662=ORIENTED_EDGE('4228',*,*,#8328,.F.);
#11664=ORIENTED_EDGE('4930',*,*,#11663,.F.);
#11665=EDGE_LOOP('3690',(#11660,#11661,#11662,#11664));
#11666=FACE_OUTER_BOUND('3690',#11665,.F.);
#11667=ADVANCED_FACE('3690',(#11666),#11659,.F.);
#11668=CARTESIAN_POINT('',(-9.9E0,5.777014576328E0,-2.E-1));
#11669=DIRECTION('',(-1.E0,0.E0,0.E0));
#11670=DIRECTION('',(0.E0,-1.E0,0.E0));
#11671=AXIS2_PLACEMENT_3D('',#11668,#11669,#11670);
#11672=PLANE('3704',#11671);
#11673=ORIENTED_EDGE('4893',*,*,#7730,.T.);
#11674=ORIENTED_EDGE('4930',*,*,#11663,.T.);
#11676=ORIENTED_EDGE('4240',*,*,#11675,.F.);
#11677=ORIENTED_EDGE('4938',*,*,#8104,.F.);
#11678=EDGE_LOOP('3704',(#11673,#11674,#11676,#11677));
#11679=FACE_OUTER_BOUND('3704',#11678,.F.);
#11680=ADVANCED_FACE('3704',(#11679),#11672,.T.);
#11681=CARTESIAN_POINT('',(0.E0,0.E0,-4.E-1));
#11682=DIRECTION('',(0.E0,0.E0,1.E0));
#11683=DIRECTION('',(1.E0,0.E0,0.E0));
#11684=AXIS2_PLACEMENT_3D('',#11681,#11682,#11683);
#11685=PLANE('3670',#11684);
#11686=ORIENTED_EDGE('4240',*,*,#11675,.T.);
#11687=ORIENTED_EDGE('4229',*,*,#8326,.T.);
#11688=ORIENTED_EDGE('4241',*,*,#8106,.F.);
#11689=EDGE_LOOP('3670',(#11686,#11687,#11688));
#11690=FACE_OUTER_BOUND('3670',#11689,.F.);
#11691=ADVANCED_FACE('3670',(#11690),#11685,.F.);
#11692=CARTESIAN_POINT('',(2.68E0,-4.354551035517E0,-4.41E0));
#11693=DIRECTION('',(0.E0,1.E0,0.E0));
#11694=DIRECTION('',(0.E0,0.E0,1.E0));
#11695=AXIS2_PLACEMENT_3D('',#11692,#11693,#11694);
#11696=CYLINDRICAL_SURFACE('3712',#11695,1.E-1);
#11697=ORIENTED_EDGE('4311',*,*,#7292,.F.);
#11699=ORIENTED_EDGE('4312',*,*,#11698,.F.);
#11701=ORIENTED_EDGE('4269',*,*,#11700,.T.);
#11702=ORIENTED_EDGE('4257',*,*,#7410,.F.);
#11703=ORIENTED_EDGE('4318',*,*,#6811,.T.);
#11704=EDGE_LOOP('3712',(#11697,#11699,#11701,#11702,#11703));
#11705=FACE_OUTER_BOUND('3712',#11704,.F.);
#11706=ADVANCED_FACE('3712',(#11705),#11696,.F.);
#11707=CARTESIAN_POINT('',(0.E0,0.E0,-4.31E0));
#11708=DIRECTION('',(0.E0,0.E0,1.E0));
#11709=DIRECTION('',(1.E0,0.E0,0.E0));
#11710=AXIS2_PLACEMENT_3D('',#11707,#11708,#11709);
#11711=PLANE('3707',#11710);
#11712=ORIENTED_EDGE('4307',*,*,#7308,.F.);
#11713=ORIENTED_EDGE('4315',*,*,#7391,.T.);
#11715=ORIENTED_EDGE('4333',*,*,#11714,.T.);
#11716=ORIENTED_EDGE('4332',*,*,#7414,.F.);
#11718=ORIENTED_EDGE('4334',*,*,#11717,.T.);
#11719=ORIENTED_EDGE('4312',*,*,#11698,.T.);
#11720=EDGE_LOOP('3707',(#11712,#11713,#11715,#11716,#11718,#11719));
#11721=FACE_OUTER_BOUND('3707',#11720,.F.);
#11722=ADVANCED_FACE('3707',(#11721),#11711,.F.);
#11723=CARTESIAN_POINT('',(-2.28E0,-4.26E0,-4.41E0));
#11724=DIRECTION('',(0.E0,0.E0,1.E0));
#11725=DIRECTION('',(-9.821734210832E-1,1.879770489122E-1,0.E0));
#11726=AXIS2_PLACEMENT_3D('',#11723,#11724,#11725);
#11727=TOROIDAL_SURFACE('3714',#11726,4.E-1,1.E-1);
#11728=ORIENTED_EDGE('4258',*,*,#7416,.T.);
#11729=ORIENTED_EDGE('4333',*,*,#11714,.F.);
#11730=ORIENTED_EDGE('4265',*,*,#7389,.T.);
#11731=EDGE_LOOP('3714',(#11728,#11729,#11730));
#11732=FACE_OUTER_BOUND('3714',#11731,.F.);
#11733=ADVANCED_FACE('3714',(#11732),#11727,.F.);
#11734=CARTESIAN_POINT('',(2.28E0,-4.26E0,-4.41E0));
#11735=DIRECTION('',(0.E0,0.E0,1.E0));
#11736=DIRECTION('',(-1.879770489122E-1,-9.821734210832E-1,0.E0));
#11737=AXIS2_PLACEMENT_3D('',#11734,#11735,#11736);
#11738=TOROIDAL_SURFACE('3713',#11737,4.E-1,1.E-1);
#11739=ORIENTED_EDGE('4259',*,*,#7412,.T.);
#11740=ORIENTED_EDGE('4269',*,*,#11700,.F.);
#11741=ORIENTED_EDGE('4334',*,*,#11717,.F.);
#11742=EDGE_LOOP('3713',(#11739,#11740,#11741));
#11743=FACE_OUTER_BOUND('3713',#11742,.F.);
#11744=ADVANCED_FACE('3713',(#11743),#11738,.F.);
#11745=CARTESIAN_POINT('',(4.341228533544E0,-3.525E0,-4.16E0));
#11746=DIRECTION('',(0.E0,1.E0,0.E0));
#11747=DIRECTION('',(-1.E0,0.E0,0.E0));
#11748=AXIS2_PLACEMENT_3D('',#11745,#11746,#11747);
#11749=PLANE('3728',#11748);
#11750=ORIENTED_EDGE('4287',*,*,#6864,.T.);
#11751=ORIENTED_EDGE('4329',*,*,#7294,.T.);
#11752=ORIENTED_EDGE('4301',*,*,#6809,.F.);
#11754=ORIENTED_EDGE('4328',*,*,#11753,.F.);
#11755=EDGE_LOOP('3728',(#11750,#11751,#11752,#11754));
#11756=FACE_OUTER_BOUND('3728',#11755,.F.);
#11757=ADVANCED_FACE('3728',(#11756),#11749,.T.);
#11758=CARTESIAN_POINT('',(5.850183323311E0,-1.925E0,-4.16E0));
#11759=DIRECTION('',(0.E0,0.E0,1.E0));
#11760=DIRECTION('',(0.E0,-1.E0,0.E0));
#11761=AXIS2_PLACEMENT_3D('',#11758,#11759,#11760);
#11762=CYLINDRICAL_SURFACE('3729',#11761,1.6E0);
#11763=ORIENTED_EDGE('4286',*,*,#6866,.F.);
#11764=ORIENTED_EDGE('4328',*,*,#11753,.T.);
#11765=ORIENTED_EDGE('4300',*,*,#6807,.T.);
#11767=ORIENTED_EDGE('4330',*,*,#11766,.F.);
#11768=EDGE_LOOP('3729',(#11763,#11764,#11765,#11767));
#11769=FACE_OUTER_BOUND('3729',#11768,.F.);
#11770=ADVANCED_FACE('3729',(#11769),#11762,.F.);
#11771=CARTESIAN_POINT('',(7.782937864065E0,-1.778370842671E-1,-4.16E0));
#11772=DIRECTION('',(-9.848077530122E-1,1.736481776669E-1,0.E0));
#11773=DIRECTION('',(-1.736481776669E-1,-9.848077530122E-1,0.E0));
#11774=AXIS2_PLACEMENT_3D('',#11771,#11772,#11773);
#11775=PLANE('3730',#11774);
#11776=ORIENTED_EDGE('4285',*,*,#6868,.T.);
#11777=ORIENTED_EDGE('4330',*,*,#11766,.T.);
#11778=ORIENTED_EDGE('4299',*,*,#6805,.F.);
#11780=ORIENTED_EDGE('4331',*,*,#11779,.F.);
#11781=EDGE_LOOP('3730',(#11776,#11777,#11778,#11780));
#11782=FACE_OUTER_BOUND('3730',#11781,.F.);
#11783=ADVANCED_FACE('3730',(#11782),#11775,.T.);
#11784=CARTESIAN_POINT('',(6.564307595180E0,2.125E0,-4.16E0));
#11785=DIRECTION('',(0.E0,0.E0,1.E0));
#11786=DIRECTION('',(9.848077530122E-1,-1.736481776669E-1,0.E0));
#11787=AXIS2_PLACEMENT_3D('',#11784,#11785,#11786);
#11788=CYLINDRICAL_SURFACE('3731',#11787,1.6E0);
#11789=ORIENTED_EDGE('4284',*,*,#6870,.F.);
#11790=ORIENTED_EDGE('4331',*,*,#11779,.T.);
#11791=ORIENTED_EDGE('4298',*,*,#6803,.T.);
#11792=ORIENTED_EDGE('4327',*,*,#6836,.F.);
#11793=EDGE_LOOP('3731',(#11789,#11790,#11791,#11792));
#11794=FACE_OUTER_BOUND('3731',#11793,.F.);
#11795=ADVANCED_FACE('3731',(#11794),#11788,.F.);
#11796=CARTESIAN_POINT('',(2.826847524011E0,-4.536697918238E0,
-3.957575047688E0));
#11797=CARTESIAN_POINT('',(2.763875222275E0,-4.504834731460E0,
-3.924369790851E0));
#11798=CARTESIAN_POINT('',(2.695779403713E0,-4.470379110085E0,
-3.908272207521E0));
#11799=CARTESIAN_POINT('',(2.626205251347E0,-4.435175470537E0,
-3.910144004608E0));
#11800=CARTESIAN_POINT('',(2.873301133146E0,-4.444890067646E0,
-3.957575047688E0));
#11801=CARTESIAN_POINT('',(2.804979459670E0,-4.423599026512E0,
-3.924369790851E0));
#11802=CARTESIAN_POINT('',(2.731099036806E0,-4.400575715721E0,
-3.908272207521E0));
#11803=CARTESIAN_POINT('',(2.655614698625E0,-4.377052577785E0,
-3.910144004608E0));
#11804=CARTESIAN_POINT('',(2.895675971019E0,-4.344461058580E0,
-3.957575047688E0));
#11805=CARTESIAN_POINT('',(2.824777720015E0,-4.334734933778E0,
-3.924369790851E0));
#11806=CARTESIAN_POINT('',(2.748111085578E0,-4.324217477507E0,
-3.908272207521E0));
#11807=CARTESIAN_POINT('',(2.669780048251E0,-4.313471691341E0,
-3.910144004608E0));
#11808=CARTESIAN_POINT('',(2.892589571646E0,-4.241616061760E0,
-3.957575047688E0));
#11809=CARTESIAN_POINT('',(2.822046735385E0,-4.243733066693E0,
-3.924369790851E0));
#11810=CARTESIAN_POINT('',(2.745764432746E0,-4.246022314185E0,
-3.908272207521E0));
#11811=CARTESIAN_POINT('',(2.667826070910E0,-4.248361260352E0,
-3.910144004608E0));
#11812=(BOUNDED_SURFACE()B_SPLINE_SURFACE(3,3,((#11796,#11797,#11798,#11799),(
#11800,#11801,#11802,#11803),(#11804,#11805,#11806,#11807),(#11808,#11809,
#11810,#11811)),.UNSPECIFIED.,.F.,.F.,.F.)B_SPLINE_SURFACE_WITH_KNOTS((4,4),(4,
4),(0.E0,1.E0),(0.E0,1.E0),.UNSPECIFIED.)GEOMETRIC_REPRESENTATION_ITEM()RATIONAL_B_SPLINE_SURFACE(((1.029465881430E0,1.011096708725E0,1.011096708725E0,
1.029465881430E0),(1.008263469877E0,9.902726203070E-1,9.902726203070E-1,
1.008263469877E0),(1.008263469877E0,9.902726203070E-1,9.902726203070E-1,
1.008263469877E0),(1.029465881430E0,1.011096708725E0,1.011096708725E0,
1.029465881430E0)))REPRESENTATION_ITEM('')SURFACE());
#11813=ORIENTED_EDGE('4276',*,*,#6973,.F.);
#11814=ORIENTED_EDGE('4336',*,*,#7044,.T.);
#11815=ORIENTED_EDGE('4281',*,*,#7277,.T.);
#11816=EDGE_LOOP('3720',(#11813,#11814,#11815));
#11817=FACE_OUTER_BOUND('3720',#11816,.F.);
#11818=ADVANCED_FACE('3720',(#11817),#11812,.T.);
#11819=CARTESIAN_POINT('',(-6.362135768867E0,-3.34E0,0.E0));
#11820=DIRECTION('',(0.E0,0.E0,1.E0));
#11821=DIRECTION('',(1.E0,0.E0,0.E0));
#11822=AXIS2_PLACEMENT_3D('',#11819,#11820,#11821);
#11823=CYLINDRICAL_SURFACE('3580',#11822,1.6E0);
#11824=ORIENTED_EDGE('4117',*,*,#7081,.T.);
#11825=ORIENTED_EDGE('4056',*,*,#6449,.T.);
#11826=ORIENTED_EDGE('4118',*,*,#6365,.F.);
#11827=ORIENTED_EDGE('4017',*,*,#6176,.T.);
#11828=EDGE_LOOP('3580',(#11824,#11825,#11826,#11827));
#11829=FACE_OUTER_BOUND('3580',#11828,.F.);
#11830=ADVANCED_FACE('3580',(#11829),#11823,.T.);
#11831=CARTESIAN_POINT('',(-2.892589571646E0,-4.241616061760E0,
-3.957575047688E0));
#11832=CARTESIAN_POINT('',(-2.822046735386E0,-4.243733066693E0,
-3.924369790852E0));
#11833=CARTESIAN_POINT('',(-2.745764432747E0,-4.246022314185E0,
-3.908272207521E0));
#11834=CARTESIAN_POINT('',(-2.667826070911E0,-4.248361260352E0,
-3.910144004608E0));
#11835=CARTESIAN_POINT('',(-2.895675971019E0,-4.344461058580E0,
-3.957575047688E0));
#11836=CARTESIAN_POINT('',(-2.824777720015E0,-4.334734933779E0,
-3.924369790852E0));
#11837=CARTESIAN_POINT('',(-2.748111085579E0,-4.324217477508E0,
-3.908272207521E0));
#11838=CARTESIAN_POINT('',(-2.669780048252E0,-4.313471691341E0,
-3.910144004608E0));
#11839=CARTESIAN_POINT('',(-2.873301133146E0,-4.444890067646E0,
-3.957575047688E0));
#11840=CARTESIAN_POINT('',(-2.804979459670E0,-4.423599026512E0,
-3.924369790852E0));
#11841=CARTESIAN_POINT('',(-2.731099036807E0,-4.400575715722E0,
-3.908272207521E0));
#11842=CARTESIAN_POINT('',(-2.655614698626E0,-4.377052577786E0,
-3.910144004608E0));
#11843=CARTESIAN_POINT('',(-2.826847524011E0,-4.536697918238E0,
-3.957575047688E0));
#11844=CARTESIAN_POINT('',(-2.763875222276E0,-4.504834731460E0,
-3.924369790852E0));
#11845=CARTESIAN_POINT('',(-2.695779403713E0,-4.470379110085E0,
-3.908272207521E0));
#11846=CARTESIAN_POINT('',(-2.626205251348E0,-4.435175470538E0,
-3.910144004608E0));
#11847=(BOUNDED_SURFACE()B_SPLINE_SURFACE(3,3,((#11831,#11832,#11833,#11834),(
#11835,#11836,#11837,#11838),(#11839,#11840,#11841,#11842),(#11843,#11844,
#11845,#11846)),.UNSPECIFIED.,.F.,.F.,.F.)B_SPLINE_SURFACE_WITH_KNOTS((4,4),(4,
4),(0.E0,1.E0),(0.E0,1.E0),.UNSPECIFIED.)GEOMETRIC_REPRESENTATION_ITEM()RATIONAL_B_SPLINE_SURFACE(((1.029465881430E0,1.011096708725E0,1.011096708725E0,
1.029465881430E0),(1.008263469877E0,9.902726203071E-1,9.902726203071E-1,
1.008263469877E0),(1.008263469877E0,9.902726203071E-1,9.902726203071E-1,
1.008263469877E0),(1.029465881430E0,1.011096708725E0,1.011096708725E0,
1.029465881430E0)))REPRESENTATION_ITEM('')SURFACE());
#11848=ORIENTED_EDGE('4367',*,*,#7021,.F.);
#11849=ORIENTED_EDGE('4392',*,*,#7047,.T.);
#11850=ORIENTED_EDGE('4275',*,*,#6969,.F.);
#11851=ORIENTED_EDGE('4381',*,*,#7005,.F.);
#11852=EDGE_LOOP('3721',(#11848,#11849,#11850,#11851));
#11853=FACE_OUTER_BOUND('3721',#11852,.F.);
#11854=ADVANCED_FACE('3721',(#11853),#11847,.T.);
#11855=CARTESIAN_POINT('',(-7.54E0,3.34E0,-3.18E0));
#11856=DIRECTION('',(0.E0,0.E0,-1.E0));
#11857=DIRECTION('',(-9.830934539761E-1,-1.831045077255E-1,0.E0));
#11858=AXIS2_PLACEMENT_3D('',#11855,#11856,#11857);
#11859=TOROIDAL_SURFACE('3609',#11858,8.5E-1,7.5E-1);
#11860=ORIENTED_EDGE('4066',*,*,#6465,.T.);
#11861=ORIENTED_EDGE('4074',*,*,#6620,.T.);
#11862=ORIENTED_EDGE('4067',*,*,#6345,.F.);
#11864=ORIENTED_EDGE('4073',*,*,#11863,.F.);
#11865=EDGE_LOOP('3609',(#11860,#11861,#11862,#11864));
#11866=FACE_OUTER_BOUND('3609',#11865,.F.);
#11867=ADVANCED_FACE('3609',(#11866),#11859,.T.);
#11868=CARTESIAN_POINT('',(-7.196552205629E0,-3.502744142873E0,-3.18E0));
#11869=DIRECTION('',(-1.736481776669E-1,9.848077530122E-1,0.E0));
#11870=DIRECTION('',(0.E0,0.E0,-1.E0));
#11871=AXIS2_PLACEMENT_3D('',#11868,#11869,#11870);
#11872=CYLINDRICAL_SURFACE('3608',#11871,7.5E-1);
#11874=ORIENTED_EDGE('4068',*,*,#11873,.T.);
#11875=ORIENTED_EDGE('4069',*,*,#6467,.T.);
#11876=ORIENTED_EDGE('4073',*,*,#11863,.T.);
#11877=ORIENTED_EDGE('4070',*,*,#6361,.F.);
#11878=EDGE_LOOP('3608',(#11874,#11875,#11876,#11877));
#11879=FACE_OUTER_BOUND('3608',#11878,.F.);
#11880=ADVANCED_FACE('3608',(#11879),#11872,.T.);
#11881=CARTESIAN_POINT('',(-8.752077444159E0,1.E0,-3.93E0));
#11882=DIRECTION('',(0.E0,1.E0,0.E0));
#11883=DIRECTION('',(1.E0,0.E0,0.E0));
#11884=AXIS2_PLACEMENT_3D('',#11881,#11882,#11883);
#11885=PLANE('3607',#11884);
#11886=ORIENTED_EDGE('4090',*,*,#6381,.T.);
#11887=ORIENTED_EDGE('4108',*,*,#6407,.F.);
#11888=ORIENTED_EDGE('4072',*,*,#6469,.F.);
#11889=ORIENTED_EDGE('4068',*,*,#11873,.F.);
#11890=ORIENTED_EDGE('4111',*,*,#6359,.F.);
#11891=EDGE_LOOP('3607',(#11886,#11887,#11888,#11889,#11890));
#11892=FACE_OUTER_BOUND('3607',#11891,.F.);
#11893=ADVANCED_FACE('3607',(#11892),#11885,.F.);
#11894=CARTESIAN_POINT('',(-6.2E0,1.64E0,-3.93E0));
#11895=DIRECTION('',(0.E0,0.E0,-1.E0));
#11896=DIRECTION('',(-1.E0,0.E0,0.E0));
#11897=AXIS2_PLACEMENT_3D('',#11894,#11895,#11896);
#11898=CYLINDRICAL_SURFACE('3603',#11897,1.8E0);
#11899=ORIENTED_EDGE('4040',*,*,#6472,.F.);
#11900=ORIENTED_EDGE('4048',*,*,#6403,.T.);
#11902=ORIENTED_EDGE('4033',*,*,#11901,.T.);
#11904=ORIENTED_EDGE('4049',*,*,#11903,.F.);
#11905=EDGE_LOOP('3603',(#11899,#11900,#11902,#11904));
#11906=FACE_OUTER_BOUND('3603',#11905,.F.);
#11907=ADVANCED_FACE('3603',(#11906),#11898,.T.);
#11908=CARTESIAN_POINT('',(0.E0,0.E0,-5.26E0));
#11909=DIRECTION('',(0.E0,0.E0,-1.E0));
#11910=DIRECTION('',(-1.E0,0.E0,0.E0));
#11911=AXIS2_PLACEMENT_3D('',#11908,#11909,#11910);
#11912=PLANE('3597',#11911);
#11914=ORIENTED_EDGE('4027',*,*,#11913,.F.);
#11916=ORIENTED_EDGE('4034',*,*,#11915,.F.);
#11917=ORIENTED_EDGE('4033',*,*,#11901,.F.);
#11918=ORIENTED_EDGE('4032',*,*,#6401,.F.);
#11920=ORIENTED_EDGE('4031',*,*,#11919,.F.);
#11922=ORIENTED_EDGE('4030',*,*,#11921,.F.);
#11924=ORIENTED_EDGE('4029',*,*,#11923,.F.);
#11926=ORIENTED_EDGE('4028',*,*,#11925,.F.);
#11927=EDGE_LOOP('3597',(#11914,#11916,#11917,#11918,#11920,#11922,#11924,
#11926));
#11928=FACE_OUTER_BOUND('3597',#11927,.F.);
#11930=ORIENTED_EDGE('4407',*,*,#11929,.F.);
#11932=ORIENTED_EDGE('4408',*,*,#11931,.F.);
#11933=EDGE_LOOP('3597',(#11930,#11932));
#11934=FACE_BOUND('3597',#11933,.F.);
#11936=ORIENTED_EDGE('4427',*,*,#11935,.F.);
#11938=ORIENTED_EDGE('4428',*,*,#11937,.F.);
#11939=EDGE_LOOP('3597',(#11936,#11938));
#11940=FACE_BOUND('3597',#11939,.F.);
#11942=ORIENTED_EDGE('4447',*,*,#11941,.F.);
#11944=ORIENTED_EDGE('4448',*,*,#11943,.F.);
#11945=EDGE_LOOP('3597',(#11942,#11944));
#11946=FACE_BOUND('3597',#11945,.F.);
#11948=ORIENTED_EDGE('4467',*,*,#11947,.F.);
#11950=ORIENTED_EDGE('4468',*,*,#11949,.F.);
#11951=EDGE_LOOP('3597',(#11948,#11950));
#11952=FACE_BOUND('3597',#11951,.F.);
#11954=ORIENTED_EDGE('4487',*,*,#11953,.F.);
#11956=ORIENTED_EDGE('4488',*,*,#11955,.F.);
#11957=EDGE_LOOP('3597',(#11954,#11956));
#11958=FACE_BOUND('3597',#11957,.F.);
#11960=ORIENTED_EDGE('4507',*,*,#11959,.F.);
#11962=ORIENTED_EDGE('4508',*,*,#11961,.F.);
#11963=EDGE_LOOP('3597',(#11960,#11962));
#11964=FACE_BOUND('3597',#11963,.F.);
#11966=ORIENTED_EDGE('4527',*,*,#11965,.F.);
#11968=ORIENTED_EDGE('4528',*,*,#11967,.F.);
#11969=EDGE_LOOP('3597',(#11966,#11968));
#11970=FACE_BOUND('3597',#11969,.F.);
#11972=ORIENTED_EDGE('4547',*,*,#11971,.F.);
#11974=ORIENTED_EDGE('4548',*,*,#11973,.F.);
#11975=EDGE_LOOP('3597',(#11972,#11974));
#11976=FACE_BOUND('3597',#11975,.F.);
#11978=ORIENTED_EDGE('4567',*,*,#11977,.F.);
#11980=ORIENTED_EDGE('4568',*,*,#11979,.F.);
#11981=EDGE_LOOP('3597',(#11978,#11980));
#11982=FACE_BOUND('3597',#11981,.F.);
#11983=ADVANCED_FACE('3597',(#11928,#11934,#11940,#11946,#11952,#11958,#11964,
#11970,#11976,#11982),#11912,.T.);
#11984=CARTESIAN_POINT('',(6.2E0,1.64E0,-3.93E0));
#11985=DIRECTION('',(0.E0,0.E0,-1.E0));
#11986=DIRECTION('',(-1.E0,0.E0,0.E0));
#11987=AXIS2_PLACEMENT_3D('',#11984,#11985,#11986);
#11988=CYLINDRICAL_SURFACE('3598',#11987,1.8E0);
#11989=ORIENTED_EDGE('4035',*,*,#6476,.F.);
#11991=ORIENTED_EDGE('4042',*,*,#11990,.T.);
#11992=ORIENTED_EDGE('4027',*,*,#11913,.T.);
#11994=ORIENTED_EDGE('4043',*,*,#11993,.F.);
#11995=EDGE_LOOP('3598',(#11989,#11991,#11992,#11994));
#11996=FACE_OUTER_BOUND('3598',#11995,.F.);
#11997=ADVANCED_FACE('3598',(#11996),#11988,.T.);
#11998=CARTESIAN_POINT('',(-6.2E0,3.44E0,-3.93E0));
#11999=DIRECTION('',(0.E0,1.E0,0.E0));
#12000=DIRECTION('',(1.E0,0.E0,0.E0));
#12001=AXIS2_PLACEMENT_3D('',#11998,#11999,#12000);
#12002=PLANE('3604',#12001);
#12003=ORIENTED_EDGE('4041',*,*,#6474,.F.);
#12004=ORIENTED_EDGE('4049',*,*,#11903,.T.);
#12005=ORIENTED_EDGE('4034',*,*,#11915,.T.);
#12006=ORIENTED_EDGE('4042',*,*,#11990,.F.);
#12007=EDGE_LOOP('3604',(#12003,#12004,#12005,#12006));
#12008=FACE_OUTER_BOUND('3604',#12007,.F.);
#12009=ADVANCED_FACE('3604',(#12008),#12002,.T.);
#12010=CARTESIAN_POINT('',(7.972653955422E0,1.327433280200E0,-3.93E0));
#12011=DIRECTION('',(9.848077530122E-1,-1.736481776669E-1,0.E0));
#12012=DIRECTION('',(-1.736481776669E-1,-9.848077530122E-1,0.E0));
#12013=AXIS2_PLACEMENT_3D('',#12010,#12011,#12012);
#12014=PLANE('3599',#12013);
#12015=ORIENTED_EDGE('4036',*,*,#6478,.F.);
#12016=ORIENTED_EDGE('4043',*,*,#11993,.T.);
#12017=ORIENTED_EDGE('4028',*,*,#11925,.T.);
#12019=ORIENTED_EDGE('4044',*,*,#12018,.F.);
#12020=EDGE_LOOP('3599',(#12015,#12016,#12017,#12019));
#12021=FACE_OUTER_BOUND('3599',#12020,.F.);
#12022=ADVANCED_FACE('3599',(#12021),#12014,.T.);
#12023=CARTESIAN_POINT('',(5.621647503276E0,-1.64E0,-3.93E0));
#12024=DIRECTION('',(0.E0,0.E0,-1.E0));
#12025=DIRECTION('',(-1.E0,0.E0,0.E0));
#12026=AXIS2_PLACEMENT_3D('',#12023,#12024,#12025);
#12027=CYLINDRICAL_SURFACE('3600',#12026,1.8E0);
#12028=ORIENTED_EDGE('4037',*,*,#6480,.F.);
#12029=ORIENTED_EDGE('4044',*,*,#12018,.T.);
#12030=ORIENTED_EDGE('4029',*,*,#11923,.T.);
#12032=ORIENTED_EDGE('4045',*,*,#12031,.F.);
#12033=EDGE_LOOP('3600',(#12028,#12029,#12030,#12032));
#12034=FACE_OUTER_BOUND('3600',#12033,.F.);
#12035=ADVANCED_FACE('3600',(#12034),#12027,.T.);
#12036=CARTESIAN_POINT('',(5.621647503276E0,-3.44E0,-3.93E0));
#12037=DIRECTION('',(0.E0,-1.E0,0.E0));
#12038=DIRECTION('',(-1.E0,0.E0,0.E0));
#12039=AXIS2_PLACEMENT_3D('',#12036,#12037,#12038);
#12040=PLANE('3601',#12039);
#12041=ORIENTED_EDGE('4038',*,*,#6482,.F.);
#12042=ORIENTED_EDGE('4045',*,*,#12031,.T.);
#12043=ORIENTED_EDGE('4030',*,*,#11921,.T.);
#12045=ORIENTED_EDGE('4046',*,*,#12044,.F.);
#12046=EDGE_LOOP('3601',(#12041,#12042,#12043,#12045));
#12047=FACE_OUTER_BOUND('3601',#12046,.F.);
#12048=ADVANCED_FACE('3601',(#12047),#12040,.T.);
#12049=CARTESIAN_POINT('',(-5.621647503276E0,-1.64E0,-3.93E0));
#12050=DIRECTION('',(0.E0,0.E0,-1.E0));
#12051=DIRECTION('',(-1.E0,0.E0,0.E0));
#12052=AXIS2_PLACEMENT_3D('',#12049,#12050,#12051);
#12053=CYLINDRICAL_SURFACE('3602',#12052,1.8E0);
#12054=ORIENTED_EDGE('4039',*,*,#6484,.F.);
#12055=ORIENTED_EDGE('4046',*,*,#12044,.T.);
#12056=ORIENTED_EDGE('4031',*,*,#11919,.T.);
#12057=ORIENTED_EDGE('4047',*,*,#6399,.F.);
#12058=EDGE_LOOP('3602',(#12054,#12055,#12056,#12057));
#12059=FACE_OUTER_BOUND('3602',#12058,.F.);
#12060=ADVANCED_FACE('3602',(#12059),#12053,.T.);
#12061=CARTESIAN_POINT('',(-5.48E0,1.42E0,-1.1515E1));
#12062=DIRECTION('',(0.E0,0.E0,1.E0));
#12063=DIRECTION('',(0.E0,-1.E0,0.E0));
#12064=AXIS2_PLACEMENT_3D('',#12061,#12062,#12063);
#12065=CYLINDRICAL_SURFACE('3741',#12064,3.15E-1);
#12066=ORIENTED_EDGE('4407',*,*,#11929,.T.);
#12068=ORIENTED_EDGE('4410',*,*,#12067,.T.);
#12070=ORIENTED_EDGE('4396',*,*,#12069,.T.);
#12072=ORIENTED_EDGE('4409',*,*,#12071,.F.);
#12073=EDGE_LOOP('3741',(#12066,#12068,#12070,#12072));
#12074=FACE_OUTER_BOUND('3741',#12073,.F.);
#12075=ADVANCED_FACE('3741',(#12074),#12065,.T.);
#12076=CARTESIAN_POINT('',(-5.48E0,1.42E0,-1.1515E1));
#12077=DIRECTION('',(0.E0,0.E0,1.E0));
#12078=DIRECTION('',(0.E0,-1.E0,0.E0));
#12079=AXIS2_PLACEMENT_3D('',#12076,#12077,#12078);
#12080=CYLINDRICAL_SURFACE('3745',#12079,3.15E-1);
#12081=ORIENTED_EDGE('4408',*,*,#11931,.T.);
#12082=ORIENTED_EDGE('4409',*,*,#12071,.T.);
#12084=ORIENTED_EDGE('4394',*,*,#12083,.T.);
#12085=ORIENTED_EDGE('4410',*,*,#12067,.F.);
#12086=EDGE_LOOP('3745',(#12081,#12082,#12084,#12085));
#12087=FACE_OUTER_BOUND('3745',#12086,.F.);
#12088=ADVANCED_FACE('3745',(#12087),#12080,.T.);
#12089=CARTESIAN_POINT('',(-5.490729460360E0,1.317553609373E0,
-1.069964007920E1));
#12090=CARTESIAN_POINT('',(-5.504103368220E0,1.189857663543E0,
-1.070735330881E1));
#12091=CARTESIAN_POINT('',(-5.513577198301E0,1.099400206716E0,
-1.061640109634E1));
#12092=CARTESIAN_POINT('',(-5.512773767305E0,1.107071478422E0,
-1.048800671955E1));
#12093=CARTESIAN_POINT('',(-5.425628945739E0,1.310735473695E0,
-1.069964007920E1));
#12094=CARTESIAN_POINT('',(-5.357857273578E0,1.174540953353E0,
-1.070735330881E1));
#12095=CARTESIAN_POINT('',(-5.309849068865E0,1.078063262823E0,
-1.061640109634E1));
#12096=CARTESIAN_POINT('',(-5.313920419037E0,1.086245082249E0,
-1.048800671955E1));
#12097=CARTESIAN_POINT('',(-5.376993280639E0,1.354543418844E0,
-1.069964007920E1));
#12098=CARTESIAN_POINT('',(-5.248598904076E0,1.272954013983E0,
-1.070735330881E1));
#12099=CARTESIAN_POINT('',(-5.157646691779E0,1.215157581843E0,
-1.061640109634E1));
#12100=CARTESIAN_POINT('',(-5.165359921370E0,1.220059025573E0,
-1.048800671955E1));
#12101=CARTESIAN_POINT('',(-5.376993280451E0,1.419999999705E0,
-1.069964007920E1));
#12102=CARTESIAN_POINT('',(-5.248598903655E0,1.419999999338E0,
-1.070735330881E1));
#12103=CARTESIAN_POINT('',(-5.157646691192E0,1.419999999077E0,
-1.061640109634E1));
#12104=CARTESIAN_POINT('',(-5.165359920797E0,1.419999999099E0,
-1.048800671955E1));
#12105=CARTESIAN_POINT('',(-5.376993280264E0,1.485456580566E0,
-1.069964007920E1));
#12106=CARTESIAN_POINT('',(-5.248598903234E0,1.567045984692E0,
-1.070735330881E1));
#12107=CARTESIAN_POINT('',(-5.157646690606E0,1.624842416312E0,
-1.061640109634E1));
#12108=CARTESIAN_POINT('',(-5.165359920225E0,1.619940972626E0,
-1.048800671955E1));
#12109=CARTESIAN_POINT('',(-5.425628945114E0,1.529264525994E0,
-1.069964007920E1));
#12110=CARTESIAN_POINT('',(-5.357857272173E0,1.665459045948E0,
-1.070735330881E1));
#12111=CARTESIAN_POINT('',(-5.309849066907E0,1.761936736203E0,
-1.061640109634E1));
#12112=CARTESIAN_POINT('',(-5.313920417127E0,1.753754916800E0,
-1.048800671955E1));
#12113=CARTESIAN_POINT('',(-5.490729459773E0,1.522446390689E0,
-1.069964007920E1));
#12114=CARTESIAN_POINT('',(-5.504103366902E0,1.650142336595E0,
-1.070735330881E1));
#12115=CARTESIAN_POINT('',(-5.513577196466E0,1.740599793476E0,
-1.061640109634E1));
#12116=CARTESIAN_POINT('',(-5.512773765514E0,1.732928521766E0,
-1.048800671955E1));
#12117=(BOUNDED_SURFACE()B_SPLINE_SURFACE(3,3,((#12089,#12090,#12091,#12092),(
#12093,#12094,#12095,#12096),(#12097,#12098,#12099,#12100),(#12101,#12102,
#12103,#12104),(#12105,#12106,#12107,#12108),(#12109,#12110,#12111,#12112),(
#12113,#12114,#12115,#12116)),.UNSPECIFIED.,.F.,.F.,.F.)B_SPLINE_SURFACE_WITH_KNOTS((4,3,4),(4,4),(0.E0,1.E0,2.E0),(0.E0,1.E0),.UNSPECIFIED.)GEOMETRIC_REPRESENTATION_ITEM()RATIONAL_B_SPLINE_SURFACE(((1.440552757926E0,1.117323085251E0,
1.117323085251E0,1.440552757926E0),(1.122927432676E0,8.709661875882E-1,
8.709661875882E-1,1.122927432676E0),(1.122927432676E0,8.709661875882E-1,
8.709661875882E-1,1.122927432676E0),(1.440552757926E0,1.117323085251E0,
1.117323085251E0,1.440552757926E0),(1.122927432676E0,8.709661875882E-1,
8.709661875882E-1,1.122927432676E0),(1.122927432676E0,8.709661875882E-1,
8.709661875882E-1,1.122927432676E0),(1.440552757926E0,1.117323085251E0,
1.117323085251E0,1.440552757926E0)))REPRESENTATION_ITEM('')SURFACE());
#12119=ORIENTED_EDGE('4393',*,*,#12118,.T.);
#12121=ORIENTED_EDGE('4397',*,*,#12120,.T.);
#12122=ORIENTED_EDGE('4394',*,*,#12083,.F.);
#12124=ORIENTED_EDGE('4398',*,*,#12123,.F.);
#12125=EDGE_LOOP('3748',(#12119,#12121,#12122,#12124));
#12126=FACE_OUTER_BOUND('3748',#12125,.F.);
#12127=ADVANCED_FACE('3748',(#12126),#12117,.T.);
#12128=CARTESIAN_POINT('',(-5.48E0,1.42E0,-1.07E1));
#12129=DIRECTION('',(0.E0,0.E0,1.E0));
#12130=DIRECTION('',(0.E0,-1.E0,0.E0));
#12131=AXIS2_PLACEMENT_3D('',#12128,#12129,#12130);
#12132=PLANE('3742',#12131);
#12133=ORIENTED_EDGE('4393',*,*,#12118,.F.);
#12135=ORIENTED_EDGE('4395',*,*,#12134,.F.);
#12136=EDGE_LOOP('3742',(#12133,#12135));
#12137=FACE_OUTER_BOUND('3742',#12136,.F.);
#12138=ADVANCED_FACE('3742',(#12137),#12132,.F.);
#12139=CARTESIAN_POINT('',(-5.469270539640E0,1.522446390627E0,
-1.069964007920E1));
#12140=CARTESIAN_POINT('',(-5.455896631780E0,1.650142336457E0,
-1.070735330881E1));
#12141=CARTESIAN_POINT('',(-5.446422801699E0,1.740599793284E0,
-1.061640109634E1));
#12142=CARTESIAN_POINT('',(-5.447226232695E0,1.732928521578E0,
-1.048800671955E1));
#12143=CARTESIAN_POINT('',(-5.534371054261E0,1.529264526305E0,
-1.069964007920E1));
#12144=CARTESIAN_POINT('',(-5.602142726422E0,1.665459046647E0,
-1.070735330881E1));
#12145=CARTESIAN_POINT('',(-5.650150931135E0,1.761936737177E0,
-1.061640109634E1));
#12146=CARTESIAN_POINT('',(-5.646079580963E0,1.753754917751E0,
-1.048800671955E1));
#12147=CARTESIAN_POINT('',(-5.583006719361E0,1.485456581156E0,
-1.069964007920E1));
#12148=CARTESIAN_POINT('',(-5.711401095924E0,1.567045986017E0,
-1.070735330881E1));
#12149=CARTESIAN_POINT('',(-5.802353308221E0,1.624842418157E0,
-1.061640109634E1));
#12150=CARTESIAN_POINT('',(-5.794640078630E0,1.619940974427E0,
-1.048800671955E1));
#12151=CARTESIAN_POINT('',(-5.583006719549E0,1.420000000295E0,
-1.069964007920E1));
#12152=CARTESIAN_POINT('',(-5.711401096345E0,1.420000000662E0,
-1.070735330881E1));
#12153=CARTESIAN_POINT('',(-5.802353308808E0,1.420000000923E0,
-1.061640109634E1));
#12154=CARTESIAN_POINT('',(-5.794640079203E0,1.420000000901E0,
-1.048800671955E1));
#12155=CARTESIAN_POINT('',(-5.583006719736E0,1.354543419434E0,
-1.069964007920E1));
#12156=CARTESIAN_POINT('',(-5.711401096766E0,1.272954015308E0,
-1.070735330881E1));
#12157=CARTESIAN_POINT('',(-5.802353309394E0,1.215157583688E0,
-1.061640109634E1));
#12158=CARTESIAN_POINT('',(-5.794640079775E0,1.220059027374E0,
-1.048800671955E1));
#12159=CARTESIAN_POINT('',(-5.534371054886E0,1.310735474006E0,
-1.069964007920E1));
#12160=CARTESIAN_POINT('',(-5.602142727827E0,1.174540954052E0,
-1.070735330881E1));
#12161=CARTESIAN_POINT('',(-5.650150933093E0,1.078063263797E0,
-1.061640109634E1));
#12162=CARTESIAN_POINT('',(-5.646079582873E0,1.086245083200E0,
-1.048800671955E1));
#12163=CARTESIAN_POINT('',(-5.469270540227E0,1.317553609311E0,
-1.069964007920E1));
#12164=CARTESIAN_POINT('',(-5.455896633098E0,1.189857663405E0,
-1.070735330881E1));
#12165=CARTESIAN_POINT('',(-5.446422803534E0,1.099400206524E0,
-1.061640109634E1));
#12166=CARTESIAN_POINT('',(-5.447226234486E0,1.107071478234E0,
-1.048800671955E1));
#12167=(BOUNDED_SURFACE()B_SPLINE_SURFACE(3,3,((#12139,#12140,#12141,#12142),(
#12143,#12144,#12145,#12146),(#12147,#12148,#12149,#12150),(#12151,#12152,
#12153,#12154),(#12155,#12156,#12157,#12158),(#12159,#12160,#12161,#12162),(
#12163,#12164,#12165,#12166)),.UNSPECIFIED.,.F.,.F.,.F.)B_SPLINE_SURFACE_WITH_KNOTS((4,3,4),(4,4),(0.E0,1.E0,2.E0),(0.E0,1.E0),.UNSPECIFIED.)GEOMETRIC_REPRESENTATION_ITEM()RATIONAL_B_SPLINE_SURFACE(((1.440552757926E0,1.117323085251E0,
1.117323085251E0,1.440552757926E0),(1.122927432676E0,8.709661875882E-1,
8.709661875882E-1,1.122927432676E0),(1.122927432676E0,8.709661875882E-1,
8.709661875882E-1,1.122927432676E0),(1.440552757926E0,1.117323085251E0,
1.117323085251E0,1.440552757926E0),(1.122927432676E0,8.709661875882E-1,
8.709661875882E-1,1.122927432676E0),(1.122927432676E0,8.709661875882E-1,
8.709661875882E-1,1.122927432676E0),(1.440552757926E0,1.117323085251E0,
1.117323085251E0,1.440552757926E0)))REPRESENTATION_ITEM('')SURFACE());
#12168=ORIENTED_EDGE('4395',*,*,#12134,.T.);
#12169=ORIENTED_EDGE('4398',*,*,#12123,.T.);
#12170=ORIENTED_EDGE('4396',*,*,#12069,.F.);
#12171=ORIENTED_EDGE('4397',*,*,#12120,.F.);
#12172=EDGE_LOOP('3747',(#12168,#12169,#12170,#12171));
#12173=FACE_OUTER_BOUND('3747',#12172,.F.);
#12174=ADVANCED_FACE('3747',(#12173),#12167,.T.);
#12175=CARTESIAN_POINT('',(-2.74E0,1.42E0,-1.1515E1));
#12176=DIRECTION('',(0.E0,0.E0,1.E0));
#12177=DIRECTION('',(0.E0,-1.E0,0.E0));
#12178=AXIS2_PLACEMENT_3D('',#12175,#12176,#12177);
#12179=CYLINDRICAL_SURFACE('3751',#12178,3.15E-1);
#12180=ORIENTED_EDGE('4427',*,*,#11935,.T.);
#12182=ORIENTED_EDGE('4430',*,*,#12181,.T.);
#12184=ORIENTED_EDGE('4416',*,*,#12183,.T.);
#12186=ORIENTED_EDGE('4429',*,*,#12185,.F.);
#12187=EDGE_LOOP('3751',(#12180,#12182,#12184,#12186));
#12188=FACE_OUTER_BOUND('3751',#12187,.F.);
#12189=ADVANCED_FACE('3751',(#12188),#12179,.T.);
#12190=CARTESIAN_POINT('',(-2.74E0,1.42E0,-1.1515E1));
#12191=DIRECTION('',(0.E0,0.E0,1.E0));
#12192=DIRECTION('',(0.E0,-1.E0,0.E0));
#12193=AXIS2_PLACEMENT_3D('',#12190,#12191,#12192);
#12194=CYLINDRICAL_SURFACE('3755',#12193,3.15E-1);
#12195=ORIENTED_EDGE('4428',*,*,#11937,.T.);
#12196=ORIENTED_EDGE('4429',*,*,#12185,.T.);
#12198=ORIENTED_EDGE('4414',*,*,#12197,.T.);
#12199=ORIENTED_EDGE('4430',*,*,#12181,.F.);
#12200=EDGE_LOOP('3755',(#12195,#12196,#12198,#12199));
#12201=FACE_OUTER_BOUND('3755',#12200,.F.);
#12202=ADVANCED_FACE('3755',(#12201),#12194,.T.);
#12203=CARTESIAN_POINT('',(-2.750729460360E0,1.317553609373E0,
-1.069964007920E1));
#12204=CARTESIAN_POINT('',(-2.764103368220E0,1.189857663543E0,
-1.070735330881E1));
#12205=CARTESIAN_POINT('',(-2.773577198301E0,1.099400206716E0,
-1.061640109634E1));
#12206=CARTESIAN_POINT('',(-2.772773767305E0,1.107071478422E0,
-1.048800671955E1));
#12207=CARTESIAN_POINT('',(-2.685628945739E0,1.310735473695E0,
-1.069964007920E1));
#12208=CARTESIAN_POINT('',(-2.617857273578E0,1.174540953353E0,
-1.070735330881E1));
#12209=CARTESIAN_POINT('',(-2.569849068865E0,1.078063262823E0,
-1.061640109634E1));
#12210=CARTESIAN_POINT('',(-2.573920419037E0,1.086245082249E0,
-1.048800671955E1));
#12211=CARTESIAN_POINT('',(-2.636993280639E0,1.354543418844E0,
-1.069964007920E1));
#12212=CARTESIAN_POINT('',(-2.508598904076E0,1.272954013983E0,
-1.070735330881E1));
#12213=CARTESIAN_POINT('',(-2.417646691779E0,1.215157581843E0,
-1.061640109634E1));
#12214=CARTESIAN_POINT('',(-2.425359921370E0,1.220059025573E0,
-1.048800671955E1));
#12215=CARTESIAN_POINT('',(-2.636993280451E0,1.419999999705E0,
-1.069964007920E1));
#12216=CARTESIAN_POINT('',(-2.508598903655E0,1.419999999338E0,
-1.070735330881E1));
#12217=CARTESIAN_POINT('',(-2.417646691192E0,1.419999999077E0,
-1.061640109634E1));
#12218=CARTESIAN_POINT('',(-2.425359920797E0,1.419999999099E0,
-1.048800671955E1));
#12219=CARTESIAN_POINT('',(-2.636993280264E0,1.485456580566E0,
-1.069964007920E1));
#12220=CARTESIAN_POINT('',(-2.508598903234E0,1.567045984692E0,
-1.070735330881E1));
#12221=CARTESIAN_POINT('',(-2.417646690606E0,1.624842416312E0,
-1.061640109634E1));
#12222=CARTESIAN_POINT('',(-2.425359920225E0,1.619940972626E0,
-1.048800671955E1));
#12223=CARTESIAN_POINT('',(-2.685628945114E0,1.529264525994E0,
-1.069964007920E1));
#12224=CARTESIAN_POINT('',(-2.617857272173E0,1.665459045948E0,
-1.070735330881E1));
#12225=CARTESIAN_POINT('',(-2.569849066907E0,1.761936736203E0,
-1.061640109634E1));
#12226=CARTESIAN_POINT('',(-2.573920417127E0,1.753754916800E0,
-1.048800671955E1));
#12227=CARTESIAN_POINT('',(-2.750729459773E0,1.522446390689E0,
-1.069964007920E1));
#12228=CARTESIAN_POINT('',(-2.764103366902E0,1.650142336595E0,
-1.070735330881E1));
#12229=CARTESIAN_POINT('',(-2.773577196466E0,1.740599793476E0,
-1.061640109634E1));
#12230=CARTESIAN_POINT('',(-2.772773765514E0,1.732928521766E0,
-1.048800671955E1));
#12231=(BOUNDED_SURFACE()B_SPLINE_SURFACE(3,3,((#12203,#12204,#12205,#12206),(
#12207,#12208,#12209,#12210),(#12211,#12212,#12213,#12214),(#12215,#12216,
#12217,#12218),(#12219,#12220,#12221,#12222),(#12223,#12224,#12225,#12226),(
#12227,#12228,#12229,#12230)),.UNSPECIFIED.,.F.,.F.,.F.)B_SPLINE_SURFACE_WITH_KNOTS((4,3,4),(4,4),(0.E0,1.E0,2.E0),(0.E0,1.E0),.UNSPECIFIED.)GEOMETRIC_REPRESENTATION_ITEM()RATIONAL_B_SPLINE_SURFACE(((1.440552757926E0,1.117323085251E0,
1.117323085251E0,1.440552757926E0),(1.122927432676E0,8.709661875882E-1,
8.709661875882E-1,1.122927432676E0),(1.122927432676E0,8.709661875882E-1,
8.709661875882E-1,1.122927432676E0),(1.440552757926E0,1.117323085251E0,
1.117323085251E0,1.440552757926E0),(1.122927432676E0,8.709661875882E-1,
8.709661875882E-1,1.122927432676E0),(1.122927432676E0,8.709661875882E-1,
8.709661875882E-1,1.122927432676E0),(1.440552757926E0,1.117323085251E0,
1.117323085251E0,1.440552757926E0)))REPRESENTATION_ITEM('')SURFACE());
#12233=ORIENTED_EDGE('4413',*,*,#12232,.T.);
#12235=ORIENTED_EDGE('4417',*,*,#12234,.T.);
#12236=ORIENTED_EDGE('4414',*,*,#12197,.F.);
#12238=ORIENTED_EDGE('4418',*,*,#12237,.F.);
#12239=EDGE_LOOP('3758',(#12233,#12235,#12236,#12238));
#12240=FACE_OUTER_BOUND('3758',#12239,.F.);
#12241=ADVANCED_FACE('3758',(#12240),#12231,.T.);
#12242=CARTESIAN_POINT('',(-2.74E0,1.42E0,-1.07E1));
#12243=DIRECTION('',(0.E0,0.E0,1.E0));
#12244=DIRECTION('',(0.E0,-1.E0,0.E0));
#12245=AXIS2_PLACEMENT_3D('',#12242,#12243,#12244);
#12246=PLANE('3752',#12245);
#12247=ORIENTED_EDGE('4413',*,*,#12232,.F.);
#12249=ORIENTED_EDGE('4415',*,*,#12248,.F.);
#12250=EDGE_LOOP('3752',(#12247,#12249));
#12251=FACE_OUTER_BOUND('3752',#12250,.F.);
#12252=ADVANCED_FACE('3752',(#12251),#12246,.F.);
#12253=CARTESIAN_POINT('',(-2.729270539640E0,1.522446390627E0,
-1.069964007920E1));
#12254=CARTESIAN_POINT('',(-2.715896631780E0,1.650142336457E0,
-1.070735330881E1));
#12255=CARTESIAN_POINT('',(-2.706422801699E0,1.740599793284E0,
-1.061640109634E1));
#12256=CARTESIAN_POINT('',(-2.707226232695E0,1.732928521578E0,
-1.048800671955E1));
#12257=CARTESIAN_POINT('',(-2.794371054261E0,1.529264526305E0,
-1.069964007920E1));
#12258=CARTESIAN_POINT('',(-2.862142726422E0,1.665459046647E0,
-1.070735330881E1));
#12259=CARTESIAN_POINT('',(-2.910150931135E0,1.761936737177E0,
-1.061640109634E1));
#12260=CARTESIAN_POINT('',(-2.906079580963E0,1.753754917751E0,
-1.048800671955E1));
#12261=CARTESIAN_POINT('',(-2.843006719361E0,1.485456581156E0,
-1.069964007920E1));
#12262=CARTESIAN_POINT('',(-2.971401095924E0,1.567045986017E0,
-1.070735330881E1));
#12263=CARTESIAN_POINT('',(-3.062353308221E0,1.624842418157E0,
-1.061640109634E1));
#12264=CARTESIAN_POINT('',(-3.054640078630E0,1.619940974427E0,
-1.048800671955E1));
#12265=CARTESIAN_POINT('',(-2.843006719549E0,1.420000000295E0,
-1.069964007920E1));
#12266=CARTESIAN_POINT('',(-2.971401096345E0,1.420000000662E0,
-1.070735330881E1));
#12267=CARTESIAN_POINT('',(-3.062353308808E0,1.420000000923E0,
-1.061640109634E1));
#12268=CARTESIAN_POINT('',(-3.054640079203E0,1.420000000901E0,
-1.048800671955E1));
#12269=CARTESIAN_POINT('',(-2.843006719736E0,1.354543419434E0,
-1.069964007920E1));
#12270=CARTESIAN_POINT('',(-2.971401096766E0,1.272954015308E0,
-1.070735330881E1));
#12271=CARTESIAN_POINT('',(-3.062353309394E0,1.215157583688E0,
-1.061640109634E1));
#12272=CARTESIAN_POINT('',(-3.054640079775E0,1.220059027374E0,
-1.048800671955E1));
#12273=CARTESIAN_POINT('',(-2.794371054886E0,1.310735474006E0,
-1.069964007920E1));
#12274=CARTESIAN_POINT('',(-2.862142727827E0,1.174540954052E0,
-1.070735330881E1));
#12275=CARTESIAN_POINT('',(-2.910150933093E0,1.078063263797E0,
-1.061640109634E1));
#12276=CARTESIAN_POINT('',(-2.906079582873E0,1.086245083200E0,
-1.048800671955E1));
#12277=CARTESIAN_POINT('',(-2.729270540227E0,1.317553609311E0,
-1.069964007920E1));
#12278=CARTESIAN_POINT('',(-2.715896633098E0,1.189857663405E0,
-1.070735330881E1));
#12279=CARTESIAN_POINT('',(-2.706422803534E0,1.099400206524E0,
-1.061640109634E1));
#12280=CARTESIAN_POINT('',(-2.707226234486E0,1.107071478234E0,
-1.048800671955E1));
#12281=(BOUNDED_SURFACE()B_SPLINE_SURFACE(3,3,((#12253,#12254,#12255,#12256),(
#12257,#12258,#12259,#12260),(#12261,#12262,#12263,#12264),(#12265,#12266,
#12267,#12268),(#12269,#12270,#12271,#12272),(#12273,#12274,#12275,#12276),(
#12277,#12278,#12279,#12280)),.UNSPECIFIED.,.F.,.F.,.F.)B_SPLINE_SURFACE_WITH_KNOTS((4,3,4),(4,4),(0.E0,1.E0,2.E0),(0.E0,1.E0),.UNSPECIFIED.)GEOMETRIC_REPRESENTATION_ITEM()RATIONAL_B_SPLINE_SURFACE(((1.440552757926E0,1.117323085251E0,
1.117323085251E0,1.440552757926E0),(1.122927432676E0,8.709661875882E-1,
8.709661875882E-1,1.122927432676E0),(1.122927432676E0,8.709661875882E-1,
8.709661875882E-1,1.122927432676E0),(1.440552757926E0,1.117323085251E0,
1.117323085251E0,1.440552757926E0),(1.122927432676E0,8.709661875882E-1,
8.709661875882E-1,1.122927432676E0),(1.122927432676E0,8.709661875882E-1,
8.709661875882E-1,1.122927432676E0),(1.440552757926E0,1.117323085251E0,
1.117323085251E0,1.440552757926E0)))REPRESENTATION_ITEM('')SURFACE());
#12282=ORIENTED_EDGE('4415',*,*,#12248,.T.);
#12283=ORIENTED_EDGE('4418',*,*,#12237,.T.);
#12284=ORIENTED_EDGE('4416',*,*,#12183,.F.);
#12285=ORIENTED_EDGE('4417',*,*,#12234,.F.);
#12286=EDGE_LOOP('3757',(#12282,#12283,#12284,#12285));
#12287=FACE_OUTER_BOUND('3757',#12286,.F.);
#12288=ADVANCED_FACE('3757',(#12287),#12281,.T.);
#12289=CARTESIAN_POINT('',(0.E0,1.42E0,-1.1515E1));
#12290=DIRECTION('',(0.E0,0.E0,1.E0));
#12291=DIRECTION('',(0.E0,-1.E0,0.E0));
#12292=AXIS2_PLACEMENT_3D('',#12289,#12290,#12291);
#12293=CYLINDRICAL_SURFACE('3761',#12292,3.15E-1);
#12294=ORIENTED_EDGE('4447',*,*,#11941,.T.);
#12296=ORIENTED_EDGE('4450',*,*,#12295,.T.);
#12298=ORIENTED_EDGE('4436',*,*,#12297,.T.);
#12300=ORIENTED_EDGE('4449',*,*,#12299,.F.);
#12301=EDGE_LOOP('3761',(#12294,#12296,#12298,#12300));
#12302=FACE_OUTER_BOUND('3761',#12301,.F.);
#12303=ADVANCED_FACE('3761',(#12302),#12293,.T.);
#12304=CARTESIAN_POINT('',(0.E0,1.42E0,-1.1515E1));
#12305=DIRECTION('',(0.E0,0.E0,1.E0));
#12306=DIRECTION('',(0.E0,-1.E0,0.E0));
#12307=AXIS2_PLACEMENT_3D('',#12304,#12305,#12306);
#12308=CYLINDRICAL_SURFACE('3765',#12307,3.15E-1);
#12309=ORIENTED_EDGE('4448',*,*,#11943,.T.);
#12310=ORIENTED_EDGE('4449',*,*,#12299,.T.);
#12312=ORIENTED_EDGE('4434',*,*,#12311,.T.);
#12313=ORIENTED_EDGE('4450',*,*,#12295,.F.);
#12314=EDGE_LOOP('3765',(#12309,#12310,#12312,#12313));
#12315=FACE_OUTER_BOUND('3765',#12314,.F.);
#12316=ADVANCED_FACE('3765',(#12315),#12308,.T.);
#12317=CARTESIAN_POINT('',(-1.072946035957E-2,1.317553609373E0,
-1.069964007920E1));
#12318=CARTESIAN_POINT('',(-2.410336821976E-2,1.189857663543E0,
-1.070735330881E1));
#12319=CARTESIAN_POINT('',(-3.357719830105E-2,1.099400206716E0,
-1.061640109634E1));
#12320=CARTESIAN_POINT('',(-3.277376730494E-2,1.107071478422E0,
-1.048800671955E1));
#12321=CARTESIAN_POINT('',(5.437105426103E-2,1.310735473695E0,
-1.069964007920E1));
#12322=CARTESIAN_POINT('',(1.221427264216E-1,1.174540953353E0,
-1.070735330881E1));
#12323=CARTESIAN_POINT('',(1.701509311353E-1,1.078063262823E0,
-1.061640109634E1));
#12324=CARTESIAN_POINT('',(1.660795809629E-1,1.086245082249E0,
-1.048800671955E1));
#12325=CARTESIAN_POINT('',(1.030067193614E-1,1.354543418844E0,
-1.069964007920E1));
#12326=CARTESIAN_POINT('',(2.314010959240E-1,1.272954013983E0,
-1.070735330881E1));
#12327=CARTESIAN_POINT('',(3.223533082215E-1,1.215157581843E0,
-1.061640109634E1));
#12328=CARTESIAN_POINT('',(3.146400786303E-1,1.220059025573E0,
-1.048800671955E1));
#12329=CARTESIAN_POINT('',(1.030067195487E-1,1.419999999705E0,
-1.069964007920E1));
#12330=CARTESIAN_POINT('',(2.314010963448E-1,1.419999999338E0,
-1.070735330881E1));
#12331=CARTESIAN_POINT('',(3.223533088078E-1,1.419999999077E0,
-1.061640109634E1));
#12332=CARTESIAN_POINT('',(3.146400792026E-1,1.419999999099E0,
-1.048800671955E1));
#12333=CARTESIAN_POINT('',(1.030067197361E-1,1.485456580566E0,
-1.069964007920E1));
#12334=CARTESIAN_POINT('',(2.314010967657E-1,1.567045984692E0,
-1.070735330881E1));
#12335=CARTESIAN_POINT('',(3.223533093940E-1,1.624842416312E0,
-1.061640109634E1));
#12336=CARTESIAN_POINT('',(3.146400797748E-1,1.619940972626E0,
-1.048800671955E1));
#12337=CARTESIAN_POINT('',(5.437105488648E-2,1.529264525994E0,
-1.069964007920E1));
#12338=CARTESIAN_POINT('',(1.221427278267E-1,1.665459045948E0,
-1.070735330881E1));
#12339=CARTESIAN_POINT('',(1.701509330926E-1,1.761936736203E0,
-1.061640109634E1));
#12340=CARTESIAN_POINT('',(1.660795828734E-1,1.753754916800E0,
-1.048800671955E1));
#12341=CARTESIAN_POINT('',(-1.072945977314E-2,1.522446390689E0,
-1.069964007920E1));
#12342=CARTESIAN_POINT('',(-2.410336690237E-2,1.650142336595E0,
-1.070735330881E1));
#12343=CARTESIAN_POINT('',(-3.357719646587E-2,1.740599793476E0,
-1.061640109634E1));
#12344=CARTESIAN_POINT('',(-3.277376551367E-2,1.732928521766E0,
-1.048800671955E1));
#12345=(BOUNDED_SURFACE()B_SPLINE_SURFACE(3,3,((#12317,#12318,#12319,#12320),(
#12321,#12322,#12323,#12324),(#12325,#12326,#12327,#12328),(#12329,#12330,
#12331,#12332),(#12333,#12334,#12335,#12336),(#12337,#12338,#12339,#12340),(
#12341,#12342,#12343,#12344)),.UNSPECIFIED.,.F.,.F.,.F.)B_SPLINE_SURFACE_WITH_KNOTS((4,3,4),(4,4),(0.E0,1.E0,2.E0),(0.E0,1.E0),.UNSPECIFIED.)GEOMETRIC_REPRESENTATION_ITEM()RATIONAL_B_SPLINE_SURFACE(((1.440552757926E0,1.117323085251E0,
1.117323085251E0,1.440552757926E0),(1.122927432676E0,8.709661875882E-1,
8.709661875882E-1,1.122927432676E0),(1.122927432676E0,8.709661875882E-1,
8.709661875882E-1,1.122927432676E0),(1.440552757926E0,1.117323085251E0,
1.117323085251E0,1.440552757926E0),(1.122927432676E0,8.709661875882E-1,
8.709661875882E-1,1.122927432676E0),(1.122927432676E0,8.709661875882E-1,
8.709661875882E-1,1.122927432676E0),(1.440552757926E0,1.117323085251E0,
1.117323085251E0,1.440552757926E0)))REPRESENTATION_ITEM('')SURFACE());
#12347=ORIENTED_EDGE('4433',*,*,#12346,.T.);
#12349=ORIENTED_EDGE('4437',*,*,#12348,.T.);
#12350=ORIENTED_EDGE('4434',*,*,#12311,.F.);
#12352=ORIENTED_EDGE('4438',*,*,#12351,.F.);
#12353=EDGE_LOOP('3768',(#12347,#12349,#12350,#12352));
#12354=FACE_OUTER_BOUND('3768',#12353,.F.);
#12355=ADVANCED_FACE('3768',(#12354),#12345,.T.);
#12356=CARTESIAN_POINT('',(0.E0,1.42E0,-1.07E1));
#12357=DIRECTION('',(0.E0,0.E0,1.E0));
#12358=DIRECTION('',(0.E0,-1.E0,0.E0));
#12359=AXIS2_PLACEMENT_3D('',#12356,#12357,#12358);
#12360=PLANE('3762',#12359);
#12361=ORIENTED_EDGE('4433',*,*,#12346,.F.);
#12363=ORIENTED_EDGE('4435',*,*,#12362,.F.);
#12364=EDGE_LOOP('3762',(#12361,#12363));
#12365=FACE_OUTER_BOUND('3762',#12364,.F.);
#12366=ADVANCED_FACE('3762',(#12365),#12360,.F.);
#12367=CARTESIAN_POINT('',(1.072946035957E-2,1.522446390627E0,
-1.069964007920E1));
#12368=CARTESIAN_POINT('',(2.410336821976E-2,1.650142336457E0,
-1.070735330881E1));
#12369=CARTESIAN_POINT('',(3.357719830105E-2,1.740599793284E0,
-1.061640109634E1));
#12370=CARTESIAN_POINT('',(3.277376730494E-2,1.732928521578E0,
-1.048800671955E1));
#12371=CARTESIAN_POINT('',(-5.437105426103E-2,1.529264526305E0,
-1.069964007920E1));
#12372=CARTESIAN_POINT('',(-1.221427264216E-1,1.665459046647E0,
-1.070735330881E1));
#12373=CARTESIAN_POINT('',(-1.701509311353E-1,1.761936737177E0,
-1.061640109634E1));
#12374=CARTESIAN_POINT('',(-1.660795809629E-1,1.753754917751E0,
-1.048800671955E1));
#12375=CARTESIAN_POINT('',(-1.030067193614E-1,1.485456581156E0,
-1.069964007920E1));
#12376=CARTESIAN_POINT('',(-2.314010959240E-1,1.567045986017E0,
-1.070735330881E1));
#12377=CARTESIAN_POINT('',(-3.223533082215E-1,1.624842418157E0,
-1.061640109634E1));
#12378=CARTESIAN_POINT('',(-3.146400786303E-1,1.619940974427E0,
-1.048800671955E1));
#12379=CARTESIAN_POINT('',(-1.030067195487E-1,1.420000000295E0,
-1.069964007920E1));
#12380=CARTESIAN_POINT('',(-2.314010963448E-1,1.420000000662E0,
-1.070735330881E1));
#12381=CARTESIAN_POINT('',(-3.223533088078E-1,1.420000000923E0,
-1.061640109634E1));
#12382=CARTESIAN_POINT('',(-3.146400792026E-1,1.420000000901E0,
-1.048800671955E1));
#12383=CARTESIAN_POINT('',(-1.030067197361E-1,1.354543419434E0,
-1.069964007920E1));
#12384=CARTESIAN_POINT('',(-2.314010967657E-1,1.272954015308E0,
-1.070735330881E1));
#12385=CARTESIAN_POINT('',(-3.223533093940E-1,1.215157583688E0,
-1.061640109634E1));
#12386=CARTESIAN_POINT('',(-3.146400797748E-1,1.220059027374E0,
-1.048800671955E1));
#12387=CARTESIAN_POINT('',(-5.437105488648E-2,1.310735474006E0,
-1.069964007920E1));
#12388=CARTESIAN_POINT('',(-1.221427278267E-1,1.174540954052E0,
-1.070735330881E1));
#12389=CARTESIAN_POINT('',(-1.701509330926E-1,1.078063263797E0,
-1.061640109634E1));
#12390=CARTESIAN_POINT('',(-1.660795828734E-1,1.086245083200E0,
-1.048800671955E1));
#12391=CARTESIAN_POINT('',(1.072945977314E-2,1.317553609311E0,
-1.069964007920E1));
#12392=CARTESIAN_POINT('',(2.410336690238E-2,1.189857663405E0,
-1.070735330881E1));
#12393=CARTESIAN_POINT('',(3.357719646587E-2,1.099400206524E0,
-1.061640109634E1));
#12394=CARTESIAN_POINT('',(3.277376551367E-2,1.107071478234E0,
-1.048800671955E1));
#12395=(BOUNDED_SURFACE()B_SPLINE_SURFACE(3,3,((#12367,#12368,#12369,#12370),(
#12371,#12372,#12373,#12374),(#12375,#12376,#12377,#12378),(#12379,#12380,
#12381,#12382),(#12383,#12384,#12385,#12386),(#12387,#12388,#12389,#12390),(
#12391,#12392,#12393,#12394)),.UNSPECIFIED.,.F.,.F.,.F.)B_SPLINE_SURFACE_WITH_KNOTS((4,3,4),(4,4),(0.E0,1.E0,2.E0),(0.E0,1.E0),.UNSPECIFIED.)GEOMETRIC_REPRESENTATION_ITEM()RATIONAL_B_SPLINE_SURFACE(((1.440552757926E0,1.117323085251E0,
1.117323085251E0,1.440552757926E0),(1.122927432676E0,8.709661875882E-1,
8.709661875882E-1,1.122927432676E0),(1.122927432676E0,8.709661875882E-1,
8.709661875882E-1,1.122927432676E0),(1.440552757926E0,1.117323085251E0,
1.117323085251E0,1.440552757926E0),(1.122927432676E0,8.709661875882E-1,
8.709661875882E-1,1.122927432676E0),(1.122927432676E0,8.709661875882E-1,
8.709661875882E-1,1.122927432676E0),(1.440552757926E0,1.117323085251E0,
1.117323085251E0,1.440552757926E0)))REPRESENTATION_ITEM('')SURFACE());
#12396=ORIENTED_EDGE('4435',*,*,#12362,.T.);
#12397=ORIENTED_EDGE('4438',*,*,#12351,.T.);
#12398=ORIENTED_EDGE('4436',*,*,#12297,.F.);
#12399=ORIENTED_EDGE('4437',*,*,#12348,.F.);
#12400=EDGE_LOOP('3767',(#12396,#12397,#12398,#12399));
#12401=FACE_OUTER_BOUND('3767',#12400,.F.);
#12402=ADVANCED_FACE('3767',(#12401),#12395,.T.);
#12403=CARTESIAN_POINT('',(2.74E0,1.42E0,-1.1515E1));
#12404=DIRECTION('',(0.E0,0.E0,1.E0));
#12405=DIRECTION('',(0.E0,-1.E0,0.E0));
#12406=AXIS2_PLACEMENT_3D('',#12403,#12404,#12405);
#12407=CYLINDRICAL_SURFACE('3771',#12406,3.15E-1);
#12408=ORIENTED_EDGE('4467',*,*,#11947,.T.);
#12410=ORIENTED_EDGE('4470',*,*,#12409,.T.);
#12412=ORIENTED_EDGE('4456',*,*,#12411,.T.);
#12414=ORIENTED_EDGE('4469',*,*,#12413,.F.);
#12415=EDGE_LOOP('3771',(#12408,#12410,#12412,#12414));
#12416=FACE_OUTER_BOUND('3771',#12415,.F.);
#12417=ADVANCED_FACE('3771',(#12416),#12407,.T.);
#12418=CARTESIAN_POINT('',(2.74E0,1.42E0,-1.1515E1));
#12419=DIRECTION('',(0.E0,0.E0,1.E0));
#12420=DIRECTION('',(0.E0,-1.E0,0.E0));
#12421=AXIS2_PLACEMENT_3D('',#12418,#12419,#12420);
#12422=CYLINDRICAL_SURFACE('3775',#12421,3.15E-1);
#12423=ORIENTED_EDGE('4468',*,*,#11949,.T.);
#12424=ORIENTED_EDGE('4469',*,*,#12413,.T.);
#12426=ORIENTED_EDGE('4454',*,*,#12425,.T.);
#12427=ORIENTED_EDGE('4470',*,*,#12409,.F.);
#12428=EDGE_LOOP('3775',(#12423,#12424,#12426,#12427));
#12429=FACE_OUTER_BOUND('3775',#12428,.F.);
#12430=ADVANCED_FACE('3775',(#12429),#12422,.T.);
#12431=CARTESIAN_POINT('',(2.729270539640E0,1.317553609373E0,
-1.069964007920E1));
#12432=CARTESIAN_POINT('',(2.715896631780E0,1.189857663543E0,
-1.070735330881E1));
#12433=CARTESIAN_POINT('',(2.706422801699E0,1.099400206716E0,
-1.061640109634E1));
#12434=CARTESIAN_POINT('',(2.707226232695E0,1.107071478422E0,
-1.048800671955E1));
#12435=CARTESIAN_POINT('',(2.794371054261E0,1.310735473695E0,
-1.069964007920E1));
#12436=CARTESIAN_POINT('',(2.862142726422E0,1.174540953353E0,
-1.070735330881E1));
#12437=CARTESIAN_POINT('',(2.910150931135E0,1.078063262823E0,
-1.061640109634E1));
#12438=CARTESIAN_POINT('',(2.906079580963E0,1.086245082249E0,
-1.048800671955E1));
#12439=CARTESIAN_POINT('',(2.843006719361E0,1.354543418844E0,
-1.069964007920E1));
#12440=CARTESIAN_POINT('',(2.971401095924E0,1.272954013983E0,
-1.070735330881E1));
#12441=CARTESIAN_POINT('',(3.062353308221E0,1.215157581843E0,
-1.061640109634E1));
#12442=CARTESIAN_POINT('',(3.054640078630E0,1.220059025573E0,
-1.048800671955E1));
#12443=CARTESIAN_POINT('',(2.843006719549E0,1.419999999705E0,
-1.069964007920E1));
#12444=CARTESIAN_POINT('',(2.971401096345E0,1.419999999338E0,
-1.070735330881E1));
#12445=CARTESIAN_POINT('',(3.062353308808E0,1.419999999077E0,
-1.061640109634E1));
#12446=CARTESIAN_POINT('',(3.054640079203E0,1.419999999099E0,
-1.048800671955E1));
#12447=CARTESIAN_POINT('',(2.843006719736E0,1.485456580566E0,
-1.069964007920E1));
#12448=CARTESIAN_POINT('',(2.971401096766E0,1.567045984692E0,
-1.070735330881E1));
#12449=CARTESIAN_POINT('',(3.062353309394E0,1.624842416312E0,
-1.061640109634E1));
#12450=CARTESIAN_POINT('',(3.054640079775E0,1.619940972626E0,
-1.048800671955E1));
#12451=CARTESIAN_POINT('',(2.794371054886E0,1.529264525994E0,
-1.069964007920E1));
#12452=CARTESIAN_POINT('',(2.862142727827E0,1.665459045948E0,
-1.070735330881E1));
#12453=CARTESIAN_POINT('',(2.910150933093E0,1.761936736203E0,
-1.061640109634E1));
#12454=CARTESIAN_POINT('',(2.906079582873E0,1.753754916800E0,
-1.048800671955E1));
#12455=CARTESIAN_POINT('',(2.729270540227E0,1.522446390689E0,
-1.069964007920E1));
#12456=CARTESIAN_POINT('',(2.715896633098E0,1.650142336595E0,
-1.070735330881E1));
#12457=CARTESIAN_POINT('',(2.706422803534E0,1.740599793476E0,
-1.061640109634E1));
#12458=CARTESIAN_POINT('',(2.707226234486E0,1.732928521766E0,
-1.048800671955E1));
#12459=(BOUNDED_SURFACE()B_SPLINE_SURFACE(3,3,((#12431,#12432,#12433,#12434),(
#12435,#12436,#12437,#12438),(#12439,#12440,#12441,#12442),(#12443,#12444,
#12445,#12446),(#12447,#12448,#12449,#12450),(#12451,#12452,#12453,#12454),(
#12455,#12456,#12457,#12458)),.UNSPECIFIED.,.F.,.F.,.F.)B_SPLINE_SURFACE_WITH_KNOTS((4,3,4),(4,4),(0.E0,1.E0,2.E0),(0.E0,1.E0),.UNSPECIFIED.)GEOMETRIC_REPRESENTATION_ITEM()RATIONAL_B_SPLINE_SURFACE(((1.440552757926E0,1.117323085251E0,
1.117323085251E0,1.440552757926E0),(1.122927432676E0,8.709661875882E-1,
8.709661875882E-1,1.122927432676E0),(1.122927432676E0,8.709661875882E-1,
8.709661875882E-1,1.122927432676E0),(1.440552757926E0,1.117323085251E0,
1.117323085251E0,1.440552757926E0),(1.122927432676E0,8.709661875882E-1,
8.709661875882E-1,1.122927432676E0),(1.122927432676E0,8.709661875882E-1,
8.709661875882E-1,1.122927432676E0),(1.440552757926E0,1.117323085251E0,
1.117323085251E0,1.440552757926E0)))REPRESENTATION_ITEM('')SURFACE());
#12461=ORIENTED_EDGE('4453',*,*,#12460,.T.);
#12463=ORIENTED_EDGE('4457',*,*,#12462,.T.);
#12464=ORIENTED_EDGE('4454',*,*,#12425,.F.);
#12466=ORIENTED_EDGE('4458',*,*,#12465,.F.);
#12467=EDGE_LOOP('3778',(#12461,#12463,#12464,#12466));
#12468=FACE_OUTER_BOUND('3778',#12467,.F.);
#12469=ADVANCED_FACE('3778',(#12468),#12459,.T.);
#12470=CARTESIAN_POINT('',(2.74E0,1.42E0,-1.07E1));
#12471=DIRECTION('',(0.E0,0.E0,1.E0));
#12472=DIRECTION('',(0.E0,-1.E0,0.E0));
#12473=AXIS2_PLACEMENT_3D('',#12470,#12471,#12472);
#12474=PLANE('3772',#12473);
#12475=ORIENTED_EDGE('4453',*,*,#12460,.F.);
#12477=ORIENTED_EDGE('4455',*,*,#12476,.F.);
#12478=EDGE_LOOP('3772',(#12475,#12477));
#12479=FACE_OUTER_BOUND('3772',#12478,.F.);
#12480=ADVANCED_FACE('3772',(#12479),#12474,.F.);
#12481=CARTESIAN_POINT('',(2.750729460360E0,1.522446390627E0,
-1.069964007920E1));
#12482=CARTESIAN_POINT('',(2.764103368220E0,1.650142336457E0,
-1.070735330881E1));
#12483=CARTESIAN_POINT('',(2.773577198301E0,1.740599793284E0,
-1.061640109634E1));
#12484=CARTESIAN_POINT('',(2.772773767305E0,1.732928521578E0,
-1.048800671955E1));
#12485=CARTESIAN_POINT('',(2.685628945739E0,1.529264526305E0,
-1.069964007920E1));
#12486=CARTESIAN_POINT('',(2.617857273578E0,1.665459046647E0,
-1.070735330881E1));
#12487=CARTESIAN_POINT('',(2.569849068865E0,1.761936737177E0,
-1.061640109634E1));
#12488=CARTESIAN_POINT('',(2.573920419037E0,1.753754917751E0,
-1.048800671955E1));
#12489=CARTESIAN_POINT('',(2.636993280639E0,1.485456581156E0,
-1.069964007920E1));
#12490=CARTESIAN_POINT('',(2.508598904076E0,1.567045986017E0,
-1.070735330881E1));
#12491=CARTESIAN_POINT('',(2.417646691779E0,1.624842418157E0,
-1.061640109634E1));
#12492=CARTESIAN_POINT('',(2.425359921370E0,1.619940974427E0,
-1.048800671955E1));
#12493=CARTESIAN_POINT('',(2.636993280451E0,1.420000000295E0,
-1.069964007920E1));
#12494=CARTESIAN_POINT('',(2.508598903655E0,1.420000000662E0,
-1.070735330881E1));
#12495=CARTESIAN_POINT('',(2.417646691192E0,1.420000000923E0,
-1.061640109634E1));
#12496=CARTESIAN_POINT('',(2.425359920797E0,1.420000000901E0,
-1.048800671955E1));
#12497=CARTESIAN_POINT('',(2.636993280264E0,1.354543419434E0,
-1.069964007920E1));
#12498=CARTESIAN_POINT('',(2.508598903234E0,1.272954015308E0,
-1.070735330881E1));
#12499=CARTESIAN_POINT('',(2.417646690606E0,1.215157583688E0,
-1.061640109634E1));
#12500=CARTESIAN_POINT('',(2.425359920225E0,1.220059027374E0,
-1.048800671955E1));
#12501=CARTESIAN_POINT('',(2.685628945114E0,1.310735474006E0,
-1.069964007920E1));
#12502=CARTESIAN_POINT('',(2.617857272173E0,1.174540954052E0,
-1.070735330881E1));
#12503=CARTESIAN_POINT('',(2.569849066907E0,1.078063263797E0,
-1.061640109634E1));
#12504=CARTESIAN_POINT('',(2.573920417127E0,1.086245083200E0,
-1.048800671955E1));
#12505=CARTESIAN_POINT('',(2.750729459773E0,1.317553609311E0,
-1.069964007920E1));
#12506=CARTESIAN_POINT('',(2.764103366902E0,1.189857663405E0,
-1.070735330881E1));
#12507=CARTESIAN_POINT('',(2.773577196466E0,1.099400206524E0,
-1.061640109634E1));
#12508=CARTESIAN_POINT('',(2.772773765514E0,1.107071478234E0,
-1.048800671955E1));
#12509=(BOUNDED_SURFACE()B_SPLINE_SURFACE(3,3,((#12481,#12482,#12483,#12484),(
#12485,#12486,#12487,#12488),(#12489,#12490,#12491,#12492),(#12493,#12494,
#12495,#12496),(#12497,#12498,#12499,#12500),(#12501,#12502,#12503,#12504),(
#12505,#12506,#12507,#12508)),.UNSPECIFIED.,.F.,.F.,.F.)B_SPLINE_SURFACE_WITH_KNOTS((4,3,4),(4,4),(0.E0,1.E0,2.E0),(0.E0,1.E0),.UNSPECIFIED.)GEOMETRIC_REPRESENTATION_ITEM()RATIONAL_B_SPLINE_SURFACE(((1.440552757926E0,1.117323085251E0,
1.117323085251E0,1.440552757926E0),(1.122927432676E0,8.709661875882E-1,
8.709661875882E-1,1.122927432676E0),(1.122927432676E0,8.709661875882E-1,
8.709661875882E-1,1.122927432676E0),(1.440552757926E0,1.117323085251E0,
1.117323085251E0,1.440552757926E0),(1.122927432676E0,8.709661875882E-1,
8.709661875882E-1,1.122927432676E0),(1.122927432676E0,8.709661875882E-1,
8.709661875882E-1,1.122927432676E0),(1.440552757926E0,1.117323085251E0,
1.117323085251E0,1.440552757926E0)))REPRESENTATION_ITEM('')SURFACE());
#12510=ORIENTED_EDGE('4455',*,*,#12476,.T.);
#12511=ORIENTED_EDGE('4458',*,*,#12465,.T.);
#12512=ORIENTED_EDGE('4456',*,*,#12411,.F.);
#12513=ORIENTED_EDGE('4457',*,*,#12462,.F.);
#12514=EDGE_LOOP('3777',(#12510,#12511,#12512,#12513));
#12515=FACE_OUTER_BOUND('3777',#12514,.F.);
#12516=ADVANCED_FACE('3777',(#12515),#12509,.T.);
#12517=CARTESIAN_POINT('',(5.48E0,1.42E0,-1.1515E1));
#12518=DIRECTION('',(0.E0,0.E0,1.E0));
#12519=DIRECTION('',(0.E0,-1.E0,0.E0));
#12520=AXIS2_PLACEMENT_3D('',#12517,#12518,#12519);
#12521=CYLINDRICAL_SURFACE('3781',#12520,3.15E-1);
#12522=ORIENTED_EDGE('4487',*,*,#11953,.T.);
#12524=ORIENTED_EDGE('4490',*,*,#12523,.T.);
#12526=ORIENTED_EDGE('4476',*,*,#12525,.T.);
#12528=ORIENTED_EDGE('4489',*,*,#12527,.F.);
#12529=EDGE_LOOP('3781',(#12522,#12524,#12526,#12528));
#12530=FACE_OUTER_BOUND('3781',#12529,.F.);
#12531=ADVANCED_FACE('3781',(#12530),#12521,.T.);
#12532=CARTESIAN_POINT('',(5.48E0,1.42E0,-1.1515E1));
#12533=DIRECTION('',(0.E0,0.E0,1.E0));
#12534=DIRECTION('',(0.E0,-1.E0,0.E0));
#12535=AXIS2_PLACEMENT_3D('',#12532,#12533,#12534);
#12536=CYLINDRICAL_SURFACE('3785',#12535,3.15E-1);
#12537=ORIENTED_EDGE('4488',*,*,#11955,.T.);
#12538=ORIENTED_EDGE('4489',*,*,#12527,.T.);
#12540=ORIENTED_EDGE('4474',*,*,#12539,.T.);
#12541=ORIENTED_EDGE('4490',*,*,#12523,.F.);
#12542=EDGE_LOOP('3785',(#12537,#12538,#12540,#12541));
#12543=FACE_OUTER_BOUND('3785',#12542,.F.);
#12544=ADVANCED_FACE('3785',(#12543),#12536,.T.);
#12545=CARTESIAN_POINT('',(5.469270539640E0,1.317553609373E0,
-1.069964007920E1));
#12546=CARTESIAN_POINT('',(5.455896631780E0,1.189857663543E0,
-1.070735330881E1));
#12547=CARTESIAN_POINT('',(5.446422801699E0,1.099400206716E0,
-1.061640109634E1));
#12548=CARTESIAN_POINT('',(5.447226232695E0,1.107071478422E0,
-1.048800671955E1));
#12549=CARTESIAN_POINT('',(5.534371054261E0,1.310735473695E0,
-1.069964007920E1));
#12550=CARTESIAN_POINT('',(5.602142726422E0,1.174540953353E0,
-1.070735330881E1));
#12551=CARTESIAN_POINT('',(5.650150931135E0,1.078063262823E0,
-1.061640109634E1));
#12552=CARTESIAN_POINT('',(5.646079580963E0,1.086245082249E0,
-1.048800671955E1));
#12553=CARTESIAN_POINT('',(5.583006719361E0,1.354543418844E0,
-1.069964007920E1));
#12554=CARTESIAN_POINT('',(5.711401095924E0,1.272954013983E0,
-1.070735330881E1));
#12555=CARTESIAN_POINT('',(5.802353308221E0,1.215157581843E0,
-1.061640109634E1));
#12556=CARTESIAN_POINT('',(5.794640078630E0,1.220059025573E0,
-1.048800671955E1));
#12557=CARTESIAN_POINT('',(5.583006719549E0,1.419999999705E0,
-1.069964007920E1));
#12558=CARTESIAN_POINT('',(5.711401096345E0,1.419999999338E0,
-1.070735330881E1));
#12559=CARTESIAN_POINT('',(5.802353308808E0,1.419999999077E0,
-1.061640109634E1));
#12560=CARTESIAN_POINT('',(5.794640079203E0,1.419999999099E0,
-1.048800671955E1));
#12561=CARTESIAN_POINT('',(5.583006719736E0,1.485456580566E0,
-1.069964007920E1));
#12562=CARTESIAN_POINT('',(5.711401096766E0,1.567045984692E0,
-1.070735330881E1));
#12563=CARTESIAN_POINT('',(5.802353309394E0,1.624842416312E0,
-1.061640109634E1));
#12564=CARTESIAN_POINT('',(5.794640079775E0,1.619940972626E0,
-1.048800671955E1));
#12565=CARTESIAN_POINT('',(5.534371054886E0,1.529264525994E0,
-1.069964007920E1));
#12566=CARTESIAN_POINT('',(5.602142727827E0,1.665459045948E0,
-1.070735330881E1));
#12567=CARTESIAN_POINT('',(5.650150933093E0,1.761936736203E0,
-1.061640109634E1));
#12568=CARTESIAN_POINT('',(5.646079582873E0,1.753754916800E0,
-1.048800671955E1));
#12569=CARTESIAN_POINT('',(5.469270540227E0,1.522446390689E0,
-1.069964007920E1));
#12570=CARTESIAN_POINT('',(5.455896633098E0,1.650142336595E0,
-1.070735330881E1));
#12571=CARTESIAN_POINT('',(5.446422803534E0,1.740599793476E0,
-1.061640109634E1));
#12572=CARTESIAN_POINT('',(5.447226234486E0,1.732928521766E0,
-1.048800671955E1));
#12573=(BOUNDED_SURFACE()B_SPLINE_SURFACE(3,3,((#12545,#12546,#12547,#12548),(
#12549,#12550,#12551,#12552),(#12553,#12554,#12555,#12556),(#12557,#12558,
#12559,#12560),(#12561,#12562,#12563,#12564),(#12565,#12566,#12567,#12568),(
#12569,#12570,#12571,#12572)),.UNSPECIFIED.,.F.,.F.,.F.)B_SPLINE_SURFACE_WITH_KNOTS((4,3,4),(4,4),(0.E0,1.E0,2.E0),(0.E0,1.E0),.UNSPECIFIED.)GEOMETRIC_REPRESENTATION_ITEM()RATIONAL_B_SPLINE_SURFACE(((1.440552757926E0,1.117323085251E0,
1.117323085251E0,1.440552757926E0),(1.122927432676E0,8.709661875882E-1,
8.709661875882E-1,1.122927432676E0),(1.122927432676E0,8.709661875882E-1,
8.709661875882E-1,1.122927432676E0),(1.440552757926E0,1.117323085251E0,
1.117323085251E0,1.440552757926E0),(1.122927432676E0,8.709661875882E-1,
8.709661875882E-1,1.122927432676E0),(1.122927432676E0,8.709661875882E-1,
8.709661875882E-1,1.122927432676E0),(1.440552757926E0,1.117323085251E0,
1.117323085251E0,1.440552757926E0)))REPRESENTATION_ITEM('')SURFACE());
#12575=ORIENTED_EDGE('4473',*,*,#12574,.T.);
#12577=ORIENTED_EDGE('4477',*,*,#12576,.T.);
#12578=ORIENTED_EDGE('4474',*,*,#12539,.F.);
#12580=ORIENTED_EDGE('4478',*,*,#12579,.F.);
#12581=EDGE_LOOP('3788',(#12575,#12577,#12578,#12580));
#12582=FACE_OUTER_BOUND('3788',#12581,.F.);
#12583=ADVANCED_FACE('3788',(#12582),#12573,.T.);
#12584=CARTESIAN_POINT('',(5.48E0,1.42E0,-1.07E1));
#12585=DIRECTION('',(0.E0,0.E0,1.E0));
#12586=DIRECTION('',(0.E0,-1.E0,0.E0));
#12587=AXIS2_PLACEMENT_3D('',#12584,#12585,#12586);
#12588=PLANE('3782',#12587);
#12589=ORIENTED_EDGE('4473',*,*,#12574,.F.);
#12591=ORIENTED_EDGE('4475',*,*,#12590,.F.);
#12592=EDGE_LOOP('3782',(#12589,#12591));
#12593=FACE_OUTER_BOUND('3782',#12592,.F.);
#12594=ADVANCED_FACE('3782',(#12593),#12588,.F.);
#12595=CARTESIAN_POINT('',(5.490729460360E0,1.522446390627E0,
-1.069964007920E1));
#12596=CARTESIAN_POINT('',(5.504103368220E0,1.650142336457E0,
-1.070735330881E1));
#12597=CARTESIAN_POINT('',(5.513577198301E0,1.740599793284E0,
-1.061640109634E1));
#12598=CARTESIAN_POINT('',(5.512773767305E0,1.732928521578E0,
-1.048800671955E1));
#12599=CARTESIAN_POINT('',(5.425628945739E0,1.529264526305E0,
-1.069964007920E1));
#12600=CARTESIAN_POINT('',(5.357857273578E0,1.665459046647E0,
-1.070735330881E1));
#12601=CARTESIAN_POINT('',(5.309849068865E0,1.761936737177E0,
-1.061640109634E1));
#12602=CARTESIAN_POINT('',(5.313920419037E0,1.753754917751E0,
-1.048800671955E1));
#12603=CARTESIAN_POINT('',(5.376993280639E0,1.485456581156E0,
-1.069964007920E1));
#12604=CARTESIAN_POINT('',(5.248598904076E0,1.567045986017E0,
-1.070735330881E1));
#12605=CARTESIAN_POINT('',(5.157646691779E0,1.624842418157E0,
-1.061640109634E1));
#12606=CARTESIAN_POINT('',(5.165359921370E0,1.619940974427E0,
-1.048800671955E1));
#12607=CARTESIAN_POINT('',(5.376993280451E0,1.420000000295E0,
-1.069964007920E1));
#12608=CARTESIAN_POINT('',(5.248598903655E0,1.420000000662E0,
-1.070735330881E1));
#12609=CARTESIAN_POINT('',(5.157646691192E0,1.420000000923E0,
-1.061640109634E1));
#12610=CARTESIAN_POINT('',(5.165359920797E0,1.420000000901E0,
-1.048800671955E1));
#12611=CARTESIAN_POINT('',(5.376993280264E0,1.354543419434E0,
-1.069964007920E1));
#12612=CARTESIAN_POINT('',(5.248598903234E0,1.272954015308E0,
-1.070735330881E1));
#12613=CARTESIAN_POINT('',(5.157646690606E0,1.215157583688E0,
-1.061640109634E1));
#12614=CARTESIAN_POINT('',(5.165359920225E0,1.220059027374E0,
-1.048800671955E1));
#12615=CARTESIAN_POINT('',(5.425628945114E0,1.310735474006E0,
-1.069964007920E1));
#12616=CARTESIAN_POINT('',(5.357857272173E0,1.174540954052E0,
-1.070735330881E1));
#12617=CARTESIAN_POINT('',(5.309849066907E0,1.078063263797E0,
-1.061640109634E1));
#12618=CARTESIAN_POINT('',(5.313920417127E0,1.086245083200E0,
-1.048800671955E1));
#12619=CARTESIAN_POINT('',(5.490729459773E0,1.317553609311E0,
-1.069964007920E1));
#12620=CARTESIAN_POINT('',(5.504103366902E0,1.189857663405E0,
-1.070735330881E1));
#12621=CARTESIAN_POINT('',(5.513577196466E0,1.099400206524E0,
-1.061640109634E1));
#12622=CARTESIAN_POINT('',(5.512773765514E0,1.107071478234E0,
-1.048800671955E1));
#12623=(BOUNDED_SURFACE()B_SPLINE_SURFACE(3,3,((#12595,#12596,#12597,#12598),(
#12599,#12600,#12601,#12602),(#12603,#12604,#12605,#12606),(#12607,#12608,
#12609,#12610),(#12611,#12612,#12613,#12614),(#12615,#12616,#12617,#12618),(
#12619,#12620,#12621,#12622)),.UNSPECIFIED.,.F.,.F.,.F.)B_SPLINE_SURFACE_WITH_KNOTS((4,3,4),(4,4),(0.E0,1.E0,2.E0),(0.E0,1.E0),.UNSPECIFIED.)GEOMETRIC_REPRESENTATION_ITEM()RATIONAL_B_SPLINE_SURFACE(((1.440552757926E0,1.117323085251E0,
1.117323085251E0,1.440552757926E0),(1.122927432676E0,8.709661875882E-1,
8.709661875882E-1,1.122927432676E0),(1.122927432676E0,8.709661875882E-1,
8.709661875882E-1,1.122927432676E0),(1.440552757926E0,1.117323085251E0,
1.117323085251E0,1.440552757926E0),(1.122927432676E0,8.709661875882E-1,
8.709661875882E-1,1.122927432676E0),(1.122927432676E0,8.709661875882E-1,
8.709661875882E-1,1.122927432676E0),(1.440552757926E0,1.117323085251E0,
1.117323085251E0,1.440552757926E0)))REPRESENTATION_ITEM('')SURFACE());
#12624=ORIENTED_EDGE('4475',*,*,#12590,.T.);
#12625=ORIENTED_EDGE('4478',*,*,#12579,.T.);
#12626=ORIENTED_EDGE('4476',*,*,#12525,.F.);
#12627=ORIENTED_EDGE('4477',*,*,#12576,.F.);
#12628=EDGE_LOOP('3787',(#12624,#12625,#12626,#12627));
#12629=FACE_OUTER_BOUND('3787',#12628,.F.);
#12630=ADVANCED_FACE('3787',(#12629),#12623,.T.);
#12631=CARTESIAN_POINT('',(-4.11E0,-1.42E0,-1.1515E1));
#12632=DIRECTION('',(0.E0,0.E0,1.E0));
#12633=DIRECTION('',(0.E0,-1.E0,0.E0));
#12634=AXIS2_PLACEMENT_3D('',#12631,#12632,#12633);
#12635=CYLINDRICAL_SURFACE('3791',#12634,3.15E-1);
#12636=ORIENTED_EDGE('4507',*,*,#11959,.T.);
#12638=ORIENTED_EDGE('4510',*,*,#12637,.T.);
#12640=ORIENTED_EDGE('4496',*,*,#12639,.T.);
#12642=ORIENTED_EDGE('4509',*,*,#12641,.F.);
#12643=EDGE_LOOP('3791',(#12636,#12638,#12640,#12642));
#12644=FACE_OUTER_BOUND('3791',#12643,.F.);
#12645=ADVANCED_FACE('3791',(#12644),#12635,.T.);
#12646=CARTESIAN_POINT('',(-4.11E0,-1.42E0,-1.1515E1));
#12647=DIRECTION('',(0.E0,0.E0,1.E0));
#12648=DIRECTION('',(0.E0,-1.E0,0.E0));
#12649=AXIS2_PLACEMENT_3D('',#12646,#12647,#12648);
#12650=CYLINDRICAL_SURFACE('3795',#12649,3.15E-1);
#12651=ORIENTED_EDGE('4508',*,*,#11961,.T.);
#12652=ORIENTED_EDGE('4509',*,*,#12641,.T.);
#12654=ORIENTED_EDGE('4494',*,*,#12653,.T.);
#12655=ORIENTED_EDGE('4510',*,*,#12637,.F.);
#12656=EDGE_LOOP('3795',(#12651,#12652,#12654,#12655));
#12657=FACE_OUTER_BOUND('3795',#12656,.F.);
#12658=ADVANCED_FACE('3795',(#12657),#12650,.T.);
#12659=CARTESIAN_POINT('',(-4.120729460360E0,-1.522446390627E0,
-1.069964007920E1));
#12660=CARTESIAN_POINT('',(-4.134103368220E0,-1.650142336457E0,
-1.070735330881E1));
#12661=CARTESIAN_POINT('',(-4.143577198301E0,-1.740599793284E0,
-1.061640109634E1));
#12662=CARTESIAN_POINT('',(-4.142773767305E0,-1.732928521578E0,
-1.048800671955E1));
#12663=CARTESIAN_POINT('',(-4.055628945739E0,-1.529264526305E0,
-1.069964007920E1));
#12664=CARTESIAN_POINT('',(-3.987857273578E0,-1.665459046647E0,
-1.070735330881E1));
#12665=CARTESIAN_POINT('',(-3.939849068865E0,-1.761936737177E0,
-1.061640109634E1));
#12666=CARTESIAN_POINT('',(-3.943920419037E0,-1.753754917751E0,
-1.048800671955E1));
#12667=CARTESIAN_POINT('',(-4.006993280639E0,-1.485456581156E0,
-1.069964007920E1));
#12668=CARTESIAN_POINT('',(-3.878598904076E0,-1.567045986017E0,
-1.070735330881E1));
#12669=CARTESIAN_POINT('',(-3.787646691779E0,-1.624842418157E0,
-1.061640109634E1));
#12670=CARTESIAN_POINT('',(-3.795359921370E0,-1.619940974427E0,
-1.048800671955E1));
#12671=CARTESIAN_POINT('',(-4.006993280451E0,-1.420000000295E0,
-1.069964007920E1));
#12672=CARTESIAN_POINT('',(-3.878598903655E0,-1.420000000662E0,
-1.070735330881E1));
#12673=CARTESIAN_POINT('',(-3.787646691192E0,-1.420000000923E0,
-1.061640109634E1));
#12674=CARTESIAN_POINT('',(-3.795359920797E0,-1.420000000901E0,
-1.048800671955E1));
#12675=CARTESIAN_POINT('',(-4.006993280264E0,-1.354543419434E0,
-1.069964007920E1));
#12676=CARTESIAN_POINT('',(-3.878598903234E0,-1.272954015308E0,
-1.070735330881E1));
#12677=CARTESIAN_POINT('',(-3.787646690606E0,-1.215157583688E0,
-1.061640109634E1));
#12678=CARTESIAN_POINT('',(-3.795359920225E0,-1.220059027374E0,
-1.048800671955E1));
#12679=CARTESIAN_POINT('',(-4.055628945114E0,-1.310735474006E0,
-1.069964007920E1));
#12680=CARTESIAN_POINT('',(-3.987857272173E0,-1.174540954052E0,
-1.070735330881E1));
#12681=CARTESIAN_POINT('',(-3.939849066907E0,-1.078063263797E0,
-1.061640109634E1));
#12682=CARTESIAN_POINT('',(-3.943920417127E0,-1.086245083200E0,
-1.048800671955E1));
#12683=CARTESIAN_POINT('',(-4.120729459773E0,-1.317553609311E0,
-1.069964007920E1));
#12684=CARTESIAN_POINT('',(-4.134103366902E0,-1.189857663405E0,
-1.070735330881E1));
#12685=CARTESIAN_POINT('',(-4.143577196466E0,-1.099400206524E0,
-1.061640109634E1));
#12686=CARTESIAN_POINT('',(-4.142773765514E0,-1.107071478234E0,
-1.048800671955E1));
#12687=(BOUNDED_SURFACE()B_SPLINE_SURFACE(3,3,((#12659,#12660,#12661,#12662),(
#12663,#12664,#12665,#12666),(#12667,#12668,#12669,#12670),(#12671,#12672,
#12673,#12674),(#12675,#12676,#12677,#12678),(#12679,#12680,#12681,#12682),(
#12683,#12684,#12685,#12686)),.UNSPECIFIED.,.F.,.F.,.F.)B_SPLINE_SURFACE_WITH_KNOTS((4,3,4),(4,4),(0.E0,1.E0,2.E0),(0.E0,1.E0),.UNSPECIFIED.)GEOMETRIC_REPRESENTATION_ITEM()RATIONAL_B_SPLINE_SURFACE(((1.440552757926E0,1.117323085251E0,
1.117323085251E0,1.440552757926E0),(1.122927432676E0,8.709661875882E-1,
8.709661875882E-1,1.122927432676E0),(1.122927432676E0,8.709661875882E-1,
8.709661875882E-1,1.122927432676E0),(1.440552757926E0,1.117323085251E0,
1.117323085251E0,1.440552757926E0),(1.122927432676E0,8.709661875882E-1,
8.709661875882E-1,1.122927432676E0),(1.122927432676E0,8.709661875882E-1,
8.709661875882E-1,1.122927432676E0),(1.440552757926E0,1.117323085251E0,
1.117323085251E0,1.440552757926E0)))REPRESENTATION_ITEM('')SURFACE());
#12689=ORIENTED_EDGE('4493',*,*,#12688,.T.);
#12691=ORIENTED_EDGE('4497',*,*,#12690,.T.);
#12692=ORIENTED_EDGE('4494',*,*,#12653,.F.);
#12694=ORIENTED_EDGE('4498',*,*,#12693,.F.);
#12695=EDGE_LOOP('3798',(#12689,#12691,#12692,#12694));
#12696=FACE_OUTER_BOUND('3798',#12695,.F.);
#12697=ADVANCED_FACE('3798',(#12696),#12687,.T.);
#12698=CARTESIAN_POINT('',(-4.11E0,-1.42E0,-1.07E1));
#12699=DIRECTION('',(0.E0,0.E0,1.E0));
#12700=DIRECTION('',(0.E0,-1.E0,0.E0));
#12701=AXIS2_PLACEMENT_3D('',#12698,#12699,#12700);
#12702=PLANE('3792',#12701);
#12703=ORIENTED_EDGE('4493',*,*,#12688,.F.);
#12705=ORIENTED_EDGE('4495',*,*,#12704,.F.);
#12706=EDGE_LOOP('3792',(#12703,#12705));
#12707=FACE_OUTER_BOUND('3792',#12706,.F.);
#12708=ADVANCED_FACE('3792',(#12707),#12702,.F.);
#12709=CARTESIAN_POINT('',(-4.099270539640E0,-1.317553609373E0,
-1.069964007920E1));
#12710=CARTESIAN_POINT('',(-4.085896631780E0,-1.189857663543E0,
-1.070735330881E1));
#12711=CARTESIAN_POINT('',(-4.076422801699E0,-1.099400206716E0,
-1.061640109634E1));
#12712=CARTESIAN_POINT('',(-4.077226232695E0,-1.107071478422E0,
-1.048800671955E1));
#12713=CARTESIAN_POINT('',(-4.164371054261E0,-1.310735473695E0,
-1.069964007920E1));
#12714=CARTESIAN_POINT('',(-4.232142726422E0,-1.174540953353E0,
-1.070735330881E1));
#12715=CARTESIAN_POINT('',(-4.280150931135E0,-1.078063262823E0,
-1.061640109634E1));
#12716=CARTESIAN_POINT('',(-4.276079580963E0,-1.086245082249E0,
-1.048800671955E1));
#12717=CARTESIAN_POINT('',(-4.213006719361E0,-1.354543418844E0,
-1.069964007920E1));
#12718=CARTESIAN_POINT('',(-4.341401095924E0,-1.272954013983E0,
-1.070735330881E1));
#12719=CARTESIAN_POINT('',(-4.432353308221E0,-1.215157581843E0,
-1.061640109634E1));
#12720=CARTESIAN_POINT('',(-4.424640078630E0,-1.220059025573E0,
-1.048800671955E1));
#12721=CARTESIAN_POINT('',(-4.213006719549E0,-1.419999999705E0,
-1.069964007920E1));
#12722=CARTESIAN_POINT('',(-4.341401096345E0,-1.419999999338E0,
-1.070735330881E1));
#12723=CARTESIAN_POINT('',(-4.432353308808E0,-1.419999999077E0,
-1.061640109634E1));
#12724=CARTESIAN_POINT('',(-4.424640079203E0,-1.419999999099E0,
-1.048800671955E1));
#12725=CARTESIAN_POINT('',(-4.213006719736E0,-1.485456580566E0,
-1.069964007920E1));
#12726=CARTESIAN_POINT('',(-4.341401096766E0,-1.567045984692E0,
-1.070735330881E1));
#12727=CARTESIAN_POINT('',(-4.432353309394E0,-1.624842416312E0,
-1.061640109634E1));
#12728=CARTESIAN_POINT('',(-4.424640079775E0,-1.619940972626E0,
-1.048800671955E1));
#12729=CARTESIAN_POINT('',(-4.164371054886E0,-1.529264525994E0,
-1.069964007920E1));
#12730=CARTESIAN_POINT('',(-4.232142727827E0,-1.665459045948E0,
-1.070735330881E1));
#12731=CARTESIAN_POINT('',(-4.280150933093E0,-1.761936736203E0,
-1.061640109634E1));
#12732=CARTESIAN_POINT('',(-4.276079582873E0,-1.753754916800E0,
-1.048800671955E1));
#12733=CARTESIAN_POINT('',(-4.099270540227E0,-1.522446390689E0,
-1.069964007920E1));
#12734=CARTESIAN_POINT('',(-4.085896633098E0,-1.650142336595E0,
-1.070735330881E1));
#12735=CARTESIAN_POINT('',(-4.076422803534E0,-1.740599793476E0,
-1.061640109634E1));
#12736=CARTESIAN_POINT('',(-4.077226234486E0,-1.732928521766E0,
-1.048800671955E1));
#12737=(BOUNDED_SURFACE()B_SPLINE_SURFACE(3,3,((#12709,#12710,#12711,#12712),(
#12713,#12714,#12715,#12716),(#12717,#12718,#12719,#12720),(#12721,#12722,
#12723,#12724),(#12725,#12726,#12727,#12728),(#12729,#12730,#12731,#12732),(
#12733,#12734,#12735,#12736)),.UNSPECIFIED.,.F.,.F.,.F.)B_SPLINE_SURFACE_WITH_KNOTS((4,3,4),(4,4),(0.E0,1.E0,2.E0),(0.E0,1.E0),.UNSPECIFIED.)GEOMETRIC_REPRESENTATION_ITEM()RATIONAL_B_SPLINE_SURFACE(((1.440552757926E0,1.117323085251E0,
1.117323085251E0,1.440552757926E0),(1.122927432676E0,8.709661875882E-1,
8.709661875882E-1,1.122927432676E0),(1.122927432676E0,8.709661875882E-1,
8.709661875882E-1,1.122927432676E0),(1.440552757926E0,1.117323085251E0,
1.117323085251E0,1.440552757926E0),(1.122927432676E0,8.709661875882E-1,
8.709661875882E-1,1.122927432676E0),(1.122927432676E0,8.709661875882E-1,
8.709661875882E-1,1.122927432676E0),(1.440552757926E0,1.117323085251E0,
1.117323085251E0,1.440552757926E0)))REPRESENTATION_ITEM('')SURFACE());
#12738=ORIENTED_EDGE('4495',*,*,#12704,.T.);
#12739=ORIENTED_EDGE('4498',*,*,#12693,.T.);
#12740=ORIENTED_EDGE('4496',*,*,#12639,.F.);
#12741=ORIENTED_EDGE('4497',*,*,#12690,.F.);
#12742=EDGE_LOOP('3797',(#12738,#12739,#12740,#12741));
#12743=FACE_OUTER_BOUND('3797',#12742,.F.);
#12744=ADVANCED_FACE('3797',(#12743),#12737,.T.);
#12745=CARTESIAN_POINT('',(-1.37E0,-1.42E0,-1.1515E1));
#12746=DIRECTION('',(0.E0,0.E0,1.E0));
#12747=DIRECTION('',(0.E0,-1.E0,0.E0));
#12748=AXIS2_PLACEMENT_3D('',#12745,#12746,#12747);
#12749=CYLINDRICAL_SURFACE('3801',#12748,3.15E-1);
#12750=ORIENTED_EDGE('4527',*,*,#11965,.T.);
#12752=ORIENTED_EDGE('4530',*,*,#12751,.T.);
#12754=ORIENTED_EDGE('4516',*,*,#12753,.T.);
#12756=ORIENTED_EDGE('4529',*,*,#12755,.F.);
#12757=EDGE_LOOP('3801',(#12750,#12752,#12754,#12756));
#12758=FACE_OUTER_BOUND('3801',#12757,.F.);
#12759=ADVANCED_FACE('3801',(#12758),#12749,.T.);
#12760=CARTESIAN_POINT('',(-1.37E0,-1.42E0,-1.1515E1));
#12761=DIRECTION('',(0.E0,0.E0,1.E0));
#12762=DIRECTION('',(0.E0,-1.E0,0.E0));
#12763=AXIS2_PLACEMENT_3D('',#12760,#12761,#12762);
#12764=CYLINDRICAL_SURFACE('3805',#12763,3.15E-1);
#12765=ORIENTED_EDGE('4528',*,*,#11967,.T.);
#12766=ORIENTED_EDGE('4529',*,*,#12755,.T.);
#12768=ORIENTED_EDGE('4514',*,*,#12767,.T.);
#12769=ORIENTED_EDGE('4530',*,*,#12751,.F.);
#12770=EDGE_LOOP('3805',(#12765,#12766,#12768,#12769));
#12771=FACE_OUTER_BOUND('3805',#12770,.F.);
#12772=ADVANCED_FACE('3805',(#12771),#12764,.T.);
#12773=CARTESIAN_POINT('',(-1.380729460360E0,-1.522446390627E0,
-1.069964007920E1));
#12774=CARTESIAN_POINT('',(-1.394103368220E0,-1.650142336457E0,
-1.070735330881E1));
#12775=CARTESIAN_POINT('',(-1.403577198301E0,-1.740599793284E0,
-1.061640109634E1));
#12776=CARTESIAN_POINT('',(-1.402773767305E0,-1.732928521578E0,
-1.048800671955E1));
#12777=CARTESIAN_POINT('',(-1.315628945739E0,-1.529264526305E0,
-1.069964007920E1));
#12778=CARTESIAN_POINT('',(-1.247857273578E0,-1.665459046647E0,
-1.070735330881E1));
#12779=CARTESIAN_POINT('',(-1.199849068865E0,-1.761936737177E0,
-1.061640109634E1));
#12780=CARTESIAN_POINT('',(-1.203920419037E0,-1.753754917751E0,
-1.048800671955E1));
#12781=CARTESIAN_POINT('',(-1.266993280639E0,-1.485456581156E0,
-1.069964007920E1));
#12782=CARTESIAN_POINT('',(-1.138598904076E0,-1.567045986017E0,
-1.070735330881E1));
#12783=CARTESIAN_POINT('',(-1.047646691779E0,-1.624842418157E0,
-1.061640109634E1));
#12784=CARTESIAN_POINT('',(-1.055359921370E0,-1.619940974427E0,
-1.048800671955E1));
#12785=CARTESIAN_POINT('',(-1.266993280451E0,-1.420000000295E0,
-1.069964007920E1));
#12786=CARTESIAN_POINT('',(-1.138598903655E0,-1.420000000662E0,
-1.070735330881E1));
#12787=CARTESIAN_POINT('',(-1.047646691192E0,-1.420000000923E0,
-1.061640109634E1));
#12788=CARTESIAN_POINT('',(-1.055359920797E0,-1.420000000901E0,
-1.048800671955E1));
#12789=CARTESIAN_POINT('',(-1.266993280264E0,-1.354543419434E0,
-1.069964007920E1));
#12790=CARTESIAN_POINT('',(-1.138598903234E0,-1.272954015308E0,
-1.070735330881E1));
#12791=CARTESIAN_POINT('',(-1.047646690606E0,-1.215157583688E0,
-1.061640109634E1));
#12792=CARTESIAN_POINT('',(-1.055359920225E0,-1.220059027374E0,
-1.048800671955E1));
#12793=CARTESIAN_POINT('',(-1.315628945114E0,-1.310735474006E0,
-1.069964007920E1));
#12794=CARTESIAN_POINT('',(-1.247857272173E0,-1.174540954052E0,
-1.070735330881E1));
#12795=CARTESIAN_POINT('',(-1.199849066907E0,-1.078063263797E0,
-1.061640109634E1));
#12796=CARTESIAN_POINT('',(-1.203920417127E0,-1.086245083200E0,
-1.048800671955E1));
#12797=CARTESIAN_POINT('',(-1.380729459773E0,-1.317553609311E0,
-1.069964007920E1));
#12798=CARTESIAN_POINT('',(-1.394103366902E0,-1.189857663405E0,
-1.070735330881E1));
#12799=CARTESIAN_POINT('',(-1.403577196466E0,-1.099400206524E0,
-1.061640109634E1));
#12800=CARTESIAN_POINT('',(-1.402773765514E0,-1.107071478234E0,
-1.048800671955E1));
#12801=(BOUNDED_SURFACE()B_SPLINE_SURFACE(3,3,((#12773,#12774,#12775,#12776),(
#12777,#12778,#12779,#12780),(#12781,#12782,#12783,#12784),(#12785,#12786,
#12787,#12788),(#12789,#12790,#12791,#12792),(#12793,#12794,#12795,#12796),(
#12797,#12798,#12799,#12800)),.UNSPECIFIED.,.F.,.F.,.F.)B_SPLINE_SURFACE_WITH_KNOTS((4,3,4),(4,4),(0.E0,1.E0,2.E0),(0.E0,1.E0),.UNSPECIFIED.)GEOMETRIC_REPRESENTATION_ITEM()RATIONAL_B_SPLINE_SURFACE(((1.440552757926E0,1.117323085251E0,
1.117323085251E0,1.440552757926E0),(1.122927432676E0,8.709661875882E-1,
8.709661875882E-1,1.122927432676E0),(1.122927432676E0,8.709661875882E-1,
8.709661875882E-1,1.122927432676E0),(1.440552757926E0,1.117323085251E0,
1.117323085251E0,1.440552757926E0),(1.122927432676E0,8.709661875882E-1,
8.709661875882E-1,1.122927432676E0),(1.122927432676E0,8.709661875882E-1,
8.709661875882E-1,1.122927432676E0),(1.440552757926E0,1.117323085251E0,
1.117323085251E0,1.440552757926E0)))REPRESENTATION_ITEM('')SURFACE());
#12803=ORIENTED_EDGE('4513',*,*,#12802,.T.);
#12805=ORIENTED_EDGE('4517',*,*,#12804,.T.);
#12806=ORIENTED_EDGE('4514',*,*,#12767,.F.);
#12808=ORIENTED_EDGE('4518',*,*,#12807,.F.);
#12809=EDGE_LOOP('3808',(#12803,#12805,#12806,#12808));
#12810=FACE_OUTER_BOUND('3808',#12809,.F.);
#12811=ADVANCED_FACE('3808',(#12810),#12801,.T.);
#12812=CARTESIAN_POINT('',(-1.37E0,-1.42E0,-1.07E1));
#12813=DIRECTION('',(0.E0,0.E0,1.E0));
#12814=DIRECTION('',(0.E0,-1.E0,0.E0));
#12815=AXIS2_PLACEMENT_3D('',#12812,#12813,#12814);
#12816=PLANE('3802',#12815);
#12817=ORIENTED_EDGE('4513',*,*,#12802,.F.);
#12819=ORIENTED_EDGE('4515',*,*,#12818,.F.);
#12820=EDGE_LOOP('3802',(#12817,#12819));
#12821=FACE_OUTER_BOUND('3802',#12820,.F.);
#12822=ADVANCED_FACE('3802',(#12821),#12816,.F.);
#12823=CARTESIAN_POINT('',(-1.359270539640E0,-1.317553609373E0,
-1.069964007920E1));
#12824=CARTESIAN_POINT('',(-1.345896631780E0,-1.189857663543E0,
-1.070735330881E1));
#12825=CARTESIAN_POINT('',(-1.336422801699E0,-1.099400206716E0,
-1.061640109634E1));
#12826=CARTESIAN_POINT('',(-1.337226232695E0,-1.107071478422E0,
-1.048800671955E1));
#12827=CARTESIAN_POINT('',(-1.424371054261E0,-1.310735473695E0,
-1.069964007920E1));
#12828=CARTESIAN_POINT('',(-1.492142726422E0,-1.174540953353E0,
-1.070735330881E1));
#12829=CARTESIAN_POINT('',(-1.540150931135E0,-1.078063262823E0,
-1.061640109634E1));
#12830=CARTESIAN_POINT('',(-1.536079580963E0,-1.086245082249E0,
-1.048800671955E1));
#12831=CARTESIAN_POINT('',(-1.473006719361E0,-1.354543418844E0,
-1.069964007920E1));
#12832=CARTESIAN_POINT('',(-1.601401095924E0,-1.272954013983E0,
-1.070735330881E1));
#12833=CARTESIAN_POINT('',(-1.692353308221E0,-1.215157581843E0,
-1.061640109634E1));
#12834=CARTESIAN_POINT('',(-1.684640078630E0,-1.220059025573E0,
-1.048800671955E1));
#12835=CARTESIAN_POINT('',(-1.473006719549E0,-1.419999999705E0,
-1.069964007920E1));
#12836=CARTESIAN_POINT('',(-1.601401096345E0,-1.419999999338E0,
-1.070735330881E1));
#12837=CARTESIAN_POINT('',(-1.692353308808E0,-1.419999999077E0,
-1.061640109634E1));
#12838=CARTESIAN_POINT('',(-1.684640079203E0,-1.419999999099E0,
-1.048800671955E1));
#12839=CARTESIAN_POINT('',(-1.473006719736E0,-1.485456580566E0,
-1.069964007920E1));
#12840=CARTESIAN_POINT('',(-1.601401096766E0,-1.567045984692E0,
-1.070735330881E1));
#12841=CARTESIAN_POINT('',(-1.692353309394E0,-1.624842416312E0,
-1.061640109634E1));
#12842=CARTESIAN_POINT('',(-1.684640079775E0,-1.619940972626E0,
-1.048800671955E1));
#12843=CARTESIAN_POINT('',(-1.424371054886E0,-1.529264525994E0,
-1.069964007920E1));
#12844=CARTESIAN_POINT('',(-1.492142727827E0,-1.665459045948E0,
-1.070735330881E1));
#12845=CARTESIAN_POINT('',(-1.540150933093E0,-1.761936736203E0,
-1.061640109634E1));
#12846=CARTESIAN_POINT('',(-1.536079582873E0,-1.753754916800E0,
-1.048800671955E1));
#12847=CARTESIAN_POINT('',(-1.359270540227E0,-1.522446390689E0,
-1.069964007920E1));
#12848=CARTESIAN_POINT('',(-1.345896633098E0,-1.650142336595E0,
-1.070735330881E1));
#12849=CARTESIAN_POINT('',(-1.336422803534E0,-1.740599793476E0,
-1.061640109634E1));
#12850=CARTESIAN_POINT('',(-1.337226234486E0,-1.732928521766E0,
-1.048800671955E1));
#12851=(BOUNDED_SURFACE()B_SPLINE_SURFACE(3,3,((#12823,#12824,#12825,#12826),(
#12827,#12828,#12829,#12830),(#12831,#12832,#12833,#12834),(#12835,#12836,
#12837,#12838),(#12839,#12840,#12841,#12842),(#12843,#12844,#12845,#12846),(
#12847,#12848,#12849,#12850)),.UNSPECIFIED.,.F.,.F.,.F.)B_SPLINE_SURFACE_WITH_KNOTS((4,3,4),(4,4),(0.E0,1.E0,2.E0),(0.E0,1.E0),.UNSPECIFIED.)GEOMETRIC_REPRESENTATION_ITEM()RATIONAL_B_SPLINE_SURFACE(((1.440552757926E0,1.117323085251E0,
1.117323085251E0,1.440552757926E0),(1.122927432676E0,8.709661875882E-1,
8.709661875882E-1,1.122927432676E0),(1.122927432676E0,8.709661875882E-1,
8.709661875882E-1,1.122927432676E0),(1.440552757926E0,1.117323085251E0,
1.117323085251E0,1.440552757926E0),(1.122927432676E0,8.709661875882E-1,
8.709661875882E-1,1.122927432676E0),(1.122927432676E0,8.709661875882E-1,
8.709661875882E-1,1.122927432676E0),(1.440552757926E0,1.117323085251E0,
1.117323085251E0,1.440552757926E0)))REPRESENTATION_ITEM('')SURFACE());
#12852=ORIENTED_EDGE('4515',*,*,#12818,.T.);
#12853=ORIENTED_EDGE('4518',*,*,#12807,.T.);
#12854=ORIENTED_EDGE('4516',*,*,#12753,.F.);
#12855=ORIENTED_EDGE('4517',*,*,#12804,.F.);
#12856=EDGE_LOOP('3807',(#12852,#12853,#12854,#12855));
#12857=FACE_OUTER_BOUND('3807',#12856,.F.);
#12858=ADVANCED_FACE('3807',(#12857),#12851,.T.);
#12859=CARTESIAN_POINT('',(1.37E0,-1.42E0,-1.1515E1));
#12860=DIRECTION('',(0.E0,0.E0,1.E0));
#12861=DIRECTION('',(0.E0,-1.E0,0.E0));
#12862=AXIS2_PLACEMENT_3D('',#12859,#12860,#12861);
#12863=CYLINDRICAL_SURFACE('3811',#12862,3.15E-1);
#12864=ORIENTED_EDGE('4547',*,*,#11971,.T.);
#12866=ORIENTED_EDGE('4550',*,*,#12865,.T.);
#12868=ORIENTED_EDGE('4536',*,*,#12867,.T.);
#12870=ORIENTED_EDGE('4549',*,*,#12869,.F.);
#12871=EDGE_LOOP('3811',(#12864,#12866,#12868,#12870));
#12872=FACE_OUTER_BOUND('3811',#12871,.F.);
#12873=ADVANCED_FACE('3811',(#12872),#12863,.T.);
#12874=CARTESIAN_POINT('',(1.37E0,-1.42E0,-1.1515E1));
#12875=DIRECTION('',(0.E0,0.E0,1.E0));
#12876=DIRECTION('',(0.E0,-1.E0,0.E0));
#12877=AXIS2_PLACEMENT_3D('',#12874,#12875,#12876);
#12878=CYLINDRICAL_SURFACE('3815',#12877,3.15E-1);
#12879=ORIENTED_EDGE('4548',*,*,#11973,.T.);
#12880=ORIENTED_EDGE('4549',*,*,#12869,.T.);
#12882=ORIENTED_EDGE('4534',*,*,#12881,.T.);
#12883=ORIENTED_EDGE('4550',*,*,#12865,.F.);
#12884=EDGE_LOOP('3815',(#12879,#12880,#12882,#12883));
#12885=FACE_OUTER_BOUND('3815',#12884,.F.);
#12886=ADVANCED_FACE('3815',(#12885),#12878,.T.);
#12887=CARTESIAN_POINT('',(1.359270539640E0,-1.522446390627E0,
-1.069964007920E1));
#12888=CARTESIAN_POINT('',(1.345896631780E0,-1.650142336457E0,
-1.070735330881E1));
#12889=CARTESIAN_POINT('',(1.336422801699E0,-1.740599793284E0,
-1.061640109634E1));
#12890=CARTESIAN_POINT('',(1.337226232695E0,-1.732928521578E0,
-1.048800671955E1));
#12891=CARTESIAN_POINT('',(1.424371054261E0,-1.529264526305E0,
-1.069964007920E1));
#12892=CARTESIAN_POINT('',(1.492142726422E0,-1.665459046647E0,
-1.070735330881E1));
#12893=CARTESIAN_POINT('',(1.540150931135E0,-1.761936737177E0,
-1.061640109634E1));
#12894=CARTESIAN_POINT('',(1.536079580963E0,-1.753754917751E0,
-1.048800671955E1));
#12895=CARTESIAN_POINT('',(1.473006719361E0,-1.485456581156E0,
-1.069964007920E1));
#12896=CARTESIAN_POINT('',(1.601401095924E0,-1.567045986017E0,
-1.070735330881E1));
#12897=CARTESIAN_POINT('',(1.692353308221E0,-1.624842418157E0,
-1.061640109634E1));
#12898=CARTESIAN_POINT('',(1.684640078630E0,-1.619940974427E0,
-1.048800671955E1));
#12899=CARTESIAN_POINT('',(1.473006719549E0,-1.420000000295E0,
-1.069964007920E1));
#12900=CARTESIAN_POINT('',(1.601401096345E0,-1.420000000662E0,
-1.070735330881E1));
#12901=CARTESIAN_POINT('',(1.692353308808E0,-1.420000000923E0,
-1.061640109634E1));
#12902=CARTESIAN_POINT('',(1.684640079203E0,-1.420000000901E0,
-1.048800671955E1));
#12903=CARTESIAN_POINT('',(1.473006719736E0,-1.354543419434E0,
-1.069964007920E1));
#12904=CARTESIAN_POINT('',(1.601401096766E0,-1.272954015308E0,
-1.070735330881E1));
#12905=CARTESIAN_POINT('',(1.692353309394E0,-1.215157583688E0,
-1.061640109634E1));
#12906=CARTESIAN_POINT('',(1.684640079775E0,-1.220059027374E0,
-1.048800671955E1));
#12907=CARTESIAN_POINT('',(1.424371054886E0,-1.310735474006E0,
-1.069964007920E1));
#12908=CARTESIAN_POINT('',(1.492142727827E0,-1.174540954052E0,
-1.070735330881E1));
#12909=CARTESIAN_POINT('',(1.540150933093E0,-1.078063263797E0,
-1.061640109634E1));
#12910=CARTESIAN_POINT('',(1.536079582873E0,-1.086245083200E0,
-1.048800671955E1));
#12911=CARTESIAN_POINT('',(1.359270540227E0,-1.317553609311E0,
-1.069964007920E1));
#12912=CARTESIAN_POINT('',(1.345896633098E0,-1.189857663405E0,
-1.070735330881E1));
#12913=CARTESIAN_POINT('',(1.336422803534E0,-1.099400206524E0,
-1.061640109634E1));
#12914=CARTESIAN_POINT('',(1.337226234486E0,-1.107071478234E0,
-1.048800671955E1));
#12915=(BOUNDED_SURFACE()B_SPLINE_SURFACE(3,3,((#12887,#12888,#12889,#12890),(
#12891,#12892,#12893,#12894),(#12895,#12896,#12897,#12898),(#12899,#12900,
#12901,#12902),(#12903,#12904,#12905,#12906),(#12907,#12908,#12909,#12910),(
#12911,#12912,#12913,#12914)),.UNSPECIFIED.,.F.,.F.,.F.)B_SPLINE_SURFACE_WITH_KNOTS((4,3,4),(4,4),(0.E0,1.E0,2.E0),(0.E0,1.E0),.UNSPECIFIED.)GEOMETRIC_REPRESENTATION_ITEM()RATIONAL_B_SPLINE_SURFACE(((1.440552757926E0,1.117323085251E0,
1.117323085251E0,1.440552757926E0),(1.122927432676E0,8.709661875882E-1,
8.709661875882E-1,1.122927432676E0),(1.122927432676E0,8.709661875882E-1,
8.709661875882E-1,1.122927432676E0),(1.440552757926E0,1.117323085251E0,
1.117323085251E0,1.440552757926E0),(1.122927432676E0,8.709661875882E-1,
8.709661875882E-1,1.122927432676E0),(1.122927432676E0,8.709661875882E-1,
8.709661875882E-1,1.122927432676E0),(1.440552757926E0,1.117323085251E0,
1.117323085251E0,1.440552757926E0)))REPRESENTATION_ITEM('')SURFACE());
#12917=ORIENTED_EDGE('4533',*,*,#12916,.T.);
#12919=ORIENTED_EDGE('4537',*,*,#12918,.T.);
#12920=ORIENTED_EDGE('4534',*,*,#12881,.F.);
#12922=ORIENTED_EDGE('4538',*,*,#12921,.F.);
#12923=EDGE_LOOP('3818',(#12917,#12919,#12920,#12922));
#12924=FACE_OUTER_BOUND('3818',#12923,.F.);
#12925=ADVANCED_FACE('3818',(#12924),#12915,.T.);
#12926=CARTESIAN_POINT('',(1.37E0,-1.42E0,-1.07E1));
#12927=DIRECTION('',(0.E0,0.E0,1.E0));
#12928=DIRECTION('',(0.E0,-1.E0,0.E0));
#12929=AXIS2_PLACEMENT_3D('',#12926,#12927,#12928);
#12930=PLANE('3812',#12929);
#12931=ORIENTED_EDGE('4533',*,*,#12916,.F.);
#12933=ORIENTED_EDGE('4535',*,*,#12932,.F.);
#12934=EDGE_LOOP('3812',(#12931,#12933));
#12935=FACE_OUTER_BOUND('3812',#12934,.F.);
#12936=ADVANCED_FACE('3812',(#12935),#12930,.F.);
#12937=CARTESIAN_POINT('',(1.380729460360E0,-1.317553609373E0,
-1.069964007920E1));
#12938=CARTESIAN_POINT('',(1.394103368220E0,-1.189857663543E0,
-1.070735330881E1));
#12939=CARTESIAN_POINT('',(1.403577198301E0,-1.099400206716E0,
-1.061640109634E1));
#12940=CARTESIAN_POINT('',(1.402773767305E0,-1.107071478422E0,
-1.048800671955E1));
#12941=CARTESIAN_POINT('',(1.315628945739E0,-1.310735473695E0,
-1.069964007920E1));
#12942=CARTESIAN_POINT('',(1.247857273578E0,-1.174540953353E0,
-1.070735330881E1));
#12943=CARTESIAN_POINT('',(1.199849068865E0,-1.078063262823E0,
-1.061640109634E1));
#12944=CARTESIAN_POINT('',(1.203920419037E0,-1.086245082249E0,
-1.048800671955E1));
#12945=CARTESIAN_POINT('',(1.266993280639E0,-1.354543418844E0,
-1.069964007920E1));
#12946=CARTESIAN_POINT('',(1.138598904076E0,-1.272954013983E0,
-1.070735330881E1));
#12947=CARTESIAN_POINT('',(1.047646691779E0,-1.215157581843E0,
-1.061640109634E1));
#12948=CARTESIAN_POINT('',(1.055359921370E0,-1.220059025573E0,
-1.048800671955E1));
#12949=CARTESIAN_POINT('',(1.266993280451E0,-1.419999999705E0,
-1.069964007920E1));
#12950=CARTESIAN_POINT('',(1.138598903655E0,-1.419999999338E0,
-1.070735330881E1));
#12951=CARTESIAN_POINT('',(1.047646691192E0,-1.419999999077E0,
-1.061640109634E1));
#12952=CARTESIAN_POINT('',(1.055359920797E0,-1.419999999099E0,
-1.048800671955E1));
#12953=CARTESIAN_POINT('',(1.266993280264E0,-1.485456580566E0,
-1.069964007920E1));
#12954=CARTESIAN_POINT('',(1.138598903234E0,-1.567045984692E0,
-1.070735330881E1));
#12955=CARTESIAN_POINT('',(1.047646690606E0,-1.624842416312E0,
-1.061640109634E1));
#12956=CARTESIAN_POINT('',(1.055359920225E0,-1.619940972626E0,
-1.048800671955E1));
#12957=CARTESIAN_POINT('',(1.315628945114E0,-1.529264525994E0,
-1.069964007920E1));
#12958=CARTESIAN_POINT('',(1.247857272173E0,-1.665459045948E0,
-1.070735330881E1));
#12959=CARTESIAN_POINT('',(1.199849066907E0,-1.761936736203E0,
-1.061640109634E1));
#12960=CARTESIAN_POINT('',(1.203920417127E0,-1.753754916800E0,
-1.048800671955E1));
#12961=CARTESIAN_POINT('',(1.380729459773E0,-1.522446390689E0,
-1.069964007920E1));
#12962=CARTESIAN_POINT('',(1.394103366902E0,-1.650142336595E0,
-1.070735330881E1));
#12963=CARTESIAN_POINT('',(1.403577196466E0,-1.740599793476E0,
-1.061640109634E1));
#12964=CARTESIAN_POINT('',(1.402773765514E0,-1.732928521766E0,
-1.048800671955E1));
#12965=(BOUNDED_SURFACE()B_SPLINE_SURFACE(3,3,((#12937,#12938,#12939,#12940),(
#12941,#12942,#12943,#12944),(#12945,#12946,#12947,#12948),(#12949,#12950,
#12951,#12952),(#12953,#12954,#12955,#12956),(#12957,#12958,#12959,#12960),(
#12961,#12962,#12963,#12964)),.UNSPECIFIED.,.F.,.F.,.F.)B_SPLINE_SURFACE_WITH_KNOTS((4,3,4),(4,4),(0.E0,1.E0,2.E0),(0.E0,1.E0),.UNSPECIFIED.)GEOMETRIC_REPRESENTATION_ITEM()RATIONAL_B_SPLINE_SURFACE(((1.440552757926E0,1.117323085251E0,
1.117323085251E0,1.440552757926E0),(1.122927432676E0,8.709661875882E-1,
8.709661875882E-1,1.122927432676E0),(1.122927432676E0,8.709661875882E-1,
8.709661875882E-1,1.122927432676E0),(1.440552757926E0,1.117323085251E0,
1.117323085251E0,1.440552757926E0),(1.122927432676E0,8.709661875882E-1,
8.709661875882E-1,1.122927432676E0),(1.122927432676E0,8.709661875882E-1,
8.709661875882E-1,1.122927432676E0),(1.440552757926E0,1.117323085251E0,
1.117323085251E0,1.440552757926E0)))REPRESENTATION_ITEM('')SURFACE());
#12966=ORIENTED_EDGE('4535',*,*,#12932,.T.);
#12967=ORIENTED_EDGE('4538',*,*,#12921,.T.);
#12968=ORIENTED_EDGE('4536',*,*,#12867,.F.);
#12969=ORIENTED_EDGE('4537',*,*,#12918,.F.);
#12970=EDGE_LOOP('3817',(#12966,#12967,#12968,#12969));
#12971=FACE_OUTER_BOUND('3817',#12970,.F.);
#12972=ADVANCED_FACE('3817',(#12971),#12965,.T.);
#12973=CARTESIAN_POINT('',(4.11E0,-1.42E0,-1.1515E1));
#12974=DIRECTION('',(0.E0,0.E0,1.E0));
#12975=DIRECTION('',(0.E0,-1.E0,0.E0));
#12976=AXIS2_PLACEMENT_3D('',#12973,#12974,#12975);
#12977=CYLINDRICAL_SURFACE('3821',#12976,3.15E-1);
#12978=ORIENTED_EDGE('4567',*,*,#11977,.T.);
#12980=ORIENTED_EDGE('4570',*,*,#12979,.T.);
#12982=ORIENTED_EDGE('4556',*,*,#12981,.T.);
#12984=ORIENTED_EDGE('4569',*,*,#12983,.F.);
#12985=EDGE_LOOP('3821',(#12978,#12980,#12982,#12984));
#12986=FACE_OUTER_BOUND('3821',#12985,.F.);
#12987=ADVANCED_FACE('3821',(#12986),#12977,.T.);
#12988=CARTESIAN_POINT('',(4.11E0,-1.42E0,-1.1515E1));
#12989=DIRECTION('',(0.E0,0.E0,1.E0));
#12990=DIRECTION('',(0.E0,-1.E0,0.E0));
#12991=AXIS2_PLACEMENT_3D('',#12988,#12989,#12990);
#12992=CYLINDRICAL_SURFACE('3825',#12991,3.15E-1);
#12993=ORIENTED_EDGE('4568',*,*,#11979,.T.);
#12994=ORIENTED_EDGE('4569',*,*,#12983,.T.);
#12996=ORIENTED_EDGE('4554',*,*,#12995,.T.);
#12997=ORIENTED_EDGE('4570',*,*,#12979,.F.);
#12998=EDGE_LOOP('3825',(#12993,#12994,#12996,#12997));
#12999=FACE_OUTER_BOUND('3825',#12998,.F.);
#13000=ADVANCED_FACE('3825',(#12999),#12992,.T.);
#13001=CARTESIAN_POINT('',(4.099270539640E0,-1.522446390627E0,
-1.069964007920E1));
#13002=CARTESIAN_POINT('',(4.085896631780E0,-1.650142336457E0,
-1.070735330881E1));
#13003=CARTESIAN_POINT('',(4.076422801699E0,-1.740599793284E0,
-1.061640109634E1));
#13004=CARTESIAN_POINT('',(4.077226232695E0,-1.732928521578E0,
-1.048800671955E1));
#13005=CARTESIAN_POINT('',(4.164371054261E0,-1.529264526305E0,
-1.069964007920E1));
#13006=CARTESIAN_POINT('',(4.232142726422E0,-1.665459046647E0,
-1.070735330881E1));
#13007=CARTESIAN_POINT('',(4.280150931135E0,-1.761936737177E0,
-1.061640109634E1));
#13008=CARTESIAN_POINT('',(4.276079580963E0,-1.753754917751E0,
-1.048800671955E1));
#13009=CARTESIAN_POINT('',(4.213006719361E0,-1.485456581156E0,
-1.069964007920E1));
#13010=CARTESIAN_POINT('',(4.341401095924E0,-1.567045986017E0,
-1.070735330881E1));
#13011=CARTESIAN_POINT('',(4.432353308221E0,-1.624842418157E0,
-1.061640109634E1));
#13012=CARTESIAN_POINT('',(4.424640078630E0,-1.619940974427E0,
-1.048800671955E1));
#13013=CARTESIAN_POINT('',(4.213006719549E0,-1.420000000295E0,
-1.069964007920E1));
#13014=CARTESIAN_POINT('',(4.341401096345E0,-1.420000000662E0,
-1.070735330881E1));
#13015=CARTESIAN_POINT('',(4.432353308808E0,-1.420000000923E0,
-1.061640109634E1));
#13016=CARTESIAN_POINT('',(4.424640079203E0,-1.420000000901E0,
-1.048800671955E1));
#13017=CARTESIAN_POINT('',(4.213006719736E0,-1.354543419434E0,
-1.069964007920E1));
#13018=CARTESIAN_POINT('',(4.341401096766E0,-1.272954015308E0,
-1.070735330881E1));
#13019=CARTESIAN_POINT('',(4.432353309394E0,-1.215157583688E0,
-1.061640109634E1));
#13020=CARTESIAN_POINT('',(4.424640079775E0,-1.220059027374E0,
-1.048800671955E1));
#13021=CARTESIAN_POINT('',(4.164371054886E0,-1.310735474006E0,
-1.069964007920E1));
#13022=CARTESIAN_POINT('',(4.232142727827E0,-1.174540954052E0,
-1.070735330881E1));
#13023=CARTESIAN_POINT('',(4.280150933093E0,-1.078063263797E0,
-1.061640109634E1));
#13024=CARTESIAN_POINT('',(4.276079582873E0,-1.086245083200E0,
-1.048800671955E1));
#13025=CARTESIAN_POINT('',(4.099270540227E0,-1.317553609311E0,
-1.069964007920E1));
#13026=CARTESIAN_POINT('',(4.085896633098E0,-1.189857663405E0,
-1.070735330881E1));
#13027=CARTESIAN_POINT('',(4.076422803534E0,-1.099400206524E0,
-1.061640109634E1));
#13028=CARTESIAN_POINT('',(4.077226234486E0,-1.107071478234E0,
-1.048800671955E1));
#13029=(BOUNDED_SURFACE()B_SPLINE_SURFACE(3,3,((#13001,#13002,#13003,#13004),(
#13005,#13006,#13007,#13008),(#13009,#13010,#13011,#13012),(#13013,#13014,
#13015,#13016),(#13017,#13018,#13019,#13020),(#13021,#13022,#13023,#13024),(
#13025,#13026,#13027,#13028)),.UNSPECIFIED.,.F.,.F.,.F.)B_SPLINE_SURFACE_WITH_KNOTS((4,3,4),(4,4),(0.E0,1.E0,2.E0),(0.E0,1.E0),.UNSPECIFIED.)GEOMETRIC_REPRESENTATION_ITEM()RATIONAL_B_SPLINE_SURFACE(((1.440552757926E0,1.117323085251E0,
1.117323085251E0,1.440552757926E0),(1.122927432676E0,8.709661875882E-1,
8.709661875882E-1,1.122927432676E0),(1.122927432676E0,8.709661875882E-1,
8.709661875882E-1,1.122927432676E0),(1.440552757926E0,1.117323085251E0,
1.117323085251E0,1.440552757926E0),(1.122927432676E0,8.709661875882E-1,
8.709661875882E-1,1.122927432676E0),(1.122927432676E0,8.709661875882E-1,
8.709661875882E-1,1.122927432676E0),(1.440552757926E0,1.117323085251E0,
1.117323085251E0,1.440552757926E0)))REPRESENTATION_ITEM('')SURFACE());
#13031=ORIENTED_EDGE('4553',*,*,#13030,.T.);
#13033=ORIENTED_EDGE('4557',*,*,#13032,.T.);
#13034=ORIENTED_EDGE('4554',*,*,#12995,.F.);
#13036=ORIENTED_EDGE('4558',*,*,#13035,.F.);
#13037=EDGE_LOOP('3828',(#13031,#13033,#13034,#13036));
#13038=FACE_OUTER_BOUND('3828',#13037,.F.);
#13039=ADVANCED_FACE('3828',(#13038),#13029,.T.);
#13040=CARTESIAN_POINT('',(4.11E0,-1.42E0,-1.07E1));
#13041=DIRECTION('',(0.E0,0.E0,1.E0));
#13042=DIRECTION('',(0.E0,-1.E0,0.E0));
#13043=AXIS2_PLACEMENT_3D('',#13040,#13041,#13042);
#13044=PLANE('3822',#13043);
#13045=ORIENTED_EDGE('4553',*,*,#13030,.F.);
#13047=ORIENTED_EDGE('4555',*,*,#13046,.F.);
#13048=EDGE_LOOP('3822',(#13045,#13047));
#13049=FACE_OUTER_BOUND('3822',#13048,.F.);
#13050=ADVANCED_FACE('3822',(#13049),#13044,.F.);
#13051=CARTESIAN_POINT('',(4.120729460360E0,-1.317553609373E0,
-1.069964007920E1));
#13052=CARTESIAN_POINT('',(4.134103368220E0,-1.189857663543E0,
-1.070735330881E1));
#13053=CARTESIAN_POINT('',(4.143577198301E0,-1.099400206716E0,
-1.061640109634E1));
#13054=CARTESIAN_POINT('',(4.142773767305E0,-1.107071478422E0,
-1.048800671955E1));
#13055=CARTESIAN_POINT('',(4.055628945739E0,-1.310735473695E0,
-1.069964007920E1));
#13056=CARTESIAN_POINT('',(3.987857273578E0,-1.174540953353E0,
-1.070735330881E1));
#13057=CARTESIAN_POINT('',(3.939849068865E0,-1.078063262823E0,
-1.061640109634E1));
#13058=CARTESIAN_POINT('',(3.943920419037E0,-1.086245082249E0,
-1.048800671955E1));
#13059=CARTESIAN_POINT('',(4.006993280639E0,-1.354543418844E0,
-1.069964007920E1));
#13060=CARTESIAN_POINT('',(3.878598904076E0,-1.272954013983E0,
-1.070735330881E1));
#13061=CARTESIAN_POINT('',(3.787646691779E0,-1.215157581843E0,
-1.061640109634E1));
#13062=CARTESIAN_POINT('',(3.795359921370E0,-1.220059025573E0,
-1.048800671955E1));
#13063=CARTESIAN_POINT('',(4.006993280451E0,-1.419999999705E0,
-1.069964007920E1));
#13064=CARTESIAN_POINT('',(3.878598903655E0,-1.419999999338E0,
-1.070735330881E1));
#13065=CARTESIAN_POINT('',(3.787646691192E0,-1.419999999077E0,
-1.061640109634E1));
#13066=CARTESIAN_POINT('',(3.795359920797E0,-1.419999999099E0,
-1.048800671955E1));
#13067=CARTESIAN_POINT('',(4.006993280264E0,-1.485456580566E0,
-1.069964007920E1));
#13068=CARTESIAN_POINT('',(3.878598903234E0,-1.567045984692E0,
-1.070735330881E1));
#13069=CARTESIAN_POINT('',(3.787646690606E0,-1.624842416312E0,
-1.061640109634E1));
#13070=CARTESIAN_POINT('',(3.795359920225E0,-1.619940972626E0,
-1.048800671955E1));
#13071=CARTESIAN_POINT('',(4.055628945114E0,-1.529264525994E0,
-1.069964007920E1));
#13072=CARTESIAN_POINT('',(3.987857272173E0,-1.665459045948E0,
-1.070735330881E1));
#13073=CARTESIAN_POINT('',(3.939849066907E0,-1.761936736203E0,
-1.061640109634E1));
#13074=CARTESIAN_POINT('',(3.943920417127E0,-1.753754916800E0,
-1.048800671955E1));
#13075=CARTESIAN_POINT('',(4.120729459773E0,-1.522446390689E0,
-1.069964007920E1));
#13076=CARTESIAN_POINT('',(4.134103366902E0,-1.650142336595E0,
-1.070735330881E1));
#13077=CARTESIAN_POINT('',(4.143577196466E0,-1.740599793476E0,
-1.061640109634E1));
#13078=CARTESIAN_POINT('',(4.142773765514E0,-1.732928521766E0,
-1.048800671955E1));
#13079=(BOUNDED_SURFACE()B_SPLINE_SURFACE(3,3,((#13051,#13052,#13053,#13054),(
#13055,#13056,#13057,#13058),(#13059,#13060,#13061,#13062),(#13063,#13064,
#13065,#13066),(#13067,#13068,#13069,#13070),(#13071,#13072,#13073,#13074),(
#13075,#13076,#13077,#13078)),.UNSPECIFIED.,.F.,.F.,.F.)B_SPLINE_SURFACE_WITH_KNOTS((4,3,4),(4,4),(0.E0,1.E0,2.E0),(0.E0,1.E0),.UNSPECIFIED.)GEOMETRIC_REPRESENTATION_ITEM()RATIONAL_B_SPLINE_SURFACE(((1.440552757926E0,1.117323085251E0,
1.117323085251E0,1.440552757926E0),(1.122927432676E0,8.709661875882E-1,
8.709661875882E-1,1.122927432676E0),(1.122927432676E0,8.709661875882E-1,
8.709661875882E-1,1.122927432676E0),(1.440552757926E0,1.117323085251E0,
1.117323085251E0,1.440552757926E0),(1.122927432676E0,8.709661875882E-1,
8.709661875882E-1,1.122927432676E0),(1.122927432676E0,8.709661875882E-1,
8.709661875882E-1,1.122927432676E0),(1.440552757926E0,1.117323085251E0,
1.117323085251E0,1.440552757926E0)))REPRESENTATION_ITEM('')SURFACE());
#13080=ORIENTED_EDGE('4555',*,*,#13046,.T.);
#13081=ORIENTED_EDGE('4558',*,*,#13035,.T.);
#13082=ORIENTED_EDGE('4556',*,*,#12981,.F.);
#13083=ORIENTED_EDGE('4557',*,*,#13032,.F.);
#13084=EDGE_LOOP('3827',(#13080,#13081,#13082,#13083));
#13085=FACE_OUTER_BOUND('3827',#13084,.F.);
#13086=ADVANCED_FACE('3827',(#13085),#13079,.T.);
#13087=CARTESIAN_POINT('',(7.454855963426E0,-5.981381165583E-1,0.E0));
#13088=DIRECTION('',(-5.735764363510E-1,-8.191520442890E-1,0.E0));
#13089=DIRECTION('',(8.191520442890E-1,-5.735764363510E-1,0.E0));
#13090=AXIS2_PLACEMENT_3D('',#13087,#13088,#13089);
#13091=PLANE('3587',#13090);
#13092=ORIENTED_EDGE('4092',*,*,#6272,.T.);
#13093=ORIENTED_EDGE('4098',*,*,#6302,.T.);
#13094=ORIENTED_EDGE('4023',*,*,#6168,.F.);
#13095=ORIENTED_EDGE('4101',*,*,#6254,.T.);
#13096=EDGE_LOOP('3587',(#13092,#13093,#13094,#13095));
#13097=FACE_OUTER_BOUND('3587',#13096,.F.);
#13098=ADVANCED_FACE('3587',(#13097),#13091,.F.);
#13099=CARTESIAN_POINT('',(-5.48E0,1.42E0,-1.1515E1));
#13100=DIRECTION('',(0.E0,0.E0,1.E0));
#13101=DIRECTION('',(0.E0,-1.E0,0.E0));
#13102=AXIS2_PLACEMENT_3D('',#13099,#13100,#13101);
#13103=CYLINDRICAL_SURFACE('3744',#13102,4.95E-1);
#13104=ORIENTED_EDGE('4405',*,*,#6192,.F.);
#13106=ORIENTED_EDGE('4411',*,*,#13105,.F.);
#13108=ORIENTED_EDGE('4399',*,*,#13107,.F.);
#13110=ORIENTED_EDGE('4412',*,*,#13109,.T.);
#13111=EDGE_LOOP('3744',(#13104,#13106,#13108,#13110));
#13112=FACE_OUTER_BOUND('3744',#13111,.F.);
#13113=ADVANCED_FACE('3744',(#13112),#13103,.T.);
#13114=CARTESIAN_POINT('',(-5.48E0,1.42E0,-1.1515E1));
#13115=DIRECTION('',(0.E0,0.E0,1.E0));
#13116=DIRECTION('',(0.E0,-1.E0,0.E0));
#13117=AXIS2_PLACEMENT_3D('',#13114,#13115,#13116);
#13118=CYLINDRICAL_SURFACE('3746',#13117,4.95E-1);
#13119=ORIENTED_EDGE('4406',*,*,#6194,.F.);
#13120=ORIENTED_EDGE('4412',*,*,#13109,.F.);
#13122=ORIENTED_EDGE('4401',*,*,#13121,.F.);
#13123=ORIENTED_EDGE('4411',*,*,#13105,.T.);
#13124=EDGE_LOOP('3746',(#13119,#13120,#13122,#13123));
#13125=FACE_OUTER_BOUND('3746',#13124,.F.);
#13126=ADVANCED_FACE('3746',(#13125),#13118,.T.);
#13127=CARTESIAN_POINT('',(-5.542337798437E0,9.291399020616E-1,
5.187435696369E0));
#13128=CARTESIAN_POINT('',(-5.543311922769E0,9.214694552890E-1,
5.433473670464E0));
#13129=CARTESIAN_POINT('',(-5.521382815010E0,1.094143567180E0,
5.607534678977E0));
#13130=CARTESIAN_POINT('',(-5.490385676174E0,1.338221141080E0,
5.599802624146E0));
#13131=CARTESIAN_POINT('',(-5.225123760683E0,8.888546459774E-1,
5.187435696369E0));
#13132=CARTESIAN_POINT('',(-5.221140925990E0,8.805546798900E-1,
5.433473670464E0));
#13133=CARTESIAN_POINT('',(-5.310800950203E0,1.067400285544E0,
5.607534678977E0));
#13134=CARTESIAN_POINT('',(-5.437536805080E0,1.331509488844E0,
5.599802624146E0));
#13135=CARTESIAN_POINT('',(-4.985197379159E0,1.100238134110E0,
5.187435696369E0));
#13136=CARTESIAN_POINT('',(-4.977465324380E0,1.095241361338E0,
5.433473670464E0));
#13137=CARTESIAN_POINT('',(-5.151526331730E0,1.207726764900E0,
5.607534678977E0));
#13138=CARTESIAN_POINT('',(-5.397564304182E0,1.366726652608E0,
5.599802624146E0));
#13139=CARTESIAN_POINT('',(-4.985197375854E0,1.419999994885E0,
5.187435696369E0));
#13140=CARTESIAN_POINT('',(-4.977465321023E0,1.419999994805E0,
5.433473670464E0));
#13141=CARTESIAN_POINT('',(-5.151526329536E0,1.419999996604E0,
5.607534678977E0));
#13142=CARTESIAN_POINT('',(-5.397564303631E0,1.419999999148E0,
5.599802624146E0));
#13143=CARTESIAN_POINT('',(-4.985197372548E0,1.739761855660E0,
5.187435696369E0));
#13144=CARTESIAN_POINT('',(-4.977465317666E0,1.744758628272E0,
5.433473670464E0));
#13145=CARTESIAN_POINT('',(-5.151526327341E0,1.632273228308E0,
5.607534678977E0));
#13146=CARTESIAN_POINT('',(-5.397564303081E0,1.473273345688E0,
5.599802624146E0));
#13147=CARTESIAN_POINT('',(-5.225123749701E0,1.951145348753E0,
5.187435696369E0));
#13148=CARTESIAN_POINT('',(-5.221140914837E0,1.959445314758E0,
5.433473670464E0));
#13149=CARTESIAN_POINT('',(-5.310800942913E0,1.772599710957E0,
5.607534678977E0));
#13150=CARTESIAN_POINT('',(-5.437536803251E0,1.508490510278E0,
5.599802624146E0));
#13151=CARTESIAN_POINT('',(-5.542337788288E0,1.910860099227E0,
5.187435696369E0));
#13152=CARTESIAN_POINT('',(-5.543311912461E0,1.918530546020E0,
5.433473670464E0));
#13153=CARTESIAN_POINT('',(-5.521382808272E0,1.745856433676E0,
5.607534678977E0));
#13154=CARTESIAN_POINT('',(-5.490385674483E0,1.501778859134E0,
5.599802624146E0));
#13155=(BOUNDED_SURFACE()B_SPLINE_SURFACE(3,3,((#13127,#13128,#13129,#13130),(
#13131,#13132,#13133,#13134),(#13135,#13136,#13137,#13138),(#13139,#13140,
#13141,#13142),(#13143,#13144,#13145,#13146),(#13147,#13148,#13149,#13150),(
#13151,#13152,#13153,#13154)),.UNSPECIFIED.,.F.,.F.,.F.)B_SPLINE_SURFACE_WITH_KNOTS((4,3,4),(4,4),(0.E0,1.E0,2.E0),(0.E0,1.E0),.UNSPECIFIED.)GEOMETRIC_REPRESENTATION_ITEM()RATIONAL_B_SPLINE_SURFACE(((1.429519582837E0,1.128888856479E0,
1.128888856479E0,1.429519582837E0),(1.106510449046E0,8.738091667319E-1,
8.738091667319E-1,1.106510449046E0),(1.106510449046E0,8.738091667319E-1,
8.738091667319E-1,1.106510449046E0),(1.429519582837E0,1.128888856479E0,
1.128888856479E0,1.429519582837E0),(1.106510449046E0,8.738091667319E-1,
8.738091667319E-1,1.106510449046E0),(1.106510449046E0,8.738091667319E-1,
8.738091667319E-1,1.106510449046E0),(1.429519582837E0,1.128888856479E0,
1.128888856479E0,1.429519582837E0)))REPRESENTATION_ITEM('')SURFACE());
#13156=ORIENTED_EDGE('4401',*,*,#13121,.T.);
#13158=ORIENTED_EDGE('4404',*,*,#13157,.T.);
#13160=ORIENTED_EDGE('4402',*,*,#13159,.F.);
#13162=ORIENTED_EDGE('4403',*,*,#13161,.F.);
#13163=EDGE_LOOP('3749',(#13156,#13158,#13160,#13162));
#13164=FACE_OUTER_BOUND('3749',#13163,.F.);
#13165=ADVANCED_FACE('3749',(#13164),#13155,.T.);
#13166=CARTESIAN_POINT('',(-5.417662201563E0,1.910860097938E0,
5.187435696369E0));
#13167=CARTESIAN_POINT('',(-5.416688077231E0,1.918530544711E0,
5.433473670464E0));
#13168=CARTESIAN_POINT('',(-5.438617184990E0,1.745856432820E0,
5.607534678977E0));
#13169=CARTESIAN_POINT('',(-5.469614323826E0,1.501778858920E0,
5.599802624146E0));
#13170=CARTESIAN_POINT('',(-5.734876239317E0,1.951145354023E0,
5.187435696369E0));
#13171=CARTESIAN_POINT('',(-5.738859074010E0,1.959445320110E0,
5.433473670464E0));
#13172=CARTESIAN_POINT('',(-5.649199049797E0,1.772599714456E0,
5.607534678977E0));
#13173=CARTESIAN_POINT('',(-5.522463194920E0,1.508490511156E0,
5.599802624146E0));
#13174=CARTESIAN_POINT('',(-5.974802620841E0,1.739761865890E0,
5.187435696369E0));
#13175=CARTESIAN_POINT('',(-5.982534675620E0,1.744758638662E0,
5.433473670464E0));
#13176=CARTESIAN_POINT('',(-5.808473668270E0,1.632273235100E0,
5.607534678977E0));
#13177=CARTESIAN_POINT('',(-5.562435695818E0,1.473273347392E0,
5.599802624146E0));
#13178=CARTESIAN_POINT('',(-5.974802624146E0,1.420000005115E0,
5.187435696369E0));
#13179=CARTESIAN_POINT('',(-5.982534678977E0,1.420000005195E0,
5.433473670464E0));
#13180=CARTESIAN_POINT('',(-5.808473670464E0,1.420000003396E0,
5.607534678977E0));
#13181=CARTESIAN_POINT('',(-5.562435696369E0,1.420000000852E0,
5.599802624146E0));
#13182=CARTESIAN_POINT('',(-5.974802627452E0,1.100238144340E0,
5.187435696369E0));
#13183=CARTESIAN_POINT('',(-5.982534682334E0,1.095241371728E0,
5.433473670464E0));
#13184=CARTESIAN_POINT('',(-5.808473672659E0,1.207726771692E0,
5.607534678977E0));
#13185=CARTESIAN_POINT('',(-5.562435696919E0,1.366726654312E0,
5.599802624146E0));
#13186=CARTESIAN_POINT('',(-5.734876250299E0,8.888546512471E-1,
5.187435696369E0));
#13187=CARTESIAN_POINT('',(-5.738859085163E0,8.805546852421E-1,
5.433473670464E0));
#13188=CARTESIAN_POINT('',(-5.649199057087E0,1.067400289043E0,
5.607534678977E0));
#13189=CARTESIAN_POINT('',(-5.522463196749E0,1.331509489722E0,
5.599802624146E0));
#13190=CARTESIAN_POINT('',(-5.417662211712E0,9.291399007728E-1,
5.187435696369E0));
#13191=CARTESIAN_POINT('',(-5.416688087539E0,9.214694539800E-1,
5.433473670464E0));
#13192=CARTESIAN_POINT('',(-5.438617191728E0,1.094143566324E0,
5.607534678977E0));
#13193=CARTESIAN_POINT('',(-5.469614325517E0,1.338221140866E0,
5.599802624146E0));
#13194=(BOUNDED_SURFACE()B_SPLINE_SURFACE(3,3,((#13166,#13167,#13168,#13169),(
#13170,#13171,#13172,#13173),(#13174,#13175,#13176,#13177),(#13178,#13179,
#13180,#13181),(#13182,#13183,#13184,#13185),(#13186,#13187,#13188,#13189),(
#13190,#13191,#13192,#13193)),.UNSPECIFIED.,.F.,.F.,.F.)B_SPLINE_SURFACE_WITH_KNOTS((4,3,4),(4,4),(0.E0,1.E0,2.E0),(0.E0,1.E0),.UNSPECIFIED.)GEOMETRIC_REPRESENTATION_ITEM()RATIONAL_B_SPLINE_SURFACE(((1.429519582837E0,1.128888856479E0,
1.128888856479E0,1.429519582837E0),(1.106510449046E0,8.738091667319E-1,
8.738091667319E-1,1.106510449046E0),(1.106510449046E0,8.738091667319E-1,
8.738091667319E-1,1.106510449046E0),(1.429519582837E0,1.128888856479E0,
1.128888856479E0,1.429519582837E0),(1.106510449046E0,8.738091667319E-1,
8.738091667319E-1,1.106510449046E0),(1.106510449046E0,8.738091667319E-1,
8.738091667319E-1,1.106510449046E0),(1.429519582837E0,1.128888856479E0,
1.128888856479E0,1.429519582837E0)))REPRESENTATION_ITEM('')SURFACE());
#13195=ORIENTED_EDGE('4399',*,*,#13107,.T.);
#13196=ORIENTED_EDGE('4403',*,*,#13161,.T.);
#13198=ORIENTED_EDGE('4400',*,*,#13197,.F.);
#13199=ORIENTED_EDGE('4404',*,*,#13157,.F.);
#13200=EDGE_LOOP('3750',(#13195,#13196,#13198,#13199));
#13201=FACE_OUTER_BOUND('3750',#13200,.F.);
#13202=ADVANCED_FACE('3750',(#13201),#13194,.T.);
#13203=CARTESIAN_POINT('',(-5.48E0,1.42E0,5.6E0));
#13204=DIRECTION('',(0.E0,0.E0,1.E0));
#13205=DIRECTION('',(0.E0,-1.E0,0.E0));
#13206=AXIS2_PLACEMENT_3D('',#13203,#13204,#13205);
#13207=PLANE('3743',#13206);
#13208=ORIENTED_EDGE('4400',*,*,#13197,.T.);
#13209=ORIENTED_EDGE('4402',*,*,#13159,.T.);
#13210=EDGE_LOOP('3743',(#13208,#13209));
#13211=FACE_OUTER_BOUND('3743',#13210,.F.);
#13212=ADVANCED_FACE('3743',(#13211),#13207,.T.);
#13213=CARTESIAN_POINT('',(-2.74E0,1.42E0,-1.1515E1));
#13214=DIRECTION('',(0.E0,0.E0,1.E0));
#13215=DIRECTION('',(0.E0,-1.E0,0.E0));
#13216=AXIS2_PLACEMENT_3D('',#13213,#13214,#13215);
#13217=CYLINDRICAL_SURFACE('3754',#13216,4.95E-1);
#13218=ORIENTED_EDGE('4425',*,*,#6198,.F.);
#13220=ORIENTED_EDGE('4431',*,*,#13219,.F.);
#13222=ORIENTED_EDGE('4419',*,*,#13221,.F.);
#13224=ORIENTED_EDGE('4432',*,*,#13223,.T.);
#13225=EDGE_LOOP('3754',(#13218,#13220,#13222,#13224));
#13226=FACE_OUTER_BOUND('3754',#13225,.F.);
#13227=ADVANCED_FACE('3754',(#13226),#13217,.T.);
#13228=CARTESIAN_POINT('',(-2.74E0,1.42E0,-1.1515E1));
#13229=DIRECTION('',(0.E0,0.E0,1.E0));
#13230=DIRECTION('',(0.E0,-1.E0,0.E0));
#13231=AXIS2_PLACEMENT_3D('',#13228,#13229,#13230);
#13232=CYLINDRICAL_SURFACE('3756',#13231,4.95E-1);
#13233=ORIENTED_EDGE('4426',*,*,#6200,.F.);
#13234=ORIENTED_EDGE('4432',*,*,#13223,.F.);
#13236=ORIENTED_EDGE('4421',*,*,#13235,.F.);
#13237=ORIENTED_EDGE('4431',*,*,#13219,.T.);
#13238=EDGE_LOOP('3756',(#13233,#13234,#13236,#13237));
#13239=FACE_OUTER_BOUND('3756',#13238,.F.);
#13240=ADVANCED_FACE('3756',(#13239),#13232,.T.);
#13241=CARTESIAN_POINT('',(-2.802337798437E0,9.291399020616E-1,
5.187435696369E0));
#13242=CARTESIAN_POINT('',(-2.803311922769E0,9.214694552890E-1,
5.433473670464E0));
#13243=CARTESIAN_POINT('',(-2.781382815010E0,1.094143567180E0,
5.607534678977E0));
#13244=CARTESIAN_POINT('',(-2.750385676174E0,1.338221141080E0,
5.599802624146E0));
#13245=CARTESIAN_POINT('',(-2.485123760683E0,8.888546459774E-1,
5.187435696369E0));
#13246=CARTESIAN_POINT('',(-2.481140925990E0,8.805546798900E-1,
5.433473670464E0));
#13247=CARTESIAN_POINT('',(-2.570800950203E0,1.067400285544E0,
5.607534678977E0));
#13248=CARTESIAN_POINT('',(-2.697536805080E0,1.331509488844E0,
5.599802624146E0));
#13249=CARTESIAN_POINT('',(-2.245197379159E0,1.100238134110E0,
5.187435696369E0));
#13250=CARTESIAN_POINT('',(-2.237465324380E0,1.095241361338E0,
5.433473670464E0));
#13251=CARTESIAN_POINT('',(-2.411526331730E0,1.207726764900E0,
5.607534678977E0));
#13252=CARTESIAN_POINT('',(-2.657564304182E0,1.366726652608E0,
5.599802624146E0));
#13253=CARTESIAN_POINT('',(-2.245197375854E0,1.419999994885E0,
5.187435696369E0));
#13254=CARTESIAN_POINT('',(-2.237465321023E0,1.419999994805E0,
5.433473670464E0));
#13255=CARTESIAN_POINT('',(-2.411526329536E0,1.419999996604E0,
5.607534678977E0));
#13256=CARTESIAN_POINT('',(-2.657564303631E0,1.419999999148E0,
5.599802624146E0));
#13257=CARTESIAN_POINT('',(-2.245197372548E0,1.739761855660E0,
5.187435696369E0));
#13258=CARTESIAN_POINT('',(-2.237465317666E0,1.744758628272E0,
5.433473670464E0));
#13259=CARTESIAN_POINT('',(-2.411526327341E0,1.632273228308E0,
5.607534678977E0));
#13260=CARTESIAN_POINT('',(-2.657564303081E0,1.473273345688E0,
5.599802624146E0));
#13261=CARTESIAN_POINT('',(-2.485123749701E0,1.951145348753E0,
5.187435696369E0));
#13262=CARTESIAN_POINT('',(-2.481140914837E0,1.959445314758E0,
5.433473670464E0));
#13263=CARTESIAN_POINT('',(-2.570800942913E0,1.772599710957E0,
5.607534678977E0));
#13264=CARTESIAN_POINT('',(-2.697536803251E0,1.508490510278E0,
5.599802624146E0));
#13265=CARTESIAN_POINT('',(-2.802337788288E0,1.910860099227E0,
5.187435696369E0));
#13266=CARTESIAN_POINT('',(-2.803311912461E0,1.918530546020E0,
5.433473670464E0));
#13267=CARTESIAN_POINT('',(-2.781382808272E0,1.745856433676E0,
5.607534678977E0));
#13268=CARTESIAN_POINT('',(-2.750385674483E0,1.501778859134E0,
5.599802624146E0));
#13269=(BOUNDED_SURFACE()B_SPLINE_SURFACE(3,3,((#13241,#13242,#13243,#13244),(
#13245,#13246,#13247,#13248),(#13249,#13250,#13251,#13252),(#13253,#13254,
#13255,#13256),(#13257,#13258,#13259,#13260),(#13261,#13262,#13263,#13264),(
#13265,#13266,#13267,#13268)),.UNSPECIFIED.,.F.,.F.,.F.)B_SPLINE_SURFACE_WITH_KNOTS((4,3,4),(4,4),(0.E0,1.E0,2.E0),(0.E0,1.E0),.UNSPECIFIED.)GEOMETRIC_REPRESENTATION_ITEM()RATIONAL_B_SPLINE_SURFACE(((1.429519582837E0,1.128888856479E0,
1.128888856479E0,1.429519582837E0),(1.106510449046E0,8.738091667319E-1,
8.738091667319E-1,1.106510449046E0),(1.106510449046E0,8.738091667319E-1,
8.738091667319E-1,1.106510449046E0),(1.429519582837E0,1.128888856479E0,
1.128888856479E0,1.429519582837E0),(1.106510449046E0,8.738091667319E-1,
8.738091667319E-1,1.106510449046E0),(1.106510449046E0,8.738091667319E-1,
8.738091667319E-1,1.106510449046E0),(1.429519582837E0,1.128888856479E0,
1.128888856479E0,1.429519582837E0)))REPRESENTATION_ITEM('')SURFACE());
#13270=ORIENTED_EDGE('4421',*,*,#13235,.T.);
#13272=ORIENTED_EDGE('4424',*,*,#13271,.T.);
#13274=ORIENTED_EDGE('4422',*,*,#13273,.F.);
#13276=ORIENTED_EDGE('4423',*,*,#13275,.F.);
#13277=EDGE_LOOP('3759',(#13270,#13272,#13274,#13276));
#13278=FACE_OUTER_BOUND('3759',#13277,.F.);
#13279=ADVANCED_FACE('3759',(#13278),#13269,.T.);
#13280=CARTESIAN_POINT('',(-2.677662201563E0,1.910860097938E0,
5.187435696369E0));
#13281=CARTESIAN_POINT('',(-2.676688077231E0,1.918530544711E0,
5.433473670464E0));
#13282=CARTESIAN_POINT('',(-2.698617184990E0,1.745856432820E0,
5.607534678977E0));
#13283=CARTESIAN_POINT('',(-2.729614323826E0,1.501778858920E0,
5.599802624146E0));
#13284=CARTESIAN_POINT('',(-2.994876239317E0,1.951145354023E0,
5.187435696369E0));
#13285=CARTESIAN_POINT('',(-2.998859074010E0,1.959445320110E0,
5.433473670464E0));
#13286=CARTESIAN_POINT('',(-2.909199049797E0,1.772599714456E0,
5.607534678977E0));
#13287=CARTESIAN_POINT('',(-2.782463194920E0,1.508490511156E0,
5.599802624146E0));
#13288=CARTESIAN_POINT('',(-3.234802620841E0,1.739761865890E0,
5.187435696369E0));
#13289=CARTESIAN_POINT('',(-3.242534675620E0,1.744758638662E0,
5.433473670464E0));
#13290=CARTESIAN_POINT('',(-3.068473668270E0,1.632273235100E0,
5.607534678977E0));
#13291=CARTESIAN_POINT('',(-2.822435695818E0,1.473273347392E0,
5.599802624146E0));
#13292=CARTESIAN_POINT('',(-3.234802624146E0,1.420000005115E0,
5.187435696369E0));
#13293=CARTESIAN_POINT('',(-3.242534678977E0,1.420000005195E0,
5.433473670464E0));
#13294=CARTESIAN_POINT('',(-3.068473670464E0,1.420000003396E0,
5.607534678977E0));
#13295=CARTESIAN_POINT('',(-2.822435696369E0,1.420000000852E0,
5.599802624146E0));
#13296=CARTESIAN_POINT('',(-3.234802627452E0,1.100238144340E0,
5.187435696369E0));
#13297=CARTESIAN_POINT('',(-3.242534682334E0,1.095241371728E0,
5.433473670464E0));
#13298=CARTESIAN_POINT('',(-3.068473672659E0,1.207726771692E0,
5.607534678977E0));
#13299=CARTESIAN_POINT('',(-2.822435696919E0,1.366726654312E0,
5.599802624146E0));
#13300=CARTESIAN_POINT('',(-2.994876250299E0,8.888546512471E-1,
5.187435696369E0));
#13301=CARTESIAN_POINT('',(-2.998859085163E0,8.805546852421E-1,
5.433473670464E0));
#13302=CARTESIAN_POINT('',(-2.909199057087E0,1.067400289043E0,
5.607534678977E0));
#13303=CARTESIAN_POINT('',(-2.782463196749E0,1.331509489722E0,
5.599802624146E0));
#13304=CARTESIAN_POINT('',(-2.677662211712E0,9.291399007728E-1,
5.187435696369E0));
#13305=CARTESIAN_POINT('',(-2.676688087539E0,9.214694539800E-1,
5.433473670464E0));
#13306=CARTESIAN_POINT('',(-2.698617191728E0,1.094143566324E0,
5.607534678977E0));
#13307=CARTESIAN_POINT('',(-2.729614325517E0,1.338221140866E0,
5.599802624146E0));
#13308=(BOUNDED_SURFACE()B_SPLINE_SURFACE(3,3,((#13280,#13281,#13282,#13283),(
#13284,#13285,#13286,#13287),(#13288,#13289,#13290,#13291),(#13292,#13293,
#13294,#13295),(#13296,#13297,#13298,#13299),(#13300,#13301,#13302,#13303),(
#13304,#13305,#13306,#13307)),.UNSPECIFIED.,.F.,.F.,.F.)B_SPLINE_SURFACE_WITH_KNOTS((4,3,4),(4,4),(0.E0,1.E0,2.E0),(0.E0,1.E0),.UNSPECIFIED.)GEOMETRIC_REPRESENTATION_ITEM()RATIONAL_B_SPLINE_SURFACE(((1.429519582837E0,1.128888856479E0,
1.128888856479E0,1.429519582837E0),(1.106510449046E0,8.738091667319E-1,
8.738091667319E-1,1.106510449046E0),(1.106510449046E0,8.738091667319E-1,
8.738091667319E-1,1.106510449046E0),(1.429519582837E0,1.128888856479E0,
1.128888856479E0,1.429519582837E0),(1.106510449046E0,8.738091667319E-1,
8.738091667319E-1,1.106510449046E0),(1.106510449046E0,8.738091667319E-1,
8.738091667319E-1,1.106510449046E0),(1.429519582837E0,1.128888856479E0,
1.128888856479E0,1.429519582837E0)))REPRESENTATION_ITEM('')SURFACE());
#13309=ORIENTED_EDGE('4419',*,*,#13221,.T.);
#13310=ORIENTED_EDGE('4423',*,*,#13275,.T.);
#13312=ORIENTED_EDGE('4420',*,*,#13311,.F.);
#13313=ORIENTED_EDGE('4424',*,*,#13271,.F.);
#13314=EDGE_LOOP('3760',(#13309,#13310,#13312,#13313));
#13315=FACE_OUTER_BOUND('3760',#13314,.F.);
#13316=ADVANCED_FACE('3760',(#13315),#13308,.T.);
#13317=CARTESIAN_POINT('',(-2.74E0,1.42E0,5.6E0));
#13318=DIRECTION('',(0.E0,0.E0,1.E0));
#13319=DIRECTION('',(0.E0,-1.E0,0.E0));
#13320=AXIS2_PLACEMENT_3D('',#13317,#13318,#13319);
#13321=PLANE('3753',#13320);
#13322=ORIENTED_EDGE('4420',*,*,#13311,.T.);
#13323=ORIENTED_EDGE('4422',*,*,#13273,.T.);
#13324=EDGE_LOOP('3753',(#13322,#13323));
#13325=FACE_OUTER_BOUND('3753',#13324,.F.);
#13326=ADVANCED_FACE('3753',(#13325),#13321,.T.);
#13327=CARTESIAN_POINT('',(0.E0,1.42E0,-1.1515E1));
#13328=DIRECTION('',(0.E0,0.E0,1.E0));
#13329=DIRECTION('',(0.E0,-1.E0,0.E0));
#13330=AXIS2_PLACEMENT_3D('',#13327,#13328,#13329);
#13331=CYLINDRICAL_SURFACE('3764',#13330,4.95E-1);
#13332=ORIENTED_EDGE('4445',*,*,#6204,.F.);
#13334=ORIENTED_EDGE('4451',*,*,#13333,.F.);
#13336=ORIENTED_EDGE('4439',*,*,#13335,.F.);
#13338=ORIENTED_EDGE('4452',*,*,#13337,.T.);
#13339=EDGE_LOOP('3764',(#13332,#13334,#13336,#13338));
#13340=FACE_OUTER_BOUND('3764',#13339,.F.);
#13341=ADVANCED_FACE('3764',(#13340),#13331,.T.);
#13342=CARTESIAN_POINT('',(0.E0,1.42E0,-1.1515E1));
#13343=DIRECTION('',(0.E0,0.E0,1.E0));
#13344=DIRECTION('',(0.E0,-1.E0,0.E0));
#13345=AXIS2_PLACEMENT_3D('',#13342,#13343,#13344);
#13346=CYLINDRICAL_SURFACE('3766',#13345,4.95E-1);
#13347=ORIENTED_EDGE('4446',*,*,#6206,.F.);
#13348=ORIENTED_EDGE('4452',*,*,#13337,.F.);
#13350=ORIENTED_EDGE('4441',*,*,#13349,.F.);
#13351=ORIENTED_EDGE('4451',*,*,#13333,.T.);
#13352=EDGE_LOOP('3766',(#13347,#13348,#13350,#13351));
#13353=FACE_OUTER_BOUND('3766',#13352,.F.);
#13354=ADVANCED_FACE('3766',(#13353),#13346,.T.);
#13355=CARTESIAN_POINT('',(-6.233779843727E-2,9.291399020616E-1,
5.187435696369E0));
#13356=CARTESIAN_POINT('',(-6.331192276891E-2,9.214694552890E-1,
5.433473670464E0));
#13357=CARTESIAN_POINT('',(-4.138281500968E-2,1.094143567180E0,
5.607534678977E0));
#13358=CARTESIAN_POINT('',(-1.038567617368E-2,1.338221141080E0,
5.599802624146E0));
#13359=CARTESIAN_POINT('',(2.548762393170E-1,8.888546459774E-1,
5.187435696369E0));
#13360=CARTESIAN_POINT('',(2.588590740096E-1,8.805546798900E-1,
5.433473670464E0));
#13361=CARTESIAN_POINT('',(1.691990497969E-1,1.067400285544E0,
5.607534678977E0));
#13362=CARTESIAN_POINT('',(4.246319491978E-2,1.331509488844E0,
5.599802624146E0));
#13363=CARTESIAN_POINT('',(4.948026208406E-1,1.100238134110E0,
5.187435696369E0));
#13364=CARTESIAN_POINT('',(5.025346756197E-1,1.095241361338E0,
5.433473670464E0));
#13365=CARTESIAN_POINT('',(3.284736682698E-1,1.207726764900E0,
5.607534678977E0));
#13366=CARTESIAN_POINT('',(8.243569581801E-2,1.366726652608E0,
5.599802624146E0));
#13367=CARTESIAN_POINT('',(4.948026241463E-1,1.419999994885E0,
5.187435696369E0));
#13368=CARTESIAN_POINT('',(5.025346789770E-1,1.419999994805E0,
5.433473670464E0));
#13369=CARTESIAN_POINT('',(3.284736704643E-1,1.419999996604E0,
5.607534678977E0));
#13370=CARTESIAN_POINT('',(8.243569636874E-2,1.419999999148E0,
5.599802624146E0));
#13371=CARTESIAN_POINT('',(4.948026274520E-1,1.739761855660E0,
5.187435696369E0));
#13372=CARTESIAN_POINT('',(5.025346823343E-1,1.744758628272E0,
5.433473670464E0));
#13373=CARTESIAN_POINT('',(3.284736726587E-1,1.632273228308E0,
5.607534678977E0));
#13374=CARTESIAN_POINT('',(8.243569691948E-2,1.473273345688E0,
5.599802624146E0));
#13375=CARTESIAN_POINT('',(2.548762502988E-1,1.951145348753E0,
5.187435696369E0));
#13376=CARTESIAN_POINT('',(2.588590851631E-1,1.959445314758E0,
5.433473670464E0));
#13377=CARTESIAN_POINT('',(1.691990570872E-1,1.772599710957E0,
5.607534678977E0));
#13378=CARTESIAN_POINT('',(4.246319674939E-2,1.508490510278E0,
5.599802624146E0));
#13379=CARTESIAN_POINT('',(-6.233778828836E-2,1.910860099227E0,
5.187435696369E0));
#13380=CARTESIAN_POINT('',(-6.331191246141E-2,1.918530546020E0,
5.433473670464E0));
#13381=CARTESIAN_POINT('',(-4.138280827235E-2,1.745856433676E0,
5.607534678977E0));
#13382=CARTESIAN_POINT('',(-1.038567448284E-2,1.501778859134E0,
5.599802624146E0));
#13383=(BOUNDED_SURFACE()B_SPLINE_SURFACE(3,3,((#13355,#13356,#13357,#13358),(
#13359,#13360,#13361,#13362),(#13363,#13364,#13365,#13366),(#13367,#13368,
#13369,#13370),(#13371,#13372,#13373,#13374),(#13375,#13376,#13377,#13378),(
#13379,#13380,#13381,#13382)),.UNSPECIFIED.,.F.,.F.,.F.)B_SPLINE_SURFACE_WITH_KNOTS((4,3,4),(4,4),(0.E0,1.E0,2.E0),(0.E0,1.E0),.UNSPECIFIED.)GEOMETRIC_REPRESENTATION_ITEM()RATIONAL_B_SPLINE_SURFACE(((1.429519582837E0,1.128888856479E0,
1.128888856479E0,1.429519582837E0),(1.106510449046E0,8.738091667319E-1,
8.738091667319E-1,1.106510449046E0),(1.106510449046E0,8.738091667319E-1,
8.738091667319E-1,1.106510449046E0),(1.429519582837E0,1.128888856479E0,
1.128888856479E0,1.429519582837E0),(1.106510449046E0,8.738091667319E-1,
8.738091667319E-1,1.106510449046E0),(1.106510449046E0,8.738091667319E-1,
8.738091667319E-1,1.106510449046E0),(1.429519582837E0,1.128888856479E0,
1.128888856479E0,1.429519582837E0)))REPRESENTATION_ITEM('')SURFACE());
#13384=ORIENTED_EDGE('4441',*,*,#13349,.T.);
#13386=ORIENTED_EDGE('4444',*,*,#13385,.T.);
#13388=ORIENTED_EDGE('4442',*,*,#13387,.F.);
#13390=ORIENTED_EDGE('4443',*,*,#13389,.F.);
#13391=EDGE_LOOP('3769',(#13384,#13386,#13388,#13390));
#13392=FACE_OUTER_BOUND('3769',#13391,.F.);
#13393=ADVANCED_FACE('3769',(#13392),#13383,.T.);
#13394=CARTESIAN_POINT('',(6.233779843727E-2,1.910860097938E0,
5.187435696369E0));
#13395=CARTESIAN_POINT('',(6.331192276891E-2,1.918530544711E0,
5.433473670464E0));
#13396=CARTESIAN_POINT('',(4.138281500968E-2,1.745856432820E0,
5.607534678977E0));
#13397=CARTESIAN_POINT('',(1.038567617368E-2,1.501778858920E0,
5.599802624146E0));
#13398=CARTESIAN_POINT('',(-2.548762393170E-1,1.951145354023E0,
5.187435696369E0));
#13399=CARTESIAN_POINT('',(-2.588590740096E-1,1.959445320110E0,
5.433473670464E0));
#13400=CARTESIAN_POINT('',(-1.691990497969E-1,1.772599714456E0,
5.607534678977E0));
#13401=CARTESIAN_POINT('',(-4.246319491978E-2,1.508490511156E0,
5.599802624146E0));
#13402=CARTESIAN_POINT('',(-4.948026208406E-1,1.739761865890E0,
5.187435696369E0));
#13403=CARTESIAN_POINT('',(-5.025346756197E-1,1.744758638662E0,
5.433473670464E0));
#13404=CARTESIAN_POINT('',(-3.284736682698E-1,1.632273235100E0,
5.607534678977E0));
#13405=CARTESIAN_POINT('',(-8.243569581801E-2,1.473273347392E0,
5.599802624146E0));
#13406=CARTESIAN_POINT('',(-4.948026241463E-1,1.420000005115E0,
5.187435696369E0));
#13407=CARTESIAN_POINT('',(-5.025346789770E-1,1.420000005195E0,
5.433473670464E0));
#13408=CARTESIAN_POINT('',(-3.284736704643E-1,1.420000003396E0,
5.607534678977E0));
#13409=CARTESIAN_POINT('',(-8.243569636874E-2,1.420000000852E0,
5.599802624146E0));
#13410=CARTESIAN_POINT('',(-4.948026274520E-1,1.100238144340E0,
5.187435696369E0));
#13411=CARTESIAN_POINT('',(-5.025346823343E-1,1.095241371728E0,
5.433473670464E0));
#13412=CARTESIAN_POINT('',(-3.284736726587E-1,1.207726771692E0,
5.607534678977E0));
#13413=CARTESIAN_POINT('',(-8.243569691948E-2,1.366726654312E0,
5.599802624146E0));
#13414=CARTESIAN_POINT('',(-2.548762502988E-1,8.888546512471E-1,
5.187435696369E0));
#13415=CARTESIAN_POINT('',(-2.588590851631E-1,8.805546852421E-1,
5.433473670464E0));
#13416=CARTESIAN_POINT('',(-1.691990570872E-1,1.067400289043E0,
5.607534678977E0));
#13417=CARTESIAN_POINT('',(-4.246319674939E-2,1.331509489722E0,
5.599802624146E0));
#13418=CARTESIAN_POINT('',(6.233778828836E-2,9.291399007728E-1,
5.187435696369E0));
#13419=CARTESIAN_POINT('',(6.331191246141E-2,9.214694539800E-1,
5.433473670464E0));
#13420=CARTESIAN_POINT('',(4.138280827235E-2,1.094143566324E0,
5.607534678977E0));
#13421=CARTESIAN_POINT('',(1.038567448284E-2,1.338221140866E0,
5.599802624146E0));
#13422=(BOUNDED_SURFACE()B_SPLINE_SURFACE(3,3,((#13394,#13395,#13396,#13397),(
#13398,#13399,#13400,#13401),(#13402,#13403,#13404,#13405),(#13406,#13407,
#13408,#13409),(#13410,#13411,#13412,#13413),(#13414,#13415,#13416,#13417),(
#13418,#13419,#13420,#13421)),.UNSPECIFIED.,.F.,.F.,.F.)B_SPLINE_SURFACE_WITH_KNOTS((4,3,4),(4,4),(0.E0,1.E0,2.E0),(0.E0,1.E0),.UNSPECIFIED.)GEOMETRIC_REPRESENTATION_ITEM()RATIONAL_B_SPLINE_SURFACE(((1.429519582837E0,1.128888856479E0,
1.128888856479E0,1.429519582837E0),(1.106510449046E0,8.738091667319E-1,
8.738091667319E-1,1.106510449046E0),(1.106510449046E0,8.738091667319E-1,
8.738091667319E-1,1.106510449046E0),(1.429519582837E0,1.128888856479E0,
1.128888856479E0,1.429519582837E0),(1.106510449046E0,8.738091667319E-1,
8.738091667319E-1,1.106510449046E0),(1.106510449046E0,8.738091667319E-1,
8.738091667319E-1,1.106510449046E0),(1.429519582837E0,1.128888856479E0,
1.128888856479E0,1.429519582837E0)))REPRESENTATION_ITEM('')SURFACE());
#13423=ORIENTED_EDGE('4439',*,*,#13335,.T.);
#13424=ORIENTED_EDGE('4443',*,*,#13389,.T.);
#13426=ORIENTED_EDGE('4440',*,*,#13425,.F.);
#13427=ORIENTED_EDGE('4444',*,*,#13385,.F.);
#13428=EDGE_LOOP('3770',(#13423,#13424,#13426,#13427));
#13429=FACE_OUTER_BOUND('3770',#13428,.F.);
#13430=ADVANCED_FACE('3770',(#13429),#13422,.T.);
#13431=CARTESIAN_POINT('',(0.E0,1.42E0,5.6E0));
#13432=DIRECTION('',(0.E0,0.E0,1.E0));
#13433=DIRECTION('',(0.E0,-1.E0,0.E0));
#13434=AXIS2_PLACEMENT_3D('',#13431,#13432,#13433);
#13435=PLANE('3763',#13434);
#13436=ORIENTED_EDGE('4440',*,*,#13425,.T.);
#13437=ORIENTED_EDGE('4442',*,*,#13387,.T.);
#13438=EDGE_LOOP('3763',(#13436,#13437));
#13439=FACE_OUTER_BOUND('3763',#13438,.F.);
#13440=ADVANCED_FACE('3763',(#13439),#13435,.T.);
#13441=CARTESIAN_POINT('',(2.74E0,1.42E0,-1.1515E1));
#13442=DIRECTION('',(0.E0,0.E0,1.E0));
#13443=DIRECTION('',(0.E0,-1.E0,0.E0));
#13444=AXIS2_PLACEMENT_3D('',#13441,#13442,#13443);
#13445=CYLINDRICAL_SURFACE('3774',#13444,4.95E-1);
#13446=ORIENTED_EDGE('4465',*,*,#6210,.F.);
#13448=ORIENTED_EDGE('4471',*,*,#13447,.F.);
#13450=ORIENTED_EDGE('4459',*,*,#13449,.F.);
#13452=ORIENTED_EDGE('4472',*,*,#13451,.T.);
#13453=EDGE_LOOP('3774',(#13446,#13448,#13450,#13452));
#13454=FACE_OUTER_BOUND('3774',#13453,.F.);
#13455=ADVANCED_FACE('3774',(#13454),#13445,.T.);
#13456=CARTESIAN_POINT('',(2.74E0,1.42E0,-1.1515E1));
#13457=DIRECTION('',(0.E0,0.E0,1.E0));
#13458=DIRECTION('',(0.E0,-1.E0,0.E0));
#13459=AXIS2_PLACEMENT_3D('',#13456,#13457,#13458);
#13460=CYLINDRICAL_SURFACE('3776',#13459,4.95E-1);
#13461=ORIENTED_EDGE('4466',*,*,#6212,.F.);
#13462=ORIENTED_EDGE('4472',*,*,#13451,.F.);
#13464=ORIENTED_EDGE('4461',*,*,#13463,.F.);
#13465=ORIENTED_EDGE('4471',*,*,#13447,.T.);
#13466=EDGE_LOOP('3776',(#13461,#13462,#13464,#13465));
#13467=FACE_OUTER_BOUND('3776',#13466,.F.);
#13468=ADVANCED_FACE('3776',(#13467),#13460,.T.);
#13469=CARTESIAN_POINT('',(2.677662201563E0,9.291399020616E-1,
5.187435696369E0));
#13470=CARTESIAN_POINT('',(2.676688077231E0,9.214694552890E-1,
5.433473670464E0));
#13471=CARTESIAN_POINT('',(2.698617184990E0,1.094143567180E0,5.607534678977E0));
#13472=CARTESIAN_POINT('',(2.729614323826E0,1.338221141080E0,5.599802624146E0));
#13473=CARTESIAN_POINT('',(2.994876239317E0,8.888546459774E-1,
5.187435696369E0));
#13474=CARTESIAN_POINT('',(2.998859074010E0,8.805546798900E-1,
5.433473670464E0));
#13475=CARTESIAN_POINT('',(2.909199049797E0,1.067400285544E0,5.607534678977E0));
#13476=CARTESIAN_POINT('',(2.782463194920E0,1.331509488844E0,5.599802624146E0));
#13477=CARTESIAN_POINT('',(3.234802620841E0,1.100238134110E0,5.187435696369E0));
#13478=CARTESIAN_POINT('',(3.242534675620E0,1.095241361338E0,5.433473670464E0));
#13479=CARTESIAN_POINT('',(3.068473668270E0,1.207726764900E0,5.607534678977E0));
#13480=CARTESIAN_POINT('',(2.822435695818E0,1.366726652608E0,5.599802624146E0));
#13481=CARTESIAN_POINT('',(3.234802624146E0,1.419999994885E0,5.187435696369E0));
#13482=CARTESIAN_POINT('',(3.242534678977E0,1.419999994805E0,5.433473670464E0));
#13483=CARTESIAN_POINT('',(3.068473670464E0,1.419999996604E0,5.607534678977E0));
#13484=CARTESIAN_POINT('',(2.822435696369E0,1.419999999148E0,5.599802624146E0));
#13485=CARTESIAN_POINT('',(3.234802627452E0,1.739761855660E0,5.187435696369E0));
#13486=CARTESIAN_POINT('',(3.242534682334E0,1.744758628272E0,5.433473670464E0));
#13487=CARTESIAN_POINT('',(3.068473672659E0,1.632273228308E0,5.607534678977E0));
#13488=CARTESIAN_POINT('',(2.822435696919E0,1.473273345688E0,5.599802624146E0));
#13489=CARTESIAN_POINT('',(2.994876250299E0,1.951145348753E0,5.187435696369E0));
#13490=CARTESIAN_POINT('',(2.998859085163E0,1.959445314758E0,5.433473670464E0));
#13491=CARTESIAN_POINT('',(2.909199057087E0,1.772599710957E0,5.607534678977E0));
#13492=CARTESIAN_POINT('',(2.782463196749E0,1.508490510278E0,5.599802624146E0));
#13493=CARTESIAN_POINT('',(2.677662211712E0,1.910860099227E0,5.187435696369E0));
#13494=CARTESIAN_POINT('',(2.676688087539E0,1.918530546020E0,5.433473670464E0));
#13495=CARTESIAN_POINT('',(2.698617191728E0,1.745856433676E0,5.607534678977E0));
#13496=CARTESIAN_POINT('',(2.729614325517E0,1.501778859134E0,5.599802624146E0));
#13497=(BOUNDED_SURFACE()B_SPLINE_SURFACE(3,3,((#13469,#13470,#13471,#13472),(
#13473,#13474,#13475,#13476),(#13477,#13478,#13479,#13480),(#13481,#13482,
#13483,#13484),(#13485,#13486,#13487,#13488),(#13489,#13490,#13491,#13492),(
#13493,#13494,#13495,#13496)),.UNSPECIFIED.,.F.,.F.,.F.)B_SPLINE_SURFACE_WITH_KNOTS((4,3,4),(4,4),(0.E0,1.E0,2.E0),(0.E0,1.E0),.UNSPECIFIED.)GEOMETRIC_REPRESENTATION_ITEM()RATIONAL_B_SPLINE_SURFACE(((1.429519582837E0,1.128888856479E0,
1.128888856479E0,1.429519582837E0),(1.106510449046E0,8.738091667319E-1,
8.738091667319E-1,1.106510449046E0),(1.106510449046E0,8.738091667319E-1,
8.738091667319E-1,1.106510449046E0),(1.429519582837E0,1.128888856479E0,
1.128888856479E0,1.429519582837E0),(1.106510449046E0,8.738091667319E-1,
8.738091667319E-1,1.106510449046E0),(1.106510449046E0,8.738091667319E-1,
8.738091667319E-1,1.106510449046E0),(1.429519582837E0,1.128888856479E0,
1.128888856479E0,1.429519582837E0)))REPRESENTATION_ITEM('')SURFACE());
#13498=ORIENTED_EDGE('4461',*,*,#13463,.T.);
#13500=ORIENTED_EDGE('4464',*,*,#13499,.T.);
#13502=ORIENTED_EDGE('4462',*,*,#13501,.F.);
#13504=ORIENTED_EDGE('4463',*,*,#13503,.F.);
#13505=EDGE_LOOP('3779',(#13498,#13500,#13502,#13504));
#13506=FACE_OUTER_BOUND('3779',#13505,.F.);
#13507=ADVANCED_FACE('3779',(#13506),#13497,.T.);
#13508=CARTESIAN_POINT('',(2.802337798437E0,1.910860097938E0,5.187435696369E0));
#13509=CARTESIAN_POINT('',(2.803311922769E0,1.918530544711E0,5.433473670464E0));
#13510=CARTESIAN_POINT('',(2.781382815010E0,1.745856432820E0,5.607534678977E0));
#13511=CARTESIAN_POINT('',(2.750385676174E0,1.501778858920E0,5.599802624146E0));
#13512=CARTESIAN_POINT('',(2.485123760683E0,1.951145354023E0,5.187435696369E0));
#13513=CARTESIAN_POINT('',(2.481140925990E0,1.959445320110E0,5.433473670464E0));
#13514=CARTESIAN_POINT('',(2.570800950203E0,1.772599714456E0,5.607534678977E0));
#13515=CARTESIAN_POINT('',(2.697536805080E0,1.508490511156E0,5.599802624146E0));
#13516=CARTESIAN_POINT('',(2.245197379159E0,1.739761865890E0,5.187435696369E0));
#13517=CARTESIAN_POINT('',(2.237465324380E0,1.744758638662E0,5.433473670464E0));
#13518=CARTESIAN_POINT('',(2.411526331730E0,1.632273235100E0,5.607534678977E0));
#13519=CARTESIAN_POINT('',(2.657564304182E0,1.473273347392E0,5.599802624146E0));
#13520=CARTESIAN_POINT('',(2.245197375854E0,1.420000005115E0,5.187435696369E0));
#13521=CARTESIAN_POINT('',(2.237465321023E0,1.420000005195E0,5.433473670464E0));
#13522=CARTESIAN_POINT('',(2.411526329536E0,1.420000003396E0,5.607534678977E0));
#13523=CARTESIAN_POINT('',(2.657564303631E0,1.420000000852E0,5.599802624146E0));
#13524=CARTESIAN_POINT('',(2.245197372548E0,1.100238144340E0,5.187435696369E0));
#13525=CARTESIAN_POINT('',(2.237465317666E0,1.095241371728E0,5.433473670464E0));
#13526=CARTESIAN_POINT('',(2.411526327341E0,1.207726771692E0,5.607534678977E0));
#13527=CARTESIAN_POINT('',(2.657564303081E0,1.366726654312E0,5.599802624146E0));
#13528=CARTESIAN_POINT('',(2.485123749701E0,8.888546512471E-1,
5.187435696369E0));
#13529=CARTESIAN_POINT('',(2.481140914837E0,8.805546852421E-1,
5.433473670464E0));
#13530=CARTESIAN_POINT('',(2.570800942913E0,1.067400289043E0,5.607534678977E0));
#13531=CARTESIAN_POINT('',(2.697536803251E0,1.331509489722E0,5.599802624146E0));
#13532=CARTESIAN_POINT('',(2.802337788288E0,9.291399007728E-1,
5.187435696369E0));
#13533=CARTESIAN_POINT('',(2.803311912461E0,9.214694539800E-1,
5.433473670464E0));
#13534=CARTESIAN_POINT('',(2.781382808272E0,1.094143566324E0,5.607534678977E0));
#13535=CARTESIAN_POINT('',(2.750385674483E0,1.338221140866E0,5.599802624146E0));
#13536=(BOUNDED_SURFACE()B_SPLINE_SURFACE(3,3,((#13508,#13509,#13510,#13511),(
#13512,#13513,#13514,#13515),(#13516,#13517,#13518,#13519),(#13520,#13521,
#13522,#13523),(#13524,#13525,#13526,#13527),(#13528,#13529,#13530,#13531),(
#13532,#13533,#13534,#13535)),.UNSPECIFIED.,.F.,.F.,.F.)B_SPLINE_SURFACE_WITH_KNOTS((4,3,4),(4,4),(0.E0,1.E0,2.E0),(0.E0,1.E0),.UNSPECIFIED.)GEOMETRIC_REPRESENTATION_ITEM()RATIONAL_B_SPLINE_SURFACE(((1.429519582837E0,1.128888856479E0,
1.128888856479E0,1.429519582837E0),(1.106510449046E0,8.738091667319E-1,
8.738091667319E-1,1.106510449046E0),(1.106510449046E0,8.738091667319E-1,
8.738091667319E-1,1.106510449046E0),(1.429519582837E0,1.128888856479E0,
1.128888856479E0,1.429519582837E0),(1.106510449046E0,8.738091667319E-1,
8.738091667319E-1,1.106510449046E0),(1.106510449046E0,8.738091667319E-1,
8.738091667319E-1,1.106510449046E0),(1.429519582837E0,1.128888856479E0,
1.128888856479E0,1.429519582837E0)))REPRESENTATION_ITEM('')SURFACE());
#13537=ORIENTED_EDGE('4459',*,*,#13449,.T.);
#13538=ORIENTED_EDGE('4463',*,*,#13503,.T.);
#13540=ORIENTED_EDGE('4460',*,*,#13539,.F.);
#13541=ORIENTED_EDGE('4464',*,*,#13499,.F.);
#13542=EDGE_LOOP('3780',(#13537,#13538,#13540,#13541));
#13543=FACE_OUTER_BOUND('3780',#13542,.F.);
#13544=ADVANCED_FACE('3780',(#13543),#13536,.T.);
#13545=CARTESIAN_POINT('',(2.74E0,1.42E0,5.6E0));
#13546=DIRECTION('',(0.E0,0.E0,1.E0));
#13547=DIRECTION('',(0.E0,-1.E0,0.E0));
#13548=AXIS2_PLACEMENT_3D('',#13545,#13546,#13547);
#13549=PLANE('3773',#13548);
#13550=ORIENTED_EDGE('4460',*,*,#13539,.T.);
#13551=ORIENTED_EDGE('4462',*,*,#13501,.T.);
#13552=EDGE_LOOP('3773',(#13550,#13551));
#13553=FACE_OUTER_BOUND('3773',#13552,.F.);
#13554=ADVANCED_FACE('3773',(#13553),#13549,.T.);
#13555=CARTESIAN_POINT('',(5.48E0,1.42E0,-1.1515E1));
#13556=DIRECTION('',(0.E0,0.E0,1.E0));
#13557=DIRECTION('',(0.E0,-1.E0,0.E0));
#13558=AXIS2_PLACEMENT_3D('',#13555,#13556,#13557);
#13559=CYLINDRICAL_SURFACE('3784',#13558,4.95E-1);
#13560=ORIENTED_EDGE('4485',*,*,#6216,.F.);
#13562=ORIENTED_EDGE('4491',*,*,#13561,.F.);
#13564=ORIENTED_EDGE('4479',*,*,#13563,.F.);
#13566=ORIENTED_EDGE('4492',*,*,#13565,.T.);
#13567=EDGE_LOOP('3784',(#13560,#13562,#13564,#13566));
#13568=FACE_OUTER_BOUND('3784',#13567,.F.);
#13569=ADVANCED_FACE('3784',(#13568),#13559,.T.);
#13570=CARTESIAN_POINT('',(5.48E0,1.42E0,-1.1515E1));
#13571=DIRECTION('',(0.E0,0.E0,1.E0));
#13572=DIRECTION('',(0.E0,-1.E0,0.E0));
#13573=AXIS2_PLACEMENT_3D('',#13570,#13571,#13572);
#13574=CYLINDRICAL_SURFACE('3786',#13573,4.95E-1);
#13575=ORIENTED_EDGE('4486',*,*,#6218,.F.);
#13576=ORIENTED_EDGE('4492',*,*,#13565,.F.);
#13578=ORIENTED_EDGE('4481',*,*,#13577,.F.);
#13579=ORIENTED_EDGE('4491',*,*,#13561,.T.);
#13580=EDGE_LOOP('3786',(#13575,#13576,#13578,#13579));
#13581=FACE_OUTER_BOUND('3786',#13580,.F.);
#13582=ADVANCED_FACE('3786',(#13581),#13574,.T.);
#13583=CARTESIAN_POINT('',(5.417662201563E0,9.291399020616E-1,
5.187435696369E0));
#13584=CARTESIAN_POINT('',(5.416688077231E0,9.214694552890E-1,
5.433473670464E0));
#13585=CARTESIAN_POINT('',(5.438617184990E0,1.094143567180E0,5.607534678977E0));
#13586=CARTESIAN_POINT('',(5.469614323826E0,1.338221141080E0,5.599802624146E0));
#13587=CARTESIAN_POINT('',(5.734876239317E0,8.888546459774E-1,
5.187435696369E0));
#13588=CARTESIAN_POINT('',(5.738859074010E0,8.805546798900E-1,
5.433473670464E0));
#13589=CARTESIAN_POINT('',(5.649199049797E0,1.067400285544E0,5.607534678977E0));
#13590=CARTESIAN_POINT('',(5.522463194920E0,1.331509488844E0,5.599802624146E0));
#13591=CARTESIAN_POINT('',(5.974802620841E0,1.100238134110E0,5.187435696369E0));
#13592=CARTESIAN_POINT('',(5.982534675620E0,1.095241361338E0,5.433473670464E0));
#13593=CARTESIAN_POINT('',(5.808473668270E0,1.207726764900E0,5.607534678977E0));
#13594=CARTESIAN_POINT('',(5.562435695818E0,1.366726652608E0,5.599802624146E0));
#13595=CARTESIAN_POINT('',(5.974802624146E0,1.419999994885E0,5.187435696369E0));
#13596=CARTESIAN_POINT('',(5.982534678977E0,1.419999994805E0,5.433473670464E0));
#13597=CARTESIAN_POINT('',(5.808473670464E0,1.419999996604E0,5.607534678977E0));
#13598=CARTESIAN_POINT('',(5.562435696369E0,1.419999999148E0,5.599802624146E0));
#13599=CARTESIAN_POINT('',(5.974802627452E0,1.739761855660E0,5.187435696369E0));
#13600=CARTESIAN_POINT('',(5.982534682334E0,1.744758628272E0,5.433473670464E0));
#13601=CARTESIAN_POINT('',(5.808473672659E0,1.632273228308E0,5.607534678977E0));
#13602=CARTESIAN_POINT('',(5.562435696919E0,1.473273345688E0,5.599802624146E0));
#13603=CARTESIAN_POINT('',(5.734876250299E0,1.951145348753E0,5.187435696369E0));
#13604=CARTESIAN_POINT('',(5.738859085163E0,1.959445314758E0,5.433473670464E0));
#13605=CARTESIAN_POINT('',(5.649199057087E0,1.772599710957E0,5.607534678977E0));
#13606=CARTESIAN_POINT('',(5.522463196749E0,1.508490510278E0,5.599802624146E0));
#13607=CARTESIAN_POINT('',(5.417662211712E0,1.910860099227E0,5.187435696369E0));
#13608=CARTESIAN_POINT('',(5.416688087539E0,1.918530546020E0,5.433473670464E0));
#13609=CARTESIAN_POINT('',(5.438617191728E0,1.745856433676E0,5.607534678977E0));
#13610=CARTESIAN_POINT('',(5.469614325517E0,1.501778859134E0,5.599802624146E0));
#13611=(BOUNDED_SURFACE()B_SPLINE_SURFACE(3,3,((#13583,#13584,#13585,#13586),(
#13587,#13588,#13589,#13590),(#13591,#13592,#13593,#13594),(#13595,#13596,
#13597,#13598),(#13599,#13600,#13601,#13602),(#13603,#13604,#13605,#13606),(
#13607,#13608,#13609,#13610)),.UNSPECIFIED.,.F.,.F.,.F.)B_SPLINE_SURFACE_WITH_KNOTS((4,3,4),(4,4),(0.E0,1.E0,2.E0),(0.E0,1.E0),.UNSPECIFIED.)GEOMETRIC_REPRESENTATION_ITEM()RATIONAL_B_SPLINE_SURFACE(((1.429519582837E0,1.128888856479E0,
1.128888856479E0,1.429519582837E0),(1.106510449046E0,8.738091667319E-1,
8.738091667319E-1,1.106510449046E0),(1.106510449046E0,8.738091667319E-1,
8.738091667319E-1,1.106510449046E0),(1.429519582837E0,1.128888856479E0,
1.128888856479E0,1.429519582837E0),(1.106510449046E0,8.738091667319E-1,
8.738091667319E-1,1.106510449046E0),(1.106510449046E0,8.738091667319E-1,
8.738091667319E-1,1.106510449046E0),(1.429519582837E0,1.128888856479E0,
1.128888856479E0,1.429519582837E0)))REPRESENTATION_ITEM('')SURFACE());
#13612=ORIENTED_EDGE('4481',*,*,#13577,.T.);
#13614=ORIENTED_EDGE('4484',*,*,#13613,.T.);
#13616=ORIENTED_EDGE('4482',*,*,#13615,.F.);
#13618=ORIENTED_EDGE('4483',*,*,#13617,.F.);
#13619=EDGE_LOOP('3789',(#13612,#13614,#13616,#13618));
#13620=FACE_OUTER_BOUND('3789',#13619,.F.);
#13621=ADVANCED_FACE('3789',(#13620),#13611,.T.);
#13622=CARTESIAN_POINT('',(5.542337798437E0,1.910860097938E0,5.187435696369E0));
#13623=CARTESIAN_POINT('',(5.543311922769E0,1.918530544711E0,5.433473670464E0));
#13624=CARTESIAN_POINT('',(5.521382815010E0,1.745856432820E0,5.607534678977E0));
#13625=CARTESIAN_POINT('',(5.490385676174E0,1.501778858920E0,5.599802624146E0));
#13626=CARTESIAN_POINT('',(5.225123760683E0,1.951145354023E0,5.187435696369E0));
#13627=CARTESIAN_POINT('',(5.221140925990E0,1.959445320110E0,5.433473670464E0));
#13628=CARTESIAN_POINT('',(5.310800950203E0,1.772599714456E0,5.607534678977E0));
#13629=CARTESIAN_POINT('',(5.437536805080E0,1.508490511156E0,5.599802624146E0));
#13630=CARTESIAN_POINT('',(4.985197379159E0,1.739761865890E0,5.187435696369E0));
#13631=CARTESIAN_POINT('',(4.977465324380E0,1.744758638662E0,5.433473670464E0));
#13632=CARTESIAN_POINT('',(5.151526331730E0,1.632273235100E0,5.607534678977E0));
#13633=CARTESIAN_POINT('',(5.397564304182E0,1.473273347392E0,5.599802624146E0));
#13634=CARTESIAN_POINT('',(4.985197375854E0,1.420000005115E0,5.187435696369E0));
#13635=CARTESIAN_POINT('',(4.977465321023E0,1.420000005195E0,5.433473670464E0));
#13636=CARTESIAN_POINT('',(5.151526329536E0,1.420000003396E0,5.607534678977E0));
#13637=CARTESIAN_POINT('',(5.397564303631E0,1.420000000852E0,5.599802624146E0));
#13638=CARTESIAN_POINT('',(4.985197372548E0,1.100238144340E0,5.187435696369E0));
#13639=CARTESIAN_POINT('',(4.977465317666E0,1.095241371728E0,5.433473670464E0));
#13640=CARTESIAN_POINT('',(5.151526327341E0,1.207726771692E0,5.607534678977E0));
#13641=CARTESIAN_POINT('',(5.397564303081E0,1.366726654312E0,5.599802624146E0));
#13642=CARTESIAN_POINT('',(5.225123749701E0,8.888546512471E-1,
5.187435696369E0));
#13643=CARTESIAN_POINT('',(5.221140914837E0,8.805546852421E-1,
5.433473670464E0));
#13644=CARTESIAN_POINT('',(5.310800942913E0,1.067400289043E0,5.607534678977E0));
#13645=CARTESIAN_POINT('',(5.437536803251E0,1.331509489722E0,5.599802624146E0));
#13646=CARTESIAN_POINT('',(5.542337788288E0,9.291399007728E-1,
5.187435696369E0));
#13647=CARTESIAN_POINT('',(5.543311912461E0,9.214694539800E-1,
5.433473670464E0));
#13648=CARTESIAN_POINT('',(5.521382808272E0,1.094143566324E0,5.607534678977E0));
#13649=CARTESIAN_POINT('',(5.490385674483E0,1.338221140866E0,5.599802624146E0));
#13650=(BOUNDED_SURFACE()B_SPLINE_SURFACE(3,3,((#13622,#13623,#13624,#13625),(
#13626,#13627,#13628,#13629),(#13630,#13631,#13632,#13633),(#13634,#13635,
#13636,#13637),(#13638,#13639,#13640,#13641),(#13642,#13643,#13644,#13645),(
#13646,#13647,#13648,#13649)),.UNSPECIFIED.,.F.,.F.,.F.)B_SPLINE_SURFACE_WITH_KNOTS((4,3,4),(4,4),(0.E0,1.E0,2.E0),(0.E0,1.E0),.UNSPECIFIED.)GEOMETRIC_REPRESENTATION_ITEM()RATIONAL_B_SPLINE_SURFACE(((1.429519582837E0,1.128888856479E0,
1.128888856479E0,1.429519582837E0),(1.106510449046E0,8.738091667319E-1,
8.738091667319E-1,1.106510449046E0),(1.106510449046E0,8.738091667319E-1,
8.738091667319E-1,1.106510449046E0),(1.429519582837E0,1.128888856479E0,
1.128888856479E0,1.429519582837E0),(1.106510449046E0,8.738091667319E-1,
8.738091667319E-1,1.106510449046E0),(1.106510449046E0,8.738091667319E-1,
8.738091667319E-1,1.106510449046E0),(1.429519582837E0,1.128888856479E0,
1.128888856479E0,1.429519582837E0)))REPRESENTATION_ITEM('')SURFACE());
#13651=ORIENTED_EDGE('4479',*,*,#13563,.T.);
#13652=ORIENTED_EDGE('4483',*,*,#13617,.T.);
#13654=ORIENTED_EDGE('4480',*,*,#13653,.F.);
#13655=ORIENTED_EDGE('4484',*,*,#13613,.F.);
#13656=EDGE_LOOP('3790',(#13651,#13652,#13654,#13655));
#13657=FACE_OUTER_BOUND('3790',#13656,.F.);
#13658=ADVANCED_FACE('3790',(#13657),#13650,.T.);
#13659=CARTESIAN_POINT('',(5.48E0,1.42E0,5.6E0));
#13660=DIRECTION('',(0.E0,0.E0,1.E0));
#13661=DIRECTION('',(0.E0,-1.E0,0.E0));
#13662=AXIS2_PLACEMENT_3D('',#13659,#13660,#13661);
#13663=PLANE('3783',#13662);
#13664=ORIENTED_EDGE('4480',*,*,#13653,.T.);
#13665=ORIENTED_EDGE('4482',*,*,#13615,.T.);
#13666=EDGE_LOOP('3783',(#13664,#13665));
#13667=FACE_OUTER_BOUND('3783',#13666,.F.);
#13668=ADVANCED_FACE('3783',(#13667),#13663,.T.);
#13669=CARTESIAN_POINT('',(-4.11E0,-1.42E0,-1.1515E1));
#13670=DIRECTION('',(0.E0,0.E0,1.E0));
#13671=DIRECTION('',(0.E0,-1.E0,0.E0));
#13672=AXIS2_PLACEMENT_3D('',#13669,#13670,#13671);
#13673=CYLINDRICAL_SURFACE('3794',#13672,4.95E-1);
#13674=ORIENTED_EDGE('4505',*,*,#6222,.F.);
#13676=ORIENTED_EDGE('4511',*,*,#13675,.F.);
#13678=ORIENTED_EDGE('4499',*,*,#13677,.F.);
#13680=ORIENTED_EDGE('4512',*,*,#13679,.T.);
#13681=EDGE_LOOP('3794',(#13674,#13676,#13678,#13680));
#13682=FACE_OUTER_BOUND('3794',#13681,.F.);
#13683=ADVANCED_FACE('3794',(#13682),#13673,.T.);
#13684=CARTESIAN_POINT('',(-4.11E0,-1.42E0,-1.1515E1));
#13685=DIRECTION('',(0.E0,0.E0,1.E0));
#13686=DIRECTION('',(0.E0,-1.E0,0.E0));
#13687=AXIS2_PLACEMENT_3D('',#13684,#13685,#13686);
#13688=CYLINDRICAL_SURFACE('3796',#13687,4.95E-1);
#13689=ORIENTED_EDGE('4506',*,*,#6224,.F.);
#13690=ORIENTED_EDGE('4512',*,*,#13679,.F.);
#13692=ORIENTED_EDGE('4501',*,*,#13691,.F.);
#13693=ORIENTED_EDGE('4511',*,*,#13675,.T.);
#13694=EDGE_LOOP('3796',(#13689,#13690,#13692,#13693));
#13695=FACE_OUTER_BOUND('3796',#13694,.F.);
#13696=ADVANCED_FACE('3796',(#13695),#13688,.T.);
#13697=CARTESIAN_POINT('',(-4.172337798437E0,-1.910860097938E0,
5.187435696369E0));
#13698=CARTESIAN_POINT('',(-4.173311922769E0,-1.918530544711E0,
5.433473670464E0));
#13699=CARTESIAN_POINT('',(-4.151382815010E0,-1.745856432820E0,
5.607534678977E0));
#13700=CARTESIAN_POINT('',(-4.120385676174E0,-1.501778858920E0,
5.599802624146E0));
#13701=CARTESIAN_POINT('',(-3.855123760683E0,-1.951145354023E0,
5.187435696369E0));
#13702=CARTESIAN_POINT('',(-3.851140925990E0,-1.959445320110E0,
5.433473670464E0));
#13703=CARTESIAN_POINT('',(-3.940800950203E0,-1.772599714456E0,
5.607534678977E0));
#13704=CARTESIAN_POINT('',(-4.067536805080E0,-1.508490511156E0,
5.599802624146E0));
#13705=CARTESIAN_POINT('',(-3.615197379159E0,-1.739761865890E0,
5.187435696369E0));
#13706=CARTESIAN_POINT('',(-3.607465324380E0,-1.744758638662E0,
5.433473670464E0));
#13707=CARTESIAN_POINT('',(-3.781526331730E0,-1.632273235100E0,
5.607534678977E0));
#13708=CARTESIAN_POINT('',(-4.027564304182E0,-1.473273347392E0,
5.599802624146E0));
#13709=CARTESIAN_POINT('',(-3.615197375854E0,-1.420000005115E0,
5.187435696369E0));
#13710=CARTESIAN_POINT('',(-3.607465321023E0,-1.420000005195E0,
5.433473670464E0));
#13711=CARTESIAN_POINT('',(-3.781526329536E0,-1.420000003396E0,
5.607534678977E0));
#13712=CARTESIAN_POINT('',(-4.027564303631E0,-1.420000000852E0,
5.599802624146E0));
#13713=CARTESIAN_POINT('',(-3.615197372548E0,-1.100238144340E0,
5.187435696369E0));
#13714=CARTESIAN_POINT('',(-3.607465317666E0,-1.095241371728E0,
5.433473670464E0));
#13715=CARTESIAN_POINT('',(-3.781526327341E0,-1.207726771692E0,
5.607534678977E0));
#13716=CARTESIAN_POINT('',(-4.027564303081E0,-1.366726654312E0,
5.599802624146E0));
#13717=CARTESIAN_POINT('',(-3.855123749701E0,-8.888546512471E-1,
5.187435696369E0));
#13718=CARTESIAN_POINT('',(-3.851140914837E0,-8.805546852421E-1,
5.433473670464E0));
#13719=CARTESIAN_POINT('',(-3.940800942913E0,-1.067400289043E0,
5.607534678977E0));
#13720=CARTESIAN_POINT('',(-4.067536803251E0,-1.331509489722E0,
5.599802624146E0));
#13721=CARTESIAN_POINT('',(-4.172337788288E0,-9.291399007728E-1,
5.187435696369E0));
#13722=CARTESIAN_POINT('',(-4.173311912461E0,-9.214694539800E-1,
5.433473670464E0));
#13723=CARTESIAN_POINT('',(-4.151382808272E0,-1.094143566324E0,
5.607534678977E0));
#13724=CARTESIAN_POINT('',(-4.120385674483E0,-1.338221140866E0,
5.599802624146E0));
#13725=(BOUNDED_SURFACE()B_SPLINE_SURFACE(3,3,((#13697,#13698,#13699,#13700),(
#13701,#13702,#13703,#13704),(#13705,#13706,#13707,#13708),(#13709,#13710,
#13711,#13712),(#13713,#13714,#13715,#13716),(#13717,#13718,#13719,#13720),(
#13721,#13722,#13723,#13724)),.UNSPECIFIED.,.F.,.F.,.F.)B_SPLINE_SURFACE_WITH_KNOTS((4,3,4),(4,4),(0.E0,1.E0,2.E0),(0.E0,1.E0),.UNSPECIFIED.)GEOMETRIC_REPRESENTATION_ITEM()RATIONAL_B_SPLINE_SURFACE(((1.429519582837E0,1.128888856479E0,
1.128888856479E0,1.429519582837E0),(1.106510449046E0,8.738091667319E-1,
8.738091667319E-1,1.106510449046E0),(1.106510449046E0,8.738091667319E-1,
8.738091667319E-1,1.106510449046E0),(1.429519582837E0,1.128888856479E0,
1.128888856479E0,1.429519582837E0),(1.106510449046E0,8.738091667319E-1,
8.738091667319E-1,1.106510449046E0),(1.106510449046E0,8.738091667319E-1,
8.738091667319E-1,1.106510449046E0),(1.429519582837E0,1.128888856479E0,
1.128888856479E0,1.429519582837E0)))REPRESENTATION_ITEM('')SURFACE());
#13726=ORIENTED_EDGE('4501',*,*,#13691,.T.);
#13728=ORIENTED_EDGE('4504',*,*,#13727,.T.);
#13730=ORIENTED_EDGE('4502',*,*,#13729,.F.);
#13732=ORIENTED_EDGE('4503',*,*,#13731,.F.);
#13733=EDGE_LOOP('3799',(#13726,#13728,#13730,#13732));
#13734=FACE_OUTER_BOUND('3799',#13733,.F.);
#13735=ADVANCED_FACE('3799',(#13734),#13725,.T.);
#13736=CARTESIAN_POINT('',(-4.047662201563E0,-9.291399020616E-1,
5.187435696369E0));
#13737=CARTESIAN_POINT('',(-4.046688077231E0,-9.214694552890E-1,
5.433473670464E0));
#13738=CARTESIAN_POINT('',(-4.068617184990E0,-1.094143567180E0,
5.607534678977E0));
#13739=CARTESIAN_POINT('',(-4.099614323826E0,-1.338221141080E0,
5.599802624146E0));
#13740=CARTESIAN_POINT('',(-4.364876239317E0,-8.888546459774E-1,
5.187435696369E0));
#13741=CARTESIAN_POINT('',(-4.368859074010E0,-8.805546798900E-1,
5.433473670464E0));
#13742=CARTESIAN_POINT('',(-4.279199049797E0,-1.067400285544E0,
5.607534678977E0));
#13743=CARTESIAN_POINT('',(-4.152463194920E0,-1.331509488844E0,
5.599802624146E0));
#13744=CARTESIAN_POINT('',(-4.604802620841E0,-1.100238134110E0,
5.187435696369E0));
#13745=CARTESIAN_POINT('',(-4.612534675620E0,-1.095241361338E0,
5.433473670464E0));
#13746=CARTESIAN_POINT('',(-4.438473668270E0,-1.207726764900E0,
5.607534678977E0));
#13747=CARTESIAN_POINT('',(-4.192435695818E0,-1.366726652608E0,
5.599802624146E0));
#13748=CARTESIAN_POINT('',(-4.604802624146E0,-1.419999994885E0,
5.187435696369E0));
#13749=CARTESIAN_POINT('',(-4.612534678977E0,-1.419999994805E0,
5.433473670464E0));
#13750=CARTESIAN_POINT('',(-4.438473670464E0,-1.419999996604E0,
5.607534678977E0));
#13751=CARTESIAN_POINT('',(-4.192435696369E0,-1.419999999148E0,
5.599802624146E0));
#13752=CARTESIAN_POINT('',(-4.604802627452E0,-1.739761855660E0,
5.187435696369E0));
#13753=CARTESIAN_POINT('',(-4.612534682334E0,-1.744758628272E0,
5.433473670464E0));
#13754=CARTESIAN_POINT('',(-4.438473672659E0,-1.632273228308E0,
5.607534678977E0));
#13755=CARTESIAN_POINT('',(-4.192435696919E0,-1.473273345688E0,
5.599802624146E0));
#13756=CARTESIAN_POINT('',(-4.364876250299E0,-1.951145348753E0,
5.187435696369E0));
#13757=CARTESIAN_POINT('',(-4.368859085163E0,-1.959445314758E0,
5.433473670464E0));
#13758=CARTESIAN_POINT('',(-4.279199057087E0,-1.772599710957E0,
5.607534678977E0));
#13759=CARTESIAN_POINT('',(-4.152463196749E0,-1.508490510278E0,
5.599802624146E0));
#13760=CARTESIAN_POINT('',(-4.047662211712E0,-1.910860099227E0,
5.187435696369E0));
#13761=CARTESIAN_POINT('',(-4.046688087539E0,-1.918530546020E0,
5.433473670464E0));
#13762=CARTESIAN_POINT('',(-4.068617191728E0,-1.745856433676E0,
5.607534678977E0));
#13763=CARTESIAN_POINT('',(-4.099614325517E0,-1.501778859134E0,
5.599802624146E0));
#13764=(BOUNDED_SURFACE()B_SPLINE_SURFACE(3,3,((#13736,#13737,#13738,#13739),(
#13740,#13741,#13742,#13743),(#13744,#13745,#13746,#13747),(#13748,#13749,
#13750,#13751),(#13752,#13753,#13754,#13755),(#13756,#13757,#13758,#13759),(
#13760,#13761,#13762,#13763)),.UNSPECIFIED.,.F.,.F.,.F.)B_SPLINE_SURFACE_WITH_KNOTS((4,3,4),(4,4),(0.E0,1.E0,2.E0),(0.E0,1.E0),.UNSPECIFIED.)GEOMETRIC_REPRESENTATION_ITEM()RATIONAL_B_SPLINE_SURFACE(((1.429519582837E0,1.128888856479E0,
1.128888856479E0,1.429519582837E0),(1.106510449046E0,8.738091667319E-1,
8.738091667319E-1,1.106510449046E0),(1.106510449046E0,8.738091667319E-1,
8.738091667319E-1,1.106510449046E0),(1.429519582837E0,1.128888856479E0,
1.128888856479E0,1.429519582837E0),(1.106510449046E0,8.738091667319E-1,
8.738091667319E-1,1.106510449046E0),(1.106510449046E0,8.738091667319E-1,
8.738091667319E-1,1.106510449046E0),(1.429519582837E0,1.128888856479E0,
1.128888856479E0,1.429519582837E0)))REPRESENTATION_ITEM('')SURFACE());
#13765=ORIENTED_EDGE('4499',*,*,#13677,.T.);
#13766=ORIENTED_EDGE('4503',*,*,#13731,.T.);
#13768=ORIENTED_EDGE('4500',*,*,#13767,.F.);
#13769=ORIENTED_EDGE('4504',*,*,#13727,.F.);
#13770=EDGE_LOOP('3800',(#13765,#13766,#13768,#13769));
#13771=FACE_OUTER_BOUND('3800',#13770,.F.);
#13772=ADVANCED_FACE('3800',(#13771),#13764,.T.);
#13773=CARTESIAN_POINT('',(-4.11E0,-1.42E0,5.6E0));
#13774=DIRECTION('',(0.E0,0.E0,1.E0));
#13775=DIRECTION('',(0.E0,-1.E0,0.E0));
#13776=AXIS2_PLACEMENT_3D('',#13773,#13774,#13775);
#13777=PLANE('3793',#13776);
#13778=ORIENTED_EDGE('4500',*,*,#13767,.T.);
#13779=ORIENTED_EDGE('4502',*,*,#13729,.T.);
#13780=EDGE_LOOP('3793',(#13778,#13779));
#13781=FACE_OUTER_BOUND('3793',#13780,.F.);
#13782=ADVANCED_FACE('3793',(#13781),#13777,.T.);
#13783=CARTESIAN_POINT('',(-1.37E0,-1.42E0,-1.1515E1));
#13784=DIRECTION('',(0.E0,0.E0,1.E0));
#13785=DIRECTION('',(0.E0,-1.E0,0.E0));
#13786=AXIS2_PLACEMENT_3D('',#13783,#13784,#13785);
#13787=CYLINDRICAL_SURFACE('3804',#13786,4.95E-1);
#13788=ORIENTED_EDGE('4525',*,*,#6228,.F.);
#13790=ORIENTED_EDGE('4531',*,*,#13789,.F.);
#13792=ORIENTED_EDGE('4519',*,*,#13791,.F.);
#13794=ORIENTED_EDGE('4532',*,*,#13793,.T.);
#13795=EDGE_LOOP('3804',(#13788,#13790,#13792,#13794));
#13796=FACE_OUTER_BOUND('3804',#13795,.F.);
#13797=ADVANCED_FACE('3804',(#13796),#13787,.T.);
#13798=CARTESIAN_POINT('',(-1.37E0,-1.42E0,-1.1515E1));
#13799=DIRECTION('',(0.E0,0.E0,1.E0));
#13800=DIRECTION('',(0.E0,-1.E0,0.E0));
#13801=AXIS2_PLACEMENT_3D('',#13798,#13799,#13800);
#13802=CYLINDRICAL_SURFACE('3806',#13801,4.95E-1);
#13803=ORIENTED_EDGE('4526',*,*,#6230,.F.);
#13804=ORIENTED_EDGE('4532',*,*,#13793,.F.);
#13806=ORIENTED_EDGE('4521',*,*,#13805,.F.);
#13807=ORIENTED_EDGE('4531',*,*,#13789,.T.);
#13808=EDGE_LOOP('3806',(#13803,#13804,#13806,#13807));
#13809=FACE_OUTER_BOUND('3806',#13808,.F.);
#13810=ADVANCED_FACE('3806',(#13809),#13802,.T.);
#13811=CARTESIAN_POINT('',(-1.432337798437E0,-1.910860097938E0,
5.187435696369E0));
#13812=CARTESIAN_POINT('',(-1.433311922769E0,-1.918530544711E0,
5.433473670464E0));
#13813=CARTESIAN_POINT('',(-1.411382815010E0,-1.745856432820E0,
5.607534678977E0));
#13814=CARTESIAN_POINT('',(-1.380385676174E0,-1.501778858920E0,
5.599802624146E0));
#13815=CARTESIAN_POINT('',(-1.115123760683E0,-1.951145354023E0,
5.187435696369E0));
#13816=CARTESIAN_POINT('',(-1.111140925990E0,-1.959445320110E0,
5.433473670464E0));
#13817=CARTESIAN_POINT('',(-1.200800950203E0,-1.772599714456E0,
5.607534678977E0));
#13818=CARTESIAN_POINT('',(-1.327536805080E0,-1.508490511156E0,
5.599802624146E0));
#13819=CARTESIAN_POINT('',(-8.751973791594E-1,-1.739761865890E0,
5.187435696369E0));
#13820=CARTESIAN_POINT('',(-8.674653243803E-1,-1.744758638662E0,
5.433473670464E0));
#13821=CARTESIAN_POINT('',(-1.041526331730E0,-1.632273235100E0,
5.607534678977E0));
#13822=CARTESIAN_POINT('',(-1.287564304182E0,-1.473273347392E0,
5.599802624146E0));
#13823=CARTESIAN_POINT('',(-8.751973758537E-1,-1.420000005115E0,
5.187435696369E0));
#13824=CARTESIAN_POINT('',(-8.674653210230E-1,-1.420000005195E0,
5.433473670464E0));
#13825=CARTESIAN_POINT('',(-1.041526329536E0,-1.420000003396E0,
5.607534678977E0));
#13826=CARTESIAN_POINT('',(-1.287564303631E0,-1.420000000852E0,
5.599802624146E0));
#13827=CARTESIAN_POINT('',(-8.751973725480E-1,-1.100238144340E0,
5.187435696369E0));
#13828=CARTESIAN_POINT('',(-8.674653176657E-1,-1.095241371728E0,
5.433473670464E0));
#13829=CARTESIAN_POINT('',(-1.041526327341E0,-1.207726771692E0,
5.607534678977E0));
#13830=CARTESIAN_POINT('',(-1.287564303081E0,-1.366726654312E0,
5.599802624146E0));
#13831=CARTESIAN_POINT('',(-1.115123749701E0,-8.888546512471E-1,
5.187435696369E0));
#13832=CARTESIAN_POINT('',(-1.111140914837E0,-8.805546852421E-1,
5.433473670464E0));
#13833=CARTESIAN_POINT('',(-1.200800942913E0,-1.067400289043E0,
5.607534678977E0));
#13834=CARTESIAN_POINT('',(-1.327536803251E0,-1.331509489722E0,
5.599802624146E0));
#13835=CARTESIAN_POINT('',(-1.432337788288E0,-9.291399007728E-1,
5.187435696369E0));
#13836=CARTESIAN_POINT('',(-1.433311912461E0,-9.214694539800E-1,
5.433473670464E0));
#13837=CARTESIAN_POINT('',(-1.411382808272E0,-1.094143566324E0,
5.607534678977E0));
#13838=CARTESIAN_POINT('',(-1.380385674483E0,-1.338221140866E0,
5.599802624146E0));
#13839=(BOUNDED_SURFACE()B_SPLINE_SURFACE(3,3,((#13811,#13812,#13813,#13814),(
#13815,#13816,#13817,#13818),(#13819,#13820,#13821,#13822),(#13823,#13824,
#13825,#13826),(#13827,#13828,#13829,#13830),(#13831,#13832,#13833,#13834),(
#13835,#13836,#13837,#13838)),.UNSPECIFIED.,.F.,.F.,.F.)B_SPLINE_SURFACE_WITH_KNOTS((4,3,4),(4,4),(0.E0,1.E0,2.E0),(0.E0,1.E0),.UNSPECIFIED.)GEOMETRIC_REPRESENTATION_ITEM()RATIONAL_B_SPLINE_SURFACE(((1.429519582837E0,1.128888856479E0,
1.128888856479E0,1.429519582837E0),(1.106510449046E0,8.738091667319E-1,
8.738091667319E-1,1.106510449046E0),(1.106510449046E0,8.738091667319E-1,
8.738091667319E-1,1.106510449046E0),(1.429519582837E0,1.128888856479E0,
1.128888856479E0,1.429519582837E0),(1.106510449046E0,8.738091667319E-1,
8.738091667319E-1,1.106510449046E0),(1.106510449046E0,8.738091667319E-1,
8.738091667319E-1,1.106510449046E0),(1.429519582837E0,1.128888856479E0,
1.128888856479E0,1.429519582837E0)))REPRESENTATION_ITEM('')SURFACE());
#13840=ORIENTED_EDGE('4521',*,*,#13805,.T.);
#13842=ORIENTED_EDGE('4524',*,*,#13841,.T.);
#13844=ORIENTED_EDGE('4522',*,*,#13843,.F.);
#13846=ORIENTED_EDGE('4523',*,*,#13845,.F.);
#13847=EDGE_LOOP('3809',(#13840,#13842,#13844,#13846));
#13848=FACE_OUTER_BOUND('3809',#13847,.F.);
#13849=ADVANCED_FACE('3809',(#13848),#13839,.T.);
#13850=CARTESIAN_POINT('',(-1.307662201563E0,-9.291399020616E-1,
5.187435696369E0));
#13851=CARTESIAN_POINT('',(-1.306688077231E0,-9.214694552890E-1,
5.433473670464E0));
#13852=CARTESIAN_POINT('',(-1.328617184990E0,-1.094143567180E0,
5.607534678977E0));
#13853=CARTESIAN_POINT('',(-1.359614323826E0,-1.338221141080E0,
5.599802624146E0));
#13854=CARTESIAN_POINT('',(-1.624876239317E0,-8.888546459774E-1,
5.187435696369E0));
#13855=CARTESIAN_POINT('',(-1.628859074010E0,-8.805546798900E-1,
5.433473670464E0));
#13856=CARTESIAN_POINT('',(-1.539199049797E0,-1.067400285544E0,
5.607534678977E0));
#13857=CARTESIAN_POINT('',(-1.412463194920E0,-1.331509488844E0,
5.599802624146E0));
#13858=CARTESIAN_POINT('',(-1.864802620841E0,-1.100238134110E0,
5.187435696369E0));
#13859=CARTESIAN_POINT('',(-1.872534675620E0,-1.095241361338E0,
5.433473670464E0));
#13860=CARTESIAN_POINT('',(-1.698473668270E0,-1.207726764900E0,
5.607534678977E0));
#13861=CARTESIAN_POINT('',(-1.452435695818E0,-1.366726652608E0,
5.599802624146E0));
#13862=CARTESIAN_POINT('',(-1.864802624146E0,-1.419999994885E0,
5.187435696369E0));
#13863=CARTESIAN_POINT('',(-1.872534678977E0,-1.419999994805E0,
5.433473670464E0));
#13864=CARTESIAN_POINT('',(-1.698473670464E0,-1.419999996604E0,
5.607534678977E0));
#13865=CARTESIAN_POINT('',(-1.452435696369E0,-1.419999999148E0,
5.599802624146E0));
#13866=CARTESIAN_POINT('',(-1.864802627452E0,-1.739761855660E0,
5.187435696369E0));
#13867=CARTESIAN_POINT('',(-1.872534682334E0,-1.744758628272E0,
5.433473670464E0));
#13868=CARTESIAN_POINT('',(-1.698473672659E0,-1.632273228308E0,
5.607534678977E0));
#13869=CARTESIAN_POINT('',(-1.452435696919E0,-1.473273345688E0,
5.599802624146E0));
#13870=CARTESIAN_POINT('',(-1.624876250299E0,-1.951145348753E0,
5.187435696369E0));
#13871=CARTESIAN_POINT('',(-1.628859085163E0,-1.959445314758E0,
5.433473670464E0));
#13872=CARTESIAN_POINT('',(-1.539199057087E0,-1.772599710957E0,
5.607534678977E0));
#13873=CARTESIAN_POINT('',(-1.412463196749E0,-1.508490510278E0,
5.599802624146E0));
#13874=CARTESIAN_POINT('',(-1.307662211712E0,-1.910860099227E0,
5.187435696369E0));
#13875=CARTESIAN_POINT('',(-1.306688087539E0,-1.918530546020E0,
5.433473670464E0));
#13876=CARTESIAN_POINT('',(-1.328617191728E0,-1.745856433676E0,
5.607534678977E0));
#13877=CARTESIAN_POINT('',(-1.359614325517E0,-1.501778859134E0,
5.599802624146E0));
#13878=(BOUNDED_SURFACE()B_SPLINE_SURFACE(3,3,((#13850,#13851,#13852,#13853),(
#13854,#13855,#13856,#13857),(#13858,#13859,#13860,#13861),(#13862,#13863,
#13864,#13865),(#13866,#13867,#13868,#13869),(#13870,#13871,#13872,#13873),(
#13874,#13875,#13876,#13877)),.UNSPECIFIED.,.F.,.F.,.F.)B_SPLINE_SURFACE_WITH_KNOTS((4,3,4),(4,4),(0.E0,1.E0,2.E0),(0.E0,1.E0),.UNSPECIFIED.)GEOMETRIC_REPRESENTATION_ITEM()RATIONAL_B_SPLINE_SURFACE(((1.429519582837E0,1.128888856479E0,
1.128888856479E0,1.429519582837E0),(1.106510449046E0,8.738091667319E-1,
8.738091667319E-1,1.106510449046E0),(1.106510449046E0,8.738091667319E-1,
8.738091667319E-1,1.106510449046E0),(1.429519582837E0,1.128888856479E0,
1.128888856479E0,1.429519582837E0),(1.106510449046E0,8.738091667319E-1,
8.738091667319E-1,1.106510449046E0),(1.106510449046E0,8.738091667319E-1,
8.738091667319E-1,1.106510449046E0),(1.429519582837E0,1.128888856479E0,
1.128888856479E0,1.429519582837E0)))REPRESENTATION_ITEM('')SURFACE());
#13879=ORIENTED_EDGE('4519',*,*,#13791,.T.);
#13880=ORIENTED_EDGE('4523',*,*,#13845,.T.);
#13882=ORIENTED_EDGE('4520',*,*,#13881,.F.);
#13883=ORIENTED_EDGE('4524',*,*,#13841,.F.);
#13884=EDGE_LOOP('3810',(#13879,#13880,#13882,#13883));
#13885=FACE_OUTER_BOUND('3810',#13884,.F.);
#13886=ADVANCED_FACE('3810',(#13885),#13878,.T.);
#13887=CARTESIAN_POINT('',(-1.37E0,-1.42E0,5.6E0));
#13888=DIRECTION('',(0.E0,0.E0,1.E0));
#13889=DIRECTION('',(0.E0,-1.E0,0.E0));
#13890=AXIS2_PLACEMENT_3D('',#13887,#13888,#13889);
#13891=PLANE('3803',#13890);
#13892=ORIENTED_EDGE('4520',*,*,#13881,.T.);
#13893=ORIENTED_EDGE('4522',*,*,#13843,.T.);
#13894=EDGE_LOOP('3803',(#13892,#13893));
#13895=FACE_OUTER_BOUND('3803',#13894,.F.);
#13896=ADVANCED_FACE('3803',(#13895),#13891,.T.);
#13897=CARTESIAN_POINT('',(1.37E0,-1.42E0,-1.1515E1));
#13898=DIRECTION('',(0.E0,0.E0,1.E0));
#13899=DIRECTION('',(0.E0,-1.E0,0.E0));
#13900=AXIS2_PLACEMENT_3D('',#13897,#13898,#13899);
#13901=CYLINDRICAL_SURFACE('3814',#13900,4.95E-1);
#13902=ORIENTED_EDGE('4545',*,*,#6234,.F.);
#13904=ORIENTED_EDGE('4551',*,*,#13903,.F.);
#13906=ORIENTED_EDGE('4539',*,*,#13905,.F.);
#13908=ORIENTED_EDGE('4552',*,*,#13907,.T.);
#13909=EDGE_LOOP('3814',(#13902,#13904,#13906,#13908));
#13910=FACE_OUTER_BOUND('3814',#13909,.F.);
#13911=ADVANCED_FACE('3814',(#13910),#13901,.T.);
#13912=CARTESIAN_POINT('',(1.37E0,-1.42E0,-1.1515E1));
#13913=DIRECTION('',(0.E0,0.E0,1.E0));
#13914=DIRECTION('',(0.E0,-1.E0,0.E0));
#13915=AXIS2_PLACEMENT_3D('',#13912,#13913,#13914);
#13916=CYLINDRICAL_SURFACE('3816',#13915,4.95E-1);
#13917=ORIENTED_EDGE('4546',*,*,#6236,.F.);
#13918=ORIENTED_EDGE('4552',*,*,#13907,.F.);
#13920=ORIENTED_EDGE('4541',*,*,#13919,.F.);
#13921=ORIENTED_EDGE('4551',*,*,#13903,.T.);
#13922=EDGE_LOOP('3816',(#13917,#13918,#13920,#13921));
#13923=FACE_OUTER_BOUND('3816',#13922,.F.);
#13924=ADVANCED_FACE('3816',(#13923),#13916,.T.);
#13925=CARTESIAN_POINT('',(1.307662201563E0,-1.910860097938E0,
5.187435696369E0));
#13926=CARTESIAN_POINT('',(1.306688077231E0,-1.918530544711E0,
5.433473670464E0));
#13927=CARTESIAN_POINT('',(1.328617184990E0,-1.745856432820E0,
5.607534678977E0));
#13928=CARTESIAN_POINT('',(1.359614323826E0,-1.501778858920E0,
5.599802624146E0));
#13929=CARTESIAN_POINT('',(1.624876239317E0,-1.951145354023E0,
5.187435696369E0));
#13930=CARTESIAN_POINT('',(1.628859074010E0,-1.959445320110E0,
5.433473670464E0));
#13931=CARTESIAN_POINT('',(1.539199049797E0,-1.772599714456E0,
5.607534678977E0));
#13932=CARTESIAN_POINT('',(1.412463194920E0,-1.508490511156E0,
5.599802624146E0));
#13933=CARTESIAN_POINT('',(1.864802620841E0,-1.739761865890E0,
5.187435696369E0));
#13934=CARTESIAN_POINT('',(1.872534675620E0,-1.744758638662E0,
5.433473670464E0));
#13935=CARTESIAN_POINT('',(1.698473668270E0,-1.632273235100E0,
5.607534678977E0));
#13936=CARTESIAN_POINT('',(1.452435695818E0,-1.473273347392E0,
5.599802624146E0));
#13937=CARTESIAN_POINT('',(1.864802624146E0,-1.420000005115E0,
5.187435696369E0));
#13938=CARTESIAN_POINT('',(1.872534678977E0,-1.420000005195E0,
5.433473670464E0));
#13939=CARTESIAN_POINT('',(1.698473670464E0,-1.420000003396E0,
5.607534678977E0));
#13940=CARTESIAN_POINT('',(1.452435696369E0,-1.420000000852E0,
5.599802624146E0));
#13941=CARTESIAN_POINT('',(1.864802627452E0,-1.100238144340E0,
5.187435696369E0));
#13942=CARTESIAN_POINT('',(1.872534682334E0,-1.095241371728E0,
5.433473670464E0));
#13943=CARTESIAN_POINT('',(1.698473672659E0,-1.207726771692E0,
5.607534678977E0));
#13944=CARTESIAN_POINT('',(1.452435696919E0,-1.366726654312E0,
5.599802624146E0));
#13945=CARTESIAN_POINT('',(1.624876250299E0,-8.888546512471E-1,
5.187435696369E0));
#13946=CARTESIAN_POINT('',(1.628859085163E0,-8.805546852421E-1,
5.433473670464E0));
#13947=CARTESIAN_POINT('',(1.539199057087E0,-1.067400289043E0,
5.607534678977E0));
#13948=CARTESIAN_POINT('',(1.412463196749E0,-1.331509489722E0,
5.599802624146E0));
#13949=CARTESIAN_POINT('',(1.307662211712E0,-9.291399007728E-1,
5.187435696369E0));
#13950=CARTESIAN_POINT('',(1.306688087539E0,-9.214694539800E-1,
5.433473670464E0));
#13951=CARTESIAN_POINT('',(1.328617191728E0,-1.094143566324E0,
5.607534678977E0));
#13952=CARTESIAN_POINT('',(1.359614325517E0,-1.338221140866E0,
5.599802624146E0));
#13953=(BOUNDED_SURFACE()B_SPLINE_SURFACE(3,3,((#13925,#13926,#13927,#13928),(
#13929,#13930,#13931,#13932),(#13933,#13934,#13935,#13936),(#13937,#13938,
#13939,#13940),(#13941,#13942,#13943,#13944),(#13945,#13946,#13947,#13948),(
#13949,#13950,#13951,#13952)),.UNSPECIFIED.,.F.,.F.,.F.)B_SPLINE_SURFACE_WITH_KNOTS((4,3,4),(4,4),(0.E0,1.E0,2.E0),(0.E0,1.E0),.UNSPECIFIED.)GEOMETRIC_REPRESENTATION_ITEM()RATIONAL_B_SPLINE_SURFACE(((1.429519582837E0,1.128888856479E0,
1.128888856479E0,1.429519582837E0),(1.106510449046E0,8.738091667319E-1,
8.738091667319E-1,1.106510449046E0),(1.106510449046E0,8.738091667319E-1,
8.738091667319E-1,1.106510449046E0),(1.429519582837E0,1.128888856479E0,
1.128888856479E0,1.429519582837E0),(1.106510449046E0,8.738091667319E-1,
8.738091667319E-1,1.106510449046E0),(1.106510449046E0,8.738091667319E-1,
8.738091667319E-1,1.106510449046E0),(1.429519582837E0,1.128888856479E0,
1.128888856479E0,1.429519582837E0)))REPRESENTATION_ITEM('')SURFACE());
#13954=ORIENTED_EDGE('4541',*,*,#13919,.T.);
#13956=ORIENTED_EDGE('4544',*,*,#13955,.T.);
#13958=ORIENTED_EDGE('4542',*,*,#13957,.F.);
#13960=ORIENTED_EDGE('4543',*,*,#13959,.F.);
#13961=EDGE_LOOP('3819',(#13954,#13956,#13958,#13960));
#13962=FACE_OUTER_BOUND('3819',#13961,.F.);
#13963=ADVANCED_FACE('3819',(#13962),#13953,.T.);
#13964=CARTESIAN_POINT('',(1.432337798437E0,-9.291399020616E-1,
5.187435696369E0));
#13965=CARTESIAN_POINT('',(1.433311922769E0,-9.214694552890E-1,
5.433473670464E0));
#13966=CARTESIAN_POINT('',(1.411382815010E0,-1.094143567180E0,
5.607534678977E0));
#13967=CARTESIAN_POINT('',(1.380385676174E0,-1.338221141080E0,
5.599802624146E0));
#13968=CARTESIAN_POINT('',(1.115123760683E0,-8.888546459774E-1,
5.187435696369E0));
#13969=CARTESIAN_POINT('',(1.111140925990E0,-8.805546798900E-1,
5.433473670464E0));
#13970=CARTESIAN_POINT('',(1.200800950203E0,-1.067400285544E0,
5.607534678977E0));
#13971=CARTESIAN_POINT('',(1.327536805080E0,-1.331509488844E0,
5.599802624146E0));
#13972=CARTESIAN_POINT('',(8.751973791594E-1,-1.100238134110E0,
5.187435696369E0));
#13973=CARTESIAN_POINT('',(8.674653243803E-1,-1.095241361338E0,
5.433473670464E0));
#13974=CARTESIAN_POINT('',(1.041526331730E0,-1.207726764900E0,
5.607534678977E0));
#13975=CARTESIAN_POINT('',(1.287564304182E0,-1.366726652608E0,
5.599802624146E0));
#13976=CARTESIAN_POINT('',(8.751973758537E-1,-1.419999994885E0,
5.187435696369E0));
#13977=CARTESIAN_POINT('',(8.674653210230E-1,-1.419999994805E0,
5.433473670464E0));
#13978=CARTESIAN_POINT('',(1.041526329536E0,-1.419999996604E0,
5.607534678977E0));
#13979=CARTESIAN_POINT('',(1.287564303631E0,-1.419999999148E0,
5.599802624146E0));
#13980=CARTESIAN_POINT('',(8.751973725480E-1,-1.739761855660E0,
5.187435696369E0));
#13981=CARTESIAN_POINT('',(8.674653176657E-1,-1.744758628272E0,
5.433473670464E0));
#13982=CARTESIAN_POINT('',(1.041526327341E0,-1.632273228308E0,
5.607534678977E0));
#13983=CARTESIAN_POINT('',(1.287564303081E0,-1.473273345688E0,
5.599802624146E0));
#13984=CARTESIAN_POINT('',(1.115123749701E0,-1.951145348753E0,
5.187435696369E0));
#13985=CARTESIAN_POINT('',(1.111140914837E0,-1.959445314758E0,
5.433473670464E0));
#13986=CARTESIAN_POINT('',(1.200800942913E0,-1.772599710957E0,
5.607534678977E0));
#13987=CARTESIAN_POINT('',(1.327536803251E0,-1.508490510278E0,
5.599802624146E0));
#13988=CARTESIAN_POINT('',(1.432337788288E0,-1.910860099227E0,
5.187435696369E0));
#13989=CARTESIAN_POINT('',(1.433311912461E0,-1.918530546020E0,
5.433473670464E0));
#13990=CARTESIAN_POINT('',(1.411382808272E0,-1.745856433676E0,
5.607534678977E0));
#13991=CARTESIAN_POINT('',(1.380385674483E0,-1.501778859134E0,
5.599802624146E0));
#13992=(BOUNDED_SURFACE()B_SPLINE_SURFACE(3,3,((#13964,#13965,#13966,#13967),(
#13968,#13969,#13970,#13971),(#13972,#13973,#13974,#13975),(#13976,#13977,
#13978,#13979),(#13980,#13981,#13982,#13983),(#13984,#13985,#13986,#13987),(
#13988,#13989,#13990,#13991)),.UNSPECIFIED.,.F.,.F.,.F.)B_SPLINE_SURFACE_WITH_KNOTS((4,3,4),(4,4),(0.E0,1.E0,2.E0),(0.E0,1.E0),.UNSPECIFIED.)GEOMETRIC_REPRESENTATION_ITEM()RATIONAL_B_SPLINE_SURFACE(((1.429519582837E0,1.128888856479E0,
1.128888856479E0,1.429519582837E0),(1.106510449046E0,8.738091667319E-1,
8.738091667319E-1,1.106510449046E0),(1.106510449046E0,8.738091667319E-1,
8.738091667319E-1,1.106510449046E0),(1.429519582837E0,1.128888856479E0,
1.128888856479E0,1.429519582837E0),(1.106510449046E0,8.738091667319E-1,
8.738091667319E-1,1.106510449046E0),(1.106510449046E0,8.738091667319E-1,
8.738091667319E-1,1.106510449046E0),(1.429519582837E0,1.128888856479E0,
1.128888856479E0,1.429519582837E0)))REPRESENTATION_ITEM('')SURFACE());
#13993=ORIENTED_EDGE('4539',*,*,#13905,.T.);
#13994=ORIENTED_EDGE('4543',*,*,#13959,.T.);
#13996=ORIENTED_EDGE('4540',*,*,#13995,.F.);
#13997=ORIENTED_EDGE('4544',*,*,#13955,.F.);
#13998=EDGE_LOOP('3820',(#13993,#13994,#13996,#13997));
#13999=FACE_OUTER_BOUND('3820',#13998,.F.);
#14000=ADVANCED_FACE('3820',(#13999),#13992,.T.);
#14001=CARTESIAN_POINT('',(1.37E0,-1.42E0,5.6E0));
#14002=DIRECTION('',(0.E0,0.E0,1.E0));
#14003=DIRECTION('',(0.E0,-1.E0,0.E0));
#14004=AXIS2_PLACEMENT_3D('',#14001,#14002,#14003);
#14005=PLANE('3813',#14004);
#14006=ORIENTED_EDGE('4540',*,*,#13995,.T.);
#14007=ORIENTED_EDGE('4542',*,*,#13957,.T.);
#14008=EDGE_LOOP('3813',(#14006,#14007));
#14009=FACE_OUTER_BOUND('3813',#14008,.F.);
#14010=ADVANCED_FACE('3813',(#14009),#14005,.T.);
#14011=CARTESIAN_POINT('',(4.11E0,-1.42E0,-1.1515E1));
#14012=DIRECTION('',(0.E0,0.E0,1.E0));
#14013=DIRECTION('',(0.E0,-1.E0,0.E0));
#14014=AXIS2_PLACEMENT_3D('',#14011,#14012,#14013);
#14015=CYLINDRICAL_SURFACE('3824',#14014,4.95E-1);
#14016=ORIENTED_EDGE('4565',*,*,#6240,.F.);
#14018=ORIENTED_EDGE('4571',*,*,#14017,.F.);
#14020=ORIENTED_EDGE('4559',*,*,#14019,.F.);
#14022=ORIENTED_EDGE('4572',*,*,#14021,.T.);
#14023=EDGE_LOOP('3824',(#14016,#14018,#14020,#14022));
#14024=FACE_OUTER_BOUND('3824',#14023,.F.);
#14025=ADVANCED_FACE('3824',(#14024),#14015,.T.);
#14026=CARTESIAN_POINT('',(4.11E0,-1.42E0,-1.1515E1));
#14027=DIRECTION('',(0.E0,0.E0,1.E0));
#14028=DIRECTION('',(0.E0,-1.E0,0.E0));
#14029=AXIS2_PLACEMENT_3D('',#14026,#14027,#14028);
#14030=CYLINDRICAL_SURFACE('3826',#14029,4.95E-1);
#14031=ORIENTED_EDGE('4566',*,*,#6242,.F.);
#14032=ORIENTED_EDGE('4572',*,*,#14021,.F.);
#14034=ORIENTED_EDGE('4561',*,*,#14033,.F.);
#14035=ORIENTED_EDGE('4571',*,*,#14017,.T.);
#14036=EDGE_LOOP('3826',(#14031,#14032,#14034,#14035));
#14037=FACE_OUTER_BOUND('3826',#14036,.F.);
#14038=ADVANCED_FACE('3826',(#14037),#14030,.T.);
#14039=CARTESIAN_POINT('',(4.047662201563E0,-1.910860097938E0,
5.187435696369E0));
#14040=CARTESIAN_POINT('',(4.046688077231E0,-1.918530544711E0,
5.433473670464E0));
#14041=CARTESIAN_POINT('',(4.068617184990E0,-1.745856432820E0,
5.607534678977E0));
#14042=CARTESIAN_POINT('',(4.099614323826E0,-1.501778858920E0,
5.599802624146E0));
#14043=CARTESIAN_POINT('',(4.364876239317E0,-1.951145354023E0,
5.187435696369E0));
#14044=CARTESIAN_POINT('',(4.368859074010E0,-1.959445320110E0,
5.433473670464E0));
#14045=CARTESIAN_POINT('',(4.279199049797E0,-1.772599714456E0,
5.607534678977E0));
#14046=CARTESIAN_POINT('',(4.152463194920E0,-1.508490511156E0,
5.599802624146E0));
#14047=CARTESIAN_POINT('',(4.604802620841E0,-1.739761865890E0,
5.187435696369E0));
#14048=CARTESIAN_POINT('',(4.612534675620E0,-1.744758638662E0,
5.433473670464E0));
#14049=CARTESIAN_POINT('',(4.438473668270E0,-1.632273235100E0,
5.607534678977E0));
#14050=CARTESIAN_POINT('',(4.192435695818E0,-1.473273347392E0,
5.599802624146E0));
#14051=CARTESIAN_POINT('',(4.604802624146E0,-1.420000005115E0,
5.187435696369E0));
#14052=CARTESIAN_POINT('',(4.612534678977E0,-1.420000005195E0,
5.433473670464E0));
#14053=CARTESIAN_POINT('',(4.438473670464E0,-1.420000003396E0,
5.607534678977E0));
#14054=CARTESIAN_POINT('',(4.192435696369E0,-1.420000000852E0,
5.599802624146E0));
#14055=CARTESIAN_POINT('',(4.604802627452E0,-1.100238144340E0,
5.187435696369E0));
#14056=CARTESIAN_POINT('',(4.612534682334E0,-1.095241371728E0,
5.433473670464E0));
#14057=CARTESIAN_POINT('',(4.438473672659E0,-1.207726771692E0,
5.607534678977E0));
#14058=CARTESIAN_POINT('',(4.192435696919E0,-1.366726654312E0,
5.599802624146E0));
#14059=CARTESIAN_POINT('',(4.364876250299E0,-8.888546512471E-1,
5.187435696369E0));
#14060=CARTESIAN_POINT('',(4.368859085163E0,-8.805546852421E-1,
5.433473670464E0));
#14061=CARTESIAN_POINT('',(4.279199057087E0,-1.067400289043E0,
5.607534678977E0));
#14062=CARTESIAN_POINT('',(4.152463196749E0,-1.331509489722E0,
5.599802624146E0));
#14063=CARTESIAN_POINT('',(4.047662211712E0,-9.291399007728E-1,
5.187435696369E0));
#14064=CARTESIAN_POINT('',(4.046688087539E0,-9.214694539800E-1,
5.433473670464E0));
#14065=CARTESIAN_POINT('',(4.068617191728E0,-1.094143566324E0,
5.607534678977E0));
#14066=CARTESIAN_POINT('',(4.099614325517E0,-1.338221140866E0,
5.599802624146E0));
#14067=(BOUNDED_SURFACE()B_SPLINE_SURFACE(3,3,((#14039,#14040,#14041,#14042),(
#14043,#14044,#14045,#14046),(#14047,#14048,#14049,#14050),(#14051,#14052,
#14053,#14054),(#14055,#14056,#14057,#14058),(#14059,#14060,#14061,#14062),(
#14063,#14064,#14065,#14066)),.UNSPECIFIED.,.F.,.F.,.F.)B_SPLINE_SURFACE_WITH_KNOTS((4,3,4),(4,4),(0.E0,1.E0,2.E0),(0.E0,1.E0),.UNSPECIFIED.)GEOMETRIC_REPRESENTATION_ITEM()RATIONAL_B_SPLINE_SURFACE(((1.429519582837E0,1.128888856479E0,
1.128888856479E0,1.429519582837E0),(1.106510449046E0,8.738091667319E-1,
8.738091667319E-1,1.106510449046E0),(1.106510449046E0,8.738091667319E-1,
8.738091667319E-1,1.106510449046E0),(1.429519582837E0,1.128888856479E0,
1.128888856479E0,1.429519582837E0),(1.106510449046E0,8.738091667319E-1,
8.738091667319E-1,1.106510449046E0),(1.106510449046E0,8.738091667319E-1,
8.738091667319E-1,1.106510449046E0),(1.429519582837E0,1.128888856479E0,
1.128888856479E0,1.429519582837E0)))REPRESENTATION_ITEM('')SURFACE());
#14068=ORIENTED_EDGE('4561',*,*,#14033,.T.);
#14070=ORIENTED_EDGE('4564',*,*,#14069,.T.);
#14072=ORIENTED_EDGE('4562',*,*,#14071,.F.);
#14074=ORIENTED_EDGE('4563',*,*,#14073,.F.);
#14075=EDGE_LOOP('3829',(#14068,#14070,#14072,#14074));
#14076=FACE_OUTER_BOUND('3829',#14075,.F.);
#14077=ADVANCED_FACE('3829',(#14076),#14067,.T.);
#14078=CARTESIAN_POINT('',(4.172337798437E0,-9.291399020616E-1,
5.187435696369E0));
#14079=CARTESIAN_POINT('',(4.173311922769E0,-9.214694552890E-1,
5.433473670464E0));
#14080=CARTESIAN_POINT('',(4.151382815010E0,-1.094143567180E0,
5.607534678977E0));
#14081=CARTESIAN_POINT('',(4.120385676174E0,-1.338221141080E0,
5.599802624146E0));
#14082=CARTESIAN_POINT('',(3.855123760683E0,-8.888546459774E-1,
5.187435696369E0));
#14083=CARTESIAN_POINT('',(3.851140925990E0,-8.805546798900E-1,
5.433473670464E0));
#14084=CARTESIAN_POINT('',(3.940800950203E0,-1.067400285544E0,
5.607534678977E0));
#14085=CARTESIAN_POINT('',(4.067536805080E0,-1.331509488844E0,
5.599802624146E0));
#14086=CARTESIAN_POINT('',(3.615197379159E0,-1.100238134110E0,
5.187435696369E0));
#14087=CARTESIAN_POINT('',(3.607465324380E0,-1.095241361338E0,
5.433473670464E0));
#14088=CARTESIAN_POINT('',(3.781526331730E0,-1.207726764900E0,
5.607534678977E0));
#14089=CARTESIAN_POINT('',(4.027564304182E0,-1.366726652608E0,
5.599802624146E0));
#14090=CARTESIAN_POINT('',(3.615197375854E0,-1.419999994885E0,
5.187435696369E0));
#14091=CARTESIAN_POINT('',(3.607465321023E0,-1.419999994805E0,
5.433473670464E0));
#14092=CARTESIAN_POINT('',(3.781526329536E0,-1.419999996604E0,
5.607534678977E0));
#14093=CARTESIAN_POINT('',(4.027564303631E0,-1.419999999148E0,
5.599802624146E0));
#14094=CARTESIAN_POINT('',(3.615197372548E0,-1.739761855660E0,
5.187435696369E0));
#14095=CARTESIAN_POINT('',(3.607465317666E0,-1.744758628272E0,
5.433473670464E0));
#14096=CARTESIAN_POINT('',(3.781526327341E0,-1.632273228308E0,
5.607534678977E0));
#14097=CARTESIAN_POINT('',(4.027564303081E0,-1.473273345688E0,
5.599802624146E0));
#14098=CARTESIAN_POINT('',(3.855123749701E0,-1.951145348753E0,
5.187435696369E0));
#14099=CARTESIAN_POINT('',(3.851140914837E0,-1.959445314758E0,
5.433473670464E0));
#14100=CARTESIAN_POINT('',(3.940800942913E0,-1.772599710957E0,
5.607534678977E0));
#14101=CARTESIAN_POINT('',(4.067536803251E0,-1.508490510278E0,
5.599802624146E0));
#14102=CARTESIAN_POINT('',(4.172337788288E0,-1.910860099227E0,
5.187435696369E0));
#14103=CARTESIAN_POINT('',(4.173311912461E0,-1.918530546020E0,
5.433473670464E0));
#14104=CARTESIAN_POINT('',(4.151382808272E0,-1.745856433676E0,
5.607534678977E0));
#14105=CARTESIAN_POINT('',(4.120385674483E0,-1.501778859134E0,
5.599802624146E0));
#14106=(BOUNDED_SURFACE()B_SPLINE_SURFACE(3,3,((#14078,#14079,#14080,#14081),(
#14082,#14083,#14084,#14085),(#14086,#14087,#14088,#14089),(#14090,#14091,
#14092,#14093),(#14094,#14095,#14096,#14097),(#14098,#14099,#14100,#14101),(
#14102,#14103,#14104,#14105)),.UNSPECIFIED.,.F.,.F.,.F.)B_SPLINE_SURFACE_WITH_KNOTS((4,3,4),(4,4),(0.E0,1.E0,2.E0),(0.E0,1.E0),.UNSPECIFIED.)GEOMETRIC_REPRESENTATION_ITEM()RATIONAL_B_SPLINE_SURFACE(((1.429519582837E0,1.128888856479E0,
1.128888856479E0,1.429519582837E0),(1.106510449046E0,8.738091667319E-1,
8.738091667319E-1,1.106510449046E0),(1.106510449046E0,8.738091667319E-1,
8.738091667319E-1,1.106510449046E0),(1.429519582837E0,1.128888856479E0,
1.128888856479E0,1.429519582837E0),(1.106510449046E0,8.738091667319E-1,
8.738091667319E-1,1.106510449046E0),(1.106510449046E0,8.738091667319E-1,
8.738091667319E-1,1.106510449046E0),(1.429519582837E0,1.128888856479E0,
1.128888856479E0,1.429519582837E0)))REPRESENTATION_ITEM('')SURFACE());
#14107=ORIENTED_EDGE('4559',*,*,#14019,.T.);
#14108=ORIENTED_EDGE('4563',*,*,#14073,.T.);
#14110=ORIENTED_EDGE('4560',*,*,#14109,.F.);
#14111=ORIENTED_EDGE('4564',*,*,#14069,.F.);
#14112=EDGE_LOOP('3830',(#14107,#14108,#14110,#14111));
#14113=FACE_OUTER_BOUND('3830',#14112,.F.);
#14114=ADVANCED_FACE('3830',(#14113),#14106,.T.);
#14115=CARTESIAN_POINT('',(4.11E0,-1.42E0,5.6E0));
#14116=DIRECTION('',(0.E0,0.E0,1.E0));
#14117=DIRECTION('',(0.E0,-1.E0,0.E0));
#14118=AXIS2_PLACEMENT_3D('',#14115,#14116,#14117);
#14119=PLANE('3823',#14118);
#14120=ORIENTED_EDGE('4560',*,*,#14109,.T.);
#14121=ORIENTED_EDGE('4562',*,*,#14071,.T.);
#14122=EDGE_LOOP('3823',(#14120,#14121));
#14123=FACE_OUTER_BOUND('3823',#14122,.F.);
#14124=ADVANCED_FACE('3823',(#14123),#14119,.T.);
#14125=CLOSED_SHELL('',(#6246,#6261,#6276,#6289,#6309,#6323,#6337,#6351,#6373,
#6388,#6411,#6426,#6440,#6455,#6526,#6543,#6559,#6573,#6589,#6605,#6628,#6643,
#6670,#6702,#6716,#6749,#6763,#6781,#6795,#6828,#6842,#6874,#6900,#6919,#6933,
#6947,#6961,#6996,#7013,#7032,#7052,#7068,#7096,#7112,#7126,#7141,#7155,#7170,
#7183,#7197,#7209,#7222,#7234,#7254,#7266,#7283,#7299,#7313,#7328,#7341,#7354,
#7367,#7379,#7395,#7420,#7446,#7460,#7486,#7507,#7521,#7534,#7547,#7573,#7587,
#7612,#7627,#7644,#7683,#7700,#7777,#7799,#7812,#7827,#7841,#7855,#7869,#7883,
#7897,#7910,#7924,#7940,#7978,#7993,#8007,#8028,#8083,#8111,#8165,#8179,#8192,
#8206,#8219,#8232,#8245,#8257,#8270,#8283,#8295,#8310,#8344,#8361,#8381,#8422,
#8438,#8455,#8469,#8487,#8501,#8514,#8529,#8544,#8558,#8570,#8583,#8596,#8678,
#8692,#8709,#8723,#8737,#8751,#8769,#8784,#8806,#8828,#8875,#8893,#8906,#8922,
#8937,#8950,#8965,#8978,#8994,#9009,#9022,#9037,#9050,#9065,#9078,#9094,#9109,
#9122,#9137,#9150,#9166,#9181,#9194,#9210,#9224,#9236,#9252,#9284,#9300,#9320,
#9337,#9378,#9393,#9411,#9427,#9443,#9457,#9470,#9483,#9496,#9511,#9525,#9538,
#9551,#9564,#9577,#9588,#9600,#9637,#9650,#9661,#9673,#9687,#9700,#9713,#9726,
#9743,#9762,#9808,#9825,#9840,#9855,#9870,#9884,#9897,#9909,#9922,#9935,#9948,
#9965,#9979,#10001,#10015,#10038,#10051,#10064,#10079,#10094,#10109,#10129,
#10148,#10167,#10180,#10195,#10209,#10224,#10236,#10249,#10261,#10274,#10286,
#10298,#10310,#10322,#10335,#10348,#10362,#10375,#10387,#10402,#10416,#10430,
#10449,#10463,#10481,#10494,#10509,#10523,#10538,#10550,#10563,#10575,#10587,
#10599,#10612,#10628,#10643,#10656,#10671,#10684,#10700,#10715,#10728,#10743,
#10756,#10771,#10784,#10800,#10815,#10828,#10843,#10856,#10872,#10887,#10900,
#10916,#10930,#10942,#10954,#10966,#10981,#10995,#11009,#11023,#11037,#11051,
#11065,#11078,#11093,#11107,#11121,#11135,#11149,#11163,#11177,#11190,#11205,
#11220,#11235,#11250,#11264,#11277,#11291,#11305,#11319,#11334,#11348,#11361,
#11375,#11389,#11403,#11418,#11432,#11445,#11459,#11473,#11487,#11501,#11514,
#11526,#11540,#11553,#11566,#11579,#11592,#11605,#11618,#11630,#11667,#11680,
#11691,#11706,#11722,#11733,#11744,#11757,#11770,#11783,#11795,#11818,#11830,
#11854,#11867,#11880,#11893,#11907,#11983,#11997,#12009,#12022,#12035,#12048,
#12060,#12075,#12088,#12127,#12138,#12174,#12189,#12202,#12241,#12252,#12288,
#12303,#12316,#12355,#12366,#12402,#12417,#12430,#12469,#12480,#12516,#12531,
#12544,#12583,#12594,#12630,#12645,#12658,#12697,#12708,#12744,#12759,#12772,
#12811,#12822,#12858,#12873,#12886,#12925,#12936,#12972,#12987,#13000,#13039,
#13050,#13086,#13098,#13113,#13126,#13165,#13202,#13212,#13227,#13240,#13279,
#13316,#13326,#13341,#13354,#13393,#13430,#13440,#13455,#13468,#13507,#13544,
#13554,#13569,#13582,#13621,#13658,#13668,#13683,#13696,#13735,#13772,#13782,
#13797,#13810,#13849,#13886,#13896,#13911,#13924,#13963,#14000,#14010,#14025,
#14038,#14077,#14114,#14124));
#14126=MANIFOLD_SOLID_BREP('',#14125);
#14128=DIMENSIONAL_EXPONENTS(0.E0,0.E0,0.E0,0.E0,0.E0,0.E0,0.E0);
#14130=PLANE_ANGLE_MEASURE_WITH_UNIT(PLANE_ANGLE_MEASURE(1.745329251994E-2),
#14129);
#14131=(CONVERSION_BASED_UNIT('DEGREE',#14130)NAMED_UNIT(*)PLANE_ANGLE_UNIT());
#14133=UNCERTAINTY_MEASURE_WITH_UNIT(LENGTH_MEASURE(1.E-3),#14127,'closure',
'Maximum model space distance between geometric entities at asserted connectivities');
#14134=(GEOMETRIC_REPRESENTATION_CONTEXT(3)GLOBAL_UNCERTAINTY_ASSIGNED_CONTEXT((
#14133))GLOBAL_UNIT_ASSIGNED_CONTEXT((#14127,#14131,#14132))REPRESENTATION_CONTEXT('ID1','3'));
#14136=APPLICATION_CONTEXT(
'CONFIGURATION CONTROLLED 3D DESIGNS OF MECHANICAL PARTS AND ASSEMBLIES');
#14137=APPLICATION_PROTOCOL_DEFINITION('international standard',
'config_control_design',1994,#14136);
#14138=DESIGN_CONTEXT('',#14136,'design');
#14139=MECHANICAL_CONTEXT('',#14136,'mechanical');
#14140=PRODUCT('PDEPS09P365TXLF','PDEPS09P365TXLF','NOT SPECIFIED',(#14139));
#14141=PRODUCT_DEFINITION_FORMATION_WITH_SPECIFIED_SOURCE('1','LAST_VERSION',
#14140,.MADE.);
#14145=PRODUCT_CATEGORY('part','');
#14146=PRODUCT_RELATED_PRODUCT_CATEGORY('detail','',(#14140));
#14147=PRODUCT_CATEGORY_RELATIONSHIP('','',#14145,#14146);
#14148=SECURITY_CLASSIFICATION_LEVEL('unclassified');
#14149=SECURITY_CLASSIFICATION('','',#14148);
#14150=CC_DESIGN_SECURITY_CLASSIFICATION(#14149,(#14141));
#14151=APPROVAL_STATUS('approved');
#14152=APPROVAL(#14151,'');
#14153=CC_DESIGN_APPROVAL(#14152,(#14149,#14141,#14142));
#14154=CALENDAR_DATE(121,19,11);
#14155=COORDINATED_UNIVERSAL_TIME_OFFSET(5,30,.AHEAD.);
#14156=LOCAL_TIME(9,16,2.6E1,#14155);
#14157=DATE_AND_TIME(#14154,#14156);
#14158=APPROVAL_DATE_TIME(#14157,#14152);
#14159=DATE_TIME_ROLE('creation_date');
#14160=CC_DESIGN_DATE_AND_TIME_ASSIGNMENT(#14157,#14159,(#14142));
#14161=DATE_TIME_ROLE('classification_date');
#14162=CC_DESIGN_DATE_AND_TIME_ASSIGNMENT(#14157,#14161,(#14149));
#14163=PERSON('UNSPECIFIED','UNSPECIFIED',$,$,$,$);
#14164=ORGANIZATION('UNSPECIFIED','UNSPECIFIED','UNSPECIFIED');
#14165=PERSON_AND_ORGANIZATION(#14163,#14164);
#14166=APPROVAL_ROLE('approver');
#14167=APPROVAL_PERSON_ORGANIZATION(#14165,#14152,#14166);
#14168=PERSON_AND_ORGANIZATION_ROLE('creator');
#14169=CC_DESIGN_PERSON_AND_ORGANIZATION_ASSIGNMENT(#14165,#14168,(#14141,
#14142));
#14170=PERSON_AND_ORGANIZATION_ROLE('design_supplier');
#14171=CC_DESIGN_PERSON_AND_ORGANIZATION_ASSIGNMENT(#14165,#14170,(#14141));
#14172=PERSON_AND_ORGANIZATION_ROLE('classification_officer');
#14173=CC_DESIGN_PERSON_AND_ORGANIZATION_ASSIGNMENT(#14165,#14172,(#14149));
#14174=PERSON_AND_ORGANIZATION_ROLE('design_owner');
#14175=CC_DESIGN_PERSON_AND_ORGANIZATION_ASSIGNMENT(#14165,#14174,(#14140));
#17=CIRCLE('4019',#16,1.6E0);
#26=CIRCLE('4017',#25,1.6E0);
#35=CIRCLE('4015',#34,1.6E0);
#44=CIRCLE('4020',#43,1.6E0);
#57=CIRCLE('4405',#56,4.95E-1);
#62=CIRCLE('4406',#61,4.95E-1);
#67=CIRCLE('4425',#66,4.95E-1);
#72=CIRCLE('4426',#71,4.95E-1);
#77=CIRCLE('4445',#76,4.95E-1);
#82=CIRCLE('4446',#81,4.95E-1);
#87=CIRCLE('4465',#86,4.95E-1);
#92=CIRCLE('4466',#91,4.95E-1);
#97=CIRCLE('4485',#96,4.95E-1);
#102=CIRCLE('4486',#101,4.95E-1);
#107=CIRCLE('4505',#106,4.95E-1);
#112=CIRCLE('4506',#111,4.95E-1);
#117=CIRCLE('4525',#116,4.95E-1);
#122=CIRCLE('4526',#121,4.95E-1);
#127=CIRCLE('4545',#126,4.95E-1);
#132=CIRCLE('4546',#131,4.95E-1);
#137=CIRCLE('4565',#136,4.95E-1);
#142=CIRCLE('4566',#141,4.95E-1);
#179=CIRCLE('4064',#178,1.6E0);
#200=CIRCLE('4067',#199,1.6E0);
#254=B_SPLINE_CURVE_WITH_KNOTS('4052',3,(#245,#246,#247,#248,#249,#250,#251,
#252,#253),.UNSPECIFIED.,.F.,.F.,(4,1,1,1,1,1,4),(0.E0,1.25E-1,2.5E-1,5.E-1,
7.5E-1,8.75E-1,1.E0),.UNSPECIFIED.);
#263=CIRCLE('4079',#262,7.5E-1);
#268=CIRCLE('4083',#267,7.5E-1);
#281=CIRCLE('4066',#280,8.5E-1);
#298=CIRCLE('4040',#297,1.8E0);
#307=CIRCLE('4035',#306,1.8E0);
#316=CIRCLE('4037',#315,1.8E0);
#325=CIRCLE('4039',#324,1.8E0);
#342=CIRCLE('4055',#341,8.5E-1);
#383=CIRCLE('4059',#382,8.5E-1);
#392=CIRCLE('4063',#391,8.5E-1);
#417=CIRCLE('4383',#416,5.E-1);
#422=CIRCLE('4380',#421,5.E-1);
#439=CIRCLE('4385',#438,5.E-1);
#454=B_SPLINE_CURVE_WITH_KNOTS('4363',3,(#444,#445,#446,#447,#448,#449,#450,
#451,#452,#453),.UNSPECIFIED.,.F.,.F.,(4,1,1,1,1,1,1,4),(0.E0,1.428571428571E-1,
2.857142857143E-1,4.285714285714E-1,5.714285714286E-1,7.142857142857E-1,
8.571428571429E-1,1.E0),.UNSPECIFIED.);
#460=B_SPLINE_CURVE_WITH_KNOTS('4364',3,(#455,#456,#457,#458,#459),
.UNSPECIFIED.,.F.,.F.,(4,1,4),(0.E0,5.E-1,1.E0),.UNSPECIFIED.);
#465=CIRCLE('4074',#464,7.5E-1);
#472=B_SPLINE_CURVE_WITH_KNOTS('4361',3,(#466,#467,#468,#469,#470,#471),
.UNSPECIFIED.,.F.,.F.,(4,1,1,4),(0.E0,3.333333333333E-1,6.666666666667E-1,1.E0),
.UNSPECIFIED.);
#483=B_SPLINE_CURVE_WITH_KNOTS('4362',3,(#473,#474,#475,#476,#477,#478,#479,
#480,#481,#482),.UNSPECIFIED.,.F.,.F.,(4,1,1,1,1,1,1,4),(0.E0,1.428571428571E-1,
2.857142857143E-1,4.285714285714E-1,5.714285714286E-1,7.142857142857E-1,
8.571428571429E-1,1.E0),.UNSPECIFIED.);
#488=CIRCLE('4379',#487,4.E-1);
#497=CIRCLE('4378',#496,4.E-1);
#506=CIRCLE('4291',#505,1.6E0);
#515=CIRCLE('4289',#514,1.6E0);
#532=CIRCLE('4125',#531,8.414172879510E-1);
#541=CIRCLE('4127',#540,8.414172879510E-1);
#550=CIRCLE('4342',#549,6.179449471770E-1);
#571=CIRCLE('4340',#570,4.866025403784E-1);
#580=CIRCLE('4179',#579,8.414172879510E-1);
#589=CIRCLE('4177',#588,8.414172879510E-1);
#606=CIRCLE('4303',#605,1.6E0);
#615=CIRCLE('4305',#614,1.6E0);
#620=CIRCLE('4308',#619,1.E-1);
#625=CIRCLE('4264',#624,1.E-1);
#638=CIRCLE('4250',#637,4.E-1);
#647=CIRCLE('4252',#646,4.E-1);
#656=CIRCLE('4310',#655,1.E-1);
#665=CIRCLE('4298',#664,1.6E0);
#674=CIRCLE('4300',#673,1.6E0);
#691=CIRCLE('4176',#690,8.414172879510E-1);
#700=CIRCLE('4174',#699,8.414172879510E-1);
#709=CIRCLE('4339',#708,4.866025403784E-1);
#730=CIRCLE('4341',#729,6.179449471770E-1);
#739=CIRCLE('4122',#738,8.414172879510E-1);
#748=CIRCLE('4124',#747,8.414172879510E-1);
#765=CIRCLE('4286',#764,1.6E0);
#774=CIRCLE('4284',#773,1.6E0);
#779=CIRCLE('4382',#778,5.E-1);
#792=B_SPLINE_CURVE_WITH_KNOTS('4271',3,(#780,#781,#782,#783,#784,#785,#786,
#787,#788,#789,#790,#791),.UNSPECIFIED.,.F.,.F.,(4,1,1,1,1,1,1,1,1,4),(0.E0,
1.111111111111E-1,2.222222222222E-1,3.333333333333E-1,4.444444444444E-1,
5.555555555556E-1,6.666666666667E-1,7.777777777778E-1,8.888888888889E-1,1.E0),
.UNSPECIFIED.);
#805=B_SPLINE_CURVE_WITH_KNOTS('4272',3,(#793,#794,#795,#796,#797,#798,#799,
#800,#801,#802,#803,#804),.UNSPECIFIED.,.F.,.F.,(4,1,1,1,1,1,1,1,1,4),(0.E0,
1.111111111111E-1,2.222222222222E-1,3.333333333333E-1,4.444444444444E-1,
5.555555555556E-1,6.666666666667E-1,7.777777777778E-1,8.888888888889E-1,1.E0),
.UNSPECIFIED.);
#810=CIRCLE('4152',#809,8.E-1);
#815=CIRCLE('4159',#814,8.E-1);
#820=CIRCLE('4158',#819,8.E-1);
#825=CIRCLE('4157',#824,8.E-1);
#832=B_SPLINE_CURVE_WITH_KNOTS('4273',3,(#826,#827,#828,#829,#830,#831),
.UNSPECIFIED.,.F.,.F.,(4,1,1,4),(0.E0,3.333333333333E-1,6.666666666667E-1,1.E0),
.UNSPECIFIED.);
#843=B_SPLINE_CURVE_WITH_KNOTS('4275',3,(#833,#834,#835,#836,#837,#838,#839,
#840,#841,#842),.UNSPECIFIED.,.F.,.F.,(4,1,1,1,1,1,1,4),(0.E0,1.428571428571E-1,
2.857142857143E-1,4.285714285714E-1,5.714285714286E-1,7.142857142857E-1,
8.571428571429E-1,1.E0),.UNSPECIFIED.);
#858=B_SPLINE_CURVE_WITH_KNOTS('4276',3,(#848,#849,#850,#851,#852,#853,#854,
#855,#856,#857),.UNSPECIFIED.,.F.,.F.,(4,1,1,1,1,1,1,4),(0.E0,1.428571428571E-1,
2.857142857143E-1,4.285714285714E-1,5.714285714286E-1,7.142857142857E-1,
8.571428571429E-1,1.E0),.UNSPECIFIED.);
#865=B_SPLINE_CURVE_WITH_KNOTS('4274',3,(#859,#860,#861,#862,#863,#864),
.UNSPECIFIED.,.F.,.F.,(4,1,1,4),(0.E0,3.333333333333E-1,6.666666666667E-1,1.E0),
.UNSPECIFIED.);
#870=CIRCLE('4156',#869,8.E-1);
#875=CIRCLE('4384',#874,5.E-1);
#890=B_SPLINE_CURVE_WITH_KNOTS('4367',3,(#880,#881,#882,#883,#884,#885,#886,
#887,#888,#889),.UNSPECIFIED.,.F.,.F.,(4,1,1,1,1,1,1,4),(0.E0,1.428571428571E-1,
2.857142857143E-1,4.285714285714E-1,5.714285714286E-1,7.142857142857E-1,
8.571428571429E-1,1.E0),.UNSPECIFIED.);
#896=B_SPLINE_CURVE_WITH_KNOTS('4366',3,(#891,#892,#893,#894,#895),
.UNSPECIFIED.,.F.,.F.,(4,1,4),(0.E0,5.E-1,1.E0),.UNSPECIFIED.);
#905=CIRCLE('4336',#904,4.E-1);
#910=CIRCLE('4392',#909,4.E-1);
#919=CIRCLE('4374',#918,7.5E-1);
#952=CIRCLE('4345',#951,8.E-1);
#977=CIRCLE('4346',#976,8.E-1);
#1006=CIRCLE('4080',#1005,7.5E-1);
#1015=CIRCLE('4078',#1014,7.5E-1);
#1020=CIRCLE('4077',#1019,7.5E-1);
#1029=CIRCLE('4060',#1028,1.6E0);
#1034=CIRCLE('4076',#1033,7.5E-1);
#1039=CIRCLE('4075',#1038,7.5E-1);
#1052=CIRCLE('4359',#1051,5.E-1);
#1073=CIRCLE('4386',#1072,5.E-1);
#1078=CIRCLE('4281',#1077,5.E-1);
#1111=CIRCLE('4309',#1110,1.E-1);
#1118=B_SPLINE_CURVE_WITH_KNOTS('4256',3,(#1112,#1113,#1114,#1115,#1116,#1117),
.UNSPECIFIED.,.F.,.F.,(4,1,1,4),(0.E0,3.333333333333E-1,6.666666666667E-1,1.E0),
.UNSPECIFIED.);
#1123=CIRCLE('4208',#1122,1.2E0);
#1130=B_SPLINE_CURVE_WITH_KNOTS('4257',3,(#1124,#1125,#1126,#1127,#1128,#1129),
.UNSPECIFIED.,.F.,.F.,(4,1,1,4),(0.E0,3.333333333333E-1,6.666666666667E-1,1.E0),
.UNSPECIFIED.);
#1146=B_SPLINE_CURVE_WITH_KNOTS('4259',3,(#1131,#1132,#1133,#1134,#1135,#1136,
#1137,#1138,#1139,#1140,#1141,#1142,#1143,#1144,#1145),.UNSPECIFIED.,.F.,.F.,(4,
1,1,1,1,1,1,1,1,1,1,1,4),(0.E0,8.333333333333E-2,1.666666666667E-1,2.5E-1,
3.333333333333E-1,4.166666666667E-1,5.E-1,5.833333333333E-1,6.666666666667E-1,
7.5E-1,8.333333333333E-1,9.166666666667E-1,1.E0),.UNSPECIFIED.);
#1166=B_SPLINE_CURVE_WITH_KNOTS('4258',3,(#1151,#1152,#1153,#1154,#1155,#1156,
#1157,#1158,#1159,#1160,#1161,#1162,#1163,#1164,#1165),.UNSPECIFIED.,.F.,.F.,(4,
1,1,1,1,1,1,1,1,1,1,1,4),(0.E0,8.333333333333E-2,1.666666666667E-1,2.5E-1,
3.333333333333E-1,4.166666666667E-1,5.E-1,5.833333333333E-1,6.666666666667E-1,
7.5E-1,8.333333333333E-1,9.166666666667E-1,1.E0),.UNSPECIFIED.);
#1171=CIRCLE('4209',#1170,1.2E0);
#1176=CIRCLE('4210',#1175,1.2E0);
#1181=CIRCLE('4211',#1180,1.2E0);
#1194=B_SPLINE_CURVE_WITH_KNOTS('4253',3,(#1182,#1183,#1184,#1185,#1186,#1187,
#1188,#1189,#1190,#1191,#1192,#1193),.UNSPECIFIED.,.F.,.F.,(4,1,1,1,1,1,1,1,1,
4),(0.E0,1.111111111111E-1,2.222222222222E-1,3.333333333333E-1,
4.444444444444E-1,5.555555555556E-1,6.666666666667E-1,7.777777777778E-1,
8.888888888889E-1,1.E0),.UNSPECIFIED.);
#1199=CIRCLE('4204',#1198,1.2E0);
#1212=B_SPLINE_CURVE_WITH_KNOTS('4255',3,(#1200,#1201,#1202,#1203,#1204,#1205,
#1206,#1207,#1208,#1209,#1210,#1211),.UNSPECIFIED.,.F.,.F.,(4,1,1,1,1,1,1,1,1,
4),(0.E0,1.111111111111E-1,2.222222222222E-1,3.333333333333E-1,
4.444444444444E-1,5.555555555556E-1,6.666666666667E-1,7.777777777778E-1,
8.888888888889E-1,1.E0),.UNSPECIFIED.);
#1221=CIRCLE('4268',#1220,1.E-1);
#1226=CIRCLE('4267',#1225,1.E-1);
#1231=CIRCLE('4266',#1230,1.E-1);
#1236=CIRCLE('4205',#1235,1.2E0);
#1241=CIRCLE('4206',#1240,1.2E0);
#1246=CIRCLE('4207',#1245,1.2E0);
#1251=CIRCLE('4202',#1250,2.111568423137E0);
#1256=CIRCLE('4203',#1255,2.040686280374E0);
#1266=B_SPLINE_CURVE_WITH_KNOTS('4220',3,(#1261,#1262,#1263,#1264,#1265),
.UNSPECIFIED.,.F.,.F.,(4,1,4),(0.E0,5.E-1,1.E0),.UNSPECIFIED.);
#1271=CIRCLE('4219',#1270,8.E-1);
#1280=CIRCLE('4846',#1279,2.911081084753E0);
#1286=B_SPLINE_CURVE_WITH_KNOTS('4906',3,(#1281,#1282,#1283,#1284,#1285),
.UNSPECIFIED.,.F.,.F.,(4,1,4),(0.E0,5.E-1,1.E0),.UNSPECIFIED.);
#1291=CIRCLE('4905',#1290,1.2E0);
#1336=CIRCLE('4669',#1335,3.998827377566E0);
#1345=CIRCLE('4671',#1344,3.998827377567E0);
#1354=CIRCLE('4672',#1353,3.998827377566E0);
#1363=CIRCLE('4674',#1362,3.998827377567E0);
#1372=CIRCLE('4843',#1371,2.911081084753E0);
#1377=CIRCLE('4161',#1376,1.2E0);
#1387=B_SPLINE_CURVE_WITH_KNOTS('4904',3,(#1378,#1379,#1380,#1381,#1382,#1383,
#1384,#1385,#1386),.UNSPECIFIED.,.F.,.F.,(4,1,1,1,1,1,4),(0.E0,
1.666666666667E-1,3.333333333333E-1,5.E-1,6.666666666667E-1,8.333333333333E-1,
1.E0),.UNSPECIFIED.);
#1392=CIRCLE('4844',#1391,2.911081084753E0);
#1398=B_SPLINE_CURVE_WITH_KNOTS('4901',3,(#1393,#1394,#1395,#1396,#1397),
.UNSPECIFIED.,.F.,.F.,(4,1,4),(0.E0,5.E-1,1.E0),.UNSPECIFIED.);
#1404=B_SPLINE_CURVE_WITH_KNOTS('4902',3,(#1399,#1400,#1401,#1402,#1403),
.UNSPECIFIED.,.F.,.F.,(4,1,4),(0.E0,5.E-1,1.E0),.UNSPECIFIED.);
#1413=CIRCLE('4903',#1412,1.2E0);
#1430=CIRCLE('4150',#1429,1.711812092330E0);
#1439=CIRCLE('4151',#1438,1.640929949566E0);
#1460=CIRCLE('4163',#1459,1.2E0);
#1473=CIRCLE('4221',#1472,8.E-1);
#1490=CIRCLE('4190',#1489,2.111568423137E0);
#1495=CIRCLE('4191',#1494,2.040686280374E0);
#1505=B_SPLINE_CURVE_WITH_KNOTS('4224',3,(#1500,#1501,#1502,#1503,#1504),
.UNSPECIFIED.,.F.,.F.,(4,1,4),(0.E0,5.E-1,1.E0),.UNSPECIFIED.);
#1510=CIRCLE('4223',#1509,8.E-1);
#1519=CIRCLE('4847',#1518,2.911081084753E0);
#1524=CIRCLE('4165',#1523,1.2E0);
#1530=B_SPLINE_CURVE_WITH_KNOTS('4907',3,(#1525,#1526,#1527,#1528,#1529),
.UNSPECIFIED.,.F.,.F.,(4,1,4),(0.E0,5.E-1,1.E0),.UNSPECIFIED.);
#1539=CIRCLE('4908',#1538,1.2E0);
#1544=CIRCLE('4849',#1543,2.911081084753E0);
#1554=B_SPLINE_CURVE_WITH_KNOTS('4912',3,(#1545,#1546,#1547,#1548,#1549,#1550,
#1551,#1552,#1553),.UNSPECIFIED.,.F.,.F.,(4,1,1,1,1,1,4),(0.E0,
1.666666666667E-1,3.333333333333E-1,5.E-1,6.666666666667E-1,8.333333333333E-1,
1.E0),.UNSPECIFIED.);
#1559=CIRCLE('4909',#1558,1.2E0);
#1564=CIRCLE('4850',#1563,2.911081084753E0);
#1570=B_SPLINE_CURVE_WITH_KNOTS('4910',3,(#1565,#1566,#1567,#1568,#1569),
.UNSPECIFIED.,.F.,.F.,(4,1,4),(0.E0,5.E-1,1.E0),.UNSPECIFIED.);
#1576=B_SPLINE_CURVE_WITH_KNOTS('4911',3,(#1571,#1572,#1573,#1574,#1575),
.UNSPECIFIED.,.F.,.F.,(4,1,4),(0.E0,5.E-1,1.E0),.UNSPECIFIED.);
#1609=CIRCLE('4162',#1608,1.2E0);
#1626=CIRCLE('4141',#1625,1.711812092330E0);
#1635=CIRCLE('4143',#1634,1.640929949566E0);
#1640=CIRCLE('4153',#1639,8.E-1);
#1645=CIRCLE('4154',#1644,8.E-1);
#1650=CIRCLE('4155',#1649,8.E-1);
#1655=CIRCLE('4128',#1654,1.711812092330E0);
#1664=CIRCLE('4130',#1663,1.640929949566E0);
#1681=CIRCLE('4138',#1680,1.711812092330E0);
#1690=CIRCLE('4139',#1689,1.640929949566E0);
#1699=CIRCLE('4214',#1698,8.E-1);
#1709=B_SPLINE_CURVE_WITH_KNOTS('4861',3,(#1700,#1701,#1702,#1703,#1704,#1705,
#1706,#1707,#1708),.UNSPECIFIED.,.F.,.F.,(4,1,1,1,1,1,4),(0.E0,
1.666666666667E-1,3.333333333333E-1,5.E-1,6.666666666667E-1,8.333333333333E-1,
1.E0),.UNSPECIFIED.);
#1714=CIRCLE('4227',#1713,8.E-1);
#1724=B_SPLINE_CURVE_WITH_KNOTS('4230',3,(#1715,#1716,#1717,#1718,#1719,#1720,
#1721,#1722,#1723),.UNSPECIFIED.,.F.,.F.,(4,1,1,1,1,1,4),(0.E0,
1.666666666667E-1,3.333333333333E-1,5.E-1,6.666666666667E-1,8.333333333333E-1,
1.E0),.UNSPECIFIED.);
#1730=B_SPLINE_CURVE_WITH_KNOTS('4228',3,(#1725,#1726,#1727,#1728,#1729),
.UNSPECIFIED.,.F.,.F.,(4,1,4),(0.E0,5.E-1,1.E0),.UNSPECIFIED.);
#1736=B_SPLINE_CURVE_WITH_KNOTS('4916',3,(#1731,#1732,#1733,#1734,#1735),
.UNSPECIFIED.,.F.,.F.,(4,1,4),(0.E0,6.421804947326E-1,1.E0),.UNSPECIFIED.);
#1742=B_SPLINE_CURVE_WITH_KNOTS('4865',3,(#1737,#1738,#1739,#1740,#1741),
.UNSPECIFIED.,.F.,.F.,(4,1,4),(0.E0,5.E-1,1.E0),.UNSPECIFIED.);
#1747=CIRCLE('4862',#1746,2.733317196406E0);
#1753=B_SPLINE_CURVE_WITH_KNOTS('4863',3,(#1748,#1749,#1750,#1751,#1752),
.UNSPECIFIED.,.F.,.F.,(4,1,4),(0.E0,5.E-1,1.E0),.UNSPECIFIED.);
#1759=B_SPLINE_CURVE_WITH_KNOTS('4864',3,(#1754,#1755,#1756,#1757,#1758),
.UNSPECIFIED.,.F.,.F.,(4,1,4),(0.E0,5.E-1,1.E0),.UNSPECIFIED.);
#1764=CIRCLE('4962',#1763,3.2E-1);
#1769=CIRCLE('4760',#1768,7.2E-1);
#1778=CIRCLE('4963',#1777,3.2E-1);
#1784=B_SPLINE_CURVE_WITH_KNOTS('4879',3,(#1779,#1780,#1781,#1782,#1783),
.UNSPECIFIED.,.F.,.F.,(4,1,4),(0.E0,5.E-1,1.E0),.UNSPECIFIED.);
#1790=B_SPLINE_CURVE_WITH_KNOTS('4880',3,(#1785,#1786,#1787,#1788,#1789),
.UNSPECIFIED.,.F.,.F.,(4,1,4),(0.E0,5.E-1,1.E0),.UNSPECIFIED.);
#1839=CIRCLE('4762',#1838,4.E-1);
#1880=CIRCLE('4758',#1879,4.E-1);
#1901=CIRCLE('4640',#1900,1.6E0);
#1910=CIRCLE('4638',#1909,1.6E0);
#1943=CIRCLE('4600',#1942,1.6E0);
#1952=CIRCLE('4598',#1951,1.6E0);
#1977=CIRCLE('4681',#1976,3.998827377566E0);
#1986=CIRCLE('4686',#1985,3.998827377567E0);
#1995=CIRCLE('4684',#1994,3.998827377566E0);
#2004=CIRCLE('4683',#2003,3.998827377567E0);
#2013=CIRCLE('4642',#2012,1.95E0);
#2018=CIRCLE('4643',#2017,1.95E0);
#2023=CIRCLE('4604',#2022,1.95E0);
#2028=CIRCLE('4605',#2027,1.95E0);
#2105=CIRCLE('5021',#2104,2.5E0);
#2114=CIRCLE('4173',#2113,2.911081084753E0);
#2155=CIRCLE('4170',#2154,1.6E0);
#2164=CIRCLE('4168',#2163,1.6E0);
#2189=CIRCLE('4914',#2188,2.911081084753E0);
#2198=CIRCLE('5022',#2197,2.5E0);
#2203=CIRCLE('5023',#2202,2.5E0);
#2208=CIRCLE('4990',#2207,2.5E0);
#2217=CIRCLE('4993',#2216,2.5E0);
#2226=CIRCLE('4992',#2225,1.64E0);
#2231=CIRCLE('4989',#2230,1.64E0);
#2244=CIRCLE('5013',#2243,1.64E0);
#2249=CIRCLE('5005',#2248,1.64E0);
#2254=CIRCLE('5012',#2253,1.74E0);
#2259=CIRCLE('4999',#2258,1.E-1);
#2264=CIRCLE('5004',#2263,1.E-1);
#2269=CIRCLE('5020',#2268,1.74E0);
#2274=CIRCLE('5019',#2273,2.25E0);
#2279=CIRCLE('5011',#2278,2.25E0);
#2284=CIRCLE('4998',#2283,7.5E-2);
#2289=CIRCLE('5003',#2288,7.5E-2);
#2294=CIRCLE('5018',#2293,2.325E0);
#2299=CIRCLE('5010',#2298,2.325E0);
#2304=CIRCLE('5009',#2303,2.325E0);
#2317=CIRCLE('5017',#2316,2.325E0);
#2322=CIRCLE('4996',#2321,7.5E-2);
#2327=CIRCLE('5001',#2326,7.5E-2);
#2332=CIRCLE('5016',#2331,2.25E0);
#2337=CIRCLE('5008',#2336,2.25E0);
#2342=CIRCLE('5015',#2341,1.9E0);
#2347=CIRCLE('5007',#2346,1.9E0);
#2352=CIRCLE('4995',#2351,5.E-2);
#2357=CIRCLE('5000',#2356,5.E-2);
#2362=CIRCLE('5014',#2361,1.85E0);
#2367=CIRCLE('5006',#2366,1.85E0);
#2372=CIRCLE('4991',#2371,1.85E0);
#2385=CIRCLE('4994',#2384,1.85E0);
#2390=CIRCLE('5025',#2389,2.05E0);
#2395=CIRCLE('4875',#2394,2.05E0);
#2404=CIRCLE('5026',#2403,2.05E0);
#2409=CIRCLE('4876',#2408,2.05E0);
#2418=CIRCLE('4593',#2417,1.95E0);
#2423=CIRCLE('4594',#2422,1.95E0);
#2438=B_SPLINE_CURVE_WITH_KNOTS('5024',3,(#2432,#2433,#2434,#2435,#2436,#2437),
.UNSPECIFIED.,.F.,.F.,(4,1,1,4),(0.E0,3.333333333333E-1,6.666666666667E-1,1.E0),
.UNSPECIFIED.);
#2443=CIRCLE('4216',#2442,8.E-1);
#2453=B_SPLINE_CURVE_WITH_KNOTS('4856',3,(#2444,#2445,#2446,#2447,#2448,#2449,
#2450,#2451,#2452),.UNSPECIFIED.,.F.,.F.,(4,1,1,1,1,1,4),(0.E0,
1.666666666667E-1,3.333333333333E-1,5.E-1,6.666666666667E-1,8.333333333333E-1,
1.E0),.UNSPECIFIED.);
#2459=B_SPLINE_CURVE_WITH_KNOTS('4860',3,(#2454,#2455,#2456,#2457,#2458),
.UNSPECIFIED.,.F.,.F.,(4,1,4),(0.E0,5.E-1,1.E0),.UNSPECIFIED.);
#2465=B_SPLINE_CURVE_WITH_KNOTS('4915',3,(#2460,#2461,#2462,#2463,#2464),
.UNSPECIFIED.,.F.,.F.,(4,1,4),(0.E0,3.579762674973E-1,1.E0),.UNSPECIFIED.);
#2471=B_SPLINE_CURVE_WITH_KNOTS('4215',3,(#2466,#2467,#2468,#2469,#2470),
.UNSPECIFIED.,.F.,.F.,(4,1,4),(0.E0,5.E-1,1.E0),.UNSPECIFIED.);
#2481=B_SPLINE_CURVE_WITH_KNOTS('4217',3,(#2472,#2473,#2474,#2475,#2476,#2477,
#2478,#2479,#2480),.UNSPECIFIED.,.F.,.F.,(4,1,1,1,1,1,4),(0.E0,
1.666666666667E-1,3.333333333333E-1,5.E-1,6.666666666667E-1,8.333333333333E-1,
1.E0),.UNSPECIFIED.);
#2486=CIRCLE('4213',#2485,8.E-1);
#2491=CIRCLE('4857',#2490,2.733317196406E0);
#2497=B_SPLINE_CURVE_WITH_KNOTS('4859',3,(#2492,#2493,#2494,#2495,#2496),
.UNSPECIFIED.,.F.,.F.,(4,1,4),(0.E0,5.E-1,1.E0),.UNSPECIFIED.);
#2503=B_SPLINE_CURVE_WITH_KNOTS('4858',3,(#2498,#2499,#2500,#2501,#2502),
.UNSPECIFIED.,.F.,.F.,(4,1,4),(0.E0,5.E-1,1.E0),.UNSPECIFIED.);
#2508=CIRCLE('4955',#2507,3.2E-1);
#2513=CIRCLE('4735',#2512,7.2E-1);
#2522=CIRCLE('4956',#2521,3.2E-1);
#2544=B_SPLINE_CURVE_WITH_KNOTS('4877',3,(#2539,#2540,#2541,#2542,#2543),
.UNSPECIFIED.,.F.,.F.,(4,1,4),(0.E0,5.E-1,1.E0),.UNSPECIFIED.);
#2554=B_SPLINE_CURVE_WITH_KNOTS('4878',3,(#2549,#2550,#2551,#2552,#2553),
.UNSPECIFIED.,.F.,.F.,(4,1,4),(0.E0,5.E-1,1.E0),.UNSPECIFIED.);
#2563=CIRCLE('4958',#2562,3.2E-1);
#2568=CIRCLE('4739',#2567,7.2E-1);
#2577=CIRCLE('4957',#2576,3.2E-1);
#2662=CIRCLE('4737',#2661,4.E-1);
#2675=CIRCLE('4733',#2674,4.E-1);
#2708=CIRCLE('4218',#2707,2.911081084753E0);
#2721=CIRCLE('4193',#2720,2.111568423137E0);
#2726=CIRCLE('4195',#2725,2.040686280374E0);
#2747=CIRCLE('4180',#2746,2.111568423137E0);
#2752=CIRCLE('4182',#2751,2.040686280374E0);
#2775=B_SPLINE_CURVE_WITH_KNOTS('5069',3,(#2769,#2770,#2771,#2772,#2773,#2774),
.UNSPECIFIED.,.F.,.F.,(4,1,1,4),(0.E0,3.333333333333E-1,6.666666666667E-1,1.E0),
.UNSPECIFIED.);
#2780=CIRCLE('4226',#2779,8.E-1);
#2785=CIRCLE('5038',#2784,2.5E0);
#2790=CIRCLE('5070',#2789,2.5E0);
#2799=CIRCLE('4917',#2798,2.911081084753E0);
#2824=CIRCLE('4238',#2823,1.6E0);
#2833=CIRCLE('4236',#2832,1.6E0);
#2874=CIRCLE('4225',#2873,2.911081084753E0);
#2883=CIRCLE('5071',#2882,2.5E0);
#2888=CIRCLE('5072',#2887,2.5E0);
#2893=CIRCLE('4966',#2892,3.2E-1);
#2898=CIRCLE('4764',#2897,7.2E-1);
#2907=CIRCLE('4965',#2906,3.2E-1);
#3020=CIRCLE('4787',#3019,4.E-1);
#3053=CIRCLE('4969',#3052,3.2E-1);
#3058=CIRCLE('4785',#3057,7.2E-1);
#3067=CIRCLE('4970',#3066,3.2E-1);
#3092=CIRCLE('4972',#3091,3.2E-1);
#3097=CIRCLE('4789',#3096,7.2E-1);
#3106=CIRCLE('4971',#3105,3.2E-1);
#3179=CIRCLE('4783',#3178,4.E-1);
#3196=CIRCLE('4814',#3195,4.E-1);
#3213=CIRCLE('4818',#3212,4.E-1);
#3250=CIRCLE('4973',#3249,3.2E-1);
#3255=CIRCLE('4816',#3254,7.2E-1);
#3264=CIRCLE('4974',#3263,3.2E-1);
#3273=CIRCLE('4976',#3272,3.2E-1);
#3278=CIRCLE('4820',#3277,7.2E-1);
#3287=CIRCLE('4975',#3286,3.2E-1);
#3356=CIRCLE('5041',#3355,2.5E0);
#3365=CIRCLE('5040',#3364,1.64E0);
#3370=CIRCLE('5037',#3369,1.64E0);
#3383=CIRCLE('5061',#3382,1.64E0);
#3388=CIRCLE('5053',#3387,1.64E0);
#3393=CIRCLE('5060',#3392,1.74E0);
#3398=CIRCLE('5047',#3397,1.E-1);
#3403=CIRCLE('5052',#3402,1.E-1);
#3408=CIRCLE('5068',#3407,1.74E0);
#3413=CIRCLE('5067',#3412,2.25E0);
#3418=CIRCLE('5059',#3417,2.25E0);
#3423=CIRCLE('5046',#3422,7.5E-2);
#3428=CIRCLE('5051',#3427,7.5E-2);
#3433=CIRCLE('5066',#3432,2.325E0);
#3438=CIRCLE('5058',#3437,2.325E0);
#3443=CIRCLE('5057',#3442,2.325E0);
#3456=CIRCLE('5065',#3455,2.325E0);
#3461=CIRCLE('5044',#3460,7.5E-2);
#3466=CIRCLE('5049',#3465,7.5E-2);
#3471=CIRCLE('5064',#3470,2.25E0);
#3476=CIRCLE('5056',#3475,2.25E0);
#3481=CIRCLE('5063',#3480,1.9E0);
#3486=CIRCLE('5055',#3485,1.9E0);
#3491=CIRCLE('5043',#3490,5.E-2);
#3496=CIRCLE('5048',#3495,5.E-2);
#3501=CIRCLE('5062',#3500,1.85E0);
#3506=CIRCLE('5054',#3505,1.85E0);
#3511=CIRCLE('5039',#3510,1.85E0);
#3524=CIRCLE('5042',#3523,1.85E0);
#3529=CIRCLE('5073',#3528,2.05E0);
#3534=CIRCLE('4891',#3533,2.05E0);
#3543=CIRCLE('5074',#3542,2.05E0);
#3548=CIRCLE('4892',#3547,2.05E0);
#3557=CIRCLE('4575',#3556,1.95E0);
#3562=CIRCLE('4576',#3561,1.95E0);
#3591=CIRCLE('4687',#3590,8.E-1);
#3596=CIRCLE('4688',#3595,8.E-1);
#3601=CIRCLE('4634',#3600,8.E-1);
#3606=CIRCLE('4632',#3605,8.E-1);
#3611=CIRCLE('4690',#3610,8.E-1);
#3616=CIRCLE('4689',#3615,8.E-1);
#3621=CIRCLE('4631',#3620,8.E-1);
#3626=CIRCLE('4630',#3625,8.E-1);
#3643=CIRCLE('4619',#3642,3.199314715951E0);
#3648=CIRCLE('4621',#3647,3.060686280374E0);
#3669=CIRCLE('4606',#3668,3.199314715951E0);
#3674=CIRCLE('4608',#3673,3.060686280374E0);
#3695=CIRCLE('4616',#3694,3.199314715951E0);
#3700=CIRCLE('4617',#3699,3.060686280374E0);
#3721=CIRCLE('4628',#3720,3.199314715951E0);
#3726=CIRCLE('4629',#3725,3.060686280374E0);
#3735=CIRCLE('4704',#3734,2.660929947979E0);
#3740=CIRCLE('4720',#3739,1.2E0);
#3749=CIRCLE('4700',#3748,2.660929947979E0);
#3754=CIRCLE('4584',#3753,2.799558385144E0);
#3783=CIRCLE('4719',#3782,1.2E0);
#3788=CIRCLE('4702',#3787,2.660929947238E0);
#3793=CIRCLE('4718',#3792,1.2E0);
#3802=CIRCLE('4697',#3801,2.660929947238E0);
#3807=CIRCLE('4581',#3806,2.799558385144E0);
#3836=CIRCLE('4717',#3835,1.2E0);
#3841=CIRCLE('4708',#3840,2.660929947238E0);
#3846=CIRCLE('4724',#3845,1.2E0);
#3855=CIRCLE('4693',#3854,2.660929947238E0);
#3860=CIRCLE('4577',#3859,2.799558385144E0);
#3889=CIRCLE('4723',#3888,1.2E0);
#3894=CIRCLE('4706',#3893,2.660929947979E0);
#3899=CIRCLE('4722',#3898,1.2E0);
#3908=CIRCLE('4696',#3907,2.660929947979E0);
#3913=CIRCLE('4580',#3912,2.799558385144E0);
#3942=CIRCLE('4721',#3941,1.2E0);
#3947=CIRCLE('4677',#3946,1.2E0);
#3952=CIRCLE('4678',#3951,1.2E0);
#3957=CIRCLE('4587',#3956,1.2E0);
#3962=CIRCLE('4589',#3961,1.2E0);
#3967=CIRCLE('4676',#3966,1.2E0);
#3972=CIRCLE('4675',#3971,1.2E0);
#3977=CIRCLE('4585',#3976,1.2E0);
#3982=CIRCLE('4586',#3981,1.2E0);
#4003=CIRCLE('4229',#4002,2.911081084753E0);
#4012=CIRCLE('4311',#4011,1.E-1);
#4017=CIRCLE('4269',#4016,1.E-1);
#4030=CIRCLE('4333',#4029,4.E-1);
#4035=CIRCLE('4334',#4034,4.E-1);
#4044=CIRCLE('4265',#4043,1.E-1);
#4069=CIRCLE('4056',#4068,1.6E0);
#4074=CIRCLE('4381',#4073,5.E-1);
#4079=CIRCLE('4073',#4078,7.5E-1);
#4089=B_SPLINE_CURVE_WITH_KNOTS('4068',3,(#4080,#4081,#4082,#4083,#4084,#4085,
#4086,#4087,#4088),.UNSPECIFIED.,.F.,.F.,(4,1,1,1,1,1,4),(0.E0,1.25E-1,2.5E-1,
5.E-1,7.5E-1,8.75E-1,1.E0),.UNSPECIFIED.);
#4098=CIRCLE('4027',#4097,1.8E0);
#4107=CIRCLE('4033',#4106,1.8E0);
#4116=CIRCLE('4031',#4115,1.8E0);
#4125=CIRCLE('4029',#4124,1.8E0);
#4134=CIRCLE('4407',#4133,3.15E-1);
#4139=CIRCLE('4408',#4138,3.15E-1);
#4144=CIRCLE('4427',#4143,3.15E-1);
#4149=CIRCLE('4428',#4148,3.15E-1);
#4154=CIRCLE('4447',#4153,3.15E-1);
#4159=CIRCLE('4448',#4158,3.15E-1);
#4164=CIRCLE('4467',#4163,3.15E-1);
#4169=CIRCLE('4468',#4168,3.15E-1);
#4174=CIRCLE('4487',#4173,3.15E-1);
#4179=CIRCLE('4488',#4178,3.15E-1);
#4184=CIRCLE('4507',#4183,3.15E-1);
#4189=CIRCLE('4508',#4188,3.15E-1);
#4194=CIRCLE('4527',#4193,3.15E-1);
#4199=CIRCLE('4528',#4198,3.15E-1);
#4204=CIRCLE('4547',#4203,3.15E-1);
#4209=CIRCLE('4548',#4208,3.15E-1);
#4214=CIRCLE('4567',#4213,3.15E-1);
#4219=CIRCLE('4568',#4218,3.15E-1);
#4248=CIRCLE('4396',#4247,3.15E-1);
#4257=CIRCLE('4394',#4256,3.15E-1);
#4266=CIRCLE('4398',#4265,2.E-1);
#4271=CIRCLE('4393',#4270,1.15E-1);
#4276=CIRCLE('4395',#4275,1.15E-1);
#4281=CIRCLE('4397',#4280,2.E-1);
#4286=CIRCLE('4416',#4285,3.15E-1);
#4295=CIRCLE('4414',#4294,3.15E-1);
#4304=CIRCLE('4418',#4303,2.E-1);
#4309=CIRCLE('4413',#4308,1.15E-1);
#4314=CIRCLE('4415',#4313,1.15E-1);
#4319=CIRCLE('4417',#4318,2.E-1);
#4324=CIRCLE('4436',#4323,3.15E-1);
#4333=CIRCLE('4434',#4332,3.15E-1);
#4342=CIRCLE('4438',#4341,2.E-1);
#4347=CIRCLE('4433',#4346,1.15E-1);
#4352=CIRCLE('4435',#4351,1.15E-1);
#4357=CIRCLE('4437',#4356,2.E-1);
#4362=CIRCLE('4456',#4361,3.15E-1);
#4371=CIRCLE('4454',#4370,3.15E-1);
#4380=CIRCLE('4458',#4379,2.E-1);
#4385=CIRCLE('4453',#4384,1.15E-1);
#4390=CIRCLE('4455',#4389,1.15E-1);
#4395=CIRCLE('4457',#4394,2.E-1);
#4400=CIRCLE('4476',#4399,3.15E-1);
#4409=CIRCLE('4474',#4408,3.15E-1);
#4418=CIRCLE('4478',#4417,2.E-1);
#4423=CIRCLE('4473',#4422,1.15E-1);
#4428=CIRCLE('4475',#4427,1.15E-1);
#4433=CIRCLE('4477',#4432,2.E-1);
#4438=CIRCLE('4496',#4437,3.15E-1);
#4447=CIRCLE('4494',#4446,3.15E-1);
#4456=CIRCLE('4498',#4455,2.E-1);
#4461=CIRCLE('4493',#4460,1.15E-1);
#4466=CIRCLE('4495',#4465,1.15E-1);
#4471=CIRCLE('4497',#4470,2.E-1);
#4476=CIRCLE('4516',#4475,3.15E-1);
#4485=CIRCLE('4514',#4484,3.15E-1);
#4494=CIRCLE('4518',#4493,2.E-1);
#4499=CIRCLE('4513',#4498,1.15E-1);
#4504=CIRCLE('4515',#4503,1.15E-1);
#4509=CIRCLE('4517',#4508,2.E-1);
#4514=CIRCLE('4536',#4513,3.15E-1);
#4523=CIRCLE('4534',#4522,3.15E-1);
#4532=CIRCLE('4538',#4531,2.E-1);
#4537=CIRCLE('4533',#4536,1.15E-1);
#4542=CIRCLE('4535',#4541,1.15E-1);
#4547=CIRCLE('4537',#4546,2.E-1);
#4552=CIRCLE('4556',#4551,3.15E-1);
#4561=CIRCLE('4554',#4560,3.15E-1);
#4570=CIRCLE('4558',#4569,2.E-1);
#4575=CIRCLE('4553',#4574,1.15E-1);
#4580=CIRCLE('4555',#4579,1.15E-1);
#4585=CIRCLE('4557',#4584,2.E-1);
#4598=CIRCLE('4399',#4597,4.95E-1);
#4607=CIRCLE('4401',#4606,4.95E-1);
#4616=CIRCLE('4403',#4615,4.E-1);
#4621=CIRCLE('4404',#4620,4.E-1);
#4626=CIRCLE('4400',#4625,9.5E-2);
#4631=CIRCLE('4402',#4630,9.5E-2);
#4636=CIRCLE('4419',#4635,4.95E-1);
#4645=CIRCLE('4421',#4644,4.95E-1);
#4654=CIRCLE('4423',#4653,4.E-1);
#4659=CIRCLE('4424',#4658,4.E-1);
#4664=CIRCLE('4420',#4663,9.5E-2);
#4669=CIRCLE('4422',#4668,9.5E-2);
#4674=CIRCLE('4439',#4673,4.95E-1);
#4683=CIRCLE('4441',#4682,4.95E-1);
#4692=CIRCLE('4443',#4691,4.E-1);
#4697=CIRCLE('4444',#4696,4.E-1);
#4702=CIRCLE('4440',#4701,9.5E-2);
#4707=CIRCLE('4442',#4706,9.5E-2);
#4712=CIRCLE('4459',#4711,4.95E-1);
#4721=CIRCLE('4461',#4720,4.95E-1);
#4730=CIRCLE('4463',#4729,4.E-1);
#4735=CIRCLE('4464',#4734,4.E-1);
#4740=CIRCLE('4460',#4739,9.5E-2);
#4745=CIRCLE('4462',#4744,9.5E-2);
#4750=CIRCLE('4479',#4749,4.95E-1);
#4759=CIRCLE('4481',#4758,4.95E-1);
#4768=CIRCLE('4483',#4767,4.E-1);
#4773=CIRCLE('4484',#4772,4.E-1);
#4778=CIRCLE('4480',#4777,9.5E-2);
#4783=CIRCLE('4482',#4782,9.5E-2);
#4788=CIRCLE('4499',#4787,4.95E-1);
#4797=CIRCLE('4501',#4796,4.95E-1);
#4806=CIRCLE('4503',#4805,4.E-1);
#4811=CIRCLE('4504',#4810,4.E-1);
#4816=CIRCLE('4500',#4815,9.5E-2);
#4821=CIRCLE('4502',#4820,9.5E-2);
#4826=CIRCLE('4519',#4825,4.95E-1);
#4835=CIRCLE('4521',#4834,4.95E-1);
#4844=CIRCLE('4523',#4843,4.E-1);
#4849=CIRCLE('4524',#4848,4.E-1);
#4854=CIRCLE('4520',#4853,9.5E-2);
#4859=CIRCLE('4522',#4858,9.5E-2);
#4864=CIRCLE('4539',#4863,4.95E-1);
#4873=CIRCLE('4541',#4872,4.95E-1);
#4882=CIRCLE('4543',#4881,4.E-1);
#4887=CIRCLE('4544',#4886,4.E-1);
#4892=CIRCLE('4540',#4891,9.5E-2);
#4897=CIRCLE('4542',#4896,9.5E-2);
#4902=CIRCLE('4559',#4901,4.95E-1);
#4911=CIRCLE('4561',#4910,4.95E-1);
#4920=CIRCLE('4563',#4919,4.E-1);
#4925=CIRCLE('4564',#4924,4.E-1);
#4930=CIRCLE('4560',#4929,9.5E-2);
#4935=CIRCLE('4562',#4934,9.5E-2);
#6166=EDGE_CURVE('4022',#4954,#4955,#4,.T.);
#6168=EDGE_CURVE('4023',#4955,#4957,#8,.T.);
#6170=EDGE_CURVE('4025',#4947,#4957,#12,.T.);
#6172=EDGE_CURVE('4019',#4945,#4947,#17,.T.);
#6174=EDGE_CURVE('4018',#4943,#4945,#21,.T.);
#6176=EDGE_CURVE('4017',#4941,#4943,#26,.T.);
#6178=EDGE_CURVE('4016',#4939,#4941,#30,.T.);
#6180=EDGE_CURVE('4015',#4938,#4939,#35,.T.);
#6182=EDGE_CURVE('4021',#4951,#4938,#39,.T.);
#6184=EDGE_CURVE('4020',#4950,#4951,#44,.T.);
#6186=EDGE_CURVE('4026',#4959,#4950,#48,.T.);
#6188=EDGE_CURVE('4024',#4959,#4954,#52,.T.);
#6192=EDGE_CURVE('4405',#5419,#5420,#57,.T.);
#6194=EDGE_CURVE('4406',#5420,#5419,#62,.T.);
#6198=EDGE_CURVE('4425',#5443,#5444,#67,.T.);
#6200=EDGE_CURVE('4426',#5444,#5443,#72,.T.);
#6204=EDGE_CURVE('4445',#5467,#5468,#77,.T.);
#6206=EDGE_CURVE('4446',#5468,#5467,#82,.T.);
#6210=EDGE_CURVE('4465',#5491,#5492,#87,.T.);
#6212=EDGE_CURVE('4466',#5492,#5491,#92,.T.);
#6216=EDGE_CURVE('4485',#5515,#5516,#97,.T.);
#6218=EDGE_CURVE('4486',#5516,#5515,#102,.T.);
#6222=EDGE_CURVE('4505',#5539,#5540,#107,.T.);
#6224=EDGE_CURVE('4506',#5540,#5539,#112,.T.);
#6228=EDGE_CURVE('4525',#5563,#5564,#117,.T.);
#6230=EDGE_CURVE('4526',#5564,#5563,#122,.T.);
#6234=EDGE_CURVE('4545',#5587,#5588,#127,.T.);
#6236=EDGE_CURVE('4546',#5588,#5587,#132,.T.);
#6240=EDGE_CURVE('4565',#5611,#5612,#137,.T.);
#6242=EDGE_CURVE('4566',#5612,#5611,#142,.T.);
#6252=EDGE_CURVE('4091',#5062,#5063,#146,.T.);
#6254=EDGE_CURVE('4101',#4955,#5063,#4593,.T.);
#6257=EDGE_CURVE('4100',#4954,#5062,#150,.T.);
#6268=EDGE_CURVE('4093',#5067,#5062,#158,.T.);
#6270=EDGE_CURVE('4106',#5067,#5065,#154,.T.);
#6272=EDGE_CURVE('4092',#5063,#5065,#4589,.T.);
#6285=EDGE_CURVE('4099',#5067,#4959,#174,.T.);
#6295=EDGE_CURVE('4114',#4950,#5021,#162,.T.);
#6297=EDGE_CURVE('4062',#5021,#5017,#166,.T.);
#6299=EDGE_CURVE('4115',#4947,#5017,#1024,.T.);
#6302=EDGE_CURVE('4098',#5065,#4957,#170,.T.);
#6315=EDGE_CURVE('4121',#5025,#4951,#191,.T.);
#6317=EDGE_CURVE('4064',#5025,#5021,#179,.T.);
#6329=EDGE_CURVE('4120',#4938,#5027,#183,.T.);
#6331=EDGE_CURVE('4065',#5027,#5025,#187,.T.);
#6343=EDGE_CURVE('4119',#4939,#5033,#195,.T.);
#6345=EDGE_CURVE('4067',#5033,#5027,#200,.T.);
#6357=EDGE_CURVE('4097',#5059,#5057,#232,.T.);
#6359=EDGE_CURVE('4111',#5059,#5034,#204,.T.);
#6361=EDGE_CURVE('4070',#5034,#5033,#208,.T.);
#6365=EDGE_CURVE('4118',#4941,#4999,#212,.T.);
#6367=EDGE_CURVE('4053',#4999,#4997,#216,.T.);
#6369=EDGE_CURVE('4110',#5057,#4997,#220,.T.);
#6379=EDGE_CURVE('4088',#5054,#5055,#224,.T.);
#6381=EDGE_CURVE('4090',#5059,#5054,#228,.T.);
#6384=EDGE_CURVE('4089',#5055,#5057,#236,.T.);
#6395=EDGE_CURVE('4109',#4993,#5055,#258,.T.);
#6397=EDGE_CURVE('4050',#4987,#4993,#329,.T.);
#6399=EDGE_CURVE('4047',#4987,#4971,#240,.T.);
#6401=EDGE_CURVE('4032',#4971,#4973,#4111,.T.);
#6403=EDGE_CURVE('4048',#4990,#4973,#4093,.T.);
#6405=EDGE_CURVE('4051',#4995,#4990,#293,.T.);
#6407=EDGE_CURVE('4108',#4995,#5054,#244,.T.);
#6419=EDGE_CURVE('4052',#4996,#4997,#254,.T.);
#6421=EDGE_CURVE('4071',#4993,#4996,#333,.T.);
#6434=EDGE_CURVE('4079',#5001,#4999,#263,.T.);
#6436=EDGE_CURVE('4054',#5001,#4996,#337,.T.);
#6446=EDGE_CURVE('4055',#5003,#5001,#342,.T.);
#6449=EDGE_CURVE('4056',#5005,#4999,#4069,.T.);
#6451=EDGE_CURVE('4083',#5003,#5005,#268,.T.);
#6461=EDGE_CURVE('4347',#5364,#5365,#272,.T.);
#6463=EDGE_CURVE('4370',#5031,#5364,#276,.T.);
#6465=EDGE_CURVE('4066',#5030,#5031,#281,.T.);
#6467=EDGE_CURVE('4069',#5035,#5030,#285,.T.);
#6469=EDGE_CURVE('4072',#5035,#4995,#289,.T.);
#6472=EDGE_CURVE('4040',#4990,#4991,#298,.T.);
#6474=EDGE_CURVE('4041',#4991,#4978,#302,.T.);
#6476=EDGE_CURVE('4035',#4978,#4979,#307,.T.);
#6478=EDGE_CURVE('4036',#4979,#4981,#311,.T.);
#6480=EDGE_CURVE('4037',#4981,#4983,#316,.T.);
#6482=EDGE_CURVE('4038',#4983,#4985,#320,.T.);
#6484=EDGE_CURVE('4039',#4985,#4987,#325,.T.);
#6490=EDGE_CURVE('4373',#5369,#5003,#346,.T.);
#6492=EDGE_CURVE('4348',#5368,#5369,#350,.T.);
#6494=EDGE_CURVE('4356',#5384,#5368,#354,.T.);
#6496=EDGE_CURVE('4352',#5384,#5385,#358,.T.);
#6498=EDGE_CURVE('4354',#5385,#5373,#362,.T.);
#6500=EDGE_CURVE('4349',#5372,#5373,#366,.T.);
#6502=EDGE_CURVE('4372',#5372,#5037,#370,.T.);
#6504=EDGE_CURVE('4081',#5009,#5037,#374,.T.);
#6506=EDGE_CURVE('4057',#5008,#5009,#378,.T.);
#6508=EDGE_CURVE('4059',#5015,#5008,#383,.T.);
#6510=EDGE_CURVE('4061',#5019,#5015,#387,.T.);
#6512=EDGE_CURVE('4063',#5023,#5019,#392,.T.);
#6514=EDGE_CURVE('4371',#5377,#5023,#396,.T.);
#6516=EDGE_CURVE('4350',#5376,#5377,#400,.T.);
#6518=EDGE_CURVE('4353',#5381,#5376,#404,.T.);
#6520=EDGE_CURVE('4351',#5380,#5381,#408,.T.);
#6522=EDGE_CURVE('4355',#5380,#5365,#412,.T.);
#6533=EDGE_CURVE('4383',#5365,#5293,#417,.T.);
#6535=EDGE_CURVE('4293',#5293,#5315,#554,.T.);
#6537=EDGE_CURVE('4380',#5396,#5315,#422,.T.);
#6539=EDGE_CURVE('4361',#5364,#5396,#472,.T.);
#6550=EDGE_CURVE('4388',#5380,#5344,#426,.T.);
#6552=EDGE_CURVE('4308',#5344,#5321,#620,.T.);
#6554=EDGE_CURVE('4321',#5293,#5321,#558,.T.);
#6566=EDGE_CURVE('4389',#5381,#5345,#430,.T.);
#6568=EDGE_CURVE('4306',#5344,#5345,#629,.T.);
#6580=EDGE_CURVE('4385',#5376,#5296,#439,.T.);
#6582=EDGE_CURVE('4326',#5296,#5324,#434,.T.);
#6584=EDGE_CURVE('4310',#5345,#5324,#656,.T.);
#6596=EDGE_CURVE('4364',#5397,#5377,#460,.T.);
#6598=EDGE_CURVE('4382',#5397,#5317,#779,.T.);
#6600=EDGE_CURVE('4295',#5296,#5317,#725,.T.);
#6611=EDGE_CURVE('4360',#5394,#5395,#443,.T.);
#6613=EDGE_CURVE('4363',#5395,#5397,#454,.T.);
#6617=EDGE_CURVE('4075',#5023,#5025,#1039,.T.);
#6620=EDGE_CURVE('4074',#5031,#5027,#465,.T.);
#6624=EDGE_CURVE('4362',#5396,#5394,#483,.T.);
#6635=EDGE_CURVE('4379',#5279,#5394,#488,.T.);
#6637=EDGE_CURVE('4270',#5278,#5279,#492,.T.);
#6639=EDGE_CURVE('4378',#5395,#5278,#497,.T.);
#6663=EDGE_CURVE('4342',#5281,#5315,#550,.T.);
#6665=EDGE_CURVE('4272',#5279,#5281,#805,.T.);
#6676=EDGE_CURVE('4282',#5292,#5293,#501,.T.);
#6678=EDGE_CURVE('4291',#5292,#5313,#506,.T.);
#6680=EDGE_CURVE('4290',#5311,#5313,#510,.T.);
#6682=EDGE_CURVE('4289',#5311,#5309,#515,.T.);
#6684=EDGE_CURVE('4288',#5308,#5309,#519,.T.);
#6686=EDGE_CURVE('4292',#5282,#5308,#523,.T.);
#6688=EDGE_CURVE('4280',#5282,#5086,#527,.T.);
#6690=EDGE_CURVE('4125',#5086,#5087,#532,.T.);
#6692=EDGE_CURVE('4126',#5087,#5089,#536,.T.);
#6694=EDGE_CURVE('4127',#5089,#5091,#541,.T.);
#6696=EDGE_CURVE('4277',#5091,#5281,#545,.T.);
#6710=EDGE_CURVE('4296',#5320,#5321,#562,.T.);
#6712=EDGE_CURVE('4320',#5292,#5320,#1106,.T.);
#6723=EDGE_CURVE('4317',#5321,#5269,#566,.T.);
#6725=EDGE_CURVE('4340',#5261,#5269,#571,.T.);
#6727=EDGE_CURVE('4260',#5167,#5261,#575,.T.);
#6729=EDGE_CURVE('4179',#5165,#5167,#580,.T.);
#6731=EDGE_CURVE('4178',#5163,#5165,#584,.T.);
#6733=EDGE_CURVE('4177',#5162,#5163,#589,.T.);
#6735=EDGE_CURVE('4263',#5262,#5162,#593,.T.);
#6737=EDGE_CURVE('4316',#5262,#5336,#597,.T.);
#6739=EDGE_CURVE('4302',#5336,#5337,#601,.T.);
#6741=EDGE_CURVE('4303',#5339,#5337,#606,.T.);
#6743=EDGE_CURVE('4304',#5339,#5341,#610,.T.);
#6745=EDGE_CURVE('4305',#5320,#5341,#615,.T.);
#6756=EDGE_CURVE('4314',#5256,#5344,#651,.T.);
#6758=EDGE_CURVE('4264',#5256,#5269,#625,.T.);
#6770=EDGE_CURVE('4313',#5345,#5251,#633,.T.);
#6772=EDGE_CURVE('4250',#5251,#5252,#638,.T.);
#6774=EDGE_CURVE('4251',#5252,#5254,#642,.T.);
#6776=EDGE_CURVE('4252',#5254,#5256,#647,.T.);
#6788=EDGE_CURVE('4319',#5324,#5273,#713,.T.);
#6790=EDGE_CURVE('4268',#5251,#5273,#1221,.T.);
#6801=EDGE_CURVE('4297',#5324,#5325,#660,.T.);
#6803=EDGE_CURVE('4298',#5327,#5325,#665,.T.);
#6805=EDGE_CURVE('4299',#5327,#5329,#669,.T.);
#6807=EDGE_CURVE('4300',#5331,#5329,#674,.T.);
#6809=EDGE_CURVE('4301',#5331,#5333,#678,.T.);
#6811=EDGE_CURVE('4318',#5264,#5333,#682,.T.);
#6813=EDGE_CURVE('4262',#5159,#5264,#686,.T.);
#6815=EDGE_CURVE('4176',#5157,#5159,#691,.T.);
#6817=EDGE_CURVE('4175',#5155,#5157,#695,.T.);
#6819=EDGE_CURVE('4174',#5154,#5155,#700,.T.);
#6821=EDGE_CURVE('4261',#5257,#5154,#704,.T.);
#6823=EDGE_CURVE('4339',#5273,#5257,#709,.T.);
#6834=EDGE_CURVE('4283',#5296,#5297,#721,.T.);
#6836=EDGE_CURVE('4327',#5297,#5325,#717,.T.);
#6850=EDGE_CURVE('4341',#5317,#5280,#730,.T.);
#6852=EDGE_CURVE('4278',#5280,#5078,#734,.T.);
#6854=EDGE_CURVE('4122',#5078,#5079,#739,.T.);
#6856=EDGE_CURVE('4123',#5079,#5081,#743,.T.);
#6858=EDGE_CURVE('4124',#5081,#5083,#748,.T.);
#6860=EDGE_CURVE('4279',#5083,#5284,#752,.T.);
#6862=EDGE_CURVE('4294',#5284,#5305,#756,.T.);
#6864=EDGE_CURVE('4287',#5303,#5305,#760,.T.);
#6866=EDGE_CURVE('4286',#5303,#5301,#765,.T.);
#6868=EDGE_CURVE('4285',#5299,#5301,#769,.T.);
#6870=EDGE_CURVE('4284',#5299,#5297,#774,.T.);
#6894=EDGE_CURVE('4271',#5280,#5278,#792,.T.);
#6910=EDGE_CURVE('4152',#5091,#5097,#810,.T.);
#6912=EDGE_CURVE('4137',#5097,#5107,#1621,.T.);
#6914=EDGE_CURVE('4153',#5078,#5107,#1640,.T.);
#6926=EDGE_CURVE('4159',#5089,#5099,#815,.T.);
#6928=EDGE_CURVE('4130',#5099,#5097,#1664,.T.);
#6940=EDGE_CURVE('4158',#5087,#5103,#820,.T.);
#6942=EDGE_CURVE('4133',#5103,#5099,#1676,.T.);
#6954=EDGE_CURVE('4157',#5086,#5111,#825,.T.);
#6956=EDGE_CURVE('4139',#5111,#5103,#1690,.T.);
#6967=EDGE_CURVE('4273',#5282,#5283,#832,.T.);
#6969=EDGE_CURVE('4275',#5283,#5286,#843,.T.);
#6971=EDGE_CURVE('4335',#5287,#5286,#847,.T.);
#6973=EDGE_CURVE('4276',#5287,#5285,#858,.T.);
#6975=EDGE_CURVE('4274',#5284,#5285,#865,.T.);
#6978=EDGE_CURVE('4156',#5083,#5119,#870,.T.);
#6980=EDGE_CURVE('4145',#5119,#5111,#1451,.T.);
#6986=EDGE_CURVE('4343',#5356,#5357,#923,.T.);
#6988=EDGE_CURVE('4346',#5360,#5356,#977,.T.);
#6990=EDGE_CURVE('4344',#5360,#5361,#960,.T.);
#6992=EDGE_CURVE('4345',#5361,#5357,#952,.T.);
#7003=EDGE_CURVE('4366',#5400,#5369,#896,.T.);
#7005=EDGE_CURVE('4381',#5400,#5283,#4074,.T.);
#7009=EDGE_CURVE('4384',#5368,#5308,#875,.T.);
#7019=EDGE_CURVE('4365',#5389,#5399,#879,.T.);
#7021=EDGE_CURVE('4367',#5399,#5400,#890,.T.);
#7026=EDGE_CURVE('4082',#5039,#5005,#935,.T.);
#7028=EDGE_CURVE('4374',#5039,#5389,#919,.T.);
#7038=EDGE_CURVE('4357',#5388,#5389,#914,.T.);
#7040=EDGE_CURVE('4358',#5388,#5391,#1043,.T.);
#7042=EDGE_CURVE('4387',#5289,#5391,#900,.T.);
#7044=EDGE_CURVE('4336',#5287,#5289,#905,.T.);
#7047=EDGE_CURVE('4392',#5399,#5286,#910,.T.);
#7060=EDGE_CURVE('4113',#5046,#5039,#931,.T.);
#7062=EDGE_CURVE('4085',#5046,#5047,#1056,.T.);
#7064=EDGE_CURVE('4377',#5047,#5388,#1047,.T.);
#7075=EDGE_CURVE('4368',#5073,#5357,#927,.T.);
#7077=EDGE_CURVE('4104',#5046,#5073,#1060,.T.);
#7081=EDGE_CURVE('4117',#4943,#5005,#4064,.T.);
#7084=EDGE_CURVE('4116',#4945,#5012,#939,.T.);
#7086=EDGE_CURVE('4058',#5012,#5013,#943,.T.);
#7088=EDGE_CURVE('4112',#5042,#5013,#947,.T.);
#7090=EDGE_CURVE('4105',#5075,#5042,#1001,.T.);
#7092=EDGE_CURVE('4369',#5075,#5356,#981,.T.);
#7103=EDGE_CURVE('4375',#5070,#5361,#972,.T.);
#7105=EDGE_CURVE('4095',#5070,#5049,#956,.T.);
#7107=EDGE_CURVE('4102',#5073,#5049,#1064,.T.);
#7119=EDGE_CURVE('4376',#5360,#5071,#964,.T.);
#7121=EDGE_CURVE('4094',#5070,#5071,#968,.T.);
#7134=EDGE_CURVE('4103',#5075,#5051,#997,.T.);
#7136=EDGE_CURVE('4096',#5071,#5051,#985,.T.);
#7147=EDGE_CURVE('4084',#5042,#5043,#989,.T.);
#7149=EDGE_CURVE('4087',#5051,#5043,#993,.T.);
#7163=EDGE_CURVE('4080',#5009,#5013,#1006,.T.);
#7166=EDGE_CURVE('4107',#5043,#5037,#1010,.T.);
#7179=EDGE_CURVE('4078',#5008,#5012,#1015,.T.);
#7191=EDGE_CURVE('4060',#5017,#5012,#1029,.T.);
#7193=EDGE_CURVE('4077',#5015,#5017,#1020,.T.);
#7218=EDGE_CURVE('4076',#5019,#5021,#1034,.T.);
#7242=EDGE_CURVE('4086',#5047,#5049,#1068,.T.);
#7250=EDGE_CURVE('4359',#5391,#5372,#1052,.T.);
#7273=EDGE_CURVE('4386',#5373,#5305,#1073,.T.);
#7277=EDGE_CURVE('4281',#5289,#5285,#1078,.T.);
#7290=EDGE_CURVE('4390',#5385,#5349,#1082,.T.);
#7292=EDGE_CURVE('4311',#5349,#5333,#4012,.T.);
#7294=EDGE_CURVE('4329',#5305,#5333,#4048,.T.);
#7306=EDGE_CURVE('4391',#5384,#5348,#1086,.T.);
#7308=EDGE_CURVE('4307',#5348,#5349,#4021,.T.);
#7321=EDGE_CURVE('4325',#5308,#5336,#1090,.T.);
#7323=EDGE_CURVE('4309',#5348,#5336,#1111,.T.);
#7335=EDGE_CURVE('4324',#5309,#5337,#1094,.T.);
#7348=EDGE_CURVE('4323',#5311,#5339,#1098,.T.);
#7361=EDGE_CURVE('4322',#5313,#5341,#1102,.T.);
#7387=EDGE_CURVE('4256',#5262,#5263,#1118,.T.);
#7389=EDGE_CURVE('4265',#5271,#5263,#4044,.T.);
#7391=EDGE_CURVE('4315',#5348,#5271,#4025,.T.);
#7403=EDGE_CURVE('4209',#5162,#5187,#1171,.T.);
#7405=EDGE_CURVE('4197',#5195,#5187,#1481,.T.);
#7407=EDGE_CURVE('4208',#5159,#5195,#1123,.T.);
#7410=EDGE_CURVE('4257',#5264,#5265,#1130,.T.);
#7412=EDGE_CURVE('4259',#5267,#5265,#1146,.T.);
#7414=EDGE_CURVE('4332',#5267,#5266,#1150,.T.);
#7416=EDGE_CURVE('4258',#5263,#5266,#1166,.T.);
#7439=EDGE_CURVE('4210',#5163,#5179,#1176,.T.);
#7441=EDGE_CURVE('4191',#5187,#5179,#1495,.T.);
#7453=EDGE_CURVE('4211',#5165,#5175,#1181,.T.);
#7455=EDGE_CURVE('4185',#5179,#5175,#2764,.T.);
#7479=EDGE_CURVE('4204',#5167,#5173,#1199,.T.);
#7481=EDGE_CURVE('4182',#5175,#5173,#2752,.T.);
#7492=EDGE_CURVE('4253',#5257,#5258,#1194,.T.);
#7495=EDGE_CURVE('4205',#5154,#5183,#1236,.T.);
#7497=EDGE_CURVE('4189',#5173,#5183,#2738,.T.);
#7501=EDGE_CURVE('4255',#5260,#5261,#1212,.T.);
#7503=EDGE_CURVE('4254',#5260,#5258,#1216,.T.);
#7514=EDGE_CURVE('4267',#5252,#5258,#1226,.T.);
#7528=EDGE_CURVE('4266',#5254,#5260,#1231,.T.);
#7566=EDGE_CURVE('4206',#5155,#5191,#1241,.T.);
#7568=EDGE_CURVE('4195',#5183,#5191,#2726,.T.);
#7580=EDGE_CURVE('4207',#5157,#5199,#1246,.T.);
#7582=EDGE_CURVE('4201',#5191,#5199,#3578,.T.);
#7607=EDGE_CURVE('4203',#5199,#5195,#1256,.T.);
#7618=EDGE_CURVE('4202',#5197,#5193,#1251,.T.);
#7620=EDGE_CURVE('4200',#5197,#5199,#3582,.T.);
#7623=EDGE_CURVE('4198',#5193,#5195,#1260,.T.);
#7633=EDGE_CURVE('4220',#5209,#5149,#1266,.T.);
#7635=EDGE_CURVE('4173',#5151,#5149,#2114,.T.);
#7637=EDGE_CURVE('4219',#5151,#5197,#1271,.T.);
#7640=EDGE_CURVE('4221',#5209,#5193,#1473,.T.);
#7674=EDGE_CURVE('4906',#5129,#5944,#1286,.T.);
#7676=EDGE_CURVE('4925',#5944,#5149,#1275,.T.);
#7679=EDGE_CURVE('4247',#5129,#5209,#1464,.T.);
#7689=EDGE_CURVE('4846',#5944,#5942,#1280,.T.);
#7692=EDGE_CURVE('4163',#5129,#5117,#1460,.T.);
#7694=EDGE_CURVE('4150',#5121,#5117,#1430,.T.);
#7696=EDGE_CURVE('4905',#5942,#5121,#1291,.T.);
#7706=EDGE_CURVE('4843',#5935,#5936,#1372,.T.);
#7708=EDGE_CURVE('4871',#5936,#5999,#2526,.T.);
#7710=EDGE_CURVE('4874',#6005,#5999,#2712,.T.);
#7712=EDGE_CURVE('4949',#6005,#5651,#1295,.T.);
#7714=EDGE_CURVE('4590',#5651,#5652,#1299,.T.);
#7716=EDGE_CURVE('4812',#5652,#5668,#2645,.T.);
#7718=EDGE_CURVE('4595',#5667,#5668,#1303,.T.);
#7720=EDGE_CURVE('4950',#5667,#6038,#1307,.T.);
#7722=EDGE_CURVE('4894',#6038,#5939,#2691,.T.);
#7724=EDGE_CURVE('4844',#5939,#5940,#1392,.T.);
#7726=EDGE_CURVE('4951',#5940,#5953,#1311,.T.);
#7728=EDGE_CURVE('4849',#5953,#5954,#1544,.T.);
#7730=EDGE_CURVE('4893',#6036,#5954,#3990,.T.);
#7732=EDGE_CURVE('4952',#6036,#5671,#1315,.T.);
#7734=EDGE_CURVE('4596',#5671,#5672,#1319,.T.);
#7736=EDGE_CURVE('4813',#5672,#5620,#1871,.T.);
#7738=EDGE_CURVE('4573',#5619,#5620,#1323,.T.);
#7740=EDGE_CURVE('4953',#5619,#6015,#1327,.T.);
#7742=EDGE_CURVE('4881',#6015,#6016,#1818,.T.);
#7744=EDGE_CURVE('4882',#6016,#5956,#1802,.T.);
#7746=EDGE_CURVE('4850',#5956,#5950,#1564,.T.);
#7748=EDGE_CURVE('4848',#5947,#5950,#1534,.T.);
#7750=EDGE_CURVE('4847',#5947,#5948,#1519,.T.);
#7752=EDGE_CURVE('4947',#5948,#5944,#1331,.T.);
#7755=EDGE_CURVE('4845',#5935,#5942,#1408,.T.);
#7759=EDGE_CURVE('4669',#5778,#5623,#1336,.T.);
#7761=EDGE_CURVE('4670',#5780,#5778,#1340,.T.);
#7763=EDGE_CURVE('4671',#5648,#5780,#1345,.T.);
#7765=EDGE_CURVE('4588',#5646,#5648,#1349,.T.);
#7767=EDGE_CURVE('4672',#5782,#5646,#1354,.T.);
#7769=EDGE_CURVE('4673',#5784,#5782,#1358,.T.);
#7771=EDGE_CURVE('4674',#5624,#5784,#1363,.T.);
#7773=EDGE_CURVE('4574',#5623,#5624,#1367,.T.);
#7784=EDGE_CURVE('4903',#5935,#5113,#1413,.T.);
#7786=EDGE_CURVE('4141',#5105,#5113,#1626,.T.);
#7788=EDGE_CURVE('4161',#5127,#5105,#1377,.T.);
#7790=EDGE_CURVE('4904',#5940,#5127,#1387,.T.);
#7793=EDGE_CURVE('4901',#5246,#5939,#1398,.T.);
#7795=EDGE_CURVE('4902',#5936,#5246,#1404,.T.);
#7807=EDGE_CURVE('4147',#5113,#5121,#1417,.T.);
#7819=EDGE_CURVE('4148',#5121,#5123,#1421,.T.);
#7821=EDGE_CURVE('4149',#5115,#5123,#1425,.T.);
#7823=EDGE_CURVE('4142',#5113,#5115,#1630,.T.);
#7834=EDGE_CURVE('4146',#5117,#5119,#1434,.T.);
#7836=EDGE_CURVE('4151',#5123,#5119,#1439,.T.);
#7847=EDGE_CURVE('4144',#5117,#5109,#1443,.T.);
#7849=EDGE_CURVE('4140',#5109,#5111,#1447,.T.);
#7861=EDGE_CURVE('4164',#5129,#5131,#1455,.T.);
#7863=EDGE_CURVE('4165',#5131,#5109,#1524,.T.);
#7877=EDGE_CURVE('4222',#5209,#5211,#1468,.T.);
#7879=EDGE_CURVE('4248',#5131,#5211,#1514,.T.);
#7891=EDGE_CURVE('4196',#5193,#5185,#1477,.T.);
#7893=EDGE_CURVE('4223',#5211,#5185,#1510,.T.);
#7906=EDGE_CURVE('4192',#5185,#5187,#1485,.T.);
#7916=EDGE_CURVE('4190',#5185,#5177,#1490,.T.);
#7920=EDGE_CURVE('4186',#5177,#5179,#1499,.T.);
#7930=EDGE_CURVE('4224',#5212,#5211,#1505,.T.);
#7934=EDGE_CURVE('4226',#5214,#5177,#2780,.T.);
#7936=EDGE_CURVE('4225',#5212,#5214,#2874,.T.);
#7970=EDGE_CURVE('4907',#5948,#5131,#1530,.T.);
#7974=EDGE_CURVE('4928',#5948,#5212,#3003,.T.);
#7985=EDGE_CURVE('4908',#5947,#5101,#1539,.T.);
#7987=EDGE_CURVE('4138',#5109,#5101,#1681,.T.);
#8000=EDGE_CURVE('4909',#5950,#5094,#1559,.T.);
#8002=EDGE_CURVE('4132',#5101,#5094,#1668,.T.);
#8014=EDGE_CURVE('4912',#5126,#5953,#1554,.T.);
#8016=EDGE_CURVE('4162',#5126,#5095,#1609,.T.);
#8018=EDGE_CURVE('4128',#5094,#5095,#1655,.T.);
#8022=EDGE_CURVE('4910',#5248,#5956,#1570,.T.);
#8024=EDGE_CURVE('4911',#5954,#5248,#1576,.T.);
#8075=EDGE_CURVE('4931',#5953,#5220,#1580,.T.);
#8077=EDGE_CURVE('4230',#5202,#5220,#1724,.T.);
#8079=EDGE_CURVE('4245',#5126,#5202,#1600,.T.);
#8090=EDGE_CURVE('4927',#5940,#5208,#1584,.T.);
#8092=EDGE_CURVE('4243',#5208,#5244,#2703,.T.);
#8094=EDGE_CURVE('4939',#6038,#5244,#2695,.T.);
#8097=EDGE_CURVE('4660',#5667,#5759,#1588,.T.);
#8099=EDGE_CURVE('4645',#5759,#5762,#1968,.T.);
#8101=EDGE_CURVE('4661',#5671,#5762,#1888,.T.);
#8104=EDGE_CURVE('4938',#6036,#5242,#1592,.T.);
#8106=EDGE_CURVE('4241',#5242,#5220,#4007,.T.);
#8158=EDGE_CURVE('4244',#5127,#5203,#1596,.T.);
#8160=EDGE_CURVE('4217',#5208,#5203,#2481,.T.);
#8171=EDGE_CURVE('4160',#5126,#5127,#1604,.T.);
#8174=EDGE_CURVE('4212',#5202,#5203,#1694,.T.);
#8187=EDGE_CURVE('4135',#5095,#5105,#1613,.T.);
#8199=EDGE_CURVE('4136',#5105,#5107,#1617,.T.);
#8202=EDGE_CURVE('4129',#5095,#5097,#1659,.T.);
#8214=EDGE_CURVE('4143',#5107,#5115,#1635,.T.);
#8228=EDGE_CURVE('4154',#5079,#5115,#1645,.T.);
#8241=EDGE_CURVE('4155',#5081,#5123,#1650,.T.);
#8266=EDGE_CURVE('4131',#5094,#5099,#1672,.T.);
#8279=EDGE_CURVE('4134',#5101,#5103,#1685,.T.);
#8302=EDGE_CURVE('4214',#5202,#5171,#1699,.T.);
#8304=EDGE_CURVE('4187',#5171,#5181,#2734,.T.);
#8306=EDGE_CURVE('4213',#5203,#5181,#2486,.T.);
#8316=EDGE_CURVE('4861',#5978,#5979,#1709,.T.);
#8318=EDGE_CURVE('4917',#5216,#5979,#2799,.T.);
#8320=EDGE_CURVE('4227',#5216,#5170,#1714,.T.);
#8322=EDGE_CURVE('4180',#5170,#5171,#2747,.T.);
#8326=EDGE_CURVE('4229',#5217,#5220,#4003,.T.);
#8328=EDGE_CURVE('4228',#5217,#5218,#1730,.T.);
#8330=EDGE_CURVE('4916',#5218,#5985,#1736,.T.);
#8332=EDGE_CURVE('4865',#5985,#5978,#1742,.T.);
#8336=EDGE_CURVE('4862',#5982,#5983,#1747,.T.);
#8338=EDGE_CURVE('4863',#5982,#5984,#1753,.T.);
#8340=EDGE_CURVE('4864',#5984,#5983,#1759,.T.);
#8351=EDGE_CURVE('4963',#5978,#5876,#1778,.T.);
#8353=EDGE_CURVE('4775',#5876,#5873,#2939,.T.);
#8355=EDGE_CURVE('4966',#5987,#5873,#2893,.T.);
#8357=EDGE_CURVE('4866',#5979,#5987,#2803,.T.);
#8368=EDGE_CURVE('4880',#6012,#5985,#1790,.T.);
#8370=EDGE_CURVE('4962',#5868,#6012,#1764,.T.);
#8372=EDGE_CURVE('4779',#5854,#5868,#1863,.T.);
#8374=EDGE_CURVE('4760',#5854,#5856,#1769,.T.);
#8376=EDGE_CURVE('4776',#5856,#5876,#1773,.T.);
#8411=EDGE_CURVE('4879',#6011,#6012,#1784,.T.);
#8415=EDGE_CURVE('4249',#5248,#5218,#3986,.T.);
#8418=EDGE_CURVE('4929',#5956,#6011,#1794,.T.);
#8429=EDGE_CURVE('4883',#6011,#6018,#1814,.T.);
#8431=EDGE_CURVE('4965',#5870,#6018,#2907,.T.);
#8433=EDGE_CURVE('4774',#5868,#5870,#1798,.T.);
#8445=EDGE_CURVE('4932',#6016,#5224,#1806,.T.);
#8447=EDGE_CURVE('4918',#5224,#5989,#2811,.T.);
#8449=EDGE_CURVE('4884',#5989,#6018,#1810,.T.);
#8462=EDGE_CURVE('4933',#6015,#5223,#1822,.T.);
#8464=EDGE_CURVE('4231',#5223,#5224,#2815,.T.);
#8477=EDGE_CURVE('4691',#5619,#5675,#1826,.T.);
#8479=EDGE_CURVE('4679',#5675,#5680,#1956,.T.);
#8481=EDGE_CURVE('4983',#5680,#5240,#1830,.T.);
#8483=EDGE_CURVE('4239',#5240,#5223,#2819,.T.);
#8494=EDGE_CURVE('4647',#5620,#5676,#1834,.T.);
#8496=EDGE_CURVE('4597',#5675,#5676,#1960,.T.);
#8507=EDGE_CURVE('4782',#5860,#5620,#1847,.T.);
#8509=EDGE_CURVE('4762',#5676,#5860,#1839,.T.);
#8520=EDGE_CURVE('4763',#5860,#5862,#1843,.T.);
#8523=EDGE_CURVE('4772',#5620,#5870,#1851,.T.);
#8525=EDGE_CURVE('4780',#5862,#5870,#2902,.T.);
#8535=EDGE_CURVE('4759',#5852,#5854,#1859,.T.);
#8537=EDGE_CURVE('4767',#5852,#5860,#1855,.T.);
#8540=EDGE_CURVE('4768',#5854,#5862,#2955,.T.);
#8552=EDGE_CURVE('4771',#5672,#5868,#1867,.T.);
#8554=EDGE_CURVE('4781',#5852,#5672,#1884,.T.);
#8576=EDGE_CURVE('4648',#5672,#5764,#1875,.T.);
#8578=EDGE_CURVE('4758',#5764,#5852,#1880,.T.);
#8591=EDGE_CURVE('4646',#5762,#5764,#1964,.T.);
#8602=EDGE_CURVE('4635',#5737,#5738,#1892,.T.);
#8604=EDGE_CURVE('4641',#5752,#5737,#1896,.T.);
#8606=EDGE_CURVE('4640',#5752,#5750,#1901,.T.);
#8608=EDGE_CURVE('4639',#5747,#5750,#1905,.T.);
#8610=EDGE_CURVE('4638',#5747,#5748,#1910,.T.);
#8612=EDGE_CURVE('4680',#5743,#5748,#1914,.T.);
#8614=EDGE_CURVE('4637',#5743,#5744,#1918,.T.);
#8616=EDGE_CURVE('4822',#5740,#5744,#3208,.T.);
#8618=EDGE_CURVE('4636',#5690,#5740,#1922,.T.);
#8620=EDGE_CURVE('4602',#5689,#5690,#1926,.T.);
#8622=EDGE_CURVE('4665',#5689,#5776,#1930,.T.);
#8624=EDGE_CURVE('4791',#5774,#5776,#3187,.T.);
#8626=EDGE_CURVE('4664',#5686,#5774,#1934,.T.);
#8628=EDGE_CURVE('4601',#5684,#5686,#1938,.T.);
#8630=EDGE_CURVE('4600',#5684,#5682,#1943,.T.);
#8632=EDGE_CURVE('4599',#5679,#5682,#1947,.T.);
#8634=EDGE_CURVE('4598',#5679,#5680,#1952,.T.);
#8638=EDGE_CURVE('4766',#5764,#5676,#3586,.T.);
#8642=EDGE_CURVE('4644',#5759,#5760,#1972,.T.);
#8644=EDGE_CURVE('4741',#5738,#5760,#2666,.T.);
#8648=EDGE_CURVE('4681',#5786,#5693,#1977,.T.);
#8650=EDGE_CURVE('4603',#5693,#5694,#1981,.T.);
#8652=EDGE_CURVE('4686',#5694,#5792,#1986,.T.);
#8654=EDGE_CURVE('4685',#5792,#5790,#1990,.T.);
#8656=EDGE_CURVE('4684',#5790,#5732,#1995,.T.);
#8658=EDGE_CURVE('4633',#5732,#5734,#1999,.T.);
#8660=EDGE_CURVE('4683',#5734,#5788,#2004,.T.);
#8662=EDGE_CURVE('4682',#5788,#5786,#2008,.T.);
#8666=EDGE_CURVE('4642',#5755,#5756,#2013,.T.);
#8668=EDGE_CURVE('4643',#5756,#5755,#2018,.T.);
#8672=EDGE_CURVE('4604',#5697,#5698,#2023,.T.);
#8674=EDGE_CURVE('4605',#5698,#5697,#2028,.T.);
#8685=EDGE_CURVE('4654',#5651,#5737,#2032,.T.);
#8688=EDGE_CURVE('4653',#5652,#5738,#2670,.T.);
#8698=EDGE_CURVE('4982',#5137,#5752,#2036,.T.);
#8703=EDGE_CURVE('4923',#6005,#5134,#2040,.T.);
#8705=EDGE_CURVE('4167',#5134,#5137,#2168,.T.);
#8715=EDGE_CURVE('4981',#5139,#5750,#2044,.T.);
#8719=EDGE_CURVE('4168',#5139,#5137,#2164,.T.);
#8729=EDGE_CURVE('4980',#5141,#5747,#2048,.T.);
#8733=EDGE_CURVE('4169',#5139,#5141,#2159,.T.);
#8743=EDGE_CURVE('4984',#5748,#5143,#2056,.T.);
#8747=EDGE_CURVE('4170',#5143,#5141,#2155,.T.);
#8757=EDGE_CURVE('4942',#6041,#5145,#2064,.T.);
#8759=EDGE_CURVE('4954',#5659,#6041,#2080,.T.);
#8761=EDGE_CURVE('4692',#5659,#5743,#2052,.T.);
#8765=EDGE_CURVE('4171',#5143,#5145,#2150,.T.);
#8775=EDGE_CURVE('4895',#6041,#6042,#2060,.T.);
#8778=EDGE_CURVE('4337',#5145,#5351,#2146,.T.);
#8780=EDGE_CURVE('4943',#6042,#5351,#2088,.T.);
#8791=EDGE_CURVE('4896',#6042,#6044,#2084,.T.);
#8793=EDGE_CURVE('4900',#6050,#6044,#3343,.T.);
#8795=EDGE_CURVE('4948',#6050,#5655,#2068,.T.);
#8797=EDGE_CURVE('4591',#5655,#5656,#2072,.T.);
#8799=EDGE_CURVE('4831',#5656,#5660,#3339,.T.);
#8801=EDGE_CURVE('4592',#5659,#5660,#2076,.T.);
#8814=EDGE_CURVE('4940',#5351,#5970,#2142,.T.);
#8816=EDGE_CURVE('4899',#5970,#6048,#2092,.T.);
#8818=EDGE_CURVE('4897',#6047,#6048,#2096,.T.);
#8820=EDGE_CURVE('4898',#5968,#6047,#2100,.T.);
#8822=EDGE_CURVE('4941',#5968,#5353,#2126,.T.);
#8824=EDGE_CURVE('4944',#6044,#5353,#3347,.T.);
#8834=EDGE_CURVE('5021',#6097,#6098,#2105,.T.);
#8836=EDGE_CURVE('5028',#6098,#5151,#2109,.T.);
#8839=EDGE_CURVE('4172',#5148,#5149,#2118,.T.);
#8841=EDGE_CURVE('4338',#5148,#5353,#2122,.T.);
#8844=EDGE_CURVE('4854',#5965,#5968,#2130,.T.);
#8846=EDGE_CURVE('4853',#5965,#5966,#2134,.T.);
#8848=EDGE_CURVE('4855',#5966,#5970,#2138,.T.);
#8857=EDGE_CURVE('4166',#5134,#5135,#2172,.T.);
#8859=EDGE_CURVE('4913',#5962,#5135,#2176,.T.);
#8861=EDGE_CURVE('4852',#5959,#5962,#2180,.T.);
#8863=EDGE_CURVE('4851',#5959,#5960,#2184,.T.);
#8865=EDGE_CURVE('4914',#5960,#5207,#2189,.T.);
#8867=EDGE_CURVE('5027',#5207,#6101,#2193,.T.);
#8869=EDGE_CURVE('5022',#6101,#6102,#2198,.T.);
#8871=EDGE_CURVE('5023',#6102,#6097,#2203,.T.);
#8882=EDGE_CURVE('5031',#6069,#6097,#2221,.T.);
#8884=EDGE_CURVE('4990',#6069,#6070,#2208,.T.);
#8886=EDGE_CURVE('5032',#6070,#6102,#2212,.T.);
#8889=EDGE_CURVE('5024',#6098,#6101,#2438,.T.);
#8901=EDGE_CURVE('4993',#6069,#6070,#2217,.T.);
#8916=EDGE_CURVE('4992',#6054,#6062,#2226,.T.);
#8918=EDGE_CURVE('4989',#6054,#6062,#2231,.T.);
#8928=EDGE_CURVE('4985',#6053,#6054,#2235,.T.);
#8931=EDGE_CURVE('4987',#6061,#6062,#2239,.T.);
#8933=EDGE_CURVE('5013',#6053,#6061,#2244,.T.);
#8944=EDGE_CURVE('5005',#6053,#6061,#2249,.T.);
#8956=EDGE_CURVE('4999',#6082,#6053,#2259,.T.);
#8958=EDGE_CURVE('5012',#6082,#6094,#2254,.T.);
#8960=EDGE_CURVE('5004',#6094,#6061,#2264,.T.);
#8974=EDGE_CURVE('5020',#6082,#6094,#2269,.T.);
#8984=EDGE_CURVE('5019',#6080,#6092,#2274,.T.);
#8986=EDGE_CURVE('5011',#6080,#6092,#2279,.T.);
#9000=EDGE_CURVE('4998',#6078,#6080,#2284,.T.);
#9003=EDGE_CURVE('5003',#6090,#6092,#2289,.T.);
#9005=EDGE_CURVE('5018',#6078,#6090,#2294,.T.);
#9016=EDGE_CURVE('5010',#6078,#6090,#2299,.T.);
#9028=EDGE_CURVE('4997',#6076,#6078,#2308,.T.);
#9030=EDGE_CURVE('5009',#6076,#6088,#2304,.T.);
#9032=EDGE_CURVE('5002',#6088,#6090,#2312,.T.);
#9046=EDGE_CURVE('5017',#6076,#6088,#2317,.T.);
#9056=EDGE_CURVE('4996',#6075,#6076,#2322,.T.);
#9059=EDGE_CURVE('5001',#6087,#6088,#2327,.T.);
#9061=EDGE_CURVE('5016',#6075,#6087,#2332,.T.);
#9072=EDGE_CURVE('5008',#6075,#6087,#2337,.T.);
#9088=EDGE_CURVE('5015',#6072,#6084,#2342,.T.);
#9090=EDGE_CURVE('5007',#6072,#6084,#2347,.T.);
#9100=EDGE_CURVE('4995',#6058,#6072,#2352,.T.);
#9103=EDGE_CURVE('5000',#6066,#6084,#2357,.T.);
#9105=EDGE_CURVE('5014',#6058,#6066,#2362,.T.);
#9116=EDGE_CURVE('5006',#6058,#6066,#2367,.T.);
#9128=EDGE_CURVE('4986',#6057,#6058,#2376,.T.);
#9130=EDGE_CURVE('4991',#6057,#6065,#2372,.T.);
#9132=EDGE_CURVE('4988',#6065,#6066,#2380,.T.);
#9146=EDGE_CURVE('4994',#6057,#6065,#2385,.T.);
#9156=EDGE_CURVE('5025',#6105,#6106,#2390,.T.);
#9158=EDGE_CURVE('5026',#6106,#6105,#2404,.T.);
#9173=EDGE_CURVE('5029',#6009,#6106,#2413,.T.);
#9175=EDGE_CURVE('4875',#6008,#6009,#2395,.T.);
#9177=EDGE_CURVE('5030',#6008,#6105,#2399,.T.);
#9189=EDGE_CURVE('4876',#6009,#6008,#2409,.T.);
#9204=EDGE_CURVE('4593',#5663,#5664,#2418,.T.);
#9206=EDGE_CURVE('4594',#5664,#5663,#2423,.T.);
#9217=EDGE_CURVE('4659',#5663,#5755,#2427,.T.);
#9220=EDGE_CURVE('4658',#5664,#5756,#2431,.T.);
#9244=EDGE_CURVE('4216',#5207,#5189,#2443,.T.);
#9246=EDGE_CURVE('4199',#5189,#5197,#3574,.T.);
#9258=EDGE_CURVE('4856',#5960,#5971,#2453,.T.);
#9260=EDGE_CURVE('4860',#5971,#5977,#2459,.T.);
#9262=EDGE_CURVE('4915',#5977,#5204,#2465,.T.);
#9264=EDGE_CURVE('4215',#5204,#5205,#2471,.T.);
#9266=EDGE_CURVE('4218',#5208,#5205,#2708,.T.);
#9270=EDGE_CURVE('4193',#5181,#5189,#2721,.T.);
#9276=EDGE_CURVE('4857',#5974,#5975,#2491,.T.);
#9278=EDGE_CURVE('4859',#5974,#5976,#2497,.T.);
#9280=EDGE_CURVE('4858',#5976,#5975,#2503,.T.);
#9291=EDGE_CURVE('4956',#5959,#5845,#2522,.T.);
#9293=EDGE_CURVE('4750',#5845,#5850,#2605,.T.);
#9295=EDGE_CURVE('4958',#5971,#5850,#2563,.T.);
#9307=EDGE_CURVE('4873',#5962,#6002,#2538,.T.);
#9309=EDGE_CURVE('4955',#5842,#6002,#2508,.T.);
#9311=EDGE_CURVE('4754',#5828,#5842,#2637,.T.);
#9313=EDGE_CURVE('4735',#5828,#5830,#2513,.T.);
#9315=EDGE_CURVE('4751',#5830,#5845,#2517,.T.);
#9327=EDGE_CURVE('4922',#5936,#6003,#2530,.T.);
#9329=EDGE_CURVE('4872',#6002,#6003,#2534,.T.);
#9333=EDGE_CURVE('4921',#5999,#5135,#2716,.T.);
#9367=EDGE_CURVE('4877',#6010,#6003,#2544,.T.);
#9371=EDGE_CURVE('4246',#5246,#5204,#2548,.T.);
#9374=EDGE_CURVE('4878',#5977,#6010,#2554,.T.);
#9386=EDGE_CURVE('4957',#5848,#6010,#2577,.T.);
#9388=EDGE_CURVE('4749',#5842,#5848,#2558,.T.);
#9401=EDGE_CURVE('4753',#5838,#5850,#2585,.T.);
#9403=EDGE_CURVE('4739',#5836,#5838,#2568,.T.);
#9405=EDGE_CURVE('4755',#5836,#5848,#2572,.T.);
#9418=EDGE_CURVE('4961',#5840,#5976,#2601,.T.);
#9420=EDGE_CURVE('4740',#5838,#5840,#2581,.T.);
#9423=EDGE_CURVE('4959',#5850,#5975,#2589,.T.);
#9434=EDGE_CURVE('4960',#5846,#5974,#2593,.T.);
#9436=EDGE_CURVE('4752',#5832,#5846,#2613,.T.);
#9438=EDGE_CURVE('4745',#5832,#5840,#2597,.T.);
#9452=EDGE_CURVE('4747',#5845,#5846,#2617,.T.);
#9463=EDGE_CURVE('4736',#5830,#5832,#2609,.T.);
#9477=EDGE_CURVE('4744',#5830,#5838,#2621,.T.);
#9490=EDGE_CURVE('4743',#5828,#5836,#2625,.T.);
#9502=EDGE_CURVE('4734',#5826,#5828,#2633,.T.);
#9504=EDGE_CURVE('4742',#5826,#5834,#2629,.T.);
#9506=EDGE_CURVE('4738',#5834,#5836,#2649,.T.);
#9519=EDGE_CURVE('4746',#5652,#5842,#2641,.T.);
#9521=EDGE_CURVE('4756',#5826,#5652,#2679,.T.);
#9534=EDGE_CURVE('4748',#5668,#5848,#2657,.T.);
#9545=EDGE_CURVE('4757',#5834,#5668,#2653,.T.);
#9558=EDGE_CURVE('4737',#5760,#5834,#2662,.T.);
#9560=EDGE_CURVE('4652',#5668,#5760,#2683,.T.);
#9570=EDGE_CURVE('4733',#5738,#5826,#2675,.T.);
#9631=EDGE_CURVE('4926',#5939,#5205,#2687,.T.);
#9645=EDGE_CURVE('4242',#5244,#5205,#2699,.T.);
#9680=EDGE_CURVE('4188',#5181,#5183,#2742,.T.);
#9683=EDGE_CURVE('4194',#5189,#5191,#2730,.T.);
#9694=EDGE_CURVE('4181',#5171,#5173,#2756,.T.);
#9707=EDGE_CURVE('4183',#5170,#5175,#2768,.T.);
#9719=EDGE_CURVE('4184',#5177,#5170,#2760,.T.);
#9732=EDGE_CURVE('5069',#6151,#6152,#2775,.T.);
#9734=EDGE_CURVE('5075',#5214,#6152,#2878,.T.);
#9739=EDGE_CURVE('5076',#6151,#5216,#2794,.T.);
#9750=EDGE_CURVE('5070',#6154,#6151,#2790,.T.);
#9752=EDGE_CURVE('5079',#6125,#6154,#3360,.T.);
#9754=EDGE_CURVE('5038',#6125,#6126,#2785,.T.);
#9756=EDGE_CURVE('5080',#6126,#6156,#3351,.T.);
#9758=EDGE_CURVE('5071',#6152,#6156,#2883,.T.);
#9772=EDGE_CURVE('4867',#5987,#5989,#2807,.T.);
#9777=EDGE_CURVE('4238',#5240,#5238,#2824,.T.);
#9779=EDGE_CURVE('4237',#5236,#5238,#2828,.T.);
#9781=EDGE_CURVE('4236',#5236,#5234,#2833,.T.);
#9783=EDGE_CURVE('4235',#5231,#5234,#2837,.T.);
#9785=EDGE_CURVE('4234',#5231,#5232,#2841,.T.);
#9787=EDGE_CURVE('4920',#5995,#5232,#2845,.T.);
#9789=EDGE_CURVE('4869',#5992,#5995,#2849,.T.);
#9791=EDGE_CURVE('4868',#5992,#5993,#2853,.T.);
#9793=EDGE_CURVE('4870',#5993,#5997,#2857,.T.);
#9795=EDGE_CURVE('4919',#5228,#5997,#2861,.T.);
#9797=EDGE_CURVE('4233',#5226,#5228,#2865,.T.);
#9799=EDGE_CURVE('4232',#5212,#5226,#2869,.T.);
#9804=EDGE_CURVE('5072',#6156,#6154,#2888,.T.);
#9816=EDGE_CURVE('4778',#5864,#5873,#2915,.T.);
#9818=EDGE_CURVE('4764',#5862,#5864,#2898,.T.);
#9831=EDGE_CURVE('4765',#5864,#5866,#2911,.T.);
#9834=EDGE_CURVE('4773',#5873,#5874,#2919,.T.);
#9836=EDGE_CURVE('4777',#5866,#5874,#2947,.T.);
#9846=EDGE_CURVE('4761',#5856,#5858,#2931,.T.);
#9848=EDGE_CURVE('4769',#5856,#5864,#2923,.T.);
#9851=EDGE_CURVE('4770',#5858,#5866,#2943,.T.);
#9862=EDGE_CURVE('4964',#5876,#5982,#2927,.T.);
#9866=EDGE_CURVE('4968',#5858,#5984,#2935,.T.);
#9877=EDGE_CURVE('4967',#5983,#5874,#2951,.T.);
#9917=EDGE_CURVE('4977',#5238,#5679,#2959,.T.);
#9930=EDGE_CURVE('4978',#5236,#5682,#2963,.T.);
#9943=EDGE_CURVE('4979',#5234,#5684,#2967,.T.);
#9956=EDGE_CURVE('4666',#5769,#5686,#2975,.T.);
#9958=EDGE_CURVE('4945',#6030,#5769,#2979,.T.);
#9960=EDGE_CURVE('4937',#6030,#5231,#2971,.T.);
#9971=EDGE_CURVE('4662',#5769,#5770,#2983,.T.);
#9975=EDGE_CURVE('4667',#5770,#5774,#3174,.T.);
#9985=EDGE_CURVE('4885',#6021,#6022,#2995,.T.);
#9987=EDGE_CURVE('4886',#6022,#6024,#3071,.T.);
#9989=EDGE_CURVE('4890',#6030,#6024,#3166,.T.);
#9993=EDGE_CURVE('4811',#5770,#5772,#3162,.T.);
#9995=EDGE_CURVE('4663',#5766,#5772,#2987,.T.);
#9997=EDGE_CURVE('4946',#5766,#6021,#2991,.T.);
#10008=EDGE_CURVE('4934',#6021,#5226,#2999,.T.);
#10011=EDGE_CURVE('4935',#6022,#5228,#3075,.T.);
#10026=EDGE_CURVE('4649',#5766,#5689,#3007,.T.);
#10029=EDGE_CURVE('4655',#5655,#5690,#3191,.T.);
#10032=EDGE_CURVE('4924',#6050,#5148,#3011,.T.);
#10045=EDGE_CURVE('4668',#5772,#5776,#3015,.T.);
#10057=EDGE_CURVE('4810',#5886,#5772,#3028,.T.);
#10059=EDGE_CURVE('4787',#5776,#5886,#3020,.T.);
#10070=EDGE_CURVE('4788',#5886,#5888,#3024,.T.);
#10073=EDGE_CURVE('4798',#5772,#5900,#3032,.T.);
#10075=EDGE_CURVE('4808',#5888,#5900,#3101,.T.);
#10085=EDGE_CURVE('4784',#5878,#5880,#3040,.T.);
#10087=EDGE_CURVE('4792',#5878,#5886,#3036,.T.);
#10090=EDGE_CURVE('4793',#5880,#5888,#3130,.T.);
#10101=EDGE_CURVE('4807',#5880,#5894,#3044,.T.);
#10103=EDGE_CURVE('4796',#5770,#5894,#3048,.T.);
#10105=EDGE_CURVE('4809',#5878,#5770,#3183,.T.);
#10116=EDGE_CURVE('4888',#5995,#6027,#3087,.T.);
#10118=EDGE_CURVE('4969',#5894,#6027,#3053,.T.);
#10121=EDGE_CURVE('4785',#5880,#5882,#3058,.T.);
#10123=EDGE_CURVE('4803',#5882,#5897,#3062,.T.);
#10125=EDGE_CURVE('4970',#5992,#5897,#3067,.T.);
#10138=EDGE_CURVE('4889',#5997,#6028,#3079,.T.);
#10140=EDGE_CURVE('4887',#6027,#6028,#3083,.T.);
#10144=EDGE_CURVE('4936',#6024,#5232,#3170,.T.);
#10155=EDGE_CURVE('4972',#5993,#5903,#3092,.T.);
#10157=EDGE_CURVE('4806',#5890,#5903,#3138,.T.);
#10159=EDGE_CURVE('4789',#5888,#5890,#3097,.T.);
#10162=EDGE_CURVE('4971',#5900,#6028,#3106,.T.);
#10175=EDGE_CURVE('4801',#5897,#5903,#3110,.T.);
#10186=EDGE_CURVE('4797',#5897,#5898,#3122,.T.);
#10188=EDGE_CURVE('4802',#5898,#5904,#3154,.T.);
#10190=EDGE_CURVE('4799',#5903,#5904,#3142,.T.);
#10201=EDGE_CURVE('4786',#5882,#5884,#3114,.T.);
#10203=EDGE_CURVE('4804',#5884,#5898,#3118,.T.);
#10216=EDGE_CURVE('4794',#5882,#5890,#3126,.T.);
#10218=EDGE_CURVE('4790',#5890,#5892,#3134,.T.);
#10220=EDGE_CURVE('4795',#5884,#5892,#3146,.T.);
#10245=EDGE_CURVE('4805',#5892,#5904,#3150,.T.);
#10269=EDGE_CURVE('4800',#5894,#5900,#3158,.T.);
#10305=EDGE_CURVE('4783',#5774,#5878,#3179,.T.);
#10331=EDGE_CURVE('4656',#5656,#5740,#3204,.T.);
#10341=EDGE_CURVE('4814',#5740,#5906,#3196,.T.);
#10343=EDGE_CURVE('4841',#5906,#5656,#3200,.T.);
#10356=EDGE_CURVE('4818',#5744,#5914,#3213,.T.);
#10358=EDGE_CURVE('4823',#5906,#5914,#3233,.T.);
#10369=EDGE_CURVE('4657',#5660,#5744,#3217,.T.);
#10371=EDGE_CURVE('4842',#5914,#5660,#3225,.T.);
#10393=EDGE_CURVE('4819',#5914,#5916,#3221,.T.);
#10396=EDGE_CURVE('4829',#5660,#5928,#3229,.T.);
#10398=EDGE_CURVE('4840',#5916,#5928,#3282,.T.);
#10408=EDGE_CURVE('4815',#5906,#5908,#3237,.T.);
#10412=EDGE_CURVE('4824',#5908,#5916,#3311,.T.);
#10423=EDGE_CURVE('4839',#5908,#5922,#3241,.T.);
#10425=EDGE_CURVE('4827',#5656,#5922,#3245,.T.);
#10438=EDGE_CURVE('4973',#5922,#6047,#3250,.T.);
#10441=EDGE_CURVE('4816',#5908,#5910,#3255,.T.);
#10443=EDGE_CURVE('4835',#5910,#5925,#3259,.T.);
#10445=EDGE_CURVE('4974',#5965,#5925,#3264,.T.);
#10456=EDGE_CURVE('4975',#5928,#6048,#3287,.T.);
#10458=EDGE_CURVE('4832',#5922,#5928,#3268,.T.);
#10470=EDGE_CURVE('4976',#5966,#5931,#3273,.T.);
#10472=EDGE_CURVE('4838',#5918,#5931,#3319,.T.);
#10474=EDGE_CURVE('4820',#5916,#5918,#3278,.T.);
#10489=EDGE_CURVE('4833',#5925,#5931,#3291,.T.);
#10500=EDGE_CURVE('4828',#5925,#5926,#3303,.T.);
#10502=EDGE_CURVE('4834',#5926,#5932,#3335,.T.);
#10504=EDGE_CURVE('4830',#5931,#5932,#3323,.T.);
#10515=EDGE_CURVE('4817',#5910,#5912,#3295,.T.);
#10517=EDGE_CURVE('4836',#5912,#5926,#3299,.T.);
#10530=EDGE_CURVE('4825',#5910,#5918,#3307,.T.);
#10532=EDGE_CURVE('4821',#5918,#5920,#3315,.T.);
#10534=EDGE_CURVE('4826',#5912,#5920,#3327,.T.);
#10559=EDGE_CURVE('4837',#5920,#5932,#3331,.T.);
#10607=EDGE_CURVE('5041',#6125,#6126,#3356,.T.);
#10622=EDGE_CURVE('5040',#6110,#6118,#3365,.T.);
#10624=EDGE_CURVE('5037',#6110,#6118,#3370,.T.);
#10634=EDGE_CURVE('5033',#6109,#6110,#3374,.T.);
#10637=EDGE_CURVE('5035',#6117,#6118,#3378,.T.);
#10639=EDGE_CURVE('5061',#6109,#6117,#3383,.T.);
#10650=EDGE_CURVE('5053',#6109,#6117,#3388,.T.);
#10662=EDGE_CURVE('5047',#6138,#6109,#3398,.T.);
#10664=EDGE_CURVE('5060',#6138,#6150,#3393,.T.);
#10666=EDGE_CURVE('5052',#6150,#6117,#3403,.T.);
#10680=EDGE_CURVE('5068',#6138,#6150,#3408,.T.);
#10690=EDGE_CURVE('5067',#6136,#6148,#3413,.T.);
#10692=EDGE_CURVE('5059',#6136,#6148,#3418,.T.);
#10706=EDGE_CURVE('5046',#6134,#6136,#3423,.T.);
#10709=EDGE_CURVE('5051',#6146,#6148,#3428,.T.);
#10711=EDGE_CURVE('5066',#6134,#6146,#3433,.T.);
#10722=EDGE_CURVE('5058',#6134,#6146,#3438,.T.);
#10734=EDGE_CURVE('5045',#6132,#6134,#3447,.T.);
#10736=EDGE_CURVE('5057',#6132,#6144,#3443,.T.);
#10738=EDGE_CURVE('5050',#6144,#6146,#3451,.T.);
#10752=EDGE_CURVE('5065',#6132,#6144,#3456,.T.);
#10762=EDGE_CURVE('5044',#6131,#6132,#3461,.T.);
#10765=EDGE_CURVE('5049',#6143,#6144,#3466,.T.);
#10767=EDGE_CURVE('5064',#6131,#6143,#3471,.T.);
#10778=EDGE_CURVE('5056',#6131,#6143,#3476,.T.);
#10794=EDGE_CURVE('5063',#6128,#6140,#3481,.T.);
#10796=EDGE_CURVE('5055',#6128,#6140,#3486,.T.);
#10806=EDGE_CURVE('5043',#6114,#6128,#3491,.T.);
#10809=EDGE_CURVE('5048',#6122,#6140,#3496,.T.);
#10811=EDGE_CURVE('5062',#6114,#6122,#3501,.T.);
#10822=EDGE_CURVE('5054',#6114,#6122,#3506,.T.);
#10834=EDGE_CURVE('5034',#6113,#6114,#3515,.T.);
#10836=EDGE_CURVE('5039',#6113,#6121,#3511,.T.);
#10838=EDGE_CURVE('5036',#6121,#6122,#3519,.T.);
#10852=EDGE_CURVE('5042',#6113,#6121,#3524,.T.);
#10862=EDGE_CURVE('5073',#6159,#6160,#3529,.T.);
#10864=EDGE_CURVE('5074',#6160,#6159,#3543,.T.);
#10879=EDGE_CURVE('5077',#6034,#6160,#3552,.T.);
#10881=EDGE_CURVE('4891',#6033,#6034,#3534,.T.);
#10883=EDGE_CURVE('5078',#6033,#6159,#3538,.T.);
#10895=EDGE_CURVE('4892',#6034,#6033,#3548,.T.);
#10910=EDGE_CURVE('4575',#5627,#5628,#3557,.T.);
#10912=EDGE_CURVE('4576',#5628,#5627,#3562,.T.);
#10923=EDGE_CURVE('4651',#5627,#5697,#3566,.T.);
#10926=EDGE_CURVE('4650',#5628,#5698,#3570,.T.);
#10973=EDGE_CURVE('4687',#5786,#5712,#3591,.T.);
#10975=EDGE_CURVE('4619',#5712,#5720,#3643,.T.);
#10977=EDGE_CURVE('4630',#5693,#5720,#3626,.T.);
#10988=EDGE_CURVE('4688',#5788,#5702,#3596,.T.);
#10990=EDGE_CURVE('4613',#5702,#5712,#3656,.T.);
#11002=EDGE_CURVE('4634',#5734,#5701,#3601,.T.);
#11004=EDGE_CURVE('4606',#5701,#5702,#3669,.T.);
#11016=EDGE_CURVE('4632',#5732,#5708,#3606,.T.);
#11018=EDGE_CURVE('4610',#5708,#5701,#3682,.T.);
#11030=EDGE_CURVE('4690',#5790,#5716,#3611,.T.);
#11032=EDGE_CURVE('4616',#5716,#5708,#3695,.T.);
#11044=EDGE_CURVE('4689',#5792,#5724,#3616,.T.);
#11046=EDGE_CURVE('4622',#5724,#5716,#3708,.T.);
#11058=EDGE_CURVE('4631',#5694,#5728,#3621,.T.);
#11060=EDGE_CURVE('4628',#5728,#5724,#3721,.T.);
#11073=EDGE_CURVE('4625',#5720,#5728,#3630,.T.);
#11085=EDGE_CURVE('4620',#5720,#5722,#3652,.T.);
#11087=EDGE_CURVE('4627',#5722,#5730,#3634,.T.);
#11089=EDGE_CURVE('4626',#5728,#5730,#3638,.T.);
#11100=EDGE_CURVE('4614',#5712,#5714,#3664,.T.);
#11102=EDGE_CURVE('4621',#5714,#5722,#3648,.T.);
#11114=EDGE_CURVE('4607',#5702,#5704,#3678,.T.);
#11116=EDGE_CURVE('4615',#5704,#5714,#3660,.T.);
#11128=EDGE_CURVE('4609',#5701,#5706,#3690,.T.);
#11130=EDGE_CURVE('4608',#5706,#5704,#3674,.T.);
#11142=EDGE_CURVE('4612',#5708,#5710,#3704,.T.);
#11144=EDGE_CURVE('4611',#5710,#5706,#3686,.T.);
#11156=EDGE_CURVE('4618',#5716,#5718,#3716,.T.);
#11158=EDGE_CURVE('4617',#5718,#5710,#3700,.T.);
#11170=EDGE_CURVE('4624',#5724,#5726,#3730,.T.);
#11172=EDGE_CURVE('4623',#5726,#5718,#3712,.T.);
#11185=EDGE_CURVE('4629',#5730,#5726,#3726,.T.);
#11196=EDGE_CURVE('4704',#5818,#5816,#3735,.T.);
#11198=EDGE_CURVE('4721',#5818,#5726,#3942,.T.);
#11201=EDGE_CURVE('4720',#5816,#5730,#3740,.T.);
#11211=EDGE_CURVE('4700',#5806,#5808,#3749,.T.);
#11213=EDGE_CURVE('4729',#5806,#5818,#3744,.T.);
#11216=EDGE_CURVE('4730',#5808,#5816,#3774,.T.);
#11227=EDGE_CURVE('4716',#5644,#5808,#3770,.T.);
#11229=EDGE_CURVE('4584',#5644,#5642,#3754,.T.);
#11231=EDGE_CURVE('4715',#5642,#5806,#3758,.T.);
#11241=EDGE_CURVE('4699',#5804,#5808,#3762,.T.);
#11243=EDGE_CURVE('4714',#5640,#5804,#3811,.T.);
#11245=EDGE_CURVE('4583',#5640,#5644,#3766,.T.);
#11258=EDGE_CURVE('4703',#5814,#5816,#3778,.T.);
#11260=EDGE_CURVE('4731',#5804,#5814,#3797,.T.);
#11273=EDGE_CURVE('4719',#5814,#5722,#3783,.T.);
#11283=EDGE_CURVE('4702',#5814,#5812,#3788,.T.);
#11287=EDGE_CURVE('4718',#5812,#5714,#3793,.T.);
#11297=EDGE_CURVE('4697',#5804,#5800,#3802,.T.);
#11301=EDGE_CURVE('4732',#5800,#5812,#3827,.T.);
#11312=EDGE_CURVE('4712',#5636,#5800,#3823,.T.);
#11314=EDGE_CURVE('4581',#5636,#5640,#3807,.T.);
#11325=EDGE_CURVE('4695',#5795,#5800,#3815,.T.);
#11327=EDGE_CURVE('4709',#5632,#5795,#3864,.T.);
#11329=EDGE_CURVE('4579',#5632,#5636,#3819,.T.);
#11342=EDGE_CURVE('4701',#5811,#5812,#3831,.T.);
#11344=EDGE_CURVE('4725',#5795,#5811,#3850,.T.);
#11357=EDGE_CURVE('4717',#5811,#5704,#3836,.T.);
#11367=EDGE_CURVE('4708',#5811,#5824,#3841,.T.);
#11371=EDGE_CURVE('4724',#5824,#5706,#3846,.T.);
#11381=EDGE_CURVE('4693',#5795,#5796,#3855,.T.);
#11385=EDGE_CURVE('4726',#5796,#5824,#3880,.T.);
#11396=EDGE_CURVE('4710',#5631,#5796,#3876,.T.);
#11398=EDGE_CURVE('4577',#5631,#5632,#3860,.T.);
#11409=EDGE_CURVE('4694',#5798,#5796,#3868,.T.);
#11411=EDGE_CURVE('4711',#5634,#5798,#3917,.T.);
#11413=EDGE_CURVE('4578',#5634,#5631,#3872,.T.);
#11426=EDGE_CURVE('4707',#5822,#5824,#3884,.T.);
#11428=EDGE_CURVE('4727',#5798,#5822,#3903,.T.);
#11441=EDGE_CURVE('4723',#5822,#5710,#3889,.T.);
#11451=EDGE_CURVE('4706',#5822,#5820,#3894,.T.);
#11455=EDGE_CURVE('4722',#5820,#5718,#3899,.T.);
#11465=EDGE_CURVE('4696',#5798,#5802,#3908,.T.);
#11469=EDGE_CURVE('4728',#5802,#5820,#3933,.T.);
#11480=EDGE_CURVE('4713',#5638,#5802,#3929,.T.);
#11482=EDGE_CURVE('4580',#5638,#5634,#3913,.T.);
#11493=EDGE_CURVE('4698',#5806,#5802,#3921,.T.);
#11496=EDGE_CURVE('4582',#5642,#5638,#3925,.T.);
#11509=EDGE_CURVE('4705',#5818,#5820,#3937,.T.);
#11533=EDGE_CURVE('4678',#5782,#5638,#3952,.T.);
#11536=EDGE_CURVE('4677',#5784,#5642,#3947,.T.);
#11547=EDGE_CURVE('4587',#5646,#5634,#3957,.T.);
#11560=EDGE_CURVE('4589',#5648,#5631,#3962,.T.);
#11573=EDGE_CURVE('4676',#5780,#5632,#3967,.T.);
#11586=EDGE_CURVE('4675',#5778,#5636,#3972,.T.);
#11599=EDGE_CURVE('4585',#5623,#5640,#3977,.T.);
#11612=EDGE_CURVE('4586',#5624,#5644,#3982,.T.);
#11663=EDGE_CURVE('4930',#5954,#5217,#3994,.T.);
#11675=EDGE_CURVE('4240',#5242,#5217,#3998,.T.);
#11698=EDGE_CURVE('4312',#5275,#5349,#4039,.T.);
#11700=EDGE_CURVE('4269',#5275,#5265,#4017,.T.);
#11714=EDGE_CURVE('4333',#5271,#5266,#4030,.T.);
#11717=EDGE_CURVE('4334',#5267,#5275,#4035,.T.);
#11753=EDGE_CURVE('4328',#5303,#5331,#4052,.T.);
#11766=EDGE_CURVE('4330',#5301,#5329,#4056,.T.);
#11779=EDGE_CURVE('4331',#5299,#5327,#4060,.T.);
#11863=EDGE_CURVE('4073',#5030,#5033,#4079,.T.);
#11873=EDGE_CURVE('4068',#5034,#5035,#4089,.T.);
#11901=EDGE_CURVE('4033',#4973,#4975,#4107,.T.);
#11903=EDGE_CURVE('4049',#4991,#4975,#4227,.T.);
#11913=EDGE_CURVE('4027',#4962,#4963,#4098,.T.);
#11915=EDGE_CURVE('4034',#4975,#4962,#4102,.T.);
#11919=EDGE_CURVE('4031',#4969,#4971,#4116,.T.);
#11921=EDGE_CURVE('4030',#4967,#4969,#4120,.T.);
#11923=EDGE_CURVE('4029',#4965,#4967,#4125,.T.);
#11925=EDGE_CURVE('4028',#4963,#4965,#4129,.T.);
#11929=EDGE_CURVE('4407',#5423,#5424,#4134,.T.);
#11931=EDGE_CURVE('4408',#5424,#5423,#4139,.T.);
#11935=EDGE_CURVE('4427',#5447,#5448,#4144,.T.);
#11937=EDGE_CURVE('4428',#5448,#5447,#4149,.T.);
#11941=EDGE_CURVE('4447',#5471,#5472,#4154,.T.);
#11943=EDGE_CURVE('4448',#5472,#5471,#4159,.T.);
#11947=EDGE_CURVE('4467',#5495,#5496,#4164,.T.);
#11949=EDGE_CURVE('4468',#5496,#5495,#4169,.T.);
#11953=EDGE_CURVE('4487',#5519,#5520,#4174,.T.);
#11955=EDGE_CURVE('4488',#5520,#5519,#4179,.T.);
#11959=EDGE_CURVE('4507',#5543,#5544,#4184,.T.);
#11961=EDGE_CURVE('4508',#5544,#5543,#4189,.T.);
#11965=EDGE_CURVE('4527',#5567,#5568,#4194,.T.);
#11967=EDGE_CURVE('4528',#5568,#5567,#4199,.T.);
#11971=EDGE_CURVE('4547',#5591,#5592,#4204,.T.);
#11973=EDGE_CURVE('4548',#5592,#5591,#4209,.T.);
#11977=EDGE_CURVE('4567',#5615,#5616,#4214,.T.);
#11979=EDGE_CURVE('4568',#5616,#5615,#4219,.T.);
#11990=EDGE_CURVE('4042',#4978,#4962,#4223,.T.);
#11993=EDGE_CURVE('4043',#4979,#4963,#4231,.T.);
#12018=EDGE_CURVE('4044',#4981,#4965,#4235,.T.);
#12031=EDGE_CURVE('4045',#4983,#4967,#4239,.T.);
#12044=EDGE_CURVE('4046',#4985,#4969,#4243,.T.);
#12067=EDGE_CURVE('4410',#5424,#5408,#4261,.T.);
#12069=EDGE_CURVE('4396',#5408,#5407,#4248,.T.);
#12071=EDGE_CURVE('4409',#5423,#5407,#4252,.T.);
#12083=EDGE_CURVE('4394',#5407,#5408,#4257,.T.);
#12118=EDGE_CURVE('4393',#5403,#5404,#4271,.T.);
#12120=EDGE_CURVE('4397',#5404,#5408,#4281,.T.);
#12123=EDGE_CURVE('4398',#5403,#5407,#4266,.T.);
#12134=EDGE_CURVE('4395',#5404,#5403,#4276,.T.);
#12181=EDGE_CURVE('4430',#5448,#5432,#4299,.T.);
#12183=EDGE_CURVE('4416',#5432,#5431,#4286,.T.);
#12185=EDGE_CURVE('4429',#5447,#5431,#4290,.T.);
#12197=EDGE_CURVE('4414',#5431,#5432,#4295,.T.);
#12232=EDGE_CURVE('4413',#5427,#5428,#4309,.T.);
#12234=EDGE_CURVE('4417',#5428,#5432,#4319,.T.);
#12237=EDGE_CURVE('4418',#5427,#5431,#4304,.T.);
#12248=EDGE_CURVE('4415',#5428,#5427,#4314,.T.);
#12295=EDGE_CURVE('4450',#5472,#5456,#4337,.T.);
#12297=EDGE_CURVE('4436',#5456,#5455,#4324,.T.);
#12299=EDGE_CURVE('4449',#5471,#5455,#4328,.T.);
#12311=EDGE_CURVE('4434',#5455,#5456,#4333,.T.);
#12346=EDGE_CURVE('4433',#5451,#5452,#4347,.T.);
#12348=EDGE_CURVE('4437',#5452,#5456,#4357,.T.);
#12351=EDGE_CURVE('4438',#5451,#5455,#4342,.T.);
#12362=EDGE_CURVE('4435',#5452,#5451,#4352,.T.);
#12409=EDGE_CURVE('4470',#5496,#5480,#4375,.T.);
#12411=EDGE_CURVE('4456',#5480,#5479,#4362,.T.);
#12413=EDGE_CURVE('4469',#5495,#5479,#4366,.T.);
#12425=EDGE_CURVE('4454',#5479,#5480,#4371,.T.);
#12460=EDGE_CURVE('4453',#5475,#5476,#4385,.T.);
#12462=EDGE_CURVE('4457',#5476,#5480,#4395,.T.);
#12465=EDGE_CURVE('4458',#5475,#5479,#4380,.T.);
#12476=EDGE_CURVE('4455',#5476,#5475,#4390,.T.);
#12523=EDGE_CURVE('4490',#5520,#5504,#4413,.T.);
#12525=EDGE_CURVE('4476',#5504,#5503,#4400,.T.);
#12527=EDGE_CURVE('4489',#5519,#5503,#4404,.T.);
#12539=EDGE_CURVE('4474',#5503,#5504,#4409,.T.);
#12574=EDGE_CURVE('4473',#5499,#5500,#4423,.T.);
#12576=EDGE_CURVE('4477',#5500,#5504,#4433,.T.);
#12579=EDGE_CURVE('4478',#5499,#5503,#4418,.T.);
#12590=EDGE_CURVE('4475',#5500,#5499,#4428,.T.);
#12637=EDGE_CURVE('4510',#5544,#5528,#4451,.T.);
#12639=EDGE_CURVE('4496',#5528,#5527,#4438,.T.);
#12641=EDGE_CURVE('4509',#5543,#5527,#4442,.T.);
#12653=EDGE_CURVE('4494',#5527,#5528,#4447,.T.);
#12688=EDGE_CURVE('4493',#5523,#5524,#4461,.T.);
#12690=EDGE_CURVE('4497',#5524,#5528,#4471,.T.);
#12693=EDGE_CURVE('4498',#5523,#5527,#4456,.T.);
#12704=EDGE_CURVE('4495',#5524,#5523,#4466,.T.);
#12751=EDGE_CURVE('4530',#5568,#5552,#4489,.T.);
#12753=EDGE_CURVE('4516',#5552,#5551,#4476,.T.);
#12755=EDGE_CURVE('4529',#5567,#5551,#4480,.T.);
#12767=EDGE_CURVE('4514',#5551,#5552,#4485,.T.);
#12802=EDGE_CURVE('4513',#5547,#5548,#4499,.T.);
#12804=EDGE_CURVE('4517',#5548,#5552,#4509,.T.);
#12807=EDGE_CURVE('4518',#5547,#5551,#4494,.T.);
#12818=EDGE_CURVE('4515',#5548,#5547,#4504,.T.);
#12865=EDGE_CURVE('4550',#5592,#5576,#4527,.T.);
#12867=EDGE_CURVE('4536',#5576,#5575,#4514,.T.);
#12869=EDGE_CURVE('4549',#5591,#5575,#4518,.T.);
#12881=EDGE_CURVE('4534',#5575,#5576,#4523,.T.);
#12916=EDGE_CURVE('4533',#5571,#5572,#4537,.T.);
#12918=EDGE_CURVE('4537',#5572,#5576,#4547,.T.);
#12921=EDGE_CURVE('4538',#5571,#5575,#4532,.T.);
#12932=EDGE_CURVE('4535',#5572,#5571,#4542,.T.);
#12979=EDGE_CURVE('4570',#5616,#5600,#4565,.T.);
#12981=EDGE_CURVE('4556',#5600,#5599,#4552,.T.);
#12983=EDGE_CURVE('4569',#5615,#5599,#4556,.T.);
#12995=EDGE_CURVE('4554',#5599,#5600,#4561,.T.);
#13030=EDGE_CURVE('4553',#5595,#5596,#4575,.T.);
#13032=EDGE_CURVE('4557',#5596,#5600,#4585,.T.);
#13035=EDGE_CURVE('4558',#5595,#5599,#4570,.T.);
#13046=EDGE_CURVE('4555',#5596,#5595,#4580,.T.);
#13105=EDGE_CURVE('4411',#5412,#5419,#4611,.T.);
#13107=EDGE_CURVE('4399',#5411,#5412,#4598,.T.);
#13109=EDGE_CURVE('4412',#5411,#5420,#4602,.T.);
#13121=EDGE_CURVE('4401',#5412,#5411,#4607,.T.);
#13157=EDGE_CURVE('4404',#5411,#5415,#4621,.T.);
#13159=EDGE_CURVE('4402',#5416,#5415,#4631,.T.);
#13161=EDGE_CURVE('4403',#5412,#5416,#4616,.T.);
#13197=EDGE_CURVE('4400',#5415,#5416,#4626,.T.);
#13219=EDGE_CURVE('4431',#5436,#5443,#4649,.T.);
#13221=EDGE_CURVE('4419',#5435,#5436,#4636,.T.);
#13223=EDGE_CURVE('4432',#5435,#5444,#4640,.T.);
#13235=EDGE_CURVE('4421',#5436,#5435,#4645,.T.);
#13271=EDGE_CURVE('4424',#5435,#5439,#4659,.T.);
#13273=EDGE_CURVE('4422',#5440,#5439,#4669,.T.);
#13275=EDGE_CURVE('4423',#5436,#5440,#4654,.T.);
#13311=EDGE_CURVE('4420',#5439,#5440,#4664,.T.);
#13333=EDGE_CURVE('4451',#5460,#5467,#4687,.T.);
#13335=EDGE_CURVE('4439',#5459,#5460,#4674,.T.);
#13337=EDGE_CURVE('4452',#5459,#5468,#4678,.T.);
#13349=EDGE_CURVE('4441',#5460,#5459,#4683,.T.);
#13385=EDGE_CURVE('4444',#5459,#5463,#4697,.T.);
#13387=EDGE_CURVE('4442',#5464,#5463,#4707,.T.);
#13389=EDGE_CURVE('4443',#5460,#5464,#4692,.T.);
#13425=EDGE_CURVE('4440',#5463,#5464,#4702,.T.);
#13447=EDGE_CURVE('4471',#5484,#5491,#4725,.T.);
#13449=EDGE_CURVE('4459',#5483,#5484,#4712,.T.);
#13451=EDGE_CURVE('4472',#5483,#5492,#4716,.T.);
#13463=EDGE_CURVE('4461',#5484,#5483,#4721,.T.);
#13499=EDGE_CURVE('4464',#5483,#5487,#4735,.T.);
#13501=EDGE_CURVE('4462',#5488,#5487,#4745,.T.);
#13503=EDGE_CURVE('4463',#5484,#5488,#4730,.T.);
#13539=EDGE_CURVE('4460',#5487,#5488,#4740,.T.);
#13561=EDGE_CURVE('4491',#5508,#5515,#4763,.T.);
#13563=EDGE_CURVE('4479',#5507,#5508,#4750,.T.);
#13565=EDGE_CURVE('4492',#5507,#5516,#4754,.T.);
#13577=EDGE_CURVE('4481',#5508,#5507,#4759,.T.);
#13613=EDGE_CURVE('4484',#5507,#5511,#4773,.T.);
#13615=EDGE_CURVE('4482',#5512,#5511,#4783,.T.);
#13617=EDGE_CURVE('4483',#5508,#5512,#4768,.T.);
#13653=EDGE_CURVE('4480',#5511,#5512,#4778,.T.);
#13675=EDGE_CURVE('4511',#5532,#5539,#4801,.T.);
#13677=EDGE_CURVE('4499',#5531,#5532,#4788,.T.);
#13679=EDGE_CURVE('4512',#5531,#5540,#4792,.T.);
#13691=EDGE_CURVE('4501',#5532,#5531,#4797,.T.);
#13727=EDGE_CURVE('4504',#5531,#5535,#4811,.T.);
#13729=EDGE_CURVE('4502',#5536,#5535,#4821,.T.);
#13731=EDGE_CURVE('4503',#5532,#5536,#4806,.T.);
#13767=EDGE_CURVE('4500',#5535,#5536,#4816,.T.);
#13789=EDGE_CURVE('4531',#5556,#5563,#4839,.T.);
#13791=EDGE_CURVE('4519',#5555,#5556,#4826,.T.);
#13793=EDGE_CURVE('4532',#5555,#5564,#4830,.T.);
#13805=EDGE_CURVE('4521',#5556,#5555,#4835,.T.);
#13841=EDGE_CURVE('4524',#5555,#5559,#4849,.T.);
#13843=EDGE_CURVE('4522',#5560,#5559,#4859,.T.);
#13845=EDGE_CURVE('4523',#5556,#5560,#4844,.T.);
#13881=EDGE_CURVE('4520',#5559,#5560,#4854,.T.);
#13903=EDGE_CURVE('4551',#5580,#5587,#4877,.T.);
#13905=EDGE_CURVE('4539',#5579,#5580,#4864,.T.);
#13907=EDGE_CURVE('4552',#5579,#5588,#4868,.T.);
#13919=EDGE_CURVE('4541',#5580,#5579,#4873,.T.);
#13955=EDGE_CURVE('4544',#5579,#5583,#4887,.T.);
#13957=EDGE_CURVE('4542',#5584,#5583,#4897,.T.);
#13959=EDGE_CURVE('4543',#5580,#5584,#4882,.T.);
#13995=EDGE_CURVE('4540',#5583,#5584,#4892,.T.);
#14017=EDGE_CURVE('4571',#5604,#5611,#4915,.T.);
#14019=EDGE_CURVE('4559',#5603,#5604,#4902,.T.);
#14021=EDGE_CURVE('4572',#5603,#5612,#4906,.T.);
#14033=EDGE_CURVE('4561',#5604,#5603,#4911,.T.);
#14069=EDGE_CURVE('4564',#5603,#5607,#4925,.T.);
#14071=EDGE_CURVE('4562',#5608,#5607,#4935,.T.);
#14073=EDGE_CURVE('4563',#5604,#5608,#4920,.T.);
#14109=EDGE_CURVE('4560',#5607,#5608,#4930,.T.);
#14127=(LENGTH_UNIT()NAMED_UNIT(*)SI_UNIT(.MILLI.,.METRE.));
#14129=(NAMED_UNIT(*)PLANE_ANGLE_UNIT()SI_UNIT($,.RADIAN.));
#14132=(NAMED_UNIT(*)SI_UNIT($,.STERADIAN.)SOLID_ANGLE_UNIT());
#14135=ADVANCED_BREP_SHAPE_REPRESENTATION('',(#14126),#14134);
#14142=PRODUCT_DEFINITION('design','',#14141,#14138);
#14143=PRODUCT_DEFINITION_SHAPE('','SHAPE FOR PDEPS09P365TXLF.',#14142);
#14144=SHAPE_DEFINITION_REPRESENTATION(#14143,#14135);
ENDSEC;
END-ISO-10303-21;
